rfamseq_acc,seq_start,seq_end,label,seq_length,viennarna_Tm,viennarna_hill_coeff,viennarna_amplitude,viennarna_mean_unpaired_prob,viennarna_sd_pair_prob_10C,viennarna_sd_pair_prob_80C,viennarna_MFE,viennarna_max_loop_length,viennarna_gc_content,viennarna_dangles_model,viennarna_fit_status
CP022437.1,68521,68315,0,207,51.981593212000476,19.999999999999996,-0.004212787045477895,0.5058735822298377,0.9652005863994184,0.9631812928700757,-43.79999923706055,12,0.45893719806763283,2,ok
CP071182.1,12426,12240,0,187,58.196781249892396,8.968444154012168,0.3437857708331842,0.3761307351237911,0.41180571553560547,0.535228929705643,-61.900001525878906,7,0.5347593582887701,2,ok
FOIM01000047.1,25434,25640,0,207,94.99990505127776,3.495541154653363,0.04604538066874192,0.42000029775194336,0.3854664831856401,0.38986820913157744,-70.5,15,0.5748792270531401,2,ok
BMEL01000002.1,569386,569545,0,160,62.29993485178882,10.932812691342848,0.5666790117334924,0.42888216840940496,0.0033089516740097136,0.11697946505908569,-55.79999923706055,8,0.55,2,ok
LGDE01000475.1,15188,15050,0,139,30.212389824476016,19.99999999999997,0.4949686393724689,0.3826022823148091,0.9347829614961598,0.9351304561212503,-51.20000076293945,7,0.6834532374100719,2,ok
RCUY01000002.1,56658,56719,0,62,40.73507564025675,19.999999999998213,-0.02558502695458864,0.5789272102864136,0.5835688966179922,0.5639557461252548,-14.600000381469727,14,0.5645161290322581,2,ok
JPVQ01000037.1,25068,24853,0,216,57.361752039723235,5.165160604154199,0.3636429067450837,0.5583282377328213,0.3239503182415081,0.4518522955192751,-34.79999923706055,16,0.4212962962962963,2,ok
NMQW01000013.1,177209,177118,0,92,63.0661540752026,7.422727651364155,0.2043779990850489,0.4355314281958357,0.32058996569681414,0.37107164686447675,-22.899999618530273,8,0.5108695652173914,2,ok
FNFL01000006.1,164527,164322,0,206,75.32701581215741,5.360858774540191,0.4332361688798845,0.4588575229693,0.4121641269504521,0.47051001929865716,-50.20000076293945,12,0.46116504854368934,2,ok
CP031223.1,442854,442704,0,151,47.382975157082626,17.33607149468603,-0.10756758916620496,0.4120758945469553,0.3887823253654341,0.27982015558270235,-31.799999237060547,6,0.4304635761589404,2,ok
JPVN01000011.1,30254,30023,0,232,54.55282902290213,6.337147744267472,0.3836538394508392,0.5001496079592713,0.20252313862612092,0.36919142123364546,-34.20000076293945,17,0.3577586206896552,2,ok
NIOJ01000032.1,22752,22631,0,122,64.42064391727982,19.999999999999787,0.5225597449760812,0.49975270372579855,0.22570290281719688,0.2308250941746342,-25.799999237060547,19,0.5245901639344263,2,ok
JABEPQ010000003.1,126952,126887,0,66,94.16968270334299,5.948777355497649,0.4949551814299745,0.3627083629852909,0.23847437995845405,0.2561600217891725,-27.0,6,0.6818181818181818,2,ok
CP053661.1,3283144,3282966,0,179,42.09945930496812,1.6082769729423707,0.16826158347287135,0.40716258537397215,0.9258318899722967,0.9522861643206786,-55.099998474121094,11,0.553072625698324,2,ok
KI629782.1,750192,749985,0,208,63.4724610321106,5.564983118450095,0.7254389241423336,0.39810920611268524,0.5256841802491385,0.7171918166823661,-66.80000305175781,13,0.5144230769230769,2,ok
BA000039.2,281279,281411,0,133,58.52660483519596,3.0439507390782734,0.3150806554646952,0.3994547126865304,0.6292214629167809,0.7093560799668724,-42.29999923706055,8,0.5488721804511278,2,ok
CP002343.1,3929829,3930034,0,206,69.20449778177348,7.632810301600221,0.5870850628844022,0.35626464871422747,0.0376729998236637,0.12055726117815475,-100.9000015258789,10,0.6747572815533981,2,ok
KE993502.1,259387,259175,0,213,38.95925890106633,7.685532128982085,0.1374200413245723,0.586448877247077,0.7873052006281956,0.8602524090614396,-30.700000762939453,41,0.3615023474178404,2,ok
FOTY01000001.1,264299,264407,0,109,48.70560559227286,19.999999999999957,-0.4301294882074843,0.36274880328618286,0.9942183499535721,0.56157082684831,-33.5,8,0.48623853211009177,2,ok
SMAB01000006.1,53350,53489,0,140,55.80312823151695,6.39621367514899,0.35271730665687856,0.46332676708101184,0.47153123157431454,0.6159570746166392,-34.900001525878906,9,0.45714285714285713,2,ok
CP040812.1,4268122,4268402,0,281,50.96505644381289,9.875341683036222,0.22954240001016943,0.42045293377244064,0.04066281402813743,0.18720700275944166,-78.19999694824219,13,0.43416370106761565,2,ok
QGUB01000004.1,47075,47321,0,247,94.99999709018789,4.93129919850329,0.19290587219963906,0.3790322375142411,0.17130808848189952,0.18222268369171743,-114.19999694824219,9,0.6720647773279352,2,ok
CP015249.1,873726,873844,0,119,53.717460277413515,19.195715763047694,0.029247426714199026,0.32783407910260587,0.1475883891858311,0.16435402002577085,-54.5,5,0.680672268907563,2,ok
MAYV01000015.1,298764,298554,0,211,41.54852407304371,5.250057004839224,0.23417956416864594,0.5604074568553975,0.8326391709261776,0.9405928344952589,-34.70000076293945,23,0.3981042654028436,2,ok
QVQC01000029.1,122240,122296,0,57,76.79398540074595,19.999999999999996,0.12046522919089048,0.48637550940307434,0.41437458771765,0.41445995847959916,-23.299999237060547,9,0.6666666666666666,2,ok
RBLM01000009.1,20397,20493,0,97,40.852797949278425,13.623929987485766,0.016069185504226313,0.41521786527143667,0.9568633878500326,0.969012927328683,-36.0,12,0.6494845360824743,2,ok
FNDK01000012.1,40119,40219,0,101,51.26533952679678,7.647480200228911,0.2364251529497698,0.4320725370112391,0.42361620986320625,0.5548902132233654,-29.100000381469727,6,0.49504950495049505,2,ok
RHIB01000001.1,58417,58614,0,198,58.82610639658897,5.280429646070918,0.37088303115506577,0.39651813432703553,0.4529376795153334,0.5762782271799305,-63.5,6,0.51010101010101,2,ok
CP022437.1,3385740,3385636,0,105,44.94824704775726,6.114345885002934,0.2736211478809739,0.4931954084350235,0.7720217752761779,0.9200835394254179,-18.0,8,0.38095238095238093,2,ok
LIXZ01000022.1,21510,21764,0,255,53.72238525582532,19.999999999998977,0.25238855399258897,0.406295447232729,0.5409934714249232,0.6845732875645827,-63.0,11,0.4470588235294118,2,ok
QYTU02000039.1,17708,17844,0,137,77.7517100830043,3.4626566314973046,0.651041976725345,0.3482715414051679,0.14623979775959617,0.25109081305478365,-43.900001525878906,6,0.46715328467153283,2,ok
LVJZ01000003.1,3795818,3795683,0,136,44.63874744446552,6.0982316613229095,0.48591216975876816,0.47756187726616567,0.6224432799194853,0.8844935060687844,-34.29999923706055,10,0.5588235294117647,2,ok
CP003326.1,2710900,2710797,0,104,39.30032644930492,14.69113941341959,-0.19367923580552235,0.46143039392826724,0.2774662705479941,0.14058822514665736,-16.299999237060547,17,0.28846153846153844,2,ok
CP051461.1,2829018,2828911,0,108,59.031628736959405,6.7646261300615365,0.36263987701702805,0.4438518180510875,0.5924091585464104,0.7163935039213003,-30.299999237060547,7,0.5555555555555556,2,ok
KV791895.1,48058,47971,0,88,51.07986506419382,19.999999999999996,-0.04620502866433851,0.5360425224159918,0.9186753035758717,0.8777878621261148,-16.5,25,0.4431818181818182,2,ok
CP000423.1,1228640,1228841,0,202,51.649167316546674,7.486037096624257,0.03733648595786265,0.36034932400385383,0.6758546847272082,0.6960005781414728,-66.4000015258789,10,0.504950495049505,2,ok
JAGSOJ010000001.1,876028,875929,0,100,37.324924677064665,2.498330651019237,0.5591130615791668,0.5647239922061588,0.6354369811946626,0.7641851948926847,-11.199999809265137,19,0.29,2,ok
WXYP01000001.1,317696,317575,0,122,49.19046795210477,2.2518993907632505,0.6266941157477954,0.5199634759596927,0.7308274287871119,0.8670585649293937,-16.100000381469727,18,0.319672131147541,2,ok
CP010976.1,4112498,4112406,0,93,37.546164745349465,19.999999999990344,0.01000129934282079,0.40081162390494407,0.6287991170932536,0.6322936361297335,-23.0,6,0.46236559139784944,2,ok
CP060298.1,2750717,2750831,0,115,88.80141942895057,4.123813547068196,0.5694832061291721,0.4363156756403746,0.4236023507558267,0.4782146016112357,-50.0,8,0.6521739130434783,2,ok
MQVR01000008.1,22948,23097,0,150,45.747248384775425,13.598416681699616,-0.043079366127495355,0.38189562780419595,0.46616181301553106,0.42423656605398025,-55.099998474121094,6,0.5866666666666667,2,ok
BASE01000010.1,7220,7389,0,170,93.56234871780272,1.357229720251127,0.4161436931115244,0.4144503939316673,0.4955764272028574,0.5398866751777891,-51.29999923706055,11,0.4470588235294118,2,ok
JBOK01000001.1,271197,270982,0,216,69.9080252211555,6.143932325960168,0.5130638431427373,0.33828497392502366,0.4827151781812719,0.5682564428686181,-94.0999984741211,6,0.6342592592592593,2,ok
JABFWE010001006.1,1558,1401,0,158,35.42148091485335,8.55434985346232,0.11583472816792684,0.350373402642205,0.5096976367743269,0.5542853752349255,-78.69999694824219,7,0.7215189873417721,2,ok
CP013213.1,1215230,1215326,0,97,46.843046552977164,3.472881355766661,0.28616207246305925,0.4567205135625464,0.7725910166627075,0.8669950542040799,-19.5,14,0.29896907216494845,2,ok
CP028922.1,3651064,3650791,0,274,94.99986486629479,3.765064315174219,0.2759161640454546,0.4522418801086734,0.15125758650357563,0.1750501846018231,-81.0,20,0.5218978102189781,2,ok
QFCQ01000165.1,2737,2577,0,161,53.65166993939008,6.835796067886323,0.13350830115214374,0.4042373686227526,0.7080470862657993,0.7707142328753543,-63.29999923706055,8,0.639751552795031,2,ok
HF988106.1,43932,43719,0,214,50.59496674610873,19.999999999999996,-0.023329395354379667,0.4266873781271709,0.4796065516613597,0.46113994177345613,-74.30000305175781,8,0.5747663551401869,2,ok
CP002432.1,1012091,1012194,0,104,59.98229983645797,4.442725399409094,0.19438301587771423,0.415903331328048,0.37350460676282626,0.4318635200240717,-29.5,8,0.4807692307692308,2,ok
BJXW01000009.1,32592,32720,0,129,50.57849287912315,10.915087912841091,0.07674218076637229,0.40662546783911424,0.5707403005780165,0.6229390377199018,-37.0,12,0.3488372093023256,2,ok
NOWF01000004.1,300638,300790,0,153,86.29313879042581,4.514084068110909,0.5663242079743922,0.4301155455976707,0.39144519926856575,0.4465922394694946,-53.70000076293945,13,0.5490196078431373,2,ok
CP023254.1,4294169,4294359,0,191,57.26631632185218,9.850817811196986,0.2605256177551085,0.4211914564127391,0.3782192736770981,0.479359939337892,-47.400001525878906,11,0.43455497382198954,2,ok
RJVG01000006.1,10585,10350,0,236,6.5185066324083465,0.3626282721777083,0.7673171314708599,0.4895917017367652,0.3174359144786424,0.34369911699773537,-38.5,18,0.3516949152542373,2,ok
GL830877.1,7905,7654,0,252,29.097958809189507,19.99999999504247,-0.43429866014116103,0.5211059975732765,0.7411437976017055,0.7400058172600987,-54.099998474121094,15,0.5119047619047619,2,ok
PUFO01000080.1,18666,18754,0,89,75.64408096837158,5.886438864257132,0.5768781906668555,0.5138875924780276,0.2790886710355882,0.347831365259067,-17.399999618530273,10,0.4606741573033708,2,ok
AMRG01000005.1,131914,132014,0,101,39.19129242158079,9.842699108090363,0.020322412972539783,0.4590578874100355,0.955742192588143,0.9678901837714259,-28.600000381469727,11,0.48514851485148514,2,ok
CP043046.1,6077249,6077476,0,228,94.99999466768196,5.7227241228518135,0.19464588381228923,0.35754915806685095,0.0026179937781175833,0.00994533179584059,-102.30000305175781,9,0.6535087719298246,2,ok
VTWH01000002.1,294662,294512,0,151,58.51231154152342,19.999999999982332,0.224693337516809,0.4312086699551398,0.24881968254370115,0.2834837467454775,-39.099998474121094,21,0.5165562913907285,2,ok
VKDC01000001.1,307732,307956,0,225,56.56974666264136,10.40727754563109,0.1749002502394511,0.36597803407912927,0.7102524648832695,0.7827551244710538,-75.69999694824219,8,0.4577777777777778,2,ok
WOCA01000014.1,64720,64505,0,216,39.59430918896398,7.458833688667888,0.24298578655295489,0.4726714854430172,0.725893560390299,0.8577763696019657,-43.400001525878906,37,0.41203703703703703,2,ok
QQWI01000006.1,232969,232870,0,100,19.033554489114472,4.005601854505064,0.5182136272905213,0.5158543087918271,0.9353020810796732,0.9621020629304018,-22.600000381469727,18,0.37,2,ok
KE136354.1,86417,86548,0,132,42.237979957037844,15.161228489230645,0.027262929235051858,0.36395211949440626,0.4033456207429017,0.42595049242121974,-35.400001525878906,7,0.3939393939393939,2,ok
JACXAH010000002.1,444254,444443,0,190,44.49318952626973,14.586084798267974,-0.030658968905026618,0.4172161405575072,0.5924472367819882,0.5631151914007269,-64.19999694824219,8,0.4631578947368421,2,ok
JABEND010000002.1,212542,212645,0,104,49.77301397582045,19.999999988923403,-0.013625715098586233,0.3754734142761539,0.7066815757356639,0.6930034527864206,-43.0,7,0.6634615384615384,2,ok
AP013294.1,1265284,1265468,0,185,56.9471030860318,6.256890646143476,0.2358235953370077,0.44057874015540416,0.48553579101975175,0.5757754586040494,-47.400001525878906,11,0.4972972972972973,2,ok
AP023415.1,1269940,1269701,0,240,46.57153820159971,11.368659554696835,0.25538846093817913,0.38888019085114867,0.36833412926849723,0.5729652012189596,-88.4000015258789,9,0.625,2,ok
FOEC01000008.1,103083,102947,0,137,63.307082000999166,7.663278373821733,0.6701709504247969,0.4156636359870956,0.4337036604059925,0.5934721264813674,-58.400001525878906,7,0.583941605839416,2,ok
PVZC01000004.1,12119,12276,0,158,55.018202892148395,3.134188105199263,0.11616047128353907,0.38681029494572977,0.2453207725390835,0.2773725490792759,-78.19999694824219,10,0.7215189873417721,2,ok
CP058557.1,2426999,2427206,0,208,77.05647638658455,7.578352524605811,0.5391593838780744,0.4112740488404161,0.5122129275516232,0.5496792898725209,-50.599998474121094,15,0.40384615384615385,2,ok
GL987999.1,104176,104353,0,178,37.82165266220423,19.99999999999981,0.05749219878637579,0.48688428947960766,0.6033494845349836,0.6360435368026679,-33.099998474121094,14,0.3707865168539326,2,ok
FQVU01000004.1,391132,391006,0,127,34.905912151088195,4.088480188811503,0.08563027378782037,0.37503409314784564,0.2844449085750392,0.31064103248058156,-54.400001525878906,8,0.6929133858267716,2,ok
FNIG01000013.1,41654,41505,0,150,76.9995619027831,7.745688575245768,0.5374137159648289,0.42756214986475166,0.20813790196970103,0.24426523645062476,-48.79999923706055,7,0.54,2,ok
LDZY01000006.1,150173,150022,0,152,91.24260326583412,5.3787984635877955,0.5329325608995936,0.45676132209347825,0.010122887645321904,0.03901441470260178,-30.700000762939453,9,0.4473684210526316,2,ok
QKRX01000017.1,39750,39704,0,47,94.99993207760694,4.733025277496222,0.10401855405622262,0.5264607393361489,0.40293399902635585,0.4091250117025746,-14.300000190734863,16,0.6170212765957447,2,ok
NGKA01000004.1,58539,58444,0,96,37.06936931826519,8.375363851037342,0.16468820304863963,0.5727860695026251,0.8726785290636044,0.9496478252826478,-19.0,14,0.4895833333333333,2,ok
FR896352.1,20183,20392,0,210,94.99994906090782,4.6654005740085935,0.2885849828654862,0.42023744402220403,0.19501603598880418,0.21258859660565008,-65.5999984741211,7,0.5333333333333333,2,ok
CAJPFA010000045.1,181404,181586,0,183,77.79028027201693,6.034897719746251,0.5618505335526851,0.44334131381414693,0.41631235705248776,0.472230890465079,-63.099998474121094,16,0.5737704918032787,2,ok
BMDC01000001.1,1019294,1019163,0,132,59.02283096473825,3.8062037800912067,0.3897971643508997,0.3526927626445092,0.2263485287362335,0.33886555256381645,-43.5,6,0.5833333333333334,2,ok
BMOY01000005.1,25661,25864,0,204,51.371094240422394,19.999999999999996,-0.014678987019410117,0.36277041685651795,0.45815703707526795,0.44755902839312683,-91.4000015258789,11,0.6519607843137255,2,ok
JACHGH010000007.1,77324,77533,0,210,77.84310100312872,2.2846450047842897,0.726459578440083,0.3899430743085901,0.35421274173586526,0.46850113437492397,-46.900001525878906,12,0.3904761904761905,2,ok
AYKG01000013.1,995,860,0,136,55.48092342553516,5.799059691794987,0.21191268515972228,0.3475593344212732,0.25529894266830505,0.34012786405156353,-60.0,7,0.6176470588235294,2,ok
JXKH01000004.1,332373,332601,0,229,94.19573071291886,1.3369783776144368,0.38753566506812065,0.46605996012674195,0.5158422025469488,0.5567295206572258,-69.4000015258789,11,0.49344978165938863,2,ok
PYGE01000006.1,227642,227522,0,121,87.41103239302731,3.863162820906326,0.4953465992589746,0.2986422903325454,0.21853180013172252,0.2721546024062763,-61.70000076293945,6,0.7107438016528925,2,ok
GG669993.1,9473,9232,0,242,38.560114783959676,13.616181482249194,0.14891622933292453,0.49622204705122325,0.45544459754361344,0.5506297566204776,-36.900001525878906,17,0.38016528925619836,2,ok
QJKH01000001.1,262423,262568,0,146,50.560220298042154,19.99999999999974,-0.01368767466013543,0.457329091806266,0.9984405212344124,0.9845633037081498,-40.29999923706055,10,0.5068493150684932,2,ok
LFZV01000001.1,1674404,1674521,0,118,38.90936184089631,6.545070341331463,0.036938298343830334,0.5413793811605917,0.930286976827961,0.9482504126185758,-31.0,14,0.4576271186440678,2,ok
JACJPO010000066.1,195076,194930,0,147,94.9999999789211,3.4366461186635453,0.4430678952008568,0.40192008801419393,0.28104093924497825,0.3238863938397471,-52.900001525878906,8,0.5714285714285714,2,ok
SOML01000001.1,773529,773338,0,192,50.114374200374556,19.99999999999989,-0.07152214498397119,0.4764721870126736,0.5021265331043835,0.4294886751977588,-38.900001525878906,12,0.4010416666666667,2,ok
JAKNID010000003.1,90159,90057,0,103,94.99999998642475,3.0515375636197613,0.47290498832530514,0.4433148359270735,0.7733295172298467,0.8233026378993493,-24.399999618530273,9,0.5339805825242718,2,ok
FN806773.1,1710047,1709937,0,111,74.72358273064498,3.375339772876553,0.3066010861029904,0.32681965556523135,0.13363752207729593,0.18788445926313257,-57.20000076293945,6,0.6396396396396397,2,ok
CP080467.1,3325286,3325118,0,169,88.05145424985746,5.1500092152885175,0.5446904862961925,0.47053005528112696,0.38702057603724327,0.42590561244642255,-45.79999923706055,15,0.5621301775147929,2,ok
WSLF01000002.1,370932,371033,0,102,87.29653474563204,4.852623046570433,0.5535043106781695,0.4027837088898205,0.269841810821365,0.315236170465123,-23.899999618530273,9,0.3137254901960784,2,ok
KE159629.1,489875,489758,0,118,64.24220149098997,5.194146227224546,0.7238366553358528,0.49179889334670224,0.34324980583312914,0.528588614897886,-26.100000381469727,10,0.4661016949152542,2,ok
CP022011.1,737073,737232,0,160,49.61470007759508,19.999999937164464,-0.030794226384773582,0.4183423699600974,0.6501066475669204,0.6193636264821138,-37.900001525878906,10,0.375,2,ok
LITT01000023.1,289397,289260,0,138,36.998391171642,9.135045261794582,0.2706483474527762,0.4747667657456931,0.738583545626289,0.8665566807782532,-27.100000381469727,21,0.41304347826086957,2,ok
AFCE01000097.1,8083,8245,0,163,93.68252260613397,2.4650145156106005,0.5965733274285597,0.4217145832821603,0.4733098997422494,0.5451068765254603,-51.0,9,0.48466257668711654,2,ok
UHIO01000001.1,1368964,1368764,0,201,66.34319293476958,5.047863675533181,0.6949343686068737,0.47928926740259326,0.508901071371358,0.6699111931296265,-39.900001525878906,16,0.4626865671641791,2,ok
PXZH01000001.1,847832,847737,0,96,45.81542929481733,5.505127985735631,0.5541061319887919,0.43116255522828073,0.55252975690457,0.8275724347936799,-19.700000762939453,15,0.3541666666666667,2,ok
JACJVR010000023.1,10954,11245,0,292,93.2358107282013,4.7390108283562835,0.5410448688950688,0.3555802049777646,0.21411907599848456,0.24863176866986675,-129.1999969482422,13,0.636986301369863,2,ok
SPQR01000010.1,92452,92339,0,114,40.92179095959089,7.3659026297973655,0.5352133763624461,0.5088929682783723,0.5219320589508977,0.8299978882859925,-21.399999618530273,12,0.45614035087719296,2,ok
VPFL01000030.1,16713,16639,0,75,20.507011002702022,1.6252932392620758,0.6798604942781448,0.48594845842236156,0.6267064063818006,0.7017900178430375,-24.700000762939453,8,0.6133333333333333,2,ok
FOGD01000009.1,29568,29470,0,99,51.60046465649725,19.999999999999996,-0.004927023189812307,0.41350742037973615,0.9565216810749134,0.953144576340549,-42.0,14,0.6363636363636364,2,ok
MJAT01000040.1,93516,93599,0,84,49.060033790560155,5.674723402167972,0.3181260285057441,0.45468079210977635,0.2983366472328515,0.4540579399577671,-16.0,8,0.4166666666666667,2,ok
PXOQ01000015.1,238633,238841,0,209,64.01196945152977,19.999999999997502,0.525053522685341,0.40989277177533456,0.4810495272337156,0.5045355472059427,-42.29999923706055,18,0.33014354066985646,2,ok
NULG01000004.1,125283,125613,0,331,81.15617875124593,4.734994372886887,0.5797161876897173,0.4345984975388389,0.07550597986415411,0.14193252034306547,-61.79999923706055,10,0.3504531722054381,2,ok
CP034437.1,5249109,5248838,0,272,81.94539538300869,8.089031915459527,0.46381661116809303,0.4978616106470797,0.01032740811033625,0.027353702703168087,-70.30000305175781,13,0.4889705882352941,2,ok
AP024619.1,975604,975789,0,186,94.99999395763167,5.548562846270273,0.2323810793822835,0.32787393553379424,0.0018844770001290923,0.011379203815966776,-103.80000305175781,8,0.7096774193548387,2,ok
QXQA01000009.1,50313,50076,0,238,48.375474986683614,4.599695821603784,0.43463824589562194,0.36280695810699937,0.6492767328583259,0.8308543477026198,-95.5,11,0.6050420168067226,2,ok
FPBY01000035.1,13529,13758,0,230,41.22780648001119,19.999999999999996,-0.26395475570399124,0.3894685777078446,0.5383165252821369,0.3201681011203251,-51.099998474121094,9,0.3782608695652174,2,ok
JRMX01000005.1,71827,71971,0,145,64.60208386452004,4.920156189413655,0.3181246066665436,0.4272131721390821,0.35998443122911233,0.439906770415032,-50.0,7,0.5655172413793104,2,ok
LAZH01000040.1,48234,48133,0,102,41.32021600036005,8.794099459857303,0.4790302280191375,0.5128768635995998,0.6500735519666463,0.9613993322404015,-17.700000762939453,18,0.3627450980392157,2,ok
QGHC01000004.1,83500,83422,0,79,46.476396971813074,2.45667916219744,0.6661737225117713,0.44893656999393416,0.22778003852078524,0.38666394184809705,-25.799999237060547,7,0.6962025316455697,2,ok
AJWX01000032.1,63325,63455,0,131,94.99999979660129,3.0444158862067408,0.0812547763851964,0.3923337635892121,0.4033079597855103,0.4121984657611071,-43.5,11,0.6030534351145038,2,ok
FOOE01000018.1,61265,61021,0,245,10.818814657398471,0.9875077857479626,0.6260028072216207,0.5493805283783929,0.28469525126524764,0.3241005482908921,-40.5,26,0.35918367346938773,2,ok
BIFV01000021.1,64969,65096,0,128,63.93207337788014,7.859136944050133,0.47013767097500836,0.3759002092608227,0.6716585170747822,0.7756781764763929,-41.400001525878906,14,0.4296875,2,ok
BMFK01000002.1,423041,422821,0,221,58.52532517547922,7.395170195614758,0.8165584729025935,0.4669995244099787,0.2465788759447031,0.5369187886964991,-43.5,11,0.4072398190045249,2,ok
MUIE01000163.1,2734,2634,0,101,41.13494642559936,11.580855023437389,0.16077569084626886,0.4354017505667911,0.4533943911137931,0.570984997211738,-39.400001525878906,7,0.6435643564356436,2,ok
JMIR01000042.1,11744,11576,0,169,69.1796881981532,8.526858315014188,0.5711526387378316,0.39106909153267244,0.3731756123985833,0.44193980202448113,-52.5,9,0.5443786982248521,2,ok
WBSF01000007.1,206676,206881,0,206,94.99998142930978,3.8916017366489006,0.2812927775033308,0.4105059318411184,0.5821143946373533,0.6051723328883751,-81.0,6,0.5728155339805825,2,ok
FNPI01000001.1,178204,178432,0,229,45.78193086484554,14.955483974348265,-0.25959745620350844,0.44667860805342996,0.6649283759714694,0.4091728164751658,-63.0,17,0.47161572052401746,2,ok
NQYC01000001.1,4032068,4032186,0,119,49.00292085440695,9.067541748985027,0.7827650124165773,0.4222291395290116,0.08162936157630038,0.60514741164094,-43.70000076293945,11,0.44537815126050423,2,ok
CP000885.1,599497,599784,0,288,53.49690054901951,7.216100435542639,0.16154015159963067,0.3974788375475988,0.19526819445006488,0.27352929423006356,-65.9000015258789,10,0.3854166666666667,2,ok
CP019433.1,2150966,2150765,0,202,37.10117780337611,4.467177593351738,0.2643058331192234,0.5348215707748414,0.8314809989704095,0.925537147809868,-34.79999923706055,17,0.400990099009901,2,ok
FNBQ01000017.1,68477,68381,0,97,56.625830025078656,19.99999999989367,0.012677733803320823,0.5568232862377402,0.578549579363595,0.5827072527445389,-20.799999237060547,19,0.4639175257731959,2,ok
BMDT01000023.1,1350,1401,0,52,77.15800371787816,5.9463932601149665,0.5670468221899486,0.31289593862085724,0.3235661453204442,0.3837511845542975,-28.100000381469727,6,0.46153846153846156,2,ok
RKQL01000001.1,138931,138863,0,69,41.59613166876655,3.4373013830420804,0.3945145689068011,0.47821156684607574,0.6351223317364256,0.7623179132503258,-23.799999237060547,12,0.6666666666666666,2,ok
LZRP01000004.1,276403,276336,0,68,25.057133490708104,1.6796039409027388,0.328286469054518,0.42651082358632164,0.35434797995903766,0.39744546547968784,-23.700000762939453,4,0.6911764705882353,2,ok
LZPM01000042.1,12528,12634,0,107,94.99996128343246,5.443314331326939,0.32871378550036445,0.5190164964294092,0.4333016880867846,0.4474318642058533,-22.100000381469727,12,0.308411214953271,2,ok
BOOU01000013.1,197875,198034,0,160,21.71979272206087,3.6969713413460683,-0.010325755699647665,0.40931451169170413,0.9550152716787148,0.953684568655379,-65.5,9,0.63125,2,ok
JACJNZ010000029.1,201862,201736,0,127,49.72066527144327,19.999999993839342,-0.013946451789285774,0.453762865060947,0.48761378306924924,0.4742386901960014,-36.20000076293945,7,0.5748031496062992,2,ok
CP002105.1,1355639,1355540,0,100,53.00457870823419,19.999999999999996,-0.00728943590862674,0.5234793996725583,0.925647736379393,0.9248084395005807,-22.100000381469727,14,0.57,2,ok
PVWD01000098.1,5109,5277,0,169,67.2624388182844,2.23555140378608,0.17093611033897133,0.4175107116248917,0.3727099847507632,0.4037294916097694,-51.400001525878906,9,0.5029585798816568,2,ok
MBTG01000028.1,19710,19598,0,113,45.164875222258615,13.15156903537055,-0.08640629189704652,0.4068767651007448,0.4071696585925156,0.3246425510414075,-33.599998474121094,8,0.5486725663716814,2,ok
CP060696.1,2607666,2607883,0,218,40.14626282340761,16.590199336790782,0.02179455715484213,0.37740010094710497,0.6694492809590828,0.6860950954257405,-87.69999694824219,9,0.6009174311926605,2,ok
CP041372.2,327079,327241,0,163,31.534133854371998,1.6540291331037387,0.5378270283036861,0.45221347560067615,0.5223530655978007,0.6026759971187063,-54.20000076293945,9,0.558282208588957,2,ok
CP060296.1,2739402,2739580,0,179,94.88284299574961,2.653305144734594,0.23599082856792514,0.30663221577465394,0.34042796696091177,0.3677247150106685,-94.19999694824219,7,0.6256983240223464,2,ok
JAGFNW010000002.1,361536,361665,0,130,42.213996512935715,12.199663240339461,-0.01995940654022088,0.43900355525378276,0.5408069903974237,0.5240299040581953,-49.0,8,0.6615384615384615,2,ok
JH725147.1,1921161,1921409,0,249,68.5392803218097,4.64038093927665,0.6816060293716115,0.40870075324996075,0.26105703126816693,0.4069490842418375,-66.69999694824219,19,0.40562248995983935,2,ok
FR888281.1,42612,42842,0,231,47.35225576662014,16.586907583371342,-0.2755780910254132,0.4556804308599292,0.9422342955640555,0.6618569547240958,-58.0,19,0.4805194805194805,2,ok
PDDX01000001.1,723209,722909,0,301,31.59682454339844,4.765119073959202,0.18842121780978904,0.5006558452451788,0.8036026722780051,0.8514523946695064,-70.0999984741211,23,0.3853820598006645,2,ok
CACSIK010000001.1,2162476,2162719,0,244,61.060947465701275,1.9070637497955147,0.9138039944660368,0.36471650082618334,0.3272399356526642,0.48858244977350324,-75.5,8,0.5081967213114754,2,ok
JABAGC010000008.1,72953,72684,0,270,46.54059232176868,19.999999991336363,-0.022694623770614486,0.512158435391197,0.6704471611029414,0.6513525060646604,-41.29999923706055,19,0.28888888888888886,2,ok
CP003732.1,2756178,2756055,0,124,67.35458880116413,8.439501363542842,0.4071838649586623,0.40756895076539584,0.5627465887875952,0.622519091147621,-44.900001525878906,11,0.5887096774193549,2,ok
NGJS01000025.1,11952,11722,0,231,60.97076656860254,7.688345057195355,0.7272122044691463,0.5056472216688508,0.3724475305703683,0.5847919456406501,-42.70000076293945,25,0.36796536796536794,2,ok
JAFKCV010000003.1,62980,63136,0,157,61.91443776775451,7.914505202196024,0.6286467680131018,0.4220523648399632,0.27067807842810865,0.43714826203796353,-50.20000076293945,11,0.5414012738853503,2,ok
WHOD01000020.1,23349,23490,0,142,25.410776462696976,4.922521835238283,0.5759579035238155,0.5329325746527365,0.7379813246981239,0.8038531638015363,-33.599998474121094,15,0.4507042253521127,2,ok
BLXX01000012.1,72626,72372,0,255,39.88135938660606,7.765768310547182,0.0973412215073925,0.4117305512010979,0.36839594757287697,0.42317834547722777,-81.0,16,0.5882352941176471,2,ok
BRPL01000002.1,101630,101452,0,179,72.47687184813739,3.5384338287409705,0.6889286998045628,0.47309733320469827,0.42833157766332014,0.5591467968296706,-35.400001525878906,9,0.4581005586592179,2,ok
CP013653.1,1468491,1468746,0,256,64.90868559760055,13.94356864402663,0.5502857385938782,0.3662364403025967,0.07391128628297355,0.12542427836209552,-96.30000305175781,8,0.6015625,2,ok
QPJD01000033.1,5915,5821,0,95,59.237301238204296,4.403621721278211,0.5223290607623606,0.5135157195501023,0.4776892548807103,0.6381204965365607,-16.700000762939453,14,0.45263157894736844,2,ok
LXEW01000016.1,123757,123618,0,140,74.75961273470642,5.940202086262729,0.5808548511525364,0.47630552763272455,0.3077678340185499,0.3798725282095002,-27.399999618530273,10,0.44285714285714284,2,ok
MDJN01000003.1,7956,8041,0,86,19.058190783125323,1.7769827722445013,0.6454105821462537,0.44051755322478536,0.35110146251628105,0.41808779888664505,-19.700000762939453,8,0.38372093023255816,2,ok
LILC01000013.1,481136,480934,0,203,46.20211347471754,5.724547506704107,0.42394454954919547,0.5066106234452092,0.5972779780787738,0.8140326716811345,-39.5,16,0.37438423645320196,2,ok
LT906446.1,119753,119853,0,101,93.31623878425683,5.645932696036952,0.3782933074290399,0.4098559572916858,0.39054711557344984,0.4069617127169307,-18.799999237060547,18,0.25742574257425743,2,ok
MVDD01000011.1,22225,22434,0,210,41.03823019951285,3.538799823851746,0.2565685540696314,0.4222411443019273,0.8359104549761234,0.9202422639261127,-52.900001525878906,10,0.4095238095238095,2,ok
RBZO01000004.1,14403,14512,0,110,92.03718368465057,6.7649200088672305,0.48076104030356326,0.3941472167304895,0.3061276277443754,0.3197562855791948,-36.29999923706055,8,0.4818181818181818,2,ok
MZGX01000032.1,38858,38959,0,102,80.7496560606871,1.704599955008603,0.7599445358317194,0.49697488968902676,0.6287395335037289,0.7298516610351757,-21.799999237060547,9,0.4019607843137255,2,ok
DS499653.1,1859,1966,0,108,12.890113388346125,2.5559982691740624,0.5199845599803959,0.44120471508135045,0.47544536251858,0.49608870639409347,-24.200000762939453,19,0.42592592592592593,2,ok
CP038231.1,190171,190053,0,119,50.735452436061685,5.109849544716945,0.5377689967799715,0.3609374134803148,0.4094376309194142,0.6435831286610725,-47.400001525878906,7,0.5714285714285714,2,ok
RZTZ01000004.1,13441,13668,0,228,53.17197940056737,19.999999749563308,-0.001073617745404598,0.41348668074669803,0.5986262592450149,0.5975005470696321,-64.5999984741211,11,0.44298245614035087,2,ok
JAMQKB010000011.1,71720,71920,0,201,44.70401832638831,5.309232089505174,0.2774878023597545,0.44042203813160397,0.4792173749348644,0.6128853166970051,-58.70000076293945,8,0.48756218905472637,2,ok
CP035807.1,3133663,3133564,0,100,94.35005168892249,3.040217265340364,0.3399140800174002,0.5018298516766805,0.7803534186969141,0.8169154892273699,-19.200000762939453,9,0.36,2,ok
JXKQ01000004.1,22037,22252,0,216,55.29408440705785,19.999999999999645,0.18920326589253317,0.4277843722996264,0.49660264161315304,0.5695936206028449,-47.400001525878906,11,0.4027777777777778,2,ok
MCIB01000001.1,82094,82306,0,213,42.80522081951856,19.999999991534736,0.006598427341728219,0.4214054220147141,0.4206083738156821,0.4255540744932893,-59.20000076293945,13,0.40375586854460094,2,ok
BOSH01000008.1,88451,88263,0,189,48.62490459554031,19.99999991643413,-0.030446041733055262,0.42407211110058285,0.5127427729819338,0.4820579577049844,-64.9000015258789,9,0.5714285714285714,2,ok
CP000612.1,2758480,2758409,0,72,61.11757732672422,7.628959404765573,0.41340713041032834,0.4101543229512023,0.4620921827670733,0.5811169738147115,-16.799999237060547,6,0.4722222222222222,2,ok
JAFNJE010000016.1,45373,45424,0,52,75.63470427845547,8.455589717529092,0.5339089704100878,0.28108730764077305,0.6058569116911261,0.6389595532937429,-18.799999237060547,6,0.5,2,ok
BMLP01000002.1,97799,97707,0,93,83.43461491440526,3.225588441095507,0.6303610487284478,0.37259964621419017,0.36512190928526034,0.45294418477466725,-36.900001525878906,4,0.6559139784946236,2,ok
LZFP01000002.1,62642,62723,0,82,66.47272833533314,4.8882007908431095,0.5878295347557435,0.4799924567422289,0.2382825894356575,0.3733564798456515,-16.5,8,0.36585365853658536,2,ok
AYZL01000006.1,102624,102798,0,175,66.23179186837477,2.5567069199979855,0.6028236311307472,0.3336183353148275,0.08574596398441656,0.20594539395940972,-52.400001525878906,6,0.44,2,ok
CM001376.1,360270,360424,0,155,44.89311899836357,3.6122904037327985,0.21399936111253187,0.3800991424643362,0.3902022819270355,0.463748993847231,-67.69999694824219,7,0.6580645161290323,2,ok
CP053746.1,3581574,3581445,0,130,94.9998960981496,4.19255877097552,0.10796164495507232,0.3195655644758298,0.5090269151874309,0.516999055220509,-82.9000015258789,4,0.7230769230769231,2,ok
CDRZ01000060.1,4791,4654,0,138,49.0962174709403,19.999999999990212,-0.005936533319300941,0.4411931965175386,0.35268748514443404,0.3472937537708135,-40.5,13,0.5289855072463768,2,ok
QSDR01000042.1,11646,11815,0,170,45.778922576131635,12.87891732484252,-0.050926626035023737,0.38945433628935305,0.6576069983621305,0.6083346247943049,-62.099998474121094,8,0.5705882352941176,2,ok
SRMF01000002.1,16714,16493,0,222,70.87444353367437,3.2981857676465283,0.7173891280734777,0.3519927495006161,0.4612520666058192,0.6038210638388718,-86.5,5,0.5900900900900901,2,ok
CP064936.1,29506,29604,0,99,42.691826798026746,3.790878903762268,0.34893233115557176,0.42360241443143215,0.6192079154111918,0.743307329907417,-26.399999618530273,9,0.5050505050505051,2,ok
LZFO01000020.1,2391,2307,0,85,46.268714524971074,18.927168176020988,-0.016321251061320763,0.5813532312266501,0.820397034806577,0.8040504173861411,-10.399999618530273,22,0.3411764705882353,2,ok
FQYV01000014.1,78522,78601,0,80,75.66501901487034,4.703559825374743,0.5812365041923218,0.5247611223186481,0.65332901552991,0.7399110179875514,-14.899999618530273,10,0.35,2,ok
JH590861.1,606109,605880,0,230,84.50455562285927,3.034006441135812,0.6364436159907537,0.44310004995491864,0.5161785644605973,0.6050586273162446,-73.5999984741211,9,0.6086956521739131,2,ok
JACJSA010000003.1,514184,514341,0,158,57.91845515292936,7.7094374894421716,0.26855584614654965,0.3387501651878578,0.031169088380573185,0.13081965020106975,-51.900001525878906,7,0.46835443037974683,2,ok
CP003326.1,2865655,2865399,0,257,70.2066709274002,13.277172686495351,0.5196783717317601,0.4962190675071658,0.2508784337564918,0.27069213504010564,-54.70000076293945,15,0.35797665369649806,2,ok
BSNM01000006.1,11206,11320,0,115,51.68297154556445,19.999999999999996,-0.003946250156630193,0.4701075717626129,0.7998952348233892,0.7987955361533647,-24.600000381469727,13,0.41739130434782606,2,ok
QPJJ01000011.1,1568,1794,0,227,66.01344296077515,19.99999999999977,0.5135820630269607,0.43094922330150837,0.34366070288536577,0.35066191706432537,-48.599998474121094,9,0.3788546255506608,2,ok
SORW01000053.1,16890,17097,0,208,49.670715546447866,19.999999999999996,-0.18187814726045337,0.45786968215487533,0.8993439463467289,0.7141464159606234,-61.29999923706055,14,0.5336538461538461,2,ok
CP080467.1,918412,918665,0,254,47.61734038058074,16.92534312654111,-0.25745291340208265,0.38852627622693864,0.8789289254964476,0.61634787769803,-87.80000305175781,14,0.5236220472440944,2,ok
FNJA01000001.1,643611,643502,0,110,87.00988680394728,5.151305242400868,0.5473984629485276,0.3851410189580501,0.22595512097962125,0.2670412509111911,-42.599998474121094,8,0.6,2,ok
CP009438.1,3539616,3539443,0,174,94.99988525634076,3.7130563948432007,0.19669467474894364,0.3615415355394442,0.28125095258966454,0.2985167879422259,-72.5,8,0.6379310344827587,2,ok
CP001818.1,1581537,1581387,0,151,74.66015182815833,6.850584128317521,0.5027630996132846,0.41991917561081654,0.5061271504044019,0.5574148550092519,-73.0,13,0.6423841059602649,2,ok
PISE01000023.1,60,253,0,194,55.16459752330052,10.759946000219252,0.17581521310336212,0.43939185720799667,0.4683929362648138,0.5523256450362939,-54.0,13,0.42783505154639173,2,ok
KZ857178.1,70326,70111,0,216,59.88198842589557,4.311935034630605,0.2712955062545792,0.3671470971757702,0.3573310401588034,0.43816446163186845,-91.69999694824219,16,0.6435185185185185,2,ok
BGZJ01000001.1,1164864,1165056,0,193,94.99999693910102,4.772133737207751,0.12224079622698142,0.3359656573492782,0.0024972094036605774,0.009588876523146078,-79.30000305175781,9,0.6062176165803109,2,ok
JAUNQW010000008.1,37181,36966,0,216,55.57897623006682,9.923164229993152,0.36288497244510526,0.4822005846868906,0.20434244311135974,0.369977220568427,-34.70000076293945,13,0.3425925925925926,2,ok
CP003607.1,3669586,3669490,0,97,66.43282861910002,5.360195239448028,0.3252927100361429,0.32732720485388966,0.18260763313737136,0.2557716383245104,-41.5,6,0.5670103092783505,2,ok
LYMK01000029.1,46811,46704,0,108,59.72638076688884,7.860381839682127,0.7612149868407355,0.3775082135032485,0.26496837197292555,0.5092963069758923,-44.70000076293945,6,0.6296296296296297,2,ok
BBJB01000021.1,57693,57837,0,145,38.47357247878925,19.999999999999584,0.019646075909874106,0.3535518335651075,0.41183550323547247,0.4227260261242075,-53.5,7,0.5103448275862069,2,ok
MPKA01000113.1,11167,11391,0,225,66.30286106799375,8.414515053079764,0.6039393145723313,0.45188790048999605,0.02090673591342035,0.1207476782668852,-56.20000076293945,11,0.4533333333333333,2,ok
CP011502.1,2256690,2256591,0,100,94.9998919466002,3.682463123910299,0.16276359732236861,0.30176112109395364,0.02992290775943285,0.04450834949505039,-50.20000076293945,6,0.73,2,ok
AZDA01000133.1,25434,25513,0,80,94.99999999999999,4.1129368922791105,0.4115055323413992,0.40039072826115635,0.029147774907377643,0.060545268822988274,-18.899999618530273,5,0.4125,2,ok
CP001672.1,2091155,2091387,0,233,70.72370007196724,6.855768669574047,0.3799112930955012,0.43134408732706137,0.23764867727475686,0.29077501058478433,-56.599998474121094,12,0.40772532188841204,2,ok
PTJA01000001.1,284843,284970,0,128,57.415409735378944,9.463763591165947,0.03211316289856969,0.3916087610040754,0.867060521324559,0.8793838738198299,-31.799999237060547,7,0.4765625,2,ok
MASJ01000014.1,67134,67348,0,215,65.32122743653822,3.194563506767185,0.6024027037748967,0.3762455484767332,0.20299530840215846,0.33927329061335165,-60.400001525878906,11,0.4372093023255814,2,ok
NGJZ01000001.1,303580,303844,0,265,43.60124114605848,4.65009672301421,0.20400485008697855,0.41948428876089244,0.4089927445997558,0.4966171096152201,-61.20000076293945,12,0.3849056603773585,2,ok
JH470338.1,865643,865537,0,107,46.87082815942583,7.490992979664182,0.3146840814393642,0.4451044470512651,0.7221864158682205,0.9181112902218926,-35.5,11,0.6074766355140186,2,ok
JYOP01000003.1,608696,608564,0,133,67.57750922325663,19.999999999999815,0.5076366754500128,0.448557486280696,0.5552117969629976,0.5581419203253069,-44.0,8,0.6165413533834586,2,ok
CP059066.1,190949,190848,0,102,49.531649077317695,3.0648342096246077,0.7832288930300468,0.542761295759632,0.5633234995221131,0.7897574306612369,-18.299999237060547,11,0.47058823529411764,2,ok
FR889469.1,1845,1942,0,98,44.4910378811944,6.658189259124787,0.40548825320674675,0.5330764982658734,0.5967496158260561,0.8308082580502283,-11.0,13,0.23469387755102042,2,ok
CP071182.1,2506903,2507029,0,127,54.591256823106505,19.99999999997205,0.0576734236390057,0.3006624078571473,0.11731573176803181,0.14426731272156648,-54.0,8,0.5118110236220472,2,ok
JABVCQ010000013.1,61131,61395,0,265,29.753372308117402,19.999999999998863,0.5058337903249198,0.3724112048961775,0.6730810773230385,0.6756405688438093,-97.80000305175781,12,0.5660377358490566,2,ok
JAAIYP010000044.1,38790,38676,0,115,55.44755176716756,11.238446820677686,0.09150405648866561,0.4172451257932786,0.36485804636705255,0.40731923650377955,-46.70000076293945,10,0.6347826086956522,2,ok
UPPP01000070.1,7879,7991,0,113,39.52906237686138,19.999902965582805,-0.005145557771974452,0.4828269220970682,0.9808853893318499,0.977310505803884,-29.0,11,0.5221238938053098,2,ok
JACHEN010000003.1,199706,199481,0,226,94.99999912558397,4.322163758032284,0.5472051789134463,0.534936269459757,0.3238810799688477,0.36205883236042197,-45.599998474121094,21,0.4247787610619469,2,ok
MWPS01000043.1,66270,66353,0,84,54.34060699982166,8.551974794168727,0.10397247776072549,0.4777091347570628,0.5663223757458791,0.6172048861378414,-22.0,8,0.5119047619047619,2,ok
JACMJI010000007.1,2672,2783,0,112,61.80432650662803,19.999999999999996,0.4123375903078895,0.4652520910557937,0.19316812501014402,0.21465576414242407,-30.600000381469727,15,0.49107142857142855,2,ok
JZDQ02000056.1,15601,15865,0,265,93.76541448038101,2.879675511367461,0.13047189917474786,0.32364523647388377,0.09555339811207832,0.11031893767565379,-128.60000610351562,7,0.6377358490566037,2,ok
CP003326.1,1332113,1332226,0,114,94.13064148221848,4.856597823205039,0.536995378611607,0.44630517232703026,0.22250197163678914,0.25399618656861433,-34.099998474121094,12,0.4824561403508772,2,ok
QQOU01000053.1,7429,7332,0,98,47.29395771514344,5.490318272016826,0.2431632704901202,0.5260648571298995,0.5142688361725434,0.6334285025815777,-17.399999618530273,15,0.3877551020408163,2,ok
BMMF01000017.1,51501,51680,0,180,74.4000093147917,4.188924356031315,0.6414128592005068,0.3829160174759843,0.3641360396795131,0.47316532762939423,-86.4000015258789,6,0.7444444444444445,2,ok
LEKT01000028.1,4753,4856,0,104,90.11332799937708,5.033470344319065,0.49891855658647377,0.44736458535984186,0.321499230492829,0.35432479669820927,-29.399999618530273,13,0.5192307692307693,2,ok
CM001844.1,1197814,1197662,0,153,61.17812791540101,8.815603247855222,0.6963329383795172,0.4031422745097577,0.44766381351280515,0.6373098181019727,-36.099998474121094,11,0.41830065359477125,2,ok
FODJ01000001.1,149968,149747,0,222,53.49467240875463,13.95019455583841,0.1079768675829612,0.46556684579333,0.05783087357782851,0.12036406447942583,-48.29999923706055,16,0.35585585585585583,2,ok
LR134406.1,1352492,1352618,0,127,41.14034506226059,11.473483456160507,0.08201976857628657,0.3822529106939334,0.5523764148368373,0.6119493518162966,-41.900001525878906,7,0.6299212598425197,2,ok
BJXB01000017.1,121972,121865,0,108,27.30108921254998,3.4435056900676932,0.05818121724575587,0.42486809519959406,0.9810587555236909,0.9913877712396211,-37.20000076293945,13,0.5462962962962963,2,ok
CP009286.1,4293901,4293626,0,276,73.15453950960743,4.830917688701988,0.6263295910593583,0.42943023092000354,0.10614472151669316,0.21031919308405594,-82.19999694824219,17,0.5579710144927537,2,ok
CP063169.1,324808,324705,0,104,58.65675742264003,7.187065728489498,0.30180411293999393,0.418250250099059,0.05570089052679132,0.16168858046823228,-36.099998474121094,10,0.625,2,ok
KQ965520.1,1349160,1348914,0,247,56.474320998550816,2.9207769147743283,0.9648458779465217,0.4911278678893383,0.4111443707387744,0.6587725550410968,-51.900001525878906,15,0.4817813765182186,2,ok
CP011834.1,372105,372209,0,105,30.979097617463506,5.772212272755527,0.05704926024070606,0.4537114812253228,0.4344500121310439,0.4475494060135299,-34.099998474121094,9,0.5714285714285714,2,ok
QKTW01000007.1,104757,104947,0,191,89.69167331021424,2.9841996075575494,0.6169690345960301,0.41856845519708247,0.20638384115137157,0.2828546609072279,-53.5,8,0.4397905759162304,2,ok
AEXQ01000095.1,18646,18423,0,224,46.25186133769859,5.715171689149101,0.45069696938441917,0.5139865549624106,0.5799117780293379,0.8101099092384958,-42.20000076293945,12,0.41517857142857145,2,ok
RHLK01000005.1,269028,268799,0,230,42.051600047720534,2.762580786696924,0.4197520796119506,0.4809668278403329,0.7976758407339839,0.9087902778414583,-63.5,13,0.5260869565217391,2,ok
WHTJ01000075.1,14257,14110,0,148,78.71505933589961,3.605305554735904,0.6380131516781005,0.43621151285178583,0.42097446802211846,0.5201382196582498,-57.29999923706055,13,0.6756756756756757,2,ok
SPQR01000003.1,324318,324185,0,134,38.467749864641284,19.99999999997281,0.022648835994537098,0.5024193075631441,0.324192420543131,0.33946822249751296,-25.0,12,0.48507462686567165,2,ok
SRMF01000004.1,74366,74522,0,157,56.69692252021377,3.249414220863913,0.4076530288936142,0.29968160004081257,0.5721743124990682,0.6844771556460233,-71.9000015258789,5,0.6305732484076433,2,ok
CP021023.1,321410,321228,0,183,59.3016525300426,6.960008207770364,0.5538295772436206,0.4213355952137148,0.3347631038171698,0.5207133454334782,-48.20000076293945,18,0.47540983606557374,2,ok
LMTR01000049.1,8190,7989,0,202,51.869205956672104,12.82099935844318,0.045078358574992206,0.43305384181743783,0.8126343545780668,0.8423324926574718,-72.0999984741211,11,0.6138613861386139,2,ok
MRTH01000061.1,16901,16646,0,256,50.7033928396138,6.235237597225744,0.38890165001010935,0.459525311114259,0.45839631272779535,0.6533004199084692,-61.0,18,0.50390625,2,ok
RYDV01000005.1,15432,15593,0,162,94.99999999148855,3.8851684803624704,0.310228777865619,0.364729473916718,0.3439728302106584,0.36983264227303053,-57.599998474121094,7,0.5679012345679012,2,ok
FR898842.1,22077,22312,0,236,46.78364356287299,15.215324811752888,-0.15563968633982406,0.4696445344933495,0.9084847027751869,0.7523243090754732,-56.5,17,0.4025423728813559,2,ok
PYAV01000005.1,159369,159468,0,100,68.66651524598196,19.999999999999996,0.5058900013825962,0.46131465049032905,0.32348140555382293,0.32641307242365464,-25.5,18,0.43,2,ok
LTBB01000005.1,80464,80223,0,242,44.139353534320925,6.057372209906299,0.29673775242365685,0.550364250176043,0.756216219082255,0.9151171867652208,-34.0,13,0.34710743801652894,2,ok
RAZH01000001.1,555430,555327,0,104,65.93563872330263,4.796738312425716,0.542772287857952,0.5217288753251956,0.5677825878139562,0.6961286160728893,-22.799999237060547,7,0.5,2,ok
GL405260.1,1612253,1612379,0,127,68.60817306057943,9.625131789249894,0.5594720542394032,0.4523261025679997,0.5002309528580187,0.5591336111233934,-48.400001525878906,7,0.5748031496062992,2,ok
WBOS01000005.1,83222,82846,0,377,91.00102361171801,2.185142698349517,0.4950801579861611,0.4384707692211028,0.588649638867011,0.6516336836915022,-99.9000015258789,18,0.4297082228116711,2,ok
NFMA01000007.1,15453,15344,0,110,80.28569194298782,8.388214895310806,0.5203177217194156,0.49096066368076174,0.7601555716368212,0.7806103214100277,-30.100000381469727,8,0.5636363636363636,2,ok
UWPJ01000005.1,275001,275248,0,248,43.83103294448275,13.683689992005155,-0.002734399699308082,0.31590924389325914,0.16423305475965255,0.1617047069272811,-116.69999694824219,8,0.6653225806451613,2,ok
RJQC01000002.1,178600,178388,0,213,58.596763646466876,8.457121724228223,0.4714973937899676,0.5543072338350996,0.07254310959716909,0.23715537278861823,-35.29999923706055,13,0.4225352112676056,2,ok
SORV01000001.1,22477,22189,0,289,94.9999972302123,4.294230467247432,0.45495615396369915,0.4714502315682574,0.03550692233113237,0.06744777407879388,-53.900001525878906,17,0.35986159169550175,2,ok
UWOC01000011.1,58316,58404,0,89,77.4789964124571,4.208253833811019,0.40729787599543066,0.37990951825238606,0.179839408243668,0.24034039249376543,-34.79999923706055,6,0.7303370786516854,2,ok
KE136389.1,1664681,1664487,0,195,47.40568572202426,5.987676683295911,0.3513380749520827,0.517744509546713,0.7090131283509725,0.8930739564788887,-29.899999618530273,15,0.4153846153846154,2,ok
CP035280.1,113837,113605,0,233,92.21329422872745,1.3989057830398564,0.34313902029246124,0.4513879484706995,0.5883364316938425,0.6259607411850258,-53.599998474121094,18,0.3905579399141631,2,ok
QWVT01000013.1,93576,93388,0,189,77.10522462923184,5.020870089129322,0.5919432232915005,0.4347981169225492,0.45493777324365714,0.5326508858313578,-49.099998474121094,11,0.4973544973544973,2,ok
DS022272.1,308793,308853,0,61,66.39052594579505,0.7522241542173035,0.2872773004926077,0.43680173951967466,0.5021426227253926,0.5233353195419566,-15.399999618530273,8,0.6065573770491803,2,ok
BORC01000002.1,355647,355694,0,48,77.1955902541352,5.030559779469265,0.179223770918937,0.3622650540072907,0.1962405905357154,0.21947441011442065,-12.300000190734863,5,0.4583333333333333,2,ok
CP041372.2,2641693,2641490,0,204,74.8394925077517,6.0237750170824,0.5008271077942289,0.43945410945740376,0.1809367910157499,0.24157336983397817,-47.900001525878906,13,0.46568627450980393,2,ok
KI518119.1,45939,46036,0,98,76.75506892272209,5.906183526166595,0.452145089083277,0.4987150655417248,0.18174296840066767,0.23116743613176888,-11.899999618530273,9,0.2755102040816326,2,ok
QWVS01000028.1,44191,44013,0,179,81.45665436919451,0.385989351464799,0.49260870870947643,0.4897540279849847,0.526242354433504,0.5462108129766149,-37.0,15,0.49162011173184356,2,ok
VRTT01000025.1,64075,64165,0,91,40.189000887129,19.999995880586695,-0.015024403833397593,0.5101974761715652,0.5098032530414518,0.4981177367123844,-21.700000762939453,7,0.5494505494505495,2,ok
CP059258.1,762197,761966,0,232,94.99924960713241,3.366787673814885,0.12459016357670533,0.40661311504752945,0.26714109760287563,0.2793424232000108,-87.19999694824219,10,0.6293103448275862,2,ok
LMCY01000043.1,196799,196934,0,136,90.21379469221056,4.720920071091253,0.5484773058725436,0.3692925111989761,0.38824434775226335,0.42878748847666304,-56.70000076293945,9,0.625,2,ok
CP002395.1,673754,673945,0,192,64.47225916648479,5.526747530095025,0.33707124369140135,0.42761339926910275,0.25110605793290175,0.3350905136321026,-71.4000015258789,8,0.625,2,ok
ALPT02000117.1,2947,2846,0,102,54.205279208703466,5.228578905607191,0.5919583822726447,0.41288696550475806,0.5203398999354083,0.756713032551912,-21.100000381469727,9,0.4117647058823529,2,ok
FOIM01000001.1,402037,402237,0,201,79.48308547336008,7.623310631845012,0.3944387688488962,0.40468412333614895,0.22005063314588869,0.24134642822185687,-69.19999694824219,7,0.5771144278606966,2,ok
CP002521.1,2364468,2364339,0,130,70.93595443842506,5.693214718405121,0.34399946151137567,0.31204920442115397,0.3069470535749675,0.36412560905149943,-71.69999694824219,12,0.7230769230769231,2,ok
CP068053.1,3723404,3723583,0,180,44.470481347549295,10.61959208649906,0.07854316294105099,0.3745763423132165,0.2197953476913778,0.2809903789205654,-54.099998474121094,7,0.4444444444444444,2,ok
MPKA01000054.1,27983,28196,0,214,65.68718252206345,6.949474099661147,0.6463650238310779,0.38105473990228417,0.23441752594983836,0.3697921805088328,-55.20000076293945,11,0.4439252336448598,2,ok
CCRF01000067.1,36116,35983,0,134,48.83903333873197,11.132901490823302,0.4249856023340324,0.5508109158325316,0.46454987129299885,0.7816010844829094,-31.399999618530273,20,0.44029850746268656,2,ok
KN174163.1,624448,624619,0,172,53.18485848887213,3.8932535379875697,0.3754008416826679,0.4129322466317991,0.4207609868677631,0.5473941755257012,-71.19999694824219,10,0.6744186046511628,2,ok
JXKD01000004.1,38647,38887,0,241,52.26734974132839,6.7262766987091505,0.30207779412651387,0.43416519756664784,0.19514586289684988,0.34481509898175744,-60.79999923706055,12,0.4149377593360996,2,ok
BMOF01000060.1,4874,4999,0,126,94.99999999999999,3.087607366628683,0.45107528250779894,0.3098381765809176,0.15202767505596912,0.19960663497089365,-57.70000076293945,6,0.6190476190476191,2,ok
JACVXA010000049.1,32450,32327,0,124,41.41423639623493,10.520925806997123,0.8184092184189757,0.4044478811917737,0.28878788010916473,0.8766084730136747,-50.70000076293945,9,0.7016129032258065,2,ok
MVHS01000025.1,21954,22151,0,198,70.54045905589187,5.170763021948926,0.6383354522156525,0.42111590176535846,0.4278868077375759,0.5445795509521825,-84.4000015258789,11,0.6818181818181818,2,ok
MAIS01000106.1,9031,8840,0,192,39.337112230987906,5.350838052888739,0.12617602506049874,0.4822134795492104,0.761392812503412,0.8166474517686424,-56.70000076293945,9,0.5364583333333334,2,ok
JACHIW010000001.1,3338224,3338038,0,187,53.113111020214546,7.043844024864473,0.3907434146230758,0.3584992121262964,0.6334218963457734,0.824280264931161,-83.0,7,0.6737967914438503,2,ok
CP001814.1,1771338,1771423,0,86,91.46203788329282,4.718726270608342,0.5285169754321845,0.38910324899565973,0.2169993219535323,0.25377204356127236,-31.799999237060547,8,0.7325581395348837,2,ok
FNJM01000012.1,28305,28545,0,241,42.26646773894347,16.723065961245393,-0.06192034563716653,0.4412732964411035,0.7092717107366133,0.6550152906958415,-49.599998474121094,13,0.3983402489626556,2,ok
CP010552.1,1207723,1207647,0,77,53.1751834298321,15.489136208080861,0.04926851027746876,0.4660367209018533,0.38255621751845653,0.4129530315934201,-12.699999809265137,6,0.42857142857142855,2,ok
VWXL01000053.1,6695,6937,0,243,36.031278965353934,2.5896869037636128,0.9675705930007451,0.42338898435336175,0.490820031631774,0.7169391337005533,-63.29999923706055,8,0.49382716049382713,2,ok
SLWV01000002.1,209707,209603,0,105,94.99042664467696,1.2679672938012718,0.6534418584766641,0.47733081118297627,0.380465889729677,0.4473155397310909,-22.0,9,0.4,2,ok
QDAE01000035.1,9132,9266,0,135,53.90452031682511,19.99999999999984,0.047461483422870265,0.3877870496351639,0.34703174706146167,0.37408391193119916,-47.79999923706055,6,0.5925925925925926,2,ok
WRPM01000068.1,46031,46155,0,125,70.45265545893633,7.188388656997605,0.5291192439532069,0.4306792121242583,0.30021244080233617,0.37147655457130146,-44.20000076293945,13,0.592,2,ok
AFCE01000067.1,74,191,0,118,51.56300606625538,15.268630694877602,0.028345696688758193,0.4125278356335009,0.6654207403157812,0.6854142977372071,-38.29999923706055,15,0.5084745762711864,2,ok
CP014160.1,172247,172176,0,72,53.15083693597584,6.282798198757345,0.21025990470432987,0.5191065719484454,0.6884106134688774,0.7852065305070072,-16.600000381469727,17,0.4722222222222222,2,ok
AP023418.1,1089413,1089294,0,120,60.424934271608706,3.4382000095308047,0.44883650467157665,0.44985966974663333,0.21861991819586782,0.336931658586096,-40.099998474121094,12,0.55,2,ok
AKJX01000164.1,100968,101095,0,128,51.92678177596128,7.426967341998243,0.5326357624419162,0.42137262406800374,0.5144287312838226,0.796854743833529,-45.599998474121094,7,0.6171875,2,ok
FOFK01000003.1,52159,52389,0,231,54.095768467306875,19.999999999999776,0.08786568373270126,0.39444096246142824,0.3551123744671408,0.40272363922613685,-59.70000076293945,13,0.41125541125541126,2,ok
BJVC01000001.1,618017,617938,0,80,40.08855413250025,19.999999999990063,0.023052185330691533,0.5441638899931478,0.4666095438117531,0.483003625781229,-15.699999809265137,8,0.575,2,ok
PFXK01000001.1,423573,423473,0,101,42.86390493571518,11.72965327968396,-0.004986410272942998,0.3946444262325886,0.48401072248434784,0.4797276821878329,-28.200000762939453,7,0.49504950495049505,2,ok
NFHL01000009.1,21179,21298,0,120,63.578473082756425,7.540668403357335,0.6676986434567649,0.4285941157968956,0.36568320413692046,0.5226336475347854,-24.5,11,0.4083333333333333,2,ok
CP010978.1,4330320,4330159,0,162,37.707782070504166,10.647125242447105,0.07767189766463001,0.5196939123428206,0.8636058668236846,0.9047243213120811,-38.099998474121094,23,0.4074074074074074,2,ok
RAYU01000015.1,25407,25609,0,203,54.99286573145253,9.048550687315156,0.7539664442685724,0.4120973150837918,0.23572646006782313,0.5928338385608002,-61.20000076293945,11,0.5073891625615764,2,ok
CP101527.1,4090344,4090143,0,202,40.28467602666455,9.107210301047976,0.38535359372226063,0.46593279193649584,0.624688383934719,0.867151595753341,-50.400001525878906,23,0.4752475247524752,2,ok
RJSG01000002.1,954379,954527,0,149,54.83004871206089,2.806363047271889,1.0027986358348733,0.37845657754502077,0.42319881017192645,0.6770586138463336,-60.5,9,0.6040268456375839,2,ok
MJIL01000046.1,33688,33862,0,175,41.63535338458152,1.5523154586711294,0.15336394366563655,0.45637793060944215,0.6207978019307084,0.6441181383924256,-45.5,6,0.44571428571428573,2,ok
FRCF01000004.1,190386,190616,0,231,55.09681469329002,5.0672520237372645,0.3884720617735541,0.4456149368427368,0.35239961829218125,0.5001873805365714,-59.599998474121094,22,0.45454545454545453,2,ok
BMHP01000002.1,1762004,1761810,0,195,80.96572393244139,7.1278081828663495,0.5322217489626493,0.4014086565161161,0.2922549871085457,0.3230121862106953,-62.099998474121094,10,0.5692307692307692,2,ok
LR778135.1,913350,913447,0,98,39.20983700746077,19.999999999878156,0.008680908511710217,0.46090060792001875,0.7466506526509069,0.7519166631478411,-20.600000381469727,11,0.47959183673469385,2,ok
LFCW01000002.1,235852,235955,0,104,94.99991991480809,3.3885438879624816,0.19092559377550458,0.31681914646554854,0.015479745076113438,0.033935415493820564,-49.5,7,0.6057692307692307,2,ok
HF999354.1,201,433,0,233,48.18252501384986,4.4529292791677735,0.2475519459495315,0.4259556696890662,0.4092143552504246,0.510064522790408,-67.30000305175781,13,0.44635193133047213,2,ok
JACOOR010000001.1,432414,432188,0,227,54.643192061324584,19.999999999999996,0.05878475566159147,0.4907144859992658,0.8275464984570281,0.847399712725563,-61.400001525878906,16,0.5550660792951542,2,ok
CP010796.1,1575883,1576168,0,286,63.00218653497727,6.127792942193243,0.7176242222921531,0.43682232278991484,0.2526521497528808,0.4440098801445448,-64.5,22,0.3986013986013986,2,ok
PDCJ01000001.1,844211,843956,0,256,82.78050190015847,3.870269730839146,0.6029331473751711,0.567243906103999,0.312488501455807,0.3900371074487095,-30.700000762939453,22,0.30859375,2,ok
JRUN01000012.1,51996,51779,0,218,54.67477714315712,8.03543097897451,0.841378073634469,0.3598143193692163,0.1989625574941203,0.5944565046774977,-56.79999923706055,8,0.38073394495412843,2,ok
FNPI01000024.1,34283,34153,0,131,66.23542565586952,19.999999999999996,0.5118779104117641,0.4076544866370438,0.3474657570545433,0.3553585185642555,-40.5,12,0.5267175572519084,2,ok
CP038145.1,1617287,1617455,0,169,39.86293779046455,19.999999999994994,0.028942315140314423,0.45378352762723995,0.8220639162094765,0.8444402210252265,-33.29999923706055,37,0.30177514792899407,2,ok
FOTY01000048.1,3562,3300,0,263,39.87094067956642,19.99996352776721,0.006233486513325559,0.44742913268738677,0.9752593250379974,0.9800310114178213,-73.80000305175781,13,0.5095057034220533,2,ok
CP039704.1,678823,678940,0,118,68.88086049978169,4.205553947073557,0.179612904773229,0.3817658954059063,0.29787306950252895,0.33585630512149567,-51.099998474121094,6,0.711864406779661,2,ok
KQ033878.1,760310,760489,0,180,69.73841198996375,4.3573633663455205,0.6785829321545127,0.39991141129243063,0.5159278603779155,0.6550397630688339,-41.900001525878906,10,0.37222222222222223,2,ok
MSZX01000022.1,47091,46852,0,240,41.489147687204806,4.438802966820533,0.2789268701547933,0.45733022878795115,0.12933690164276324,0.24165687186706072,-61.400001525878906,13,0.5083333333333333,2,ok
CAJRAF010000001.1,1324642,1324575,0,68,94.999998822843,5.794159623862749,0.09729876885617834,0.5246778187569267,0.0008451695491874522,0.0044247094275574606,-16.299999237060547,8,0.5,2,ok
KQ758617.1,224437,224541,0,105,76.41183122793504,4.532866291356016,0.6130771031187487,0.481020785646257,0.44950153066788695,0.5408268034424715,-27.0,21,0.5333333333333333,2,ok
FOKR01000020.1,27413,27673,0,261,50.07784087139697,19.999999999999996,-0.047135735667249934,0.4673625290518565,0.8173490271476314,0.7764778743212087,-56.0,13,0.41762452107279696,2,ok
FNBG01000049.1,3090,3208,0,119,40.68733238338058,8.007846263712173,0.12586651824278616,0.524475703781596,0.6843270985114014,0.7594985996466525,-24.200000762939453,8,0.4957983193277311,2,ok
AYMW01000001.1,619927,619812,0,116,56.311535868194106,19.999999997532715,0.01642825223953137,0.42608494154166904,0.39131486173492275,0.39733237939398375,-34.0,9,0.5258620689655172,2,ok
FOKI01000006.1,44418,44185,0,234,48.65275168837126,19.999999999999854,-0.007974448969396447,0.5566172836446966,0.2536902006963314,0.2458128703005312,-33.70000076293945,22,0.3418803418803419,2,ok
QYUP01000087.1,56916,56868,0,49,40.379292082746495,4.441004003561226,0.11589424710997887,0.4582015808230495,0.4957309438302274,0.5413571796104558,-15.199999809265137,4,0.7551020408163265,2,ok
CP000673.1,2198688,2198492,0,197,81.85169993624577,8.340330787729965,0.4393321351437971,0.548746226053844,0.7033573214885745,0.718407773365346,-31.5,10,0.41624365482233505,2,ok
LMFH01000005.1,137734,137600,0,135,51.874153035746374,7.181220633121647,0.20715866922981946,0.39063520288131676,0.4231962695111271,0.5313776339039096,-50.29999923706055,9,0.6444444444444445,2,ok
QAJF01000835.1,3574,3654,0,81,94.99990396082936,3.726367470854501,0.3555418025500394,0.33553288711510465,0.22777636865616305,0.25870995321708623,-44.70000076293945,7,0.654320987654321,2,ok
BMOS01000040.1,4295,4084,0,212,42.70036579869298,1.925639983984268,0.32677011806151457,0.5413536078026835,0.756700468659122,0.81815876830685,-44.0,14,0.4339622641509434,2,ok
QOUX01000045.1,198783,198572,0,212,71.95029882850552,4.315918776438872,0.6570027825637729,0.46112168811905435,0.2117247364798453,0.3337134252173059,-48.70000076293945,16,0.42924528301886794,2,ok
BATM01000060.1,28255,28142,0,114,73.32151378081929,3.781951468890915,0.6694807920826471,0.5339816977373092,0.39740350799611684,0.5206406832040887,-21.399999618530273,12,0.45614035087719296,2,ok
AMSQ01000007.1,70143,69849,0,295,43.24342002818653,15.116928382073752,-0.526709976748931,0.4238821015837016,0.71642416957743,0.23155798519047296,-70.5999984741211,9,0.38305084745762713,2,ok
QUBQ01000001.1,277625,277446,0,180,69.60494638142,2.136675236653994,0.8032163426356784,0.398062926487413,0.4079376355053742,0.5460892018258315,-60.0,7,0.5611111111111111,2,ok
LAKY01000073.1,82222,82160,0,63,55.09765860535943,3.503183663249926,0.2497383200367574,0.48309823305914334,0.5072512816439521,0.5821432255018115,-18.700000762939453,8,0.5555555555555556,2,ok
QUEE01000006.1,277270,277471,0,202,40.86407741111435,8.78756551032219,0.20811088137008282,0.43183241479078943,0.40501317920345087,0.5374599959128206,-57.20000076293945,14,0.5297029702970297,2,ok
JRAN01000056.1,54361,54158,0,204,70.54070635127445,9.620525217457637,0.5425868017985748,0.4786555721916807,0.08498554004569715,0.12935629704414278,-44.79999923706055,17,0.45098039215686275,2,ok
KE159681.1,193274,193044,0,231,41.98520745557289,19.99999999983571,-0.016274000086486495,0.5864555538672259,0.4633363615060751,0.4518765628220728,-30.299999237060547,34,0.4155844155844156,2,ok
ACVI01000038.1,41955,41758,0,198,41.54032337890519,5.734167508667311,0.08649922442404923,0.5992239567148427,0.9358036560494692,0.9784232643045885,-31.700000762939453,33,0.398989898989899,2,ok
WHTV01000099.1,13120,13224,0,105,49.393336700731986,19.99999999989767,-0.05233032494328471,0.46364050008986957,0.8716718276132441,0.8172775145247282,-38.5,10,0.6095238095238096,2,ok
WTUZ01000021.1,271895,271663,0,233,62.781225482119105,4.880869781598087,0.48567718747327693,0.538349842719202,0.6017529562252146,0.7345822330958021,-45.79999923706055,16,0.47639484978540775,2,ok
CP059261.1,2003572,2003512,0,61,39.7916313607071,5.776774611146426,0.01834679142452572,0.4410303376680356,0.4564142912491282,0.46502022266497856,-28.5,10,0.7213114754098361,2,ok
CP001022.1,216092,216276,0,185,49.536807278990146,19.9999999754672,-0.006833051619634656,0.34419793422619216,0.9772703768109536,0.9702729558408983,-63.0,8,0.44324324324324327,2,ok
CP060697.1,462643,462791,0,149,66.30493440916123,5.083952993058236,0.690218659027348,0.37646746955192634,0.409556849689881,0.5683289443416399,-72.0999984741211,7,0.6845637583892618,2,ok
JXYS01000029.1,3639,3428,0,212,68.62488636202721,19.999999999999996,0.5059975058507377,0.46040520139588537,0.2904404420527548,0.2956055326482931,-56.099998474121094,14,0.5,2,ok
CH672395.1,2226,2162,0,65,73.75997876388291,5.114780055765285,0.6115766772552772,0.4589670781993759,0.26134673218752286,0.3556529291436058,-15.399999618530273,11,0.46153846153846156,2,ok
CP048630.1,3281215,3281087,0,129,57.382562134291746,9.851347895173056,0.11830977715899887,0.39554422995305366,0.35930024135108773,0.40461570171902056,-49.20000076293945,10,0.6744186046511628,2,ok
SOHE01000005.1,8473,8323,0,151,87.41551738499906,4.37377896825152,0.5329583411125065,0.3958306169405372,0.15026121207420431,0.20030535096503876,-55.599998474121094,12,0.6357615894039735,2,ok
AP009389.1,667698,667820,0,123,94.99999391441193,4.089135028601543,0.1308042510534711,0.40390259879705176,0.41185362576911483,0.4219433055441549,-50.900001525878906,12,0.5284552845528455,2,ok
CP003326.1,2041590,2041489,0,102,61.986880841400165,8.30384602950069,0.6856719725124324,0.43514350328394213,0.1098624448238445,0.286637224743844,-15.600000381469727,9,0.3137254901960784,2,ok
LSVF01000004.1,169236,169474,0,239,81.48954329386237,8.294553382184144,0.480676553377177,0.4305097411423717,0.435111037168319,0.452209331779658,-66.69999694824219,15,0.5062761506276151,2,ok
BJCC01000019.1,42509,42362,0,148,72.665017095084,6.32116752277359,0.5866868309387915,0.45465566947742797,0.02390558891139355,0.1031341148639501,-36.599998474121094,13,0.43243243243243246,2,ok
MAPZ01000019.1,46345,46182,0,164,46.92702601783096,14.386611896448436,-0.018623624871032973,0.5633206704594188,0.9799058255814026,0.9612132326111713,-22.200000762939453,21,0.38414634146341464,2,ok
VTOY01000013.1,28127,28422,0,296,59.01018190353409,8.309964337179297,0.34446146114728743,0.419543518958139,0.40712355284688373,0.5234002055008994,-95.4000015258789,14,0.5337837837837838,2,ok
CP000284.1,1286474,1286696,0,223,68.25331147240684,7.512519523346689,0.49698305153895644,0.4295817888934396,0.04567376149162633,0.12265244091560806,-84.0,12,0.5695067264573991,2,ok
LT629302.1,325299,325524,0,226,53.529660332943884,13.68980038775206,0.10866086694809213,0.41289918649903784,0.33949358360857146,0.4021910355243004,-56.599998474121094,16,0.3893805309734513,2,ok
CP040695.2,1512981,1513290,0,310,19.951621002324554,3.2510604412752016,0.5681954758032799,0.32075400173790036,0.32530026542897145,0.37604052460178883,-162.10000610351562,8,0.7258064516129032,2,ok
CP000492.1,2145138,2145261,0,124,49.28620435632199,19.999999999999993,-0.11104528491641152,0.4468839601800576,0.8726768646034415,0.7566219483148693,-30.399999618530273,10,0.45161290322580644,2,ok
LGTO01000002.1,273398,273621,0,224,66.9718151836712,5.922488265083891,0.6558333967514227,0.4272052041903744,0.08410000852792535,0.22137043265904,-57.599998474121094,14,0.4419642857142857,2,ok
CP000031.2,3720079,3719985,0,95,46.48674685813927,3.6144485387336998,0.10345949960787726,0.370349978502277,0.7235017312153212,0.7589457452013508,-37.599998474121094,8,0.6842105263157895,2,ok
AFVQ02000215.1,8338,8113,0,226,51.338426683643796,19.999999999999996,-0.01669233920713903,0.46191168674815913,0.2613240441225425,0.24718479440600874,-51.900001525878906,23,0.504424778761062,2,ok
PRLP01000058.1,4923,5152,0,230,94.09377728451233,2.9532961822858494,0.19710055786359815,0.3876543673675958,0.5141275672790573,0.5360364884941533,-86.69999694824219,7,0.5521739130434783,2,ok
LDOU01000016.1,58117,58242,0,126,94.33836850158494,4.238473176020685,0.5509555040129156,0.40148420341645435,0.13457331808245732,0.17544484329702964,-46.20000076293945,7,0.48412698412698413,2,ok
NFLE01000001.1,315749,315516,0,234,56.23067257854884,11.653268935792946,0.2697060332466765,0.44595888353163615,0.47795870365208587,0.5933026103683742,-70.0,16,0.5897435897435898,2,ok
VOLS01000008.1,39796,39938,0,143,54.823843773609866,13.99771521722169,0.003310637211870714,0.48787923915938874,0.0031897057141516694,0.0048383478752499764,-31.5,16,0.36363636363636365,2,ok
CP001616.1,2637202,2637346,0,145,46.41698370703861,14.378751090405299,-0.02523856208552122,0.3579521714832664,0.3955814390863834,0.3705121569798289,-66.0,6,0.696551724137931,2,ok
CP003032.1,1232206,1232005,0,202,61.51911715165605,3.9661299363219564,0.38222179366409814,0.4517192244615181,0.6459567859453019,0.7504077156680301,-53.599998474121094,12,0.4900990099009901,2,ok
WBJZ01000017.1,46765,46863,0,99,6.816658334956196,0.9413309315135833,0.5917620191660907,0.3988143653917306,0.5730375202935444,0.600458819226974,-44.5,5,0.7272727272727273,2,ok
BMDT01000023.1,1731,1843,0,113,94.99893267305812,6.078983790600012,0.04189183367904207,0.4208745814269991,0.00032858504363772467,0.00166647018645813,-33.79999923706055,15,0.3805309734513274,2,ok
JAGJEC010000002.1,979045,978954,0,92,51.71344846102937,7.519491058600164,0.4997450648783035,0.5232921153711395,0.45910597504192996,0.7284872028144636,-12.600000381469727,13,0.40217391304347827,2,ok
LR733556.1,1139816,1139884,0,69,40.2472959140272,7.920577943603518,0.7465529342405275,0.6078102602151224,0.45587602368425595,0.8912624533923426,-6.800000190734863,13,0.2463768115942029,2,ok
CM000961.1,2289775,2289961,0,187,48.89621993239782,4.745475386019905,0.31802311333670286,0.5009834946815614,0.6720917254307974,0.8074293376143671,-63.70000076293945,12,0.6363636363636364,2,ok
JAGSND010000004.1,218930,219042,0,113,44.82508285957855,12.888270068560171,-0.027790285461942954,0.3446509095898814,0.46071067474080857,0.4345465915911624,-34.0,5,0.4424778761061947,2,ok
VLLR01000001.1,747468,747644,0,177,94.99999999505073,2.952491256527894,0.33796513111016746,0.41916914888974993,0.5289857055699341,0.565715806895801,-45.099998474121094,7,0.423728813559322,2,ok
JACDUA010000081.1,3401,3538,0,138,37.18062307150897,19.999999999998302,-0.020228205423461723,0.38165619497025666,0.0921454342207621,0.08399699909609024,-58.099998474121094,8,0.644927536231884,2,ok
CP019697.1,178154,178212,0,59,86.99727151945234,8.48534514755901,0.4374325928948484,0.40908800668886514,0.4725897452332889,0.48114204370656194,-21.0,9,0.559322033898305,2,ok
MWQY01000007.1,46865,46713,0,153,92.0536195579693,6.4052107820143425,0.4731657468544287,0.42347736043758194,0.10067875809603562,0.11615629764738644,-50.099998474121094,20,0.5620915032679739,2,ok
CP032508.2,72133,72370,0,238,65.00660616592356,8.908921697023269,0.11874995952254791,0.37286912826742374,0.007405683527243606,0.028458871152846926,-104.4000015258789,7,0.6764705882352942,2,ok
NUDY01000033.1,44891,45073,0,183,47.48570612121207,10.00572066124708,0.05535364010729449,0.38805082948302594,0.6171235405547224,0.6575249061023474,-46.20000076293945,7,0.4426229508196721,2,ok
DS499654.1,378553,378386,0,168,39.979730268954704,19.999999999998973,-0.05861777244474947,0.5284983761971841,0.3198876575692854,0.2750505681446829,-27.399999618530273,16,0.36904761904761907,2,ok
KI518150.1,180,324,0,145,23.000875542415702,2.4496444460501663,0.6579069256171274,0.47579780722693443,0.619922449762692,0.7107179110149136,-27.399999618530273,13,0.4,2,ok
CP001684.1,682427,682595,0,169,94.99996065648342,4.168206503115382,0.11127877723773402,0.3524284652519634,0.004309550385869576,0.012563584615236923,-73.0999984741211,6,0.6331360946745562,2,ok
WSFT01000042.1,8822,9031,0,210,32.01685411654725,19.99999999999997,0.5286650235535437,0.4211458514679178,0.43548907955192034,0.44339129531503163,-46.5,9,0.36666666666666664,2,ok
CP060714.1,3966985,3966877,0,109,94.99996615720082,3.810827790583668,0.28770674369992877,0.3725317082645176,0.18056080283805373,0.20509584393212518,-38.599998474121094,11,0.5871559633027523,2,ok
PIQG01000001.1,683727,683829,0,103,91.0829390589665,2.4715608384102103,0.2385926062724339,0.39697107021762196,0.4006035505474066,0.4308121888779712,-36.5,8,0.5436893203883495,2,ok
BORQ01000012.1,83475,83772,0,298,42.99838915774396,19.44346069713177,-0.004488766413625334,0.36081446084113405,0.4839972917478984,0.48066416358244035,-104.19999694824219,7,0.5436241610738255,2,ok
WTYC01000001.1,858074,857978,0,97,94.99998792302934,4.2319188873989955,0.12697666397835466,0.4060955705007276,0.20783832939128688,0.21703255162681612,-38.29999923706055,11,0.6701030927835051,2,ok
JAGTTQ010000001.1,3860215,3859986,0,230,41.569968180375035,6.429290208970039,0.10098525859237678,0.4410459147499643,0.45865620427337445,0.5128368461145578,-67.0,9,0.5652173913043478,2,ok
JQBT01000010.1,77313,77047,0,267,46.11104579711233,6.93065253330946,0.15481859230516193,0.46642889366962975,0.5517602847760241,0.6434162182399396,-44.400001525878906,11,0.36704119850187267,2,ok
CP003600.1,4093596,4093445,0,152,54.939368436372526,5.80572938983892,0.5121900827082067,0.3744457296398648,0.28781778244649703,0.4978331856123132,-48.20000076293945,7,0.48026315789473684,2,ok
UGSO01000001.1,2792955,2792864,0,92,66.45003918193453,4.49375227073322,0.71492929403658,0.35325085271525736,0.18115033244041134,0.34870289303047236,-33.20000076293945,8,0.5652173913043478,2,ok
MWZD01000012.1,213466,213320,0,147,85.34231594099752,7.5852613895475605,0.3850483730377101,0.3637552985459834,0.10448374263489649,0.11753331459341317,-64.5999984741211,8,0.6802721088435374,2,ok
AQQY01000002.1,4134,4211,0,78,39.542911096500355,9.471211710565367,0.13280960331345315,0.49092507124628765,0.8470808409432495,0.9275949338410232,-31.299999237060547,21,0.6410256410256411,2,ok
FWFS01000001.1,365594,365371,0,224,41.00254848219048,6.725705614168805,0.07416349568870118,0.39411910458728894,0.5804739183949869,0.6208308755608842,-87.30000305175781,8,0.6339285714285714,2,ok
MIEQ01000018.1,53950,54152,0,203,89.2761948855934,2.7841149058983943,0.6299911794029813,0.39336435312634466,0.19573765977068922,0.2759050684997129,-62.5,10,0.5024630541871922,2,ok
JACHIN010000013.1,130371,130484,0,114,42.98677739924438,10.171725706672742,0.047013146017822915,0.39157648905022213,0.6029615136544149,0.6376619259525966,-35.70000076293945,8,0.631578947368421,2,ok
CP001720.1,1767918,1768016,0,99,78.79942761390184,5.826043288910668,0.5617870798807283,0.39656185417664636,0.4493414425724045,0.5045845071564454,-27.899999618530273,8,0.5151515151515151,2,ok
SMCR01000003.1,279269,279340,0,72,93.3640016104782,3.968907093456131,0.5613763493343712,0.5560967606265211,0.41665742075249207,0.4642843938917829,-13.800000190734863,11,0.5138888888888888,2,ok
BMOS01000039.1,1091,1272,0,182,63.86660002230192,10.620075077932768,0.5185038658862312,0.44406876020299596,0.7550308639822183,0.8416996164733186,-49.5,9,0.45054945054945056,2,ok
CP046884.1,1233431,1233328,0,104,40.77677404309058,16.97684231943475,0.0753691546500384,0.41936373288151957,0.38362945724794983,0.4440485028202469,-32.599998474121094,7,0.5769230769230769,2,ok
LYVF01000175.1,40597,40693,0,97,72.87843936489874,4.5459245705822395,0.6391454720614145,0.3391949235546711,0.34697090912809314,0.45819263106224917,-27.799999237060547,9,0.4742268041237113,2,ok
FTOM01000007.1,176090,176288,0,199,39.24344828096986,11.396321635167498,0.03643981090991821,0.3926388906320773,0.6817581094143248,0.7048901128867812,-88.5,8,0.7135678391959799,2,ok
CU207211.1,1844328,1844211,0,118,90.80335033532535,4.3727384934765245,0.5560479054102695,0.47352262994686956,0.5454425631909142,0.5909274678885785,-23.299999237060547,14,0.4830508474576271,2,ok
RYYU01000001.1,1532669,1532854,0,186,41.19190090545967,16.50704223775585,0.03924500056989755,0.47456475762822536,0.8708623848836838,0.903143699534341,-49.400001525878906,12,0.489247311827957,2,ok
FOXW01000005.1,184816,185075,0,260,40.41395620202332,19.99999999999969,-0.049577862201745426,0.42697382070305473,0.6992139053636769,0.6606187594815158,-63.0,12,0.4076923076923077,2,ok
CP017256.2,98393,98579,0,187,87.2582452225095,1.1705552655381686,0.7917518681425553,0.4823664078278048,0.667661597959789,0.7474051965800877,-41.599998474121094,13,0.3850267379679144,2,ok
JAAIWM010000002.1,671534,671355,0,180,94.99999999003656,2.802085550406561,0.16107084905244534,0.5181376614746226,0.3529624211233077,0.37150481069780783,-35.5,17,0.4111111111111111,2,ok
JWHR01000007.1,9140,8921,0,220,59.970182909762876,7.482055630559145,0.3740611069227944,0.5264953726473997,0.5401621237950878,0.6588827778690474,-36.599998474121094,26,0.36363636363636365,2,ok
JROS01000084.1,57104,57199,0,96,57.01153088720942,19.999999999999975,0.046350324881374805,0.4643826421602936,0.4242210785145793,0.4352931694573427,-24.399999618530273,5,0.53125,2,ok
QIBX01000001.1,93276,93117,0,160,58.83991384704762,4.728945276839585,0.31826120426271964,0.40026648446164714,0.3202605101017769,0.42231284757127713,-60.400001525878906,12,0.675,2,ok
CM009896.1,1781591,1781682,0,92,79.70883684929885,7.725606898529026,0.47269660673576386,0.4560054443243054,0.18996301288707085,0.21429707457366334,-25.399999618530273,8,0.5108695652173914,2,ok
CP036425.1,403759,404030,0,272,69.7719507182147,2.052064184809598,0.8080776563328317,0.3296227645322315,0.35564510308413716,0.4913421578995075,-91.80000305175781,9,0.45588235294117646,2,ok
AP012050.1,2258189,2258301,0,113,34.86788309355311,7.762983902409676,0.03024017193340367,0.42427914515960713,0.5027916079360056,0.5136017975354716,-31.399999618530273,10,0.45132743362831856,2,ok
LT906446.1,2191431,2191668,0,238,47.54856754846352,7.418059775862139,0.8507226474207159,0.4538310970134855,0.1601969533498312,0.6805871733202938,-51.0,16,0.3739495798319328,2,ok
CP087164.1,5176369,5176531,0,163,17.820313252556936,2.999616044384638,0.533316982505948,0.377913255689702,0.6593716381433393,0.6955043663532685,-81.80000305175781,10,0.6932515337423313,2,ok
BKZQ01000006.1,29182,29332,0,151,83.03553566584776,2.1551407289940023,0.13886634920507285,0.4210864582996036,0.017717947683196678,0.037762738024277126,-52.5,10,0.5827814569536424,2,ok
LYXE01000170.1,24975,24809,0,167,94.0032364780794,1.4148180672464723,0.645697140921741,0.414733579077654,0.3417279321675307,0.4116025521491391,-55.099998474121094,8,0.5808383233532934,2,ok
BAXA01000015.1,3047,3250,0,204,41.260857874672084,6.699488756993883,0.3705937417211692,0.39557505086623634,0.3674266247600422,0.5701310377216927,-50.70000076293945,11,0.45588235294117646,2,ok
CP000804.1,5069889,5070020,0,132,89.74077820338988,8.003627291286698,0.4303789374906152,0.32961277275775824,0.4008093098962638,0.408903650974597,-63.20000076293945,7,0.6893939393939394,2,ok
CP000821.1,3268743,3268680,0,64,70.38674794173303,5.630743860173151,0.5520026945214331,0.43728158356168195,0.6885498279229105,0.7843518962762815,-24.100000381469727,8,0.578125,2,ok
JWHR01000112.1,38301,38185,0,117,51.130827872939115,4.529696274269058,0.29366214841003624,0.529861896938032,0.7734273640614203,0.8891385187057578,-19.200000762939453,25,0.3076923076923077,2,ok
CP042266.1,296098,295946,0,153,46.78093406849712,5.558980915435009,0.1536091576173121,0.35815825059022094,0.30567407208680664,0.3820711634255074,-69.5999984741211,7,0.7124183006535948,2,ok
CP002216.1,2041037,2040963,0,75,44.38599409804659,7.296179449057726,0.10183490918377558,0.5251951323621498,0.6340044261431309,0.6968175007413314,-18.299999237060547,14,0.49333333333333335,2,ok
PUFI01000005.1,53228,53483,0,256,85.59064713503952,6.628020209208581,0.5266915285793192,0.41744312034045916,0.21002646688395604,0.23520999382578517,-62.20000076293945,12,0.359375,2,ok
CP049860.1,867841,868056,0,216,40.89888156879107,5.76014196869837,0.2524912279143441,0.3979451008701544,0.31929360926358213,0.4423532548930278,-57.099998474121094,15,0.4305555555555556,2,ok
LXYH01000023.1,19806,20014,0,209,25.1554889468402,4.014187422646564,0.6072136727816001,0.45690187477029914,0.3884232829324916,0.47366597284000705,-75.5,11,0.5885167464114832,2,ok
GL349423.1,24078,24278,0,201,44.046110127417855,5.8777532593328194,0.23975861878543295,0.4510545148518521,0.23920193947295915,0.364313869489269,-43.79999923706055,14,0.36318407960199006,2,ok
JADBEM010000001.1,4776910,4777175,0,266,41.58595934454934,10.793374040516534,0.01695313082477211,0.34303751413449834,0.10533754214862978,0.11779864877166964,-134.8000030517578,9,0.6879699248120301,2,ok
JH992959.1,28353,28263,0,91,93.34072679544333,4.286722078623709,0.5522982167063086,0.556759251526802,0.3229366119092193,0.36540097784803033,-15.899999618530273,9,0.4065934065934066,2,ok
DF820472.1,161032,160966,0,67,72.58111254985046,4.851590359082961,0.2762220591000417,0.45096926577965957,0.03099008368983199,0.07786947294238439,-19.299999237060547,11,0.417910447761194,2,ok
BMEV01000012.1,20694,20448,0,247,52.95339613296863,6.998597379149659,0.16400306480474142,0.4408628847150391,0.43809372411897124,0.5185671795988328,-60.900001525878906,12,0.4574898785425101,2,ok
AKFP01000059.1,15825,16059,0,235,42.03991077203258,15.890721197909544,-0.07428937986003886,0.3830582452365524,0.413178001765728,0.3480805490859182,-68.4000015258789,10,0.4553191489361702,2,ok
JPMD01000003.1,99269,99093,0,177,58.5344412003607,4.1002789162885005,0.15236732720553603,0.5437486208349114,0.8499358568131127,0.8962734466902262,-30.799999237060547,18,0.384180790960452,2,ok
JACVXA010000007.1,79655,79437,0,219,39.940744855772486,13.336251238888888,0.1507375543698971,0.36734367909320287,0.5866972850825312,0.695969751437356,-108.4000015258789,8,0.7488584474885844,2,ok
JACSUD010000009.1,92693,92595,0,99,41.67966906065929,5.609699209555281,0.2624299094398499,0.5721284218791001,0.6550661394832906,0.7827030516542589,-17.899999618530273,13,0.40404040404040403,2,ok
CAUI01000023.1,309804,309717,0,88,46.96597156000583,19.999986248925033,-0.003059532557613487,0.4192194854750083,0.756902146163448,0.7539185528265022,-16.5,11,0.42045454545454547,2,ok
PVNK01000107.1,3119,2889,0,231,60.61860446371489,6.091368993477518,0.32545247899856183,0.318313221022345,0.41903645838424736,0.5195885656338743,-106.5,7,0.6883116883116883,2,ok
CP011058.1,4853459,4853643,0,185,60.82460960409887,7.311347043723377,0.028369169316595944,0.3916652276309693,0.5012785310743848,0.5097400085602762,-66.5,8,0.5405405405405406,2,ok
NFJK01000005.1,65404,65647,0,244,48.805046917079935,12.834971681860383,0.05768011792008554,0.42356809875797446,0.3832551933769429,0.42900746440638066,-91.4000015258789,8,0.6188524590163934,2,ok
CP146991.1,344592,344796,0,205,94.99996129225805,6.049113655619487,0.4075549005926639,0.3919119036184152,0.0022451477149869337,0.01536597767949821,-76.0,13,0.5365853658536586,2,ok
AYXY01000022.1,24468,24536,0,69,40.45649566846876,8.312256550434244,0.5316457178751692,0.4808781081318319,0.6198572994284575,0.9416063893717762,-14.199999809265137,28,0.3188405797101449,2,ok
CP061281.1,1100953,1100771,0,183,94.99996993325449,5.899120363439123,0.2464805248413687,0.33938854458051887,0.0014456616973577696,0.009977562841156112,-78.0999984741211,5,0.6666666666666666,2,ok
AP012224.1,1338378,1338217,0,162,49.574999809478,19.999999999773934,-0.04010532544281298,0.3606896471249087,0.5725172274545259,0.5317092418538925,-60.70000076293945,7,0.5617283950617284,2,ok
VDGG01000075.1,10969,11117,0,149,51.67801929222868,19.999999999999996,-0.01391513341902495,0.3544257060631365,0.8513667895641748,0.8398096861359525,-49.0,9,0.4228187919463087,2,ok
LWDV01000007.1,24702,24453,0,250,43.338544890621534,6.926130840651054,0.29668115085780267,0.4525946305085475,0.32050423309859993,0.4948882041519189,-46.599998474121094,13,0.364,2,ok
CP014226.1,3940266,3940379,0,114,94.99999999861384,2.1214750722396576,0.4568324091540681,0.4274457800879489,0.24778121257168165,0.3043886294853725,-43.900001525878906,10,0.6578947368421053,2,ok
CP011477.1,3093626,3093770,0,145,37.65056146200659,19.999999999999996,0.005738961254386388,0.44557915879905835,0.4041050782244275,0.40710500030371277,-55.099998474121094,11,0.6620689655172414,2,ok
JADEXA010000091.1,12425,12569,0,145,42.30162129721393,14.401977622510243,-0.022539093740969518,0.392358433393783,0.29065159190678447,0.2708140246764652,-54.099998474121094,7,0.5793103448275863,2,ok
AYZL01000020.1,44907,45082,0,176,81.13476978787801,6.158660688556398,0.5458401254360552,0.3808854982905929,0.4221218785713006,0.4639309068438681,-54.5,6,0.42613636363636365,2,ok
HF990861.1,68618,68423,0,196,64.70309060628246,5.119476082010363,0.7182647951705323,0.4873335038006308,0.1335147542256621,0.31343354584504296,-28.899999618530273,11,0.3112244897959184,2,ok
MPKA01000082.1,3330,3400,0,71,72.34646053819729,4.869909104819691,0.6317969491088957,0.4968752988876406,0.5276449362219761,0.6364716008771049,-15.100000381469727,9,0.4788732394366197,2,ok
BX842601.2,1073951,1073868,0,84,85.24051181338012,6.4872715911959355,0.5286263263258185,0.42917486921444226,0.42035370242202286,0.4473076326937523,-24.0,18,0.5952380952380952,2,ok
KE159568.1,704445,704210,0,236,80.57330395295372,8.733476461019132,0.47659594411551687,0.44458574636045867,0.3964580114749117,0.41250633348899124,-59.20000076293945,15,0.4830508474576271,2,ok
CP014989.1,573474,573713,0,240,64.6169189808173,7.855641846612495,0.6415255837723827,0.3891991286504103,0.023958440427965383,0.15808961049204526,-111.4000015258789,9,0.6875,2,ok
WKKI01000004.1,29270,29091,0,180,91.54488253318746,2.3067264222810286,0.17260663185952674,0.41298039345435505,0.5457859000160766,0.5676473082959266,-43.0,9,0.5111111111111111,2,ok
AFGF01000211.1,1337,1124,0,214,58.59543162281931,12.029217536170624,0.1033102282146896,0.5351173153428535,0.44461153330586456,0.4770006265155512,-44.70000076293945,12,0.514018691588785,2,ok
CP058559.1,1455296,1455174,0,123,94.99999999999973,4.327375492482523,0.4864373764101678,0.4433599767652624,0.5176046628811634,0.5516732014067264,-31.100000381469727,8,0.4146341463414634,2,ok
FQXZ01000011.1,3944,3830,0,115,47.706715791476796,4.8382895510277635,0.5133912607312312,0.4618682374838624,0.4064472781541526,0.6318818477959568,-29.299999237060547,6,0.5043478260869565,2,ok
CADCSU010000036.1,43316,43108,0,209,39.19492383675162,13.57675792568536,-0.2500560042843332,0.4602739981079634,0.2024922989875649,0.03071842726557475,-44.79999923706055,25,0.37799043062200954,2,ok
RZNY01000005.1,143765,144003,0,239,73.77632326101742,2.6492730764412182,0.1940412849000409,0.45448672437910215,0.45050052890044995,0.4848242931265476,-65.9000015258789,16,0.46443514644351463,2,ok
PUEJ01000003.1,72470,72650,0,181,53.63106482681911,19.999999999999996,-0.010963445713891629,0.3647442559241226,0.8965112581929642,0.8932699788297898,-71.80000305175781,7,0.6464088397790055,2,ok
JACHNH010000001.1,8229035,8229114,0,80,5.000011189359929,0.8827813229665483,0.3653431545462361,0.4645810829223652,0.43348589789113456,0.44756477638979214,-31.299999237060547,12,0.6875,2,ok
QWGA01000003.1,833337,833209,0,129,41.49297759196805,14.105451531050816,-0.08910282924532004,0.4778584485176616,0.41152784647924945,0.33679971494437166,-42.70000076293945,7,0.6356589147286822,2,ok
PUFO01000066.1,9612,9380,0,233,74.7486926331511,5.024731258631951,0.6073088455985555,0.47917604821481846,0.1169505051310758,0.20734056207882431,-40.599998474121094,18,0.4291845493562232,2,ok
LMOV01000024.1,108873,109024,0,152,94.99999934338528,4.133019648647524,0.06547886128147834,0.3347634079552626,0.0024798358183829397,0.007395893354225007,-74.5,7,0.7039473684210527,2,ok
SLWV01000007.1,28045,27871,0,175,48.70760021097331,17.92058262213542,-0.03376025406087546,0.5486531829728047,0.9814544779709639,0.9462393579428199,-31.299999237060547,39,0.4057142857142857,2,ok
CP003257.1,1784337,1784479,0,143,54.85714978335864,12.534010714552236,0.18164445581026561,0.39137768796355366,0.19023640834686276,0.2805699059599296,-40.70000076293945,11,0.4195804195804196,2,ok
CP001034.1,1151604,1151513,0,92,58.406654832297875,19.45967530897119,0.03239976162871128,0.39894121446181585,0.5510036235666569,0.5587501028358204,-27.200000762939453,8,0.34782608695652173,2,ok
AAXG02000011.1,48096,48192,0,97,94.999995502574,1.3349840750744673,0.615042602967006,0.43608304048824675,0.4576031353264269,0.522592470913792,-27.299999237060547,8,0.5051546391752577,2,ok
HG322950.1,3918424,3918699,0,276,48.57072149624203,12.120381438778818,0.021427093439818135,0.35572468642274824,0.402260043587548,0.41896141218926297,-105.19999694824219,9,0.5833333333333334,2,ok
AP023368.1,4983870,4983594,0,277,85.31329720647415,7.33081217637106,0.48745352523081265,0.44123493562362587,0.24987049822058402,0.2676049554711428,-62.900001525878906,15,0.4296028880866426,2,ok
JXRP01000002.1,7468,7687,0,220,41.36575541140877,13.67744643896022,-0.18538599315304954,0.42969267136897654,0.4989888903142668,0.3459912610968525,-57.900001525878906,11,0.4636363636363636,2,ok
FPIU01000002.1,559072,558901,0,172,41.631789905119774,2.031671439262227,0.5337890977782143,0.4428945886036742,0.4192303814848536,0.5246450498885006,-56.0,17,0.563953488372093,2,ok
FR889527.1,90,315,0,226,40.246678013211515,14.05617750568465,0.18367182084543743,0.4317054213324103,0.3389298257598048,0.4758199571546755,-51.599998474121094,9,0.37610619469026546,2,ok
WODC01000001.1,763696,763825,0,130,90.23894464169011,1.6533063832413775,0.2542290883899207,0.3845638308076465,0.32786092373692255,0.3585702403785477,-60.20000076293945,16,0.676923076923077,2,ok
AWQQ01000069.1,23447,23569,0,123,36.35958823567346,19.999999999982407,0.06451463688809111,0.4545875059156486,0.7537416308731656,0.7706388613352217,-37.099998474121094,15,0.4634146341463415,2,ok
JABBVZ010000062.1,9305,9456,0,152,94.22560943257486,4.054623373571928,0.5570316167384173,0.37192626196621736,0.47264662144832065,0.5181580311214576,-66.4000015258789,11,0.6052631578947368,2,ok
LDUR01000003.1,55020,54902,0,119,77.43646267547625,1.8214472932528354,0.1164929450142318,0.3929585210861411,0.6519843672444366,0.6685771961257735,-41.79999923706055,9,0.4957983193277311,2,ok
WHSW01000049.1,8305,8474,0,170,45.479496619178846,15.705964995138917,-0.08940854141156318,0.39457051799569337,0.9702255175068298,0.8822381491247233,-80.9000015258789,7,0.6764705882352942,2,ok
FR899104.1,219245,219447,0,203,94.99976635377813,5.25195715113769,0.24812677792962268,0.39819092207752016,0.7512129925986859,0.7629640138479258,-68.5999984741211,12,0.5073891625615764,2,ok
BBIW01000006.1,120090,119933,0,158,42.20090841977547,14.610340909866483,-0.057209163782183436,0.4919141510339414,0.7264481573447485,0.6764703458006085,-31.700000762939453,10,0.44936708860759494,2,ok
JABBPN010000030.1,38207,38437,0,231,41.8749268923284,14.228804778867033,-0.07649756956076093,0.38220809766201697,0.5391116302857224,0.47344617038968967,-78.30000305175781,12,0.48484848484848486,2,ok
CP001734.1,858227,858328,0,102,94.64691767928566,4.60290767278063,0.4991954383782419,0.3879777252578376,0.4328004968793328,0.46438496447217725,-44.599998474121094,7,0.696078431372549,2,ok
CM001441.1,4411221,4411047,0,175,39.566533402181435,19.999999999999993,0.039068353341461415,0.49704274484625055,0.9159233043563066,0.9451267218411431,-34.0,22,0.4,2,ok
MLYQ01000022.1,33244,33011,0,234,67.82511346925294,3.263157330970058,0.753437458203829,0.42592461366755185,0.4094739687210308,0.5717085605788108,-55.0,9,0.4658119658119658,2,ok
CP017259.1,745958,746025,0,68,37.17766266383875,6.2562033983733665,0.42887551820466085,0.5744552001209644,0.7483331150277315,0.931832566798156,-8.300000190734863,30,0.27941176470588236,2,ok
LNTU01000023.1,118839,119085,0,247,57.948858948664,5.605376317370133,0.5771505756501123,0.40226385690614463,0.2984342191088891,0.5018607193433655,-97.69999694824219,14,0.582995951417004,2,ok
CP035280.1,2258728,2258627,0,102,85.07469732305087,2.6047121605906107,0.6608426418345363,0.548981776395579,0.5200437122229769,0.6132677156847419,-9.399999618530273,16,0.29411764705882354,2,ok
NFLM01000003.1,118271,118435,0,165,55.136606609216884,7.395347059134298,0.23515983194685242,0.4706249145537958,0.4364051339244922,0.5411711116599022,-46.400001525878906,8,0.5636363636363636,2,ok
QFYR01000001.1,1683089,1683021,0,69,84.70007962093962,5.436332300017431,0.5090856006467354,0.40783394533629247,0.4017990132565952,0.44069645006259195,-22.299999237060547,7,0.6811594202898551,2,ok
FMJL01000005.1,101800,101901,0,102,56.331680653379614,5.396803809655137,0.26927734821718274,0.4495041602387197,0.7023538278500071,0.8030561546302961,-17.100000381469727,7,0.27450980392156865,2,ok
JACHHZ010000003.1,872836,872599,0,238,38.93341055269959,3.6987590385293836,0.061047254931518524,0.42315384001801404,0.9554557509137872,0.9755387299155872,-90.30000305175781,10,0.6260504201680672,2,ok
AUPA01000117.1,2058,1886,0,173,94.9999977342458,5.546678240860997,0.04053425748879288,0.5413735645290236,0.0003565463902055477,0.002018555337180511,-25.200000762939453,16,0.36416184971098264,2,ok
BKZQ01000042.1,21852,21971,0,120,94.99999672519407,4.242421065560596,0.01991428648219803,0.3564001916390846,0.0009299056963443519,0.0023708066473983325,-36.79999923706055,7,0.43333333333333335,2,ok
CM001167.1,1117802,1117660,0,143,58.48143299351867,7.5052875396871945,0.8176584047289811,0.46323296293994853,0.10630941307701018,0.399873879575977,-20.899999618530273,15,0.32167832167832167,2,ok
PVNS01000009.1,129749,129644,0,106,41.81618635779349,16.96329639257299,-0.01753535599398004,0.5427903615318549,0.5507324048920762,0.5362902318672683,-22.899999618530273,12,0.5,2,ok
SRLE01000012.1,228446,228541,0,96,52.939984572489564,5.833708288951976,0.23608547004859215,0.3800063778162193,0.5510643681884141,0.6561678801990515,-39.29999923706055,6,0.6354166666666666,2,ok
QNQT01000009.1,172810,173030,0,221,66.75906912378979,7.88156702265639,0.36544712961681003,0.4309511516672384,0.20389350326440128,0.2656661716862354,-65.9000015258789,12,0.4751131221719457,2,ok
CP033459.1,1510287,1510099,0,189,72.9048959535322,3.853639195689107,0.6698288371735072,0.4761128064229141,0.16901443782832196,0.29362042427266116,-48.20000076293945,10,0.47619047619047616,2,ok
KZ845670.1,109696,109796,0,101,61.16765802806862,6.258440250112746,0.7592583561193451,0.49545977343975867,0.34205540077400337,0.5721309738521689,-15.899999618530273,10,0.39603960396039606,2,ok
AP009389.1,514624,514875,0,252,42.8678606078469,19.97287006252304,-0.0076533154728339325,0.4303477616222733,0.2636994542194061,0.25714642781943664,-95.0999984741211,9,0.5992063492063492,2,ok
CP002116.1,186324,186523,0,200,53.15796965113368,4.173318215525811,0.3394943942128533,0.44944556153913334,0.6600350913064771,0.7805645312651943,-59.20000076293945,11,0.55,2,ok
JAESWA010000019.1,95781,95963,0,183,66.23940490376361,4.428332053200802,0.725789722941286,0.41906797743192453,0.26387216579344297,0.4420932786831804,-40.0,11,0.3825136612021858,2,ok
PNYA01000029.1,28367,28230,0,138,94.99997891843033,4.957200470723993,0.31353967828629103,0.42496008960390796,0.25882672513357685,0.275548664367522,-46.400001525878906,11,0.6376811594202898,2,ok
JAALGD010000015.1,4161,4041,0,121,64.83406278741109,8.404777014009312,0.11726530701675646,0.30927814667336,0.040505363746071166,0.06295853507972934,-48.70000076293945,7,0.5867768595041323,2,ok
AP018449.1,3702589,3702851,0,263,30.627942506474817,19.999999999999996,0.5116315362598441,0.428739961301646,0.7683110851802067,0.7736112375757077,-81.69999694824219,20,0.5247148288973384,2,ok
QXJM01000032.1,9098,9247,0,150,94.99996212288927,6.217092853268173,0.20831974519103255,0.36785851454053464,0.0010665821320231528,0.007262204533768602,-58.0,8,0.5333333333333333,2,ok
SEGX01000885.1,2393,2217,0,177,67.05230256309186,19.999999999999993,0.5099788350977909,0.37892244099091305,0.7043549996031667,0.7070773109582978,-79.80000305175781,7,0.6610169491525424,2,ok
JAGGOI010000017.1,111545,111337,0,209,67.73464036706694,5.741786530777141,0.003497285075747314,0.3616442310813832,0.500203952031417,0.5009108497988046,-92.9000015258789,12,0.6889952153110048,2,ok
SOQX01000007.1,100337,100253,0,85,94.99999995891652,2.809507025116459,0.08719990268177003,0.4796040430002553,0.2504266114501104,0.26029803712417066,-20.700000762939453,8,0.5647058823529412,2,ok
JAGXSD010000054.1,25810,25878,0,69,70.21364895986763,5.326113700739202,0.6363350178221665,0.608631108049847,0.30989841725291783,0.4261163280689705,-7.099999904632568,24,0.4057971014492754,2,ok
BA000040.2,8254,8084,0,171,65.09262081403254,5.262148789569585,0.70688734458462,0.3975322853599798,0.35911503327095473,0.53219181033875,-54.0,17,0.5789473684210527,2,ok
WIVE01000017.1,21726,21839,0,114,10.412769466684297,0.445768718935971,0.13118893765339196,0.3742909461246593,0.5412245284249944,0.546731037621714,-57.400001525878906,7,0.7192982456140351,2,ok
FQXM01000016.1,93239,93432,0,194,50.08154514546516,19.999999999998575,0.031408878114938754,0.5169367313341133,0.5460067858220305,0.5712815646223821,-40.400001525878906,21,0.3865979381443299,2,ok
KB372778.1,615992,616087,0,96,48.978586175559315,18.927409883529002,-0.00987414160772726,0.5124172059474882,0.9919277014274142,0.9816233676027839,-23.700000762939453,12,0.5,2,ok
CGIH01000051.1,28410,28135,0,276,94.99999983867691,3.699811136646594,0.3160106502547918,0.4285775521875265,0.048222203591345825,0.07606952955952684,-78.5999984741211,12,0.4927536231884058,2,ok
KN174165.1,12235,12118,0,118,83.19736215125182,7.301786572371474,0.523407622961475,0.5021043384890415,0.49397733607849376,0.5175483769932772,-31.100000381469727,15,0.5847457627118644,2,ok
MNCH01000033.1,3216,3106,0,111,94.99879130135974,3.416241284642391,0.2013634673430876,0.4020996654919973,0.24463824383235427,0.2647546070195708,-32.099998474121094,10,0.4954954954954955,2,ok
MJAT01000012.1,165348,165114,0,235,71.62268384372322,5.950823544482663,0.6041020108864051,0.38109647393265167,0.2893686070092061,0.3821690114826124,-46.79999923706055,13,0.4085106382978723,2,ok
CR954253.1,251565,251468,0,98,39.56707071996339,9.294592715345207,0.11878790246178805,0.4632530075083239,0.8351063848729897,0.9065806562246219,-26.799999237060547,16,0.46938775510204084,2,ok
CP035758.1,5590614,5590489,0,126,49.878221015902355,9.763134656395142,0.15288335636172423,0.4467340100827142,0.6134444759664037,0.7158489472455093,-37.400001525878906,16,0.5793650793650794,2,ok
JANFAV010000010.1,66052,65976,0,77,52.80451756220644,8.502388479044082,0.024248975608234635,0.42536738391547063,0.4729567914972252,0.48603228198441034,-23.399999618530273,6,0.5974025974025974,2,ok
VOBQ01000018.1,130040,129986,0,55,75.07064248124603,2.097625585164624,0.03911759318944624,0.387334897348449,0.41403216399918835,0.42026018594286824,-26.200000762939453,9,0.6727272727272727,2,ok
AEVK01000204.1,3597,3510,0,88,48.51757342851692,17.685726757993358,-0.011634941467728532,0.5202905741819293,0.4937946914605386,0.481718009954511,-26.899999618530273,8,0.4659090909090909,2,ok
KN196470.1,1239508,1239433,0,76,89.09642173968197,4.499450726456467,0.5572575740728994,0.4715053938133787,0.1996119589169687,0.24649031735068067,-24.600000381469727,7,0.6842105263157895,2,ok
JQCR01000002.1,2630064,2629967,0,98,72.0092929534588,4.555274470249466,0.5635335254198782,0.4094529991860864,0.04107343073809522,0.1428937045481753,-27.600000381469727,12,0.5306122448979592,2,ok
BSDY01000014.1,54057,54232,0,176,71.69998046892164,7.232788785924034,0.4017311876963003,0.44324813617670705,0.39789844964437104,0.44602106780277123,-38.099998474121094,11,0.42045454545454547,2,ok
CP000142.2,2399815,2399734,0,82,54.36222174528449,16.276046481964713,0.05881977021528648,0.4055509428333658,0.15800202318753492,0.18909043989558275,-25.600000381469727,4,0.573170731707317,2,ok
SDGV01000011.1,63174,63283,0,110,56.280685312419536,5.347962970230112,0.31639574285948247,0.40386555523632933,0.39511235156372776,0.5131917409424156,-25.5,6,0.41818181818181815,2,ok
JAGGOJ010000047.1,7014,7180,0,167,47.68279586347742,7.247224337373284,0.3021038705457439,0.36693025785909145,0.2793292247097876,0.4611901989351456,-72.5999984741211,7,0.6646706586826348,2,ok
UAWT01000003.1,58837,59044,0,208,46.83927417681443,16.320273200687648,-0.06880340601851209,0.45194311534577175,0.7836596511110561,0.7147947243456888,-51.20000076293945,17,0.40865384615384615,2,ok
JATM01000006.1,44369,44254,0,116,54.16637373846399,15.2653971437838,0.07175814655881041,0.4514731909100226,0.41030346017763775,0.4495408983176946,-33.5,8,0.5172413793103449,2,ok
AP009152.1,186081,185953,0,129,47.03005560341536,6.3755463893005535,0.3254174700732655,0.31011077612086674,0.33827743122601583,0.5178777154658586,-60.099998474121094,7,0.6821705426356589,2,ok
BDHH01000002.1,259672,259464,0,209,40.07645285546328,7.870842282130823,0.27563453477405775,0.579215093398004,0.7543544662723669,0.9128886041153116,-24.200000762939453,31,0.4019138755980861,2,ok
JAELUP010000020.1,74014,74115,0,102,56.001273252269506,0.891660650346235,0.9922243690050877,0.49340803931798793,0.6578305161440283,0.7447204435548724,-19.899999618530273,16,0.4117647058823529,2,ok
CP074575.1,760729,760830,0,102,62.6997594305148,8.019249157804698,0.6748061952675546,0.44007118928495653,0.4186843589541482,0.5840913884635041,-17.0,6,0.35294117647058826,2,ok
MAMP01000022.1,113156,113293,0,138,54.061864681374274,18.013196070072738,0.016616816299235726,0.3743838360336616,0.6156891136324425,0.6250584017709861,-47.900001525878906,8,0.463768115942029,2,ok
KV805723.1,2344,2450,0,107,39.89568292124747,6.279945056706299,0.10123754100464033,0.5016932201585128,0.8435415475475349,0.8939808026211867,-18.0,16,0.40186915887850466,2,ok
CP001630.1,3555928,3556142,0,215,67.27433094994164,19.99999999996633,0.5096748312949078,0.382193696187693,0.5843349166518095,0.5882576066794962,-101.4000015258789,9,0.7209302325581395,2,ok
LQOW01000031.1,179442,179551,0,110,41.827331349638825,19.99999999999998,-0.0049050795304095285,0.4460431873037224,0.6949881481773917,0.6912261628251806,-41.70000076293945,12,0.6636363636363637,2,ok
AVBF01000100.1,2672,2502,0,171,50.95065030445598,19.999999999999996,-0.012018957430092736,0.44716797786455903,0.9572297429825977,0.9471740203014015,-45.29999923706055,13,0.4327485380116959,2,ok
CP059258.1,3730463,3730570,0,108,49.177350178923426,18.90565644308924,-0.006542872118603493,0.35880360918931586,0.9966310028274489,0.9897629275623179,-43.5,13,0.6296296296296297,2,ok
JAJGNA010000002.1,25554,25715,0,162,83.31000212841894,3.5994616676633315,0.6124073688988623,0.35054992757931425,0.10944695921463712,0.19076487509186763,-74.5,9,0.6790123456790124,2,ok
RXHU01000009.1,74560,74367,0,194,69.57407386098127,7.469512165290273,0.5872090808157926,0.42968111188875496,0.5256027422332401,0.6084429972620025,-55.400001525878906,10,0.5567010309278351,2,ok
AHKH01000001.1,29420,29681,0,262,46.76500919918112,6.07226815434564,0.10978384403957875,0.3912338548759072,0.32401754254535586,0.3824876394176711,-81.30000305175781,11,0.5114503816793893,2,ok
CP058557.1,2304510,2304723,0,214,53.74209528430267,7.551548166229679,0.35840920634755724,0.4576537054573163,0.24208691999032217,0.41679930715179164,-51.79999923706055,14,0.40654205607476634,2,ok
JACXAH010000003.1,91552,91671,0,120,58.59716877973107,5.186282571912306,0.8600597004666088,0.35944775435845006,0.11629954699354864,0.40397596211942066,-35.79999923706055,10,0.36666666666666664,2,ok
FR890341.1,4914,4800,0,115,78.8087425470135,2.9236937097158635,0.6765195999970556,0.48327035796018186,0.28373061967042534,0.3944774358277144,-25.100000381469727,8,0.4608695652173913,2,ok
PVXP01000032.1,210,318,0,109,72.55068529286677,10.224908837939397,0.5266178324746384,0.440038731499076,0.39869827863644913,0.42768247264720244,-30.799999237060547,9,0.44036697247706424,2,ok
CP000148.1,1425179,1425434,0,256,54.495667557669066,19.99999529292356,0.07216295771085612,0.3930389164642479,0.1517792068484276,0.1923539849835987,-84.5999984741211,8,0.54296875,2,ok
QNRX01000030.1,10730,10625,0,106,45.40922815079518,12.889575752973323,-0.0020643209225350567,0.44044473383472826,0.5354999182556419,0.5335185482367865,-29.700000762939453,13,0.32075471698113206,2,ok
CP016268.1,2517259,2517375,0,117,70.49112207851951,3.1297254361919564,0.7304395239873418,0.4523606854179292,0.459532358865803,0.6045045711633159,-31.399999618530273,9,0.5384615384615384,2,ok
SULI01000005.1,117626,117423,0,204,56.306007646786654,5.951203386129068,0.3960479528203686,0.4040391389776343,0.2907998698864325,0.44490306247396705,-63.20000076293945,12,0.5784313725490197,2,ok
VDUW01000007.1,104596,104484,0,113,58.44100602070759,4.264526055912809,0.21443104381576772,0.5222767752324771,0.5983905611355909,0.6650539515772979,-25.799999237060547,8,0.504424778761062,2,ok
JH378833.1,201310,201195,0,116,47.52058605556351,17.681759682530412,-0.19098615244369438,0.5219112922101341,0.4774254900397209,0.2827390022603462,-28.100000381469727,11,0.49137931034482757,2,ok
AKGD01000002.1,799653,799588,0,66,92.35390568775387,3.0333792792978143,0.13661718510431706,0.22490766489130587,0.019374137508502465,0.03492860009774096,-45.70000076293945,5,0.7121212121212122,2,ok
HF997044.1,7962,7869,0,94,38.98923386409318,8.604821058615448,0.10423711000904545,0.439562374256775,0.8663840909699889,0.9246073856875684,-25.299999237060547,16,0.48936170212765956,2,ok
FQUS01000004.1,38326,38426,0,101,62.790645986771224,5.342505606359755,0.7465891931989914,0.4586704106876858,0.32066761224346696,0.5256730851077898,-31.5,9,0.5643564356435643,2,ok
CP018171.1,4885233,4885180,0,54,94.99992856145472,6.351398085277327,0.30130677979863074,0.28052733834534455,0.20344232518020836,0.21184151742236274,-24.0,6,0.6296296296296297,2,ok
JACOQI010000004.1,123243,123041,0,203,94.99998123680956,3.758465519193303,0.07365202263271332,0.41881640821687943,0.007752612204004583,0.014103093614977413,-74.4000015258789,12,0.6157635467980296,2,ok
RBAH01000038.1,21026,21190,0,165,75.834740524406,9.992273189744669,0.5135431980058912,0.392727341929959,0.10635719143451614,0.12629874346555897,-54.20000076293945,12,0.44242424242424244,2,ok
CP000082.1,2579675,2579804,0,130,74.74135140865707,6.684676195848988,0.29101336558760005,0.44857854554368304,0.6309196524300137,0.6614680549147252,-25.899999618530273,12,0.36923076923076925,2,ok
JACHHT010000001.1,70148,69984,0,165,48.751519340876136,19.777909384189318,-0.07977308808331829,0.4301002634684228,0.6786945139695503,0.5960142570091869,-56.20000076293945,8,0.5696969696969697,2,ok
LSRN01000001.1,123024,122796,0,229,33.54080612055211,0.7879434783704146,0.9447816804399867,0.410156351161024,0.35988208455055015,0.4326867278571595,-54.70000076293945,11,0.4104803493449782,2,ok
AP017312.1,1011069,1010986,0,84,46.723026103509156,8.237703225670463,0.10857335870339535,0.41499355197817184,0.5377331800523637,0.6099967057312139,-16.899999618530273,10,0.36904761904761907,2,ok
LKHS01000010.1,371641,371542,0,100,38.07233765697713,8.53910918331642,0.10738404302760884,0.4426260692863165,0.7549232645847697,0.810416711576511,-31.5,10,0.54,2,ok
CABHNW010000161.1,6353,6183,0,171,56.63615579256868,7.763153875358341,0.1682082402593904,0.5090364895126495,0.6607128054394205,0.7292923825880163,-37.29999923706055,12,0.5029239766081871,2,ok
MSCW01000004.1,349000,349220,0,221,77.86042878405107,3.0587518376786007,0.23317966587556072,0.3926998732744306,0.5544711794720877,0.5925889108498865,-81.0,7,0.5882352941176471,2,ok
QHJN01000017.1,41462,41348,0,115,68.76667509598553,5.557263822918973,0.12444112749127843,0.4220648010926153,0.027879075484300873,0.051926483922448155,-47.20000076293945,7,0.6782608695652174,2,ok
CP060393.1,2442031,2442094,0,64,62.9535292517408,2.2578709836770097,0.7704914783040394,0.585864830664407,0.44113918642872385,0.5898094531417282,-11.199999809265137,13,0.609375,2,ok
QUFW01000022.1,43926,43655,0,272,51.49378351989781,18.410222710417138,0.01924197986503734,0.45714789039906517,0.2202239109704982,0.23464105640600036,-61.29999923706055,14,0.4411764705882353,2,ok
CP001090.1,13752,13558,0,195,60.96184438984963,3.01282376044689,0.6621901363634337,0.46179684867996085,0.5472481038301442,0.7070669459277082,-54.5,11,0.5128205128205128,2,ok
KE993461.1,36858,36685,0,174,52.55594134557173,3.525077776068274,0.5722715954935198,0.4516850365302355,0.4458919666981337,0.6261924925859358,-42.400001525878906,18,0.40804597701149425,2,ok
CP003857.1,801514,801419,0,96,67.00588544892216,2.4032160231680026,0.31189904264080903,0.4543427211145156,0.7968480920721712,0.8560780920450171,-14.5,10,0.22916666666666666,2,ok
CR954253.1,1355763,1355676,0,88,94.99999999999993,4.409829429125904,0.3972860944240166,0.4423988809253713,0.305183857621932,0.33229387038083325,-20.200000762939453,11,0.4090909090909091,2,ok
CP011974.1,21490,21705,0,216,73.8530324448099,5.444940650265518,0.6006970045995875,0.4484539827182477,0.16820302667535186,0.2555629750275446,-57.599998474121094,15,0.41203703703703703,2,ok
LR130778.1,3442216,3442312,0,97,46.5422818769074,8.140829322169422,0.169440794433101,0.5052978798189126,0.7286146745555018,0.8407046771392063,-18.299999237060547,12,0.4020618556701031,2,ok
PETE01000002.1,1955037,1954782,0,256,65.83725999415357,11.372989071346849,0.18647777366177562,0.5285316832639569,0.25004821568305613,0.27110466741087497,-40.099998474121094,24,0.37109375,2,ok
BATJ01000019.1,85226,85339,0,114,40.093304468421955,7.522861045664334,0.17296959626756103,0.3926651831468862,0.7432913139121706,0.8401476133531591,-31.299999237060547,11,0.5175438596491229,2,ok
AZDA01000083.1,7214,7457,0,244,62.83116102629259,6.195746166722638,0.719227017655796,0.4075450026793635,0.3882980183740978,0.5819547544925684,-70.80000305175781,11,0.47540983606557374,2,ok
CP003273.1,605508,605661,0,154,38.593109760964346,19.999999999880547,0.0026534439091537854,0.4231573601147572,0.7307295638032856,0.7319562979307092,-56.79999923706055,17,0.5584415584415584,2,ok
VDCQ01000028.1,20154,20255,0,102,82.38947546331157,3.154141989792346,0.6399386266875999,0.48856471371244387,0.5801202342799783,0.6727422363575594,-23.799999237060547,10,0.4117647058823529,2,ok
KI391971.1,1387979,1387852,0,128,94.24192645248574,1.2103982069959298,0.7577942105405124,0.46275517974890507,0.35031433129527356,0.4255500446770168,-39.599998474121094,14,0.46875,2,ok
WBZB01000040.1,109582,109377,0,206,52.40631216219487,12.690228974761055,0.018804607315977218,0.4895808104096084,0.485845383022677,0.4977685894559589,-41.0,14,0.47572815533980584,2,ok
CP002049.1,314730,314588,0,143,94.99999067866861,5.520552438949426,0.23201368098158684,0.4386553045260303,0.003862590874521954,0.013457067935732342,-58.29999923706055,7,0.6293706293706294,2,ok
QVFD01000002.1,205646,205743,0,98,53.16197596318957,2.7556163403305654,0.11759518125050611,0.5047207882520043,0.46711490793670674,0.4970199306978206,-24.299999237060547,12,0.3979591836734694,2,ok
AZEU01000018.1,106116,106367,0,252,46.57532764702158,15.237732898171163,-0.04755545979642187,0.4128188785631116,0.2715966437029246,0.22409681096722384,-78.5999984741211,11,0.503968253968254,2,ok
JAESWA010000020.1,188696,188798,0,103,53.64536540176857,10.267726406097589,0.2524224812638969,0.4839638602558042,0.5168870263247537,0.6535971950410986,-19.600000381469727,10,0.34951456310679613,2,ok
JAKOAV010000010.1,29197,29280,0,84,50.342131171431056,6.81483727375429,0.3481222637662593,0.4857725731340473,0.5772417547748352,0.7642714964503563,-13.300000190734863,7,0.38095238095238093,2,ok
FWXF01000001.1,77207,77019,0,189,38.37041688952185,14.095357131732138,0.03089161040988775,0.5000955552166119,0.6892774967851233,0.7084771048385492,-59.20000076293945,11,0.6190476190476191,2,ok
SHMB01000002.1,141366,141134,0,233,32.796159039936484,2.340501434190362,0.16493517801658802,0.32101026027490903,0.43039514907078447,0.4634178432955989,-113.5,7,0.6824034334763949,2,ok
LT605203.1,1621903,1622020,0,118,41.00524597193645,3.205778348634534,0.13517775080181954,0.40944556277485317,0.5084319955761643,0.5491208393394059,-50.0,8,0.6949152542372882,2,ok
CP064923.1,5843338,5843428,0,91,54.73065110953044,19.999999999999886,0.083725323992621,0.4090972888628138,0.33723105358404926,0.37750878914395447,-20.700000762939453,7,0.45054945054945056,2,ok
CP034035.1,417874,418003,0,130,44.487269957143894,7.290096785544728,0.01692950796285908,0.452445013490161,0.45739521184518117,0.4678073665184371,-50.29999923706055,8,0.6384615384615384,2,ok
CP013659.2,1084804,1085030,0,227,48.71613606592057,18.413552946992407,-0.03636710793924869,0.4332925249681666,0.9624394878475773,0.9247136127656272,-71.9000015258789,12,0.5726872246696035,2,ok
LN890655.2,233221,233003,0,219,62.68329962696508,2.8695923226661915,0.07181282517135756,0.3424289980668075,0.5257343592282053,0.5420184321491781,-97.4000015258789,7,0.6484018264840182,2,ok
JH650805.1,459834,459569,0,266,53.489967102519984,19.999999999999996,-0.011627666156463157,0.3598332257467262,0.6014900954559836,0.5949358785909907,-99.30000305175781,11,0.5338345864661654,2,ok
CP012600.1,1887632,1887423,0,210,90.73583598282562,5.31215134239757,0.2842696140414518,0.45899112074642295,0.038136311376864296,0.054329824785245145,-51.5,18,0.45714285714285713,2,ok
CP014167.1,2560109,2559833,0,277,63.12060059481025,4.575825702701095,0.21131595803642755,0.46326341816677724,0.6449340424059986,0.7014503856003931,-82.5999984741211,12,0.5451263537906137,2,ok
MRTK01000060.1,14974,15059,0,86,73.39707514450426,19.999999999999996,0.49640001989562343,0.5331117465417914,0.5154090615285845,0.5162629429865111,-21.200000762939453,8,0.45348837209302323,2,ok
CP017761.1,2473875,2473652,0,224,94.99998855973134,3.995816739141605,0.14527145404057037,0.4251578146691696,0.00652381231234575,0.018007873193175122,-43.20000076293945,11,0.36607142857142855,2,ok
KQ960155.1,105762,105588,0,175,87.64922605080481,6.800509571559003,0.5212454250558277,0.4461510246811906,0.24851622304842905,0.26863647549496017,-43.29999923706055,18,0.52,2,ok
FNZK01000003.1,270683,270467,0,217,52.19548982992259,19.999999740625768,-0.0002522858389006899,0.5044650729983317,0.9963260633353936,0.9961689054451629,-38.29999923706055,15,0.391705069124424,2,ok
NFLG01000010.1,93509,93271,0,239,66.2416157079111,19.999999999999996,0.5120424523048301,0.4239478209651007,0.2135288372464736,0.21718806240047317,-87.19999694824219,12,0.6485355648535565,2,ok
CYZD01000005.1,141167,140956,0,212,47.02261876515389,8.186283547013632,0.008133000121245404,0.46945619048872034,0.9282924324774664,0.9336423456533994,-49.79999923706055,11,0.4858490566037736,2,ok
RHGZ01000012.1,98009,98153,0,145,37.251125841691085,19.99999999999999,-0.02391492030656217,0.37537306742908094,0.388054239478193,0.37859421039117125,-71.69999694824219,5,0.6413793103448275,2,ok
CP049889.1,882406,882261,0,146,78.54064291104466,6.866936312425449,0.5370241686445183,0.4300422527814947,0.41298555331418313,0.4531992459126812,-32.70000076293945,6,0.3972602739726027,2,ok
VHLG01000017.1,66017,65937,0,81,49.34086999996833,19.99999999999984,-0.005506807839285255,0.389900662204064,0.9870260468664203,0.9815099520933466,-39.70000076293945,12,0.6666666666666666,2,ok
LR590481.1,1998963,1998741,0,223,42.11080165719579,13.856877100314765,0.49350348859869714,0.4590125372210999,0.5178240498748213,0.9303009955113412,-39.400001525878906,14,0.3542600896860987,2,ok
AFVQ02000100.1,22369,22609,0,241,41.73247773284296,9.387229353988223,0.08506408474400107,0.4207818809856812,0.22771097339663857,0.286242778578806,-74.9000015258789,11,0.5020746887966805,2,ok
AZDG01000027.1,20140,19960,0,181,39.87261262187257,16.491620001733207,0.02085416780583782,0.45742346672957596,0.9620556215894138,0.9775041205984497,-43.79999923706055,13,0.425414364640884,2,ok
JYOP01000004.1,737236,737109,0,128,71.39727745599303,5.6898885596400435,0.5121462336846052,0.4108874821179934,0.317186240533429,0.3999115037224822,-45.099998474121094,7,0.6015625,2,ok
JABAHY010000014.1,33475,33609,0,135,68.25236211544303,19.999999999999996,0.5073231647778167,0.40362250969263824,0.3609917323604938,0.36255278725929274,-50.0,11,0.6296296296296297,2,ok
CP074694.1,596868,596773,0,96,39.65065991219897,19.999999999999932,0.026649983731917404,0.4871144967302578,0.7793573261529456,0.799367046474918,-23.600000381469727,10,0.6145833333333334,2,ok
MUNP01000027.1,84657,84742,0,86,94.99988536296007,4.410164867887321,0.3060074858776445,0.33604935077931575,0.21483044951912444,0.23545701550341333,-41.70000076293945,6,0.7325581395348837,2,ok
MCUV01000003.1,1784,1883,0,100,33.772096673885535,2.6091017518097543,0.41650830507562564,0.568566601361194,0.7746744847155504,0.8670767257735286,-14.399999618530273,16,0.38,2,ok
CP074575.1,544446,544649,0,204,38.655969437016196,8.275302473296799,0.11499192458978486,0.46218443636918255,0.5339644719060244,0.5959481418499204,-39.70000076293945,20,0.3480392156862745,2,ok
ML122542.1,358687,358468,0,220,76.03890330109701,7.793440315033285,0.5402940432156487,0.4631265491610847,0.3061950569331926,0.34483579373670115,-44.70000076293945,13,0.41363636363636364,2,ok
FZNW01000006.1,61744,61867,0,124,94.99999465653252,4.178783279943694,0.09930097423082918,0.3597045362940177,0.10338606899573839,0.11071473757609077,-56.79999923706055,17,0.6532258064516129,2,ok
BDHH01000021.1,13522,13412,0,111,74.53590920072745,7.46146574933863,0.5520060578862549,0.4495657586283005,0.2590155204967748,0.30836197965169027,-27.5,9,0.46846846846846846,2,ok
FNQX01000017.1,33553,33653,0,101,64.8348435139882,5.760996810651461,0.6936357521856742,0.503822022954326,0.27011803295928183,0.4375517402319682,-25.700000762939453,10,0.4752475247524752,2,ok
CP015849.1,6398650,6398584,0,67,55.94560590538934,7.261505058609837,0.09646191735875209,0.42797259450579284,0.1662097997464655,0.20689167194621988,-26.799999237060547,6,0.7164179104477612,2,ok
FQWB01000003.1,345365,345659,0,295,47.09656104704496,13.26548311979668,0.17177533311992538,0.4343742241113202,0.24472137385096487,0.3897982290639641,-63.599998474121094,16,0.36610169491525424,2,ok
FWXW01000001.1,587388,587143,0,246,38.37276762356469,9.955515974654862,0.28767248605291273,0.481736548568466,0.531751518973582,0.6935402505683191,-68.69999694824219,22,0.5528455284552846,2,ok
AKJA01000060.1,65875,66097,0,223,54.07673301645592,4.357120312329539,0.3168782182403286,0.36451226123722585,0.661806955112288,0.7751765942151974,-92.4000015258789,9,0.6367713004484304,2,ok
LMLV01000035.1,186848,187040,0,193,45.24214817362232,10.460425830460593,0.12992060655040066,0.38443107893681716,0.36300543725686385,0.46319014404482645,-64.9000015258789,6,0.5440414507772021,2,ok
JACXSI010000022.1,7534,7352,0,183,35.03596922769538,5.317732555889905,0.24351291628858995,0.539078016216378,0.8636704536419408,0.947549926919789,-35.20000076293945,14,0.4262295081967213,2,ok
FRCS01000001.1,644984,645046,0,63,94.9999237997069,5.0842395091389285,0.13735875670186032,0.2469490001161166,0.10325353301955668,0.11021964851455504,-40.900001525878906,5,0.6031746031746031,2,ok
JACOPP010000016.1,9410,9264,0,147,75.32209983775051,4.858198920903032,0.23485765776015396,0.28981787812617105,0.17246440858274123,0.20714183100644581,-65.5,5,0.6462585034013606,2,ok
JADIVZ010000014.1,44373,44451,0,79,42.60213283102974,14.900493395407652,-0.06299842259800989,0.4087563349173635,0.24733218670840423,0.1907897322358707,-30.600000381469727,5,0.6835443037974683,2,ok
CP001785.1,1614497,1614333,0,165,41.13665275519232,6.160627140965444,0.058551276670411934,0.46290929269720793,0.746960928096761,0.7770042148347874,-60.70000076293945,20,0.593939393939394,2,ok
BAJS01000002.1,62287,62511,0,225,46.189721060343224,6.462055389339522,0.49217835550666755,0.43665409517172626,0.172465079300409,0.44936984896165494,-62.5,14,0.4711111111111111,2,ok
CP144914.1,2295635,2295881,0,247,47.192634589304646,15.183830994889492,-0.10294656146600234,0.37975286956388155,0.9132056038491121,0.8089792630268327,-71.5999984741211,11,0.44534412955465585,2,ok
ML122605.1,3791,3703,0,89,36.08235892759418,7.312440585201777,0.1791391059097751,0.5346285457444634,0.8529364324315377,0.9264054401889311,-11.800000190734863,15,0.43820224719101125,2,ok
CM001441.1,2661656,2661825,0,170,79.2678669696343,2.9156129589758524,0.6743136430787853,0.4290661287916484,0.39442404379144724,0.50406783820756,-45.0,16,0.4411764705882353,2,ok
MUGG01000134.1,463,591,0,129,46.916418416904996,7.628161972435449,0.17759402575471492,0.4177065237603486,0.25494374794567476,0.366849499866334,-41.099998474121094,9,0.5736434108527132,2,ok
HG322950.1,1609558,1609779,0,222,68.56806446846434,3.9436896372093746,0.2094711389606705,0.3672658370734481,0.5687994656445815,0.6137413385633297,-98.80000305175781,8,0.6486486486486487,2,ok
AYYX01000028.1,8143,7918,0,226,54.06377191975111,19.99999999999989,0.039269756089904836,0.4970859014307397,0.07235242584887822,0.09346935051520519,-40.099998474121094,18,0.4026548672566372,2,ok
SWCJ01000005.1,103812,103924,0,113,75.73013261215853,0.9857678754355406,0.8648058803758617,0.44556569352433273,0.24507138734584627,0.3241188668389622,-31.299999237060547,9,0.45132743362831856,2,ok
FRCF01000003.1,176973,176852,0,122,45.0493892056879,18.326052388965515,-0.004132487212159142,0.5148414849647562,0.4131087017883696,0.4090108120220054,-29.200000762939453,11,0.4672131147540984,2,ok
CP034235.1,1566371,1566181,0,191,94.99999201555454,5.009502346649354,0.1778827266311314,0.4289635971899057,0.0031748534018206376,0.012526652595056226,-52.400001525878906,14,0.41361256544502617,2,ok
KE150421.1,38893,39112,0,220,45.698594578250834,15.545341288443526,-0.333603953693201,0.34858775276978776,0.7037526807346339,0.3753002715490372,-62.29999923706055,9,0.44545454545454544,2,ok
CAJPFG010000010.1,51804,51576,0,229,40.572589523046524,19.211348444156545,-0.047064850046911744,0.4532454199281792,0.48546012063921007,0.4477335642691903,-82.5999984741211,17,0.6506550218340611,2,ok
MBTG01000004.1,100644,100535,0,110,34.540900452380455,3.324789899095665,0.1193933717266078,0.46441872395053124,0.8964353424940246,0.9283650951346987,-31.299999237060547,18,0.5454545454545454,2,ok
JAGSOJ010000001.1,79925,79819,0,107,48.06426294089379,17.78849580694499,-0.09224721115853529,0.501923460695481,0.7910128516672922,0.6962839153737772,-19.200000762939453,16,0.4392523364485981,2,ok
VIVR01000001.1,6931285,6931404,0,120,54.7544325499682,10.610560104795093,0.011388825391434987,0.39731162208083126,0.2541199054190129,0.2597486179907544,-52.5,10,0.6916666666666667,2,ok
FQVL01000007.1,150567,150701,0,135,82.42370049401042,5.39653981015117,0.5569303017665845,0.3533821637545964,0.40371366021408817,0.45390199219425426,-40.400001525878906,7,0.3925925925925926,2,ok
CP060696.1,2048107,2048007,0,101,81.47505922920519,7.494647305715827,0.4971448126492478,0.5146976839873286,0.5243713038658177,0.5480811598579413,-21.0,6,0.48514851485148514,2,ok
PZKC01000003.1,78601,78452,0,150,38.065659856378495,5.004233328936324,0.19958678208007424,0.38898294431864616,0.42204271989764236,0.5015866746447988,-61.79999923706055,6,0.6733333333333333,2,ok
LITT01000046.1,208089,208209,0,121,60.84080228644767,15.587469539207824,0.023872875335208876,0.3578662262576022,0.2988528536144061,0.3029208287451434,-38.79999923706055,10,0.4132231404958678,2,ok
CP049331.1,1679080,1678881,0,200,91.40353173339808,5.311242647772215,0.5330085765999137,0.47752293827885484,0.009989913587742205,0.03945284665222709,-51.70000076293945,12,0.465,2,ok
JABZEC010000001.1,38289,38361,0,73,54.99697776989294,9.760431559481416,0.12576007172364057,0.49645892955387944,0.4937571672054585,0.5540714559097911,-15.399999618530273,9,0.3287671232876712,2,ok
FPIR01000004.1,155385,155216,0,170,65.65081579645742,8.035226067463967,0.6217735324613021,0.42441971413793605,0.4315595818547105,0.5487331256972633,-50.0,7,0.5235294117647059,2,ok
QVQT02000003.1,417987,417814,0,174,59.416891862523734,6.774096303175344,0.39616999889075993,0.36762939400232797,0.2792424925479854,0.41125623875415124,-59.900001525878906,7,0.5919540229885057,2,ok
CP047591.1,529697,529528,0,170,35.869448368937064,19.999999999982297,0.02398446148242822,0.4785342598755358,0.2785324514775869,0.28449261010125126,-42.599998474121094,19,0.48823529411764705,2,ok
JACHEU010000001.1,1408669,1408879,0,211,58.09890704201073,5.195329762454077,0.47862641266904493,0.3835291357652371,0.2781860199101256,0.44177011636352415,-88.5,9,0.6161137440758294,2,ok
JACRTG010000018.1,138608,138712,0,105,75.21515189647766,1.942008652522928,0.4115064766142971,0.4408954321448946,0.19962685221408522,0.2618461087674534,-29.399999618530273,13,0.4666666666666667,2,ok
CP060096.1,482579,482492,0,88,77.36245988946956,6.856172074096946,0.547252386891488,0.38715687731855747,0.005882592722284391,0.050787159952888156,-17.600000381469727,6,0.3977272727272727,2,ok
WSFT01000044.1,32374,32161,0,214,77.3945754610873,6.786651165235017,0.23625142485536416,0.5323193460159888,0.3153408083519139,0.3349394949367973,-36.099998474121094,18,0.37383177570093457,2,ok
CP000382.1,2423574,2423362,0,213,54.480387988659686,3.9593098660808566,0.6871481313121753,0.5053189280969415,0.24820464467176084,0.4761263612865889,-38.400001525878906,13,0.38497652582159625,2,ok
CP017812.1,1635299,1635411,0,113,42.10143290009576,18.18688842961183,0.019978143782970248,0.3299614355459298,0.6498191678212806,0.6663478096818256,-40.70000076293945,5,0.5752212389380531,2,ok
AL009126.3,1391851,1391739,0,113,82.05511710619146,10.34929197081713,0.4620461982560616,0.5089821955423985,0.4963008221677119,0.50351385339798,-32.79999923706055,13,0.5221238938053098,2,ok
MLQS01000001.1,513801,514026,0,226,49.664541991825615,19.999999999999996,-0.03473280973909104,0.420687922744689,0.5101565756969832,0.4771473003541976,-55.0,8,0.3805309734513274,2,ok
JAAXPN010000009.1,51809,51990,0,182,64.58655570615726,8.72032077477644,0.6248858917806845,0.4344586188549042,0.2764205196329006,0.39829015766498455,-48.20000076293945,13,0.45604395604395603,2,ok
VJMZ01000001.1,3038260,3038130,0,131,94.99987776100451,3.433675830168362,0.49479933072979354,0.4593767885541997,0.31053308532818946,0.357731112135257,-33.29999923706055,11,0.48091603053435117,2,ok
JACHWZ010000002.1,109366,109225,0,142,94.99999999999592,3.6795734095120394,0.4519650921955863,0.3772131987457019,0.365883688856634,0.4059210647468269,-52.0,7,0.5422535211267606,2,ok
ADZZ01000282.1,14296,14485,0,190,89.67545578984807,6.880603918210163,0.45361403171727305,0.42147676559098635,0.4035885623787922,0.41792212446943033,-64.19999694824219,15,0.5421052631578948,2,ok
JAALLS010000001.1,180714,180954,0,241,55.45458205933486,10.427246354712617,0.1360132269589852,0.43759074178021645,0.5569958211982879,0.6200500296931685,-66.4000015258789,11,0.44813278008298757,2,ok
MKIE01000004.1,178692,178516,0,177,58.96535381138723,6.089725831021002,0.31943105743432176,0.5178671055753741,0.5908535755169891,0.6995474187014619,-40.20000076293945,19,0.480225988700565,2,ok
NFKJ01000007.1,87411,87185,0,227,84.3118811897678,7.765593822326229,0.5181851224547299,0.488287713564067,0.003639795461419376,0.02108444414382732,-54.599998474121094,15,0.4669603524229075,2,ok
CCXS01000001.1,2272594,2272413,0,182,64.33806835547222,19.999999999999996,0.5184853934568942,0.4908820526339257,0.8421442810653973,0.8514856574586804,-34.79999923706055,14,0.45054945054945056,2,ok
NFJQ01000012.1,120744,120499,0,246,64.69809016474346,8.4616331537105,0.2914301588710233,0.4560332999160739,0.3204882849614699,0.37675841024929124,-81.9000015258789,14,0.6097560975609756,2,ok
VRYZ01000001.1,581187,581297,0,111,62.95802215978037,8.384705571044975,0.661399222070432,0.4914738864020311,0.26717483105083434,0.42148672423282024,-23.799999237060547,8,0.46846846846846846,2,ok
JACFAJ010000014.1,25029,25116,0,88,62.14217680286155,2.430280440257673,0.2629277307547833,0.41591101445690076,0.37443329713447654,0.42846292982295087,-25.100000381469727,8,0.5113636363636364,2,ok
AWGF01000003.1,138312,138179,0,134,44.44034473945082,13.44548004584961,-0.004401718949372024,0.3632722838253339,0.38995575193731263,0.3858210650873047,-45.900001525878906,12,0.5671641791044776,2,ok
DF820496.1,34604,34778,0,175,82.23350762577874,3.314677874105369,0.6337763143962782,0.3845762972364755,0.2807809209658801,0.3741081508937305,-50.400001525878906,6,0.4685714285714286,2,ok
LPXH01000025.1,360205,360447,0,243,94.9999999991642,3.40478927564364,0.5603984438656143,0.36986692949470895,0.5108870472098943,0.5680429516435461,-80.19999694824219,9,0.5720164609053497,2,ok
FYEH01000001.1,449542,449619,0,78,88.4266571144583,2.9475212695859274,0.6237176131143257,0.4874142067753344,0.4719644082936581,0.5514174728523886,-19.100000381469727,6,0.5256410256410257,2,ok
QQXK01000045.1,7268,7326,0,59,79.84234625668809,3.8937193407538584,0.6175472517498086,0.42866832600879434,0.44628545220779614,0.5346890403084629,-15.699999809265137,6,0.5932203389830508,2,ok
JYON01000013.1,83481,83347,0,135,45.272567235157396,16.270792243402642,-0.018360449980904914,0.49377693318944,0.5783719749419365,0.5602042193659409,-25.100000381469727,14,0.45185185185185184,2,ok
NFIY01000004.1,147930,147823,0,108,45.52736200619017,14.340672536805979,-0.09347746154737402,0.52511874994294,0.7871310413577705,0.6961526921185376,-23.700000762939453,10,0.5,2,ok
VRKQ01000008.1,296767,296901,0,135,44.07132492282691,11.682388188311398,-0.07601897460653972,0.3839038927659871,0.19669474411619944,0.12804183178531142,-31.700000762939453,15,0.4074074074074074,2,ok
QQAK01000016.1,93899,94038,0,140,63.43661921039344,3.4523277300070365,0.29446332761638566,0.4503462657612819,0.4954299947336729,0.5674562356741355,-35.79999923706055,10,0.45714285714285713,2,ok
BMFY01000002.1,308346,308230,0,117,94.99993512497392,3.609556087787067,0.18804370817539595,0.35614320017770884,0.2686129407171638,0.2857147297797118,-58.099998474121094,6,0.6837606837606838,2,ok
BMKB01000003.1,449114,449052,0,63,56.039160346893794,9.25225721529624,0.11173777265208273,0.5164360836377445,0.5354909133240621,0.5840979334615366,-18.700000762939453,7,0.6825396825396826,2,ok
CVTD020000007.1,11006,11181,0,176,63.37327669717527,4.556421698058738,0.29301960372160707,0.32557668414645463,0.12877331849630289,0.20632505293611575,-62.400001525878906,7,0.42045454545454547,2,ok
JACICD010000001.1,83573,83464,0,110,94.99989122554479,5.084872200291658,0.28786089060712383,0.3655137253508371,0.009065979972600103,0.02365146116197553,-50.0,8,0.7,2,ok
QAJS01000017.1,125785,125961,0,177,94.99997474581986,6.84852188544769,0.3501231494103854,0.34620908857696164,0.308132096588931,0.31574476111167715,-80.69999694824219,7,0.5988700564971752,2,ok
CP020919.1,4136096,4135854,0,243,49.11396349238834,6.7749608408395305,0.13498533759130688,0.434692614732686,0.2657845312149293,0.340633745317122,-58.70000076293945,12,0.4074074074074074,2,ok
JAFNME010000031.1,12377,12534,0,158,38.84577463886584,2.712108851876324,0.49903464164425393,0.444098480157856,0.553641572025964,0.6797421659100149,-51.29999923706055,10,0.6012658227848101,2,ok
CP022540.1,3793911,3793797,0,115,70.71871947635378,19.999999999999996,0.5024916506143613,0.42591649723358904,0.2800221533104259,0.28145722552841496,-42.20000076293945,9,0.6347826086956522,2,ok
JAME01000033.1,54293,54185,0,109,45.83350518965464,10.5264357353799,-0.009743194570819624,0.4317909690082693,0.5901489639366729,0.5809280272453303,-46.29999923706055,9,0.6972477064220184,2,ok
JDST02000051.1,4490,4577,0,88,75.64266838540718,19.999999999999996,0.4723690724495227,0.42381930599005196,0.027866083016170162,0.028217423811502367,-29.200000762939453,7,0.5795454545454546,2,ok
DS562849.1,162120,161890,0,231,68.47045836564159,6.080330545284786,0.6323133449772502,0.5448445126029033,0.02697784008101074,0.14500436153354215,-38.599998474121094,11,0.4069264069264069,2,ok
PPDJ01000002.1,500053,500165,0,113,52.51662600865343,7.088250774599604,0.33312387924814324,0.5561108694386975,0.3776299962145899,0.5455927851194793,-20.5,12,0.4336283185840708,2,ok
LWSG01000002.1,200085,200211,0,127,42.151417045761654,13.415837963124583,-0.04205346036339841,0.3931220393306183,0.8432080127396576,0.8071131256592784,-38.0,17,0.4094488188976378,2,ok
AZGM01000044.1,10309,10066,0,244,76.6947806495339,4.602651538248302,0.6067061451693965,0.505776003115459,0.04116975815711521,0.1288458313281624,-67.19999694824219,16,0.4672131147540984,2,ok
CP000568.1,1732135,1731885,0,251,94.99999999902677,1.8617837669416861,0.2580285287215385,0.5058344177502052,0.675935485825051,0.70831328648237,-54.70000076293945,26,0.47808764940239046,2,ok
JAGXSE010000066.1,148390,148227,0,164,47.41596203889712,15.117742759127317,-0.007384318107191645,0.3212903645160291,0.5979491386041351,0.5904375510451725,-69.80000305175781,6,0.5975609756097561,2,ok
CP097810.1,1065959,1066187,0,229,69.42341328704165,19.999999999999726,0.5050718724467725,0.45205243171151105,0.2376423010244582,0.2408094060751048,-47.0,17,0.38427947598253276,2,ok
QQAY01000001.1,418263,418506,0,244,51.83708970931829,11.53607203248324,0.2056153064130386,0.38063104844491186,0.47888176064613885,0.6111829631404083,-78.0999984741211,11,0.47540983606557374,2,ok
FR896444.1,5792,6033,0,242,47.94064943473789,19.172498791020534,-0.10984318898399337,0.449796990164051,0.8410308646741067,0.7291503659381453,-78.30000305175781,14,0.5454545454545454,2,ok
FR898833.1,37335,37190,0,146,56.56564795785906,11.029205325026243,0.10049877916262029,0.4937783510760273,0.3174838930541323,0.35889059202949924,-28.5,13,0.3972602739726027,2,ok
CP034550.1,9603588,9603473,0,116,47.78451526557484,3.931031208839915,0.1865793764546586,0.45725836520777025,0.7810060637307001,0.8494580265971564,-46.79999923706055,8,0.7068965517241379,2,ok
NQWI01000165.1,7475,7625,0,151,54.24152003330533,12.728010065891656,0.07896210476024063,0.43418748565796894,0.3389482054620656,0.3809273663777136,-49.900001525878906,8,0.5695364238410596,2,ok
NKIK01000007.1,83541,83645,0,105,30.16677973444577,4.446326775202305,0.04566487187454571,0.361719457004637,0.41844822372460744,0.42861949253993803,-40.0,6,0.5428571428571428,2,ok
BAVS01000044.1,13007,12895,0,113,56.24230592759215,16.693609143058207,0.08794619362115785,0.5340071702872079,0.347679547528175,0.3828264912055269,-23.700000762939453,16,0.5221238938053098,2,ok
CP002780.1,2520367,2520239,0,129,39.68733678306615,19.999607361372327,-0.008073556632995027,0.46929061254145626,0.5093200168679509,0.5039110908771651,-36.400001525878906,10,0.4263565891472868,2,ok
CP000002.3,2348497,2348346,0,152,82.66256610611096,3.0401877441337577,0.36345804313599406,0.5658658072679569,0.5463598922421403,0.5990182161558797,-24.100000381469727,39,0.3815789473684211,2,ok
OUNR01000012.1,521835,521765,0,71,53.963698805715836,8.076075775245327,0.07970124368207876,0.4561990178559291,0.5303402369194296,0.569616427049818,-19.799999237060547,6,0.6056338028169014,2,ok
JWHR01000089.1,3527,3767,0,241,58.461763778518055,19.999999999999343,0.2085579967166451,0.3486206118106163,0.627657901491184,0.6610535439698315,-63.599998474121094,8,0.34439834024896265,2,ok
FOIK01000002.1,200226,200107,0,120,46.387886261277885,6.508388569320071,0.4287697326730344,0.5277835118509444,0.6279727467911337,0.8701721687255504,-25.700000762939453,19,0.5416666666666666,2,ok
AJWX01000014.1,41962,41824,0,139,34.40812156875461,3.944552068341096,0.16090870066455065,0.3856007914413575,0.4548686185588962,0.5019806965734277,-46.79999923706055,11,0.5899280575539568,2,ok
CP012502.1,3174566,3174402,0,165,71.58723959147859,4.884659380729596,0.638169196688707,0.4044160025867763,0.2053693549241478,0.31943140737391584,-50.29999923706055,8,0.5212121212121212,2,ok
FJNE01000003.1,302100,302345,0,246,61.16364816527618,3.995046780530779,0.8272949341812501,0.4377968973612247,0.20591766742326065,0.43566410610789974,-68.9000015258789,10,0.4796747967479675,2,ok
CP040093.1,995294,995395,0,102,25.910939833171778,4.92454915973625,0.5867848245522966,0.5173038740642161,0.876171118122992,0.9493124526252563,-24.0,16,0.3333333333333333,2,ok
LR134523.1,984959,984767,0,193,62.45954264198331,5.969811241691694,0.5441666677654855,0.46684867920928597,0.29975821612548514,0.45034892624729006,-52.79999923706055,19,0.5595854922279793,2,ok
VANT01000004.1,317181,317289,0,109,58.252164379892434,8.174158323112241,0.12360773778719947,0.4410583448912923,0.4047316805020986,0.44930117418696447,-38.0,8,0.6605504587155964,2,ok
CP024963.1,877046,876968,0,79,56.80360677334587,8.32442522148966,0.2641605059797971,0.48691450372788747,0.6398211557336139,0.7469729551575405,-13.899999618530273,21,0.3924050632911392,2,ok
BEIR01000044.1,1677,1561,0,117,94.99999434265689,3.261044048376717,0.1272211221429586,0.354418948230707,0.3127771275936184,0.32556230993934115,-51.400001525878906,7,0.6923076923076923,2,ok
BJLL01000024.1,14764,14980,0,217,60.494534109700425,7.154524451626048,0.380893024717022,0.4071376088294967,0.35699462245297214,0.4739883688254455,-52.900001525878906,8,0.41013824884792627,2,ok
REFC01000015.1,250041,250144,0,104,60.21692270702253,9.401132921632785,0.7136369213700199,0.5035670608861512,0.014049382154313506,0.22076482830631308,-17.5,11,0.375,2,ok
KI273145.1,1333532,1333649,0,118,55.39782789972248,3.950107926434558,0.08728432943354844,0.34142752395934417,0.039189897489095626,0.06747325209417632,-32.5,10,0.3559322033898305,2,ok
CP002780.1,535180,535057,0,124,52.38810758085002,2.631237083648281,0.7401551379298221,0.4779895064304111,0.5105069215992314,0.6926241790882193,-27.0,18,0.41935483870967744,2,ok
FOYM01000003.1,93761,93529,0,233,40.107489550564694,19.999999999999986,0.006283889942869103,0.5182636783573323,0.9574799205931676,0.9618799354185592,-71.33999633789062,35,0.5836909871244635,2,ok
BJXV01000014.1,22294,22487,0,194,39.05312098723126,10.226367137587706,0.2279286824041547,0.44422661862968943,0.38497214467149865,0.5231248992703734,-59.70000076293945,14,0.5721649484536082,2,ok
QSCK01000028.1,56828,56657,0,172,54.194001532981126,19.999999999999996,-0.0021291049520020255,0.40326450604657266,0.9295929333199506,0.9290888573550069,-52.0,16,0.4011627906976744,2,ok
CP005974.1,1991125,1990988,0,138,52.31241655560995,19.999999999999996,-0.00674128008925845,0.46148362213110483,0.607922385369217,0.6021383741935933,-34.79999923706055,11,0.4927536231884058,2,ok
CP017269.1,3254791,3254969,0,179,62.305309926873626,5.909033192287583,0.2811810063043198,0.49695858018217526,0.4858835686566486,0.5645385106605051,-47.20000076293945,11,0.5195530726256983,2,ok
BOQP01000002.1,88144,88306,0,163,70.51192823865293,19.999999999999996,0.5036709883078471,0.3696839571912466,0.27026792573760583,0.2721495100248742,-75.80000305175781,7,0.6257668711656442,2,ok
CP003359.1,1312327,1312207,0,121,80.48950361973057,4.724002596023199,0.5278424919030047,0.44012107326034844,0.22227754510088316,0.28417774617901365,-32.79999923706055,22,0.4793388429752066,2,ok
BAXA01000015.1,76871,77088,0,218,51.21574868226532,4.788676320695109,0.5751073748528692,0.37817203119162335,0.2156243048067884,0.45161923075594235,-57.400001525878906,8,0.44954128440366975,2,ok
CP003547.1,245506,245420,0,87,48.889014688201364,5.5841075337436905,0.12716870830233518,0.5596409168868467,0.5248886125015131,0.586464311630762,-11.5,14,0.3103448275862069,2,ok
CP050902.1,1827348,1827416,0,69,94.99999999912909,2.3767001260783016,0.13332955503578853,0.41507341568338796,0.09326232564870426,0.10930961412218063,-27.200000762939453,5,0.7246376811594203,2,ok
AENN01000017.1,182334,182075,0,260,58.64449235384416,11.473821144589005,0.07357177508218185,0.5320175551550894,0.049343645912750395,0.07267738036147053,-55.599998474121094,23,0.4576923076923077,2,ok
FOOE01000006.1,20374,20274,0,101,94.99999979839237,3.954383237813811,0.532405143396973,0.5069071079312676,0.2730830596653563,0.31579944232478957,-13.399999618530273,10,0.2871287128712871,2,ok
QRVI01000004.1,101721,101912,0,192,38.31401713043855,11.073152258537316,0.1256443349630112,0.4147722737406663,0.8389123049604962,0.9109083412956551,-42.099998474121094,17,0.359375,2,ok
BLJN01000001.1,1361064,1360918,0,147,94.99998981150928,3.5053663780851037,0.4726521923676812,0.28549294006329007,0.3150871470127764,0.35918924002691477,-63.20000076293945,6,0.5510204081632653,2,ok
AP018794.1,975107,975369,0,263,69.26343701069933,5.9131061106609115,0.33795959929605046,0.4247198385789841,0.5332847001890373,0.5940472839930837,-60.29999923706055,9,0.41064638783269963,2,ok
CP024963.1,162079,161948,0,132,55.690527538980426,19.99973721616142,0.00040286659038596666,0.5238504649182005,0.0005054350128191609,0.0006725044756779597,-18.299999237060547,20,0.30303030303030304,2,ok
FOFS01000012.1,31602,31684,0,83,45.614063700825085,14.430633968925978,-0.051654743368964806,0.4664300699062068,0.6250581166818735,0.5746704089792258,-20.100000381469727,11,0.5180722891566265,2,ok
JMEE01000031.1,359126,358994,0,133,30.23280676393435,19.999999999999996,-0.5057479460824692,0.46529463370546087,0.5235449020117551,0.5166939564622538,-36.20000076293945,10,0.49624060150375937,2,ok
CP040428.1,1400744,1400946,0,203,91.75600996244934,8.324875862756276,0.42890866984958076,0.43223143629508615,0.49871613367521944,0.5045157464537466,-58.599998474121094,14,0.5517241379310345,2,ok
CP059255.1,843773,843544,0,230,29.611584546889652,19.999999999999996,-0.5058231617962609,0.34834868841914507,0.5035261737188022,0.5004567548554092,-104.9000015258789,9,0.6826086956521739,2,ok
CP000023.1,860551,860659,0,109,64.75207516495561,19.999999988763275,0.5196490092702165,0.3801421412437527,0.6228705001556036,0.6331213677116143,-34.20000076293945,8,0.4036697247706422,2,ok
CP015971.1,852700,852502,0,199,43.183735142946276,13.321043075426926,-0.020054249826918252,0.46806679627916153,0.24381773074043714,0.22582747301406844,-41.79999923706055,22,0.37185929648241206,2,ok
FNSW01000002.1,287125,287206,0,82,83.01792416994459,5.308066731050457,0.5565351808698403,0.38403546995436055,0.12310284484536498,0.17241050043038753,-19.399999618530273,8,0.43902439024390244,2,ok
RAZG01000013.1,52652,52927,0,276,43.97672591383978,13.511211540562345,-0.16470262089160637,0.4533225321721816,0.8651206798248102,0.7127467673104584,-69.30000305175781,15,0.4528985507246377,2,ok
FOYF01000003.1,555464,555220,0,245,43.20977059714376,9.340388509319858,0.03018758748085977,0.47834289672889635,0.03737220478823863,0.058550848217879925,-68.19999694824219,13,0.4775510204081633,2,ok
JMPI01000033.1,25900,25721,0,180,94.99921407040809,6.619496483669432,0.240747383794537,0.4827046958441839,0.001088496423644586,0.006952659476777728,-49.79999923706055,18,0.5111111111111111,2,ok
FUWM01000016.1,26313,26396,0,84,58.82355760067979,10.597671654553611,0.04739048463517531,0.47570749620027314,0.33355444877376034,0.3487285527119834,-16.299999237060547,6,0.40476190476190477,2,ok
SDOZ01000002.1,1651737,1651998,0,262,54.4958557611715,19.999999999957165,0.059201985084184505,0.4126855468662169,0.6089892064200214,0.638507650057533,-85.0999984741211,12,0.5419847328244275,2,ok
VYXP01000002.1,197828,197709,0,120,94.99999600683795,3.6290013188338537,0.20448475741109262,0.33179691402931755,0.4227904294540542,0.4411653122102458,-44.900001525878906,5,0.5916666666666667,2,ok
BAZF01000025.1,15208,15090,0,119,6.687473226241488,1.16486311545406,0.5512873156460658,0.3816677289695384,0.46423284089201494,0.48677976342966567,-43.400001525878906,5,0.5546218487394958,2,ok
FWWT01000012.1,3723,3639,0,85,76.4782891842862,6.464933209853344,0.5595966583500532,0.528509368720558,0.118098146617029,0.17289398362189212,-19.100000381469727,10,0.47058823529411764,2,ok
CP001560.1,2700115,2699979,0,137,64.8105103998966,8.453685617293168,0.35805441199352783,0.3801585018464411,0.26017391576195614,0.3285892525373718,-44.20000076293945,10,0.5474452554744526,2,ok
AFHG01000029.1,96705,96927,0,223,94.99996525367445,3.8505195362773623,0.3632413244885442,0.3815813616846323,0.4272748417245181,0.45751974855046085,-94.19999694824219,12,0.6816143497757847,2,ok
JAELUP010000020.1,39050,39229,0,180,77.49141528273934,0.8717534324576885,0.23390189100083814,0.4359443212771324,0.6913395287751333,0.710714533673419,-62.20000076293945,11,0.5333333333333333,2,ok
FQZB01000014.1,34386,34624,0,239,91.51940757867666,2.7160962856662128,0.6258963273927849,0.412245471601228,0.44430642311612967,0.521206500788223,-41.20000076293945,8,0.301255230125523,2,ok
CP020814.1,3368401,3368161,0,241,94.99999974702666,2.894696333882171,0.6031962269920377,0.46092736821451813,0.4835668251046631,0.5502306214476278,-49.5,10,0.4107883817427386,2,ok
WOYE01000009.1,1372157,1372330,0,174,77.50928193811143,5.162562361918507,0.24256132949871054,0.3977016887963611,0.22736735775464822,0.25741937433004375,-52.0,7,0.46551724137931033,2,ok
LGUG01000005.1,41822,41604,0,219,32.765961442982366,6.346176463024029,0.1765212148310199,0.46187072432557724,0.8860598918765572,0.9354790483586699,-56.099998474121094,16,0.5114155251141552,2,ok
FNGO01000001.1,173499,173598,0,100,14.694416103465574,1.68831823421855,0.5868747094281143,0.42486675431311277,0.3365859319555515,0.38224591558341203,-31.299999237060547,7,0.57,2,ok
SPVF01000238.1,11124,10883,0,242,94.9999802251743,1.1968086514690695,0.48595030535304984,0.3528467921513125,0.6417709625022702,0.6904578895656462,-100.0999984741211,10,0.6074380165289256,2,ok
MZGX01000025.1,49142,49058,0,85,94.99999903494839,5.581370755549992,0.10671537020512256,0.5071255398275305,0.0012498161308067968,0.005566345547285523,-16.100000381469727,19,0.4588235294117647,2,ok
JACHGF010000001.1,469082,469297,0,216,94.99913964498681,1.6004402383396445,0.4517595844940321,0.42158544394938563,0.44594665114201976,0.4979052685646703,-76.5999984741211,11,0.5601851851851852,2,ok
LLZK01000097.1,58220,58026,0,195,53.07025897267175,18.302207139528274,0.017039106555903905,0.3834941770649271,0.32364132913600663,0.3341181837032868,-84.19999694824219,8,0.6923076923076923,2,ok
CP003032.1,539694,539793,0,100,94.99988726712786,4.797304478038683,0.26100618424172317,0.42510516139147425,0.21052070492934422,0.22554963294285418,-27.399999618530273,9,0.39,2,ok
QFCQ01000107.1,1733,1532,0,202,77.62892751344476,9.132221672041908,0.46245496336495245,0.35619401855923866,0.001584235829238112,0.02015972229457,-81.80000305175781,8,0.6237623762376238,2,ok
HF987135.1,113728,113998,0,271,42.65679885165052,8.922973381238325,0.24439368626137375,0.4147685072516561,0.3495556755292949,0.5170037925016724,-64.4000015258789,19,0.44280442804428044,2,ok
QSQJ01000009.1,15518,15263,0,256,56.7353360475691,14.166678037425832,0.25300510711217816,0.45615013076809485,0.24227431360769303,0.33886877679434896,-74.80000305175781,19,0.51953125,2,ok
LT799839.1,1929647,1929466,0,182,61.22501337447729,4.845272529596079,0.35234089260104484,0.5608675784404402,0.022871460929989512,0.12604086321351077,-29.299999237060547,21,0.37362637362637363,2,ok
CP046640.1,3909705,3909614,0,92,94.99999999879647,2.5747823542064516,0.45925504968663317,0.525900921099142,0.4247607126007565,0.478410707701729,-16.700000762939453,9,0.44565217391304346,2,ok
QJJR01000008.1,83848,83599,0,250,40.648106911685794,4.499324669232224,0.3761020646972817,0.42313906874953405,0.7324998749665023,0.8829328841924834,-55.599998474121094,11,0.408,2,ok
QNRK01000012.1,146135,146351,0,217,59.89192831415018,4.606133254839864,0.5541776854444562,0.3688191194298815,0.33101071305080915,0.5000441884758982,-79.30000305175781,8,0.6129032258064516,2,ok
VOBR01000032.1,71016,70935,0,82,77.79823941001364,1.0444639130861142,0.17886898574369725,0.29753536723062496,0.39679301452398874,0.413861865905497,-42.0,6,0.6829268292682927,2,ok
SDOZ01000002.1,1852915,1852742,0,174,61.89886006103457,7.97216757452694,0.6973911032548334,0.39495200819450865,0.16360285592736457,0.3516000596182761,-56.099998474121094,7,0.5459770114942529,2,ok
FQXV01000005.1,169086,168880,0,207,13.215993442472431,1.6617290056562426,0.5913606976266423,0.49045644141277717,0.7602221695225614,0.8028105772861345,-62.79999923706055,14,0.6135265700483091,2,ok
JMIP02000020.1,43217,43284,0,68,61.97924390323365,4.901619154244953,0.6012118959862676,0.2965837577578296,0.1945113996198021,0.3651051403733109,-23.700000762939453,6,0.5882352941176471,2,ok
CP013213.1,1248748,1248580,0,169,52.90924919099307,4.107579543192672,0.24058791558055714,0.5011042039969439,0.7835411670762812,0.8683580328598003,-30.399999618530273,12,0.40236686390532544,2,ok
JACCBU010000001.1,5831966,5832038,0,73,94.99997973599318,4.214917108719173,0.1932297509761456,0.235757194803239,0.10646000101840566,0.1205066017883318,-48.0,4,0.6712328767123288,2,ok
HF570958.1,4210628,4210703,0,76,41.4988746137734,14.91262940704234,-0.05794313227487674,0.4303810833081358,0.39251629184010894,0.3434669445627857,-28.5,8,0.75,2,ok
MJIG01000004.1,523233,523010,0,224,11.335181165199087,1.4907935690098528,0.23849250352026086,0.4894422845260382,0.5203960268377774,0.534663854904526,-44.599998474121094,18,0.4375,2,ok
FNKD01000002.1,73430,73514,0,85,49.387155211385064,6.7455325409736595,0.28888208068949744,0.5015516336463517,0.5111048019817876,0.6699476767310368,-15.0,13,0.4117647058823529,2,ok
LDPH01000011.1,115590,115827,0,238,62.80582217773172,9.305178416007337,0.4571496038209937,0.3826078427875757,0.05030027287383554,0.14986687330805995,-55.5,12,0.39915966386554624,2,ok
JPVN01000028.1,38753,38855,0,103,35.176035254332426,5.541689821476203,0.424066291618305,0.5810687775202241,0.7813459646601115,0.9309320156167598,-16.100000381469727,19,0.3300970873786408,2,ok
CP051680.1,6761621,6761363,0,259,39.081190311677375,19.999999993802035,0.03354984060950897,0.4078488497859669,0.2005850299603825,0.22543917273297373,-76.80000305175781,12,0.525096525096525,2,ok
FPAN01000005.1,227973,228216,0,244,42.16006280971218,14.136252511013824,-0.06492039379465309,0.438773428771889,0.8113384773382757,0.7548719460134959,-62.400001525878906,8,0.4713114754098361,2,ok
AWTC01000002.1,248127,247867,0,261,56.65228932653786,19.999999999999893,0.10712288467789988,0.4491547289812128,0.2906719283781737,0.3180488469285197,-76.30000305175781,28,0.4674329501915709,2,ok
FOGH01000024.1,24880,24838,0,43,81.08704235367672,6.967829710664621,0.5336886408763548,0.5715458722565233,0.5293268313946977,0.561093324023694,-9.899999618530273,10,0.5348837209302325,2,ok
CP003851.1,1219124,1218901,0,224,49.31705161127684,9.186111445970907,0.42194055742844294,0.543744014051882,0.5247880532755002,0.8052040737111656,-32.900001525878906,13,0.38839285714285715,2,ok
JNVC02000011.1,46881,46647,0,235,33.03918439152759,9.235156733536716,0.45451648313560755,0.44655555938949315,0.8701438152064492,0.9842718513915972,-66.69999694824219,24,0.451063829787234,2,ok
JAAIJQ010000042.1,24737,24514,0,224,40.66399506899128,19.99912124738675,-0.0008950686208913372,0.39196718580494233,0.4760081282904517,0.47531055312269127,-97.9000015258789,11,0.6651785714285714,2,ok
JWHR01000161.1,73447,73266,0,182,68.03318885256999,19.999999999999975,0.5076592513585891,0.47037389890067655,0.4638702891088971,0.4665878096679563,-29.100000381469727,15,0.38461538461538464,2,ok
JAMQJZ010000007.1,125447,125201,0,247,87.31343071220763,3.555728238186592,0.596777385600823,0.4450781015098675,0.12311086837570914,0.19308252826560626,-58.20000076293945,11,0.4493927125506073,2,ok
JAGTTQ010000001.1,1262758,1262646,0,113,38.180687018185246,19.999999902375393,0.001320568625135743,0.6231240429250711,0.9626767909632996,0.9633398336720699,-18.399999618530273,21,0.5221238938053098,2,ok
QUGS01000005.1,144173,143995,0,179,75.07915135489786,4.703284005079428,0.6157979408938171,0.5113996603543092,0.5304224516159366,0.6250243462292943,-43.70000076293945,11,0.5195530726256983,2,ok
QYUK01000011.1,2429477,2429679,0,203,55.712480817409286,14.50135798838383,0.12146512021977329,0.41382518867395873,0.4001673128696949,0.4548377577460962,-84.0,13,0.6650246305418719,2,ok
VFWZ01000009.1,305611,305879,0,269,43.08034660863318,11.199535986961985,0.04180619659460012,0.4114155453667007,0.10173872306049943,0.13414851257247074,-57.29999923706055,9,0.3420074349442379,2,ok
NFJK01000003.1,23001,23241,0,241,49.40390470693766,19.999999999999115,-0.044482579783160614,0.35818462429251874,0.743901966722976,0.6979726264397643,-87.30000305175781,8,0.5560165975103735,2,ok
LDJJ01000022.1,11461,11696,0,236,51.88152216778188,8.611765014542032,0.4145703415191264,0.34252320155193755,0.030708463184910467,0.2675898516183406,-108.30000305175781,5,0.6652542372881356,2,ok
PDOD01000002.1,322550,322422,0,129,34.13825622046986,5.288378211147725,0.10479069909370176,0.41191838756504173,0.8388588495023473,0.8724167810193254,-43.79999923706055,16,0.4728682170542636,2,ok
FQXM01000046.1,8628,8462,0,167,53.249550738309715,14.845419807937414,0.21921216471820937,0.5078110483141652,0.4404753743331294,0.5732642070999655,-23.399999618530273,19,0.40718562874251496,2,ok
PDJD01000001.1,686254,686351,0,98,64.9166357809046,4.8049358316152455,0.0797545364797148,0.32096688591996364,0.1170010085343689,0.1367930829314906,-54.20000076293945,8,0.7653061224489796,2,ok
WBOT01000003.1,661134,661351,0,218,60.24776016239777,10.45713377183816,0.16774163440880674,0.4097083633228571,0.2813919907249941,0.32701654271413455,-59.29999923706055,14,0.42660550458715596,2,ok
CP003360.1,6448526,6448707,0,182,49.45914444864016,19.99999999999939,-0.05536278265957162,0.48040022354381096,0.7625269693812189,0.7103445143493461,-49.0,12,0.510989010989011,2,ok
MLHL01000068.1,17847,18008,0,162,64.28657199904612,19.999999999998916,0.5229116003191436,0.43803621396973974,0.26955682438301043,0.2793293269813819,-34.20000076293945,9,0.3950617283950617,2,ok
CP024848.1,2599786,2599564,0,223,59.973720043012456,4.863502147555862,0.4632178489889276,0.4526659947576819,0.3251551403201284,0.46833616520723265,-41.599998474121094,8,0.40358744394618834,2,ok
FNON01000002.1,396271,396185,0,87,69.86200660053571,8.78145375561066,0.023260234197921184,0.3996849844313523,0.10151581699876196,0.10395946303165089,-35.5,11,0.6896551724137931,2,ok
LJIX01000006.1,3406512,3406357,0,156,94.99984159110105,3.368837385236517,0.5322980239556823,0.4487179960952251,0.0683147172313783,0.12060613287791302,-46.0,11,0.5064102564102564,2,ok
JAGYPD010000003.1,627964,628145,0,182,89.68174973913615,4.656137979619149,0.535768722795394,0.3568493806492506,0.419718297383174,0.46129873545766,-52.79999923706055,8,0.43956043956043955,2,ok
RQXX01000004.1,35589,35696,0,108,80.67503876338795,3.1272839753212134,0.21380748340703132,0.37190051007498565,0.33815161022129203,0.3706135140144361,-43.900001525878906,5,0.6481481481481481,2,ok
JACGAG010000002.1,18560,18358,0,203,77.06403694452008,6.23667769786015,0.5390407016864207,0.5358822842663866,0.32645345819170096,0.3796031986161773,-26.700000762939453,11,0.3842364532019704,2,ok
CP000758.1,105606,105684,0,79,65.31294592477755,6.357451970131263,0.10151244465527609,0.37752290126089044,0.603927838557996,0.6267540156059226,-37.099998474121094,8,0.7468354430379747,2,ok
JAGIYQ010000004.1,256639,256466,0,174,94.99990395344915,6.223591834360136,0.1272391371790984,0.3618497588487281,0.2508076678390637,0.25458982675210023,-43.400001525878906,15,0.3620689655172414,2,ok
CP017080.1,3798139,3797917,0,223,55.040482855228554,19.999999999660755,0.020616010418612885,0.4626547024262598,0.26125850802342954,0.27097373205224223,-50.599998474121094,14,0.4439461883408072,2,ok
QAOJ01000015.1,25703,25643,0,61,47.76039563391389,0.7645454958769586,0.7993848828914429,0.5762702669256341,0.7506581076748258,0.8111188442581886,-9.5,10,0.5409836065573771,2,ok
CP010796.1,1698247,1698186,0,62,82.72643386815062,1.374759134681318,0.5274087643147293,0.3751533766329202,0.23196277028770687,0.29245726893251256,-16.600000381469727,7,0.4032258064516129,2,ok
JABWCS010000219.1,183709,183996,0,288,69.72838390836941,6.456498812913753,0.6088064237522335,0.36706321094834676,0.3723564974971522,0.47232795693138174,-113.19999694824219,11,0.5590277777777778,2,ok
FNKK01000002.1,3983726,3983552,0,175,47.89013662301214,6.591328784057011,0.10740368878608764,0.32155497144091505,0.42588757304526137,0.48597792018253605,-91.30000305175781,5,0.72,2,ok
PYGD01000003.1,380078,379853,0,226,70.92908282340566,6.803501181720539,0.5888347812790033,0.40308765128881935,0.011906481642486227,0.0940171783356262,-78.19999694824219,10,0.5221238938053098,2,ok
SDZD01000008.1,79812,79958,0,147,62.6911820352914,7.309467026392011,0.5484171034377638,0.3928926513930079,0.428058431823909,0.5688732340564595,-48.900001525878906,17,0.5850340136054422,2,ok
CP048104.1,2365273,2365056,0,218,84.58160251745056,6.046396057171395,0.40008431216921925,0.5061360162143547,0.2567292055624968,0.28165832748728226,-53.20000076293945,14,0.518348623853211,2,ok
AFNU02000001.1,319375,319576,0,202,44.8020596523374,6.122506477626125,0.19166935950366737,0.4525192601706407,0.6507344972318057,0.7545747125556206,-41.099998474121094,23,0.3564356435643564,2,ok
CP009217.2,1620539,1620378,0,162,44.84780361495633,3.979830881560669,0.40009608061459023,0.41517154042119686,0.3136557212754634,0.46386583371931245,-41.400001525878906,11,0.43209876543209874,2,ok
SPQQ01000001.1,443613,443813,0,201,50.05630447764432,19.999999999999996,-0.33220610091103203,0.40283584032358905,0.7005333630602133,0.3692599142853388,-58.099998474121094,14,0.4975124378109453,2,ok
BMYS01000026.1,18808,18923,0,116,55.940248377950816,5.692226400657649,0.6079157144406099,0.41761717354849476,0.4752743775312638,0.711739587957936,-38.0,8,0.47413793103448276,2,ok
PPPD01000001.1,167188,167271,0,84,40.392011010574194,15.578046026410144,-0.05511237414726572,0.42831827515169174,0.4576685135683155,0.4154281048549023,-22.399999618530273,16,0.5595238095238095,2,ok
LTAO01000012.1,145368,145484,0,117,94.99959592877924,3.4360881955171956,0.28939924365174213,0.36633292657601624,0.26353013953545124,0.29162601467784827,-31.899999618530273,6,0.42735042735042733,2,ok
JH594435.1,269254,269060,0,195,41.34751518553888,11.776696498224862,-0.12371753845022469,0.49919781620405584,0.17538836894579748,0.0773357336941286,-33.70000076293945,18,0.4256410256410256,2,ok
BBZA01000235.1,11125,10906,0,220,94.99967770409121,4.801620734206091,0.27365766677850545,0.383777667871944,0.5516115366177716,0.5674596506843306,-90.0,13,0.6909090909090909,2,ok
CP045871.1,824976,824766,0,211,23.418175062197783,0.995143352797556,0.23192838744814065,0.40539378508628576,0.4933637852927714,0.5141455489019247,-71.4000015258789,10,0.6018957345971564,2,ok
FOQH01000003.1,370000,370239,0,240,94.99961972945923,5.949711681573791,0.06271373099494901,0.38487847249920776,0.20045814934433906,0.20257673209951413,-111.69999694824219,7,0.725,2,ok
CP022657.1,4462166,4462268,0,103,57.502608980633134,6.707985828203328,0.027524990143364264,0.4016946015053413,0.1876709798027455,0.19803284317976386,-39.099998474121094,9,0.5825242718446602,2,ok
CYSD01000012.1,518191,518415,0,225,53.11111507001386,6.260080608321228,0.29700480915047806,0.3658571737782982,0.06073553255130117,0.19752743665803224,-93.9000015258789,11,0.6177777777777778,2,ok
QBKR01000021.1,70208,70429,0,222,44.50704834339735,6.5039420572281195,0.10822338393417902,0.4111879130166104,0.26597643660446657,0.32743801593614713,-78.9000015258789,11,0.6036036036036037,2,ok
AP018449.1,2934696,2934901,0,206,50.23710561189533,14.552634853329879,0.5869447736801127,0.41516072598205245,0.028359300733431302,0.4848580463157468,-55.5,12,0.470873786407767,2,ok
ACJM01000004.1,62456,62538,0,83,80.29401104698312,5.059748891356515,0.20417155511728904,0.4674673238239287,0.19540265772106222,0.21766500744298725,-25.299999237060547,10,0.5542168674698795,2,ok
CP000096.1,692601,692749,0,149,85.80090046928443,2.417822749466368,0.6711824018777137,0.3362590241346632,0.33090998927509047,0.4247007198189875,-55.0,7,0.48322147651006714,2,ok
CP018906.1,1777730,1777952,0,223,54.48762147537816,6.819240320239725,0.4659570768681249,0.421583953792787,0.27368032600411296,0.48302988066371777,-54.900001525878906,7,0.4125560538116592,2,ok
VWNA01000001.1,2759036,2758792,0,245,40.28090245252732,8.913725292365696,0.23600805635223965,0.34006613404553615,0.5198792203412916,0.6666532448256187,-121.69999694824219,9,0.710204081632653,2,ok
CP016782.1,845562,845435,0,128,86.68100619761316,2.322439687686004,0.14794812906726476,0.41036613032404234,0.23246232230867578,0.2527514214639935,-40.599998474121094,9,0.5,2,ok
WNLA01000004.1,190545,190442,0,104,53.799471588490775,14.52662229215806,0.05188259307835302,0.46834096475338566,0.20729716252718328,0.2366552094917818,-25.799999237060547,12,0.5576923076923077,2,ok
VCIW01000044.1,13444,13713,0,270,55.773627652543254,2.1907052804768212,0.5224252039312716,0.39481733225969123,0.38135878867560763,0.4875193575459316,-110.5,9,0.6296296296296297,2,ok
JACXSI010000011.1,23269,23498,0,230,46.42230870887934,14.676596307839123,-0.1329138512407777,0.39684798380759806,0.9224150037228727,0.7898721238049238,-58.29999923706055,11,0.4391304347826087,2,ok
RYZZ01000022.1,18064,18322,0,259,94.99999969590425,6.015616253183341,0.11911380767563091,0.38897637737546487,0.001263344518679127,0.00518456108505469,-76.80000305175781,8,0.4555984555984556,2,ok
WJNG01000013.1,175243,175030,0,214,68.53832529758621,9.34017836957827,0.09310251635523875,0.48129129632919687,0.20949662370723726,0.21979214546927137,-44.400001525878906,15,0.42990654205607476,2,ok
SRSD01000004.1,217142,217051,0,92,59.30994246591832,5.7276371617709865,0.22228069400396552,0.4103407859149774,0.2296792218775559,0.30318018365548793,-25.0,4,0.6195652173913043,2,ok
LMLV01000012.1,356458,356258,0,201,51.02826182065023,12.69677855170877,0.4401471755022611,0.33545748100356365,0.21695250434294003,0.5274034524398291,-75.0999984741211,8,0.5671641791044776,2,ok
AP018203.1,5751493,5751354,0,140,63.58567144727624,5.079257508455034,0.7390681727663344,0.49562124311198474,0.47749291346021333,0.6726121740339661,-32.29999923706055,19,0.4928571428571429,2,ok
NOWF01000005.1,139369,139474,0,106,94.99999998039043,2.5975163813664643,0.17673911242269413,0.41859686937953233,0.7371936944261558,0.7580158416468511,-34.70000076293945,9,0.5377358490566038,2,ok
FMVW01000006.1,149038,148827,0,212,52.59417257415072,11.32098882615559,0.31172581428385826,0.43667130520125735,0.4128009234128457,0.6008548908365811,-73.19999694824219,13,0.6320754716981132,2,ok
JACMPV010000064.1,2588,2721,0,134,72.29280027624579,7.82162580637284,0.5597401587661166,0.4451433462267385,0.24989644753098644,0.3076533877270139,-38.70000076293945,13,0.5,2,ok
FSRO01000001.1,1013814,1013594,0,221,86.3635782628151,4.688517141414726,0.5609304483382334,0.39121231244276217,0.03205178420389418,0.08324092603394723,-66.5999984741211,6,0.48868778280542985,2,ok
JACOFV010000005.1,122553,122837,0,285,41.68437016421521,8.133600997493254,0.24368264773957282,0.40635859815998326,0.7752423787221753,0.9282533607458008,-86.0,10,0.4631578947368421,2,ok
CP032096.1,164322,164200,0,123,75.07512249606802,3.7060711970498064,0.6579362139022958,0.526523073795978,0.16643730685586128,0.27993085007587915,-27.100000381469727,11,0.5121951219512195,2,ok
CP011412.1,789974,789764,0,211,48.12870434356865,7.805801637350978,0.33299947505243793,0.4145661912179957,0.434989462208768,0.6430824037665965,-75.80000305175781,15,0.5829383886255924,2,ok
LZZM01000234.1,22970,23070,0,101,59.33409654362123,7.466092932339966,0.16411459101963854,0.4421665317025863,0.1061059830046297,0.16084484437279883,-20.5,7,0.36633663366336633,2,ok
BOPG01000065.1,43576,43458,0,119,50.81410262734681,19.999999999999996,-0.02237361186397302,0.4141706529971957,0.6645462473402353,0.6434893745461941,-43.70000076293945,11,0.6638655462184874,2,ok
BJVC01000002.1,4817,4620,0,198,35.94040948780441,6.981089699809728,0.10818615726222747,0.4104801688467387,0.813456565801103,0.8567675990060776,-63.70000076293945,10,0.5909090909090909,2,ok
FR895405.1,9072,9235,0,164,44.34973645097112,12.380619711861453,-0.010607715200194323,0.3152602778541517,0.81085987728711,0.8010786882935964,-71.5999984741211,12,0.4451219512195122,2,ok
LSVF01000004.1,434709,434818,0,110,49.88714144072907,19.999999999999996,-0.00752115122393715,0.3953849007051998,0.6672757954686525,0.6625863656609349,-40.5,7,0.44545454545454544,2,ok
LOHZ01000042.1,12072,12167,0,96,94.9999990260459,4.965649115042333,0.057412732826527674,0.33146380354727084,0.001079197872736526,0.004146277980202044,-38.599998474121094,15,0.4791666666666667,2,ok
FNPR01000001.1,687903,687979,0,77,64.46435076143894,8.93361585480117,0.6219771388017239,0.4699215013676558,0.35798688391831396,0.47669503359627763,-15.600000381469727,13,0.4675324675324675,2,ok
CAJQZC010000001.1,690611,690857,0,247,39.720761957488435,9.632958124296575,0.15723904483254203,0.4058504786286282,0.6168661403720298,0.7146001212319868,-88.19999694824219,8,0.6194331983805668,2,ok
FP929052.1,964224,963999,0,226,65.66771460606766,8.035376080015233,0.620871814915582,0.42684272651782423,0.0143721860989523,0.12969648018259633,-68.0999984741211,13,0.5442477876106194,2,ok
JACWEJ010000008.1,891,979,0,89,94.99991506682332,4.312314170832118,0.5037123424137138,0.565736597122556,0.4191882629589333,0.4546769122956599,-16.0,10,0.48314606741573035,2,ok
KQ959732.1,149910,150025,0,116,67.40056685454033,6.119533404736585,0.6442635961511314,0.4437866126947416,0.2773747837668554,0.4058413610442215,-46.29999923706055,9,0.6379310344827587,2,ok
VWOX01000004.1,171985,171725,0,261,94.9999994829456,3.486137046343614,0.30757619990655477,0.2926385894908588,0.17370123765232215,0.20264235010515702,-110.0999984741211,6,0.6130268199233716,2,ok
RRCF01000003.1,111718,111630,0,89,50.10057546391085,6.724589967246243,0.03275539706861874,0.5585153660914042,0.9362055649030474,0.9537760265787801,-13.300000190734863,16,0.449438202247191,2,ok
LT629751.1,3114468,3114362,0,107,54.0088889273725,9.219789287458372,0.08314342191247437,0.4507970224344139,0.6349473062519045,0.6774726582016146,-34.29999923706055,11,0.5981308411214953,2,ok
JADBEB010000001.1,7861662,7861426,0,237,94.999888028298,3.674039776269351,0.2254619521199438,0.3843277163560852,0.8243104623589852,0.8446220934166166,-100.5,8,0.6835443037974683,2,ok
BDEC01000205.1,16719,16490,0,230,81.54053559268326,6.02784317314017,0.5470404809221006,0.5075875524937125,0.014225750683393074,0.057038864356734664,-33.900001525878906,14,0.3521739130434783,2,ok
RBVX01000016.1,45445,45705,0,261,72.49137739720211,4.753647281871718,0.6348607402664033,0.43998320633488414,0.11178858289028235,0.22194136881024104,-68.5,17,0.42528735632183906,2,ok
CP029761.1,2487686,2487489,0,198,74.87956929822393,5.259663058244123,0.34742723103043816,0.3830701236549096,0.35551860616574255,0.40446054175699775,-81.30000305175781,7,0.696969696969697,2,ok
CP048649.1,2129607,2129409,0,199,94.9998677206194,6.112748752085832,0.3191560585862786,0.49105787294595077,0.0020088839745991682,0.012014760308368455,-45.5,14,0.4472361809045226,2,ok
CP040058.1,1247892,1247990,0,99,94.99999073914009,3.9413776485985044,0.05084458386002541,0.4460499820141669,0.0019614122173617467,0.006053449235794273,-26.399999618530273,13,0.43434343434343436,2,ok
FR889411.1,18901,18998,0,98,37.86413225547487,5.4323166055756635,0.05892840619823658,0.5135928096028313,0.9460112928635052,0.9704360868273063,-15.899999618530273,24,0.32653061224489793,2,ok
FQYQ01000010.1,57899,58062,0,164,93.47874172393188,2.9044011930125304,0.10505068545544383,0.29738326342410115,0.7651995983952677,0.7771177046395492,-68.0999984741211,11,0.39634146341463417,2,ok
AYYO01000006.1,34022,34118,0,97,46.656344869748516,2.9274792477294262,0.24697797316094772,0.5415775871010037,0.6036847756143185,0.67324123446643,-17.100000381469727,16,0.41237113402061853,2,ok
NFLE01000014.1,2802,2879,0,78,39.749455145628694,4.6012062367442494,0.12459273653674757,0.5396808389790593,0.547019086826458,0.5966894393815586,-14.600000381469727,10,0.46153846153846156,2,ok
JAAVXB010000003.1,354497,354396,0,102,42.56752877168024,14.800267385592967,0.00697945125073321,0.3169648339604326,0.21664332090051097,0.2226542611942172,-61.5,8,0.7549019607843137,2,ok
KB850956.1,2658859,2658624,0,236,83.8929305284698,8.24036438508714,0.5161352479540936,0.5668461078157873,0.8293338234275802,0.8467512923854414,-34.099998474121094,17,0.3644067796610169,2,ok
JAGSOJ010000005.1,108467,108368,0,100,60.17970598203393,4.511864271283755,0.4972705656505392,0.4824006356959211,0.6347989663291973,0.7837719082189267,-18.200000762939453,11,0.32,2,ok
CP041372.2,927662,927763,0,102,94.99997098362661,3.6316924959874313,0.03661807008710116,0.6048657501339875,0.20088660906086223,0.204177766594675,-20.5,18,0.4215686274509804,2,ok
ANPE02000100.1,23831,23641,0,191,36.929280109906244,8.320923713643479,0.17812868573815616,0.38976867131670795,0.0987287620402598,0.18143843623429312,-71.4000015258789,9,0.6178010471204188,2,ok
FUWV01000004.1,123463,123247,0,217,46.347641181485194,17.281687397149074,-0.025525719009565073,0.5152754466118331,0.390493971068008,0.36484803070240857,-38.20000076293945,14,0.3870967741935484,2,ok
AZDA01000007.1,49171,49430,0,260,49.54931699685825,6.19213697975205,0.5112533779244021,0.3990930027574544,0.4762616135248606,0.7395756917936495,-69.30000305175781,11,0.41923076923076924,2,ok
CATITV010000051.1,12326,12224,0,103,42.48946841389791,6.044863445996512,0.4023995925742906,0.42524608605731407,0.24622132890687087,0.4572600140330933,-37.0,11,0.6699029126213593,2,ok
SMAR01000006.1,18616,18698,0,83,45.54936057280812,16.96270761346758,-0.005362724434568755,0.44321036463547775,0.4083334693308574,0.40300961070180075,-29.899999618530273,10,0.5903614457831325,2,ok
NKIT01000033.1,11910,11860,0,51,39.61887599304514,12.196173906180087,-0.052817511405468864,0.4142075257776029,0.547696609737148,0.5107752615335511,-17.100000381469727,6,0.6078431372549019,2,ok
PSNX01000008.1,14015,14090,0,76,43.15930661930544,6.168548805277652,0.12364032599447455,0.4563949840990859,0.3801196949253124,0.4466264789592807,-24.600000381469727,8,0.631578947368421,2,ok
QKRA01000002.1,433838,434037,0,200,53.75396707693859,5.337625614790716,0.12241221620815856,0.3939219538791464,0.5309030880704351,0.5811858367810366,-62.900001525878906,16,0.5,2,ok
CP040093.1,603268,603066,0,203,51.72508843375617,7.720074276339736,0.19081245659134427,0.570887211172061,0.8076017796521752,0.9118415851584498,-35.099998474121094,15,0.43349753694581283,2,ok
FNRK01000004.1,78181,78004,0,178,76.35129244857889,3.6134773815237464,0.6528885542091767,0.4527383231728119,0.5320574769087312,0.6405507259741807,-45.599998474121094,11,0.4606741573033708,2,ok
BAFE01000009.1,23542,23724,0,183,56.88983282152126,9.152354971674184,0.017893361334273078,0.34978639859191485,0.19940624254503567,0.20659389857494093,-84.30000305175781,11,0.73224043715847,2,ok
SOEG01000018.1,31829,31662,0,168,42.23144187080321,12.594888906461147,-0.0738769946802833,0.46290390635808876,0.20920197066694876,0.1465360056913231,-44.599998474121094,15,0.3630952380952381,2,ok
CP017761.1,2724409,2724148,0,262,68.63734093627868,8.554829047330205,0.5753849224563143,0.526369514351003,0.22784132660196724,0.30107476781662723,-45.599998474121094,27,0.42748091603053434,2,ok
KI391947.1,1652499,1652709,0,211,39.142693688025744,19.999999999999613,-0.08744790169802835,0.38974911654167205,0.33660889159576846,0.27897639805992186,-76.5,14,0.6445497630331753,2,ok
QUGS01000017.1,7565,7415,0,151,57.25191171699683,19.055419462549388,0.022703172120560278,0.5228463795369287,0.646860908621295,0.6546266902661482,-45.5,17,0.5629139072847682,2,ok
LJIY01000001.1,167560,167402,0,159,18.176538082332208,4.623934199556669,0.5124289594107986,0.5528524789874806,0.8100859320956758,0.8259959510060659,-32.0,23,0.34591194968553457,2,ok
CP000095.2,382308,382246,0,63,35.55834519134904,3.6973846894572384,0.4074999765109414,0.42649708595946323,0.4166920247239684,0.5380867865474642,-16.0,10,0.49206349206349204,2,ok
AL591824.1,2491176,2491058,0,119,82.5176763380241,4.773830356337422,0.5723196126337766,0.34052703969706255,0.34557208426364927,0.4059375322217361,-32.099998474121094,6,0.3865546218487395,2,ok
CP093313.1,4512299,4512376,0,78,77.86312265286008,6.774482772415622,0.2726225324152693,0.4197545825583251,0.4088130952365242,0.4306839943189469,-23.899999618530273,8,0.5512820512820513,2,ok
CP029186.1,1798254,1798191,0,64,30.250151036560673,19.999999999931482,0.5080084476886073,0.48432749272795544,0.568790228685856,0.5787292795531106,-8.600000381469727,12,0.328125,2,ok
QXIR01000053.1,7094,7262,0,169,86.56416986631973,3.2079064096643286,0.6170927107374029,0.4214540605357545,0.4869033799369257,0.5663504474924222,-52.70000076293945,12,0.46745562130177515,2,ok
JNGB01000019.1,46904,47130,0,227,51.59264141412859,5.468463469639089,0.38971265268377087,0.4345034050609535,0.2389298026348162,0.41316651350727424,-54.599998474121094,11,0.45374449339207046,2,ok
CP000885.1,1723912,1724117,0,206,75.65843139946031,3.3781060636739597,0.6596890610692804,0.3940425326773118,0.3422721417635083,0.4557998353498377,-53.0,9,0.3786407766990291,2,ok
JANL01000032.1,67062,66758,0,305,94.99981498193344,3.584127795352548,0.06276261618367279,0.4122413958634469,0.20459611181102585,0.21035077815723646,-92.0,23,0.46229508196721314,2,ok
CP002689.1,543459,543181,0,279,51.20952572340755,19.999999999999996,-0.025438428716921258,0.37173793900882324,0.5531074006088912,0.529459163127675,-87.5,10,0.5161290322580645,2,ok
QRMS01000009.1,16710,16891,0,182,74.50024130149794,6.339442310734125,0.573475348983395,0.4157677589161698,0.3255486472871243,0.39275873573349,-49.099998474121094,11,0.46153846153846156,2,ok
LIUT01000001.1,644433,644210,0,224,70.83034778335282,6.848980633070041,0.5886879331551303,0.4676808548186614,0.18710693932984798,0.26916868919580395,-58.099998474121094,18,0.48214285714285715,2,ok
WESC01000002.1,265166,265083,0,84,46.61431851633348,8.018570293411754,0.5452409013182872,0.43433273503513786,0.4787325496692535,0.8355910517819198,-29.200000762939453,7,0.7142857142857143,2,ok
PSZO01000003.1,123483,123371,0,113,63.99003437792923,6.132145678013908,0.47999741641853033,0.5359318322622667,0.5530191738889659,0.6728519518502598,-18.899999618530273,7,0.4336283185840708,2,ok
RAYU01000002.1,160299,160195,0,105,37.81861909326972,9.107674624162062,0.043929470153968975,0.5421922850894377,0.8488655114667747,0.871534507630839,-16.799999237060547,11,0.4857142857142857,2,ok
JACCFH010000001.1,3548064,3547925,0,140,22.885491807244993,3.123660108260286,0.5991280209898563,0.30817104431004694,0.12118036934568444,0.19424896563448418,-68.69999694824219,12,0.7071428571428572,2,ok
JABZEC010000004.1,181373,181191,0,183,56.22851218401865,3.897265438636356,0.3582399233900143,0.45421069411341614,0.21444384400776495,0.32726329700327966,-37.20000076293945,25,0.3989071038251366,2,ok
MIJF01000067.1,14155,14330,0,176,94.99999093343145,4.605377130656015,0.20392036575481842,0.3378715840959419,0.21809675384707078,0.23091755697958855,-63.79999923706055,7,0.4318181818181818,2,ok
JXRP01000020.1,89705,89490,0,216,68.92372215452713,2.7805365651252116,0.35416737465732634,0.49996482612957843,0.3188614715952137,0.38879358849768886,-46.20000076293945,11,0.4583333333333333,2,ok
FNYE01000007.1,86643,86929,0,287,67.4661586339918,5.594950882390512,0.6601615737722843,0.40429681710107296,0.4657797270732824,0.6044977639589411,-106.4000015258789,13,0.6167247386759582,2,ok
AZEF01000061.1,37815,37605,0,211,51.471107067811445,19.999999999999996,-0.010718890766293176,0.4896016573891435,0.45779500419802666,0.4505231545816666,-50.400001525878906,15,0.4786729857819905,2,ok
MDDC01000004.1,97599,97457,0,143,47.623207066696835,19.999999990319342,-0.032246920201913,0.4817851256263104,0.613108666006283,0.5817429542567751,-38.79999923706055,8,0.5664335664335665,2,ok
CP000884.1,4572348,4572496,0,149,94.99999997443386,3.0956726687060394,0.2284659768547248,0.3590870112669157,0.32542165003317736,0.34943728063705476,-64.9000015258789,6,0.6778523489932886,2,ok
BJYZ01000008.1,52031,52093,0,63,59.45153388773583,9.626863760959116,0.0079842000246802,0.44184270105969947,0.3997560707088658,0.4022285114865574,-21.799999237060547,7,0.6825396825396826,2,ok
GG700527.1,138712,138800,0,89,94.99999950109539,5.7897505368182065,0.10231010013585823,0.2967238038597655,0.22652718161341587,0.230262671838035,-32.400001525878906,10,0.42696629213483145,2,ok
HF990656.1,5351,5192,0,160,48.56404903972602,3.4188164715105005,0.37176192127648067,0.41466648254703653,0.231856107735462,0.3515539151621341,-46.70000076293945,10,0.5875,2,ok
AZDG01000001.1,168564,168771,0,208,69.36942675194315,6.1736425265284804,0.6209315155713429,0.41267780595339865,0.4522622607137755,0.5620283862583672,-43.400001525878906,17,0.375,2,ok
PDKO01000003.1,201921,201807,0,115,84.12570739533447,7.425599132358691,0.4660727284882941,0.4980900106239104,0.39752924658544564,0.4155742580991563,-19.399999618530273,12,0.3739130434782609,2,ok
FNJU01000016.1,53748,53508,0,241,34.97138540510868,19.992214312329764,0.01242382709861356,0.5280509996879198,0.9612347404178518,0.9634853140316881,-37.0,30,0.4024896265560166,2,ok
LGTO01000007.1,1875512,1875733,0,222,79.6825774023302,3.9261008297164905,0.6169726390585186,0.40470075602671696,0.27159785192777114,0.3601575695339826,-55.099998474121094,15,0.4144144144144144,2,ok
JQCE01000006.1,8512,8342,0,171,33.67877337363122,5.853641551897099,0.24756785324369313,0.5211230463566813,0.8803570280927431,0.9575328413606948,-38.400001525878906,22,0.5380116959064327,2,ok
KB946312.1,169343,169132,0,212,57.29385983585134,7.562140682660847,0.650454622140463,0.4997091731224659,0.03418054732334974,0.2865567629619104,-36.5,10,0.4009433962264151,2,ok
FUXA01000005.1,321604,321873,0,270,45.46208986024028,14.957604011641195,-0.5297024647275472,0.39711676583034133,0.8239325808069428,0.30704635762734356,-71.9000015258789,8,0.43333333333333335,2,ok
BKCF01000008.1,15925,15792,0,134,93.47801264859037,2.358307420608428,0.4188062055497324,0.41496634332746535,0.48012368603961486,0.5312383432991761,-31.700000762939453,10,0.3582089552238806,2,ok
LJIE01000001.1,1624786,1624585,0,202,57.87236823488078,4.694543428696103,0.2580359333554292,0.3982874275010385,0.6833248930064448,0.7687797412269827,-51.0,11,0.41089108910891087,2,ok
AE017282.2,144281,144199,0,83,40.47680142800862,19.999999999999964,-0.00397052424355171,0.42442285764309196,0.23935530026890897,0.23644475065390624,-35.29999923706055,11,0.6987951807228916,2,ok
JACRSP010000002.1,580797,580715,0,83,60.63549272747233,11.010648643521366,0.4510869052008481,0.4103963442952714,0.2861082173820938,0.39890061842482727,-22.299999237060547,8,0.5783132530120482,2,ok
MDER01000043.1,34756,34916,0,161,94.50966835056757,3.4986777536869353,0.5745366273390564,0.42244469626997727,0.14622015554955614,0.20096580152181018,-50.70000076293945,11,0.5279503105590062,2,ok
BAVR01000068.1,9836,9644,0,193,94.99995831581562,6.156337770470436,0.4448947299288793,0.5516593114594052,0.008872885617543902,0.022491100753533333,-35.099998474121094,15,0.39896373056994816,2,ok
CP001739.1,759665,759830,0,166,39.13106821639127,11.469201378873063,0.11251430498541048,0.3933533323524603,0.7664124200824842,0.8373578237776215,-44.599998474121094,11,0.41566265060240964,2,ok
FQZS01000030.1,11043,10821,0,223,94.9999783001755,4.625802785065685,0.22509280871010862,0.5032349672301826,0.25730246639255544,0.27125034886098665,-44.0,15,0.3991031390134529,2,ok
JADBEL010000010.1,126105,125892,0,214,53.31851754882865,7.344305988374629,0.6525664102029352,0.4914052863487955,0.38583060023452465,0.7073541077001309,-47.79999923706055,13,0.48130841121495327,2,ok
KE993464.1,320750,320943,0,194,56.93124584191015,5.23609141271331,0.5436258357439496,0.41439025782378025,0.30345594412041876,0.49920541364263843,-40.900001525878906,7,0.36082474226804123,2,ok
QGUB01000002.1,44995,45205,0,211,32.58822400898557,19.999999999997257,0.539738250841715,0.36547985178457687,0.6919699957822438,0.7196846368498081,-111.0999984741211,11,0.7156398104265402,2,ok
BMHQ01000003.1,113369,113541,0,173,48.20934243130047,15.974619163623304,-0.002956365239628056,0.3355624726164975,0.9974725511322748,0.9943873041354047,-82.0999984741211,7,0.5953757225433526,2,ok
CP004120.1,1329411,1329528,0,118,48.86301584569083,7.880783807097669,0.6081842599809802,0.3852680553939518,0.19198340580239467,0.5672522537863562,-24.399999618530273,13,0.3389830508474576,2,ok
JNVU01000039.1,25150,25260,0,111,6.384612649566522,1.6506630117596732,0.4928317718717392,0.3750973583582808,0.4122375678950359,0.424263250132543,-47.79999923706055,4,0.6846846846846847,2,ok
BX248353.1,922838,922969,0,132,59.30226302387258,9.198470596442966,0.1975824381158806,0.5203420370956893,0.08125393485425486,0.14443614751616096,-35.0,19,0.5151515151515151,2,ok
BDUF01000004.1,99961,100127,0,167,44.501338499417955,17.44790856699186,0.03130065120419434,0.4213810927898969,0.7171027929077818,0.7456861186735086,-52.5,7,0.5568862275449101,2,ok
FONT01000002.1,424112,424221,0,110,46.798343722805086,6.756070270647572,0.604285270807172,0.378139883529902,0.4707641767348731,0.8203895870482076,-34.29999923706055,5,0.5,2,ok
PIPI01000001.1,265458,265676,0,219,94.9999986040282,4.515275326309273,0.27719462394073385,0.36835983040641307,0.29958803240472864,0.31740571044070315,-74.5999984741211,6,0.5388127853881278,2,ok
AYSH01000020.1,182833,183041,0,209,64.7614960608685,5.502852594605411,0.3630241652801715,0.4573380197302404,0.47772415154730774,0.5667816627071822,-42.5,12,0.37320574162679426,2,ok
WTUW01000002.1,352529,352634,0,106,56.338170361206934,4.501867068800862,0.5622651470260418,0.43885021111507433,0.062322119290037586,0.2546754171824969,-34.099998474121094,9,0.5566037735849056,2,ok
AP008230.1,3582741,3582630,0,112,52.564264820580625,19.999999999999996,-0.008407249644540038,0.44576139641697854,0.40836523209039866,0.40378769939802994,-25.100000381469727,11,0.48214285714285715,2,ok
KE159597.1,64337,64626,0,290,51.98496077235111,9.393921825918838,0.32448724378565896,0.4681401401642651,0.27783206740150657,0.4693506294831228,-70.30000305175781,17,0.46206896551724136,2,ok
CP003620.1,4833593,4833747,0,155,67.02243165581207,4.447919958707787,0.3213576731659503,0.39125123030936715,0.5268600930795166,0.5997636017191628,-44.79999923706055,8,0.45806451612903226,2,ok
KE993496.1,71947,72128,0,182,48.572771235492255,19.136198064090152,-0.15976306209598,0.3011574536519462,0.6668355847241146,0.5019671401658808,-58.5,7,0.4010989010989011,2,ok
LJIX01000006.1,273594,273643,0,50,88.35332852264912,1.9373019769094704,0.07160348669830358,0.4548118390934672,0.36665811004376814,0.3759336534220073,-13.600000381469727,10,0.46,2,ok
HF988797.1,31382,31120,0,263,31.533886664960715,4.455863156745554,0.27969146944848555,0.5343337412087449,0.8539978240085683,0.9244296723675903,-62.29999923706055,15,0.5247148288973384,2,ok
AMRL01000006.1,106191,106298,0,108,89.59575416688324,2.4564255262706123,0.5882749951506767,0.3700511360336038,0.28240328187284697,0.3587026432447424,-47.599998474121094,8,0.6481481481481481,2,ok
VLKH01000015.1,45405,45184,0,222,58.67059026164878,9.351203254031661,0.13214006519816218,0.47235110092213933,0.29943237131391454,0.3444293416057002,-41.599998474121094,16,0.36486486486486486,2,ok
PISE01000031.1,80619,80868,0,250,41.66793391384368,14.747122436249185,-0.02493894789969575,0.42412165133689744,0.5459606210279101,0.5252396625610222,-60.70000076293945,17,0.448,2,ok
AFRZ01000001.1,841263,841130,0,134,41.15567200833114,4.731919850856084,0.23157508623723777,0.46803187666860113,0.7460379003810711,0.843483316169673,-31.100000381469727,31,0.4626865671641791,2,ok
JNFA01000030.1,149618,149477,0,142,59.61462585521046,10.372743377697805,0.027181636113766398,0.40492300447208945,0.006551087604850819,0.014546561815256764,-44.70000076293945,10,0.4859154929577465,2,ok
KN125580.1,2833222,2833417,0,196,50.97534320274071,3.636738899462937,0.09757496117543843,0.42783397312334914,0.016450602916886825,0.04888355291181165,-71.9000015258789,7,0.576530612244898,2,ok
GL890572.1,543073,542972,0,102,53.5492370057646,8.128667882089806,0.12592313217781115,0.4049919880912409,0.6137981624827629,0.677611563306868,-27.600000381469727,6,0.5196078431372549,2,ok
PJNH01000001.1,162157,161953,0,205,57.93548959601125,6.956476384855213,0.8538958738759632,0.4699560479584309,0.3274348810908495,0.6489585738087843,-36.70000076293945,13,0.4195121951219512,2,ok
RKRK01000003.1,357799,357900,0,102,76.16494888952946,5.107795978873886,0.595147518309529,0.5357313475098703,0.17440345180658784,0.25531710842295263,-18.5,15,0.3235294117647059,2,ok
BA000045.2,4374948,4374811,0,138,77.0390585808118,3.90609239384583,0.6185653428388196,0.4554269943256717,0.4308572505656244,0.5282847958062897,-49.099998474121094,11,0.6376811594202898,2,ok
CP049109.1,1679269,1679456,0,188,71.13876204683535,6.352189707012523,0.597947332170315,0.278147795603333,0.2683464602655623,0.35742542086240325,-103.19999694824219,9,0.6648936170212766,2,ok
SRIB01000008.1,52279,52355,0,77,94.88729328723807,2.7567447538534737,0.2189118338066265,0.3907678470182085,0.3634849273408925,0.3886111545191078,-23.5,4,0.4675324675324675,2,ok
AYYZ01000030.1,64975,64875,0,101,36.84686779643025,6.134166625058409,0.2757719105465807,0.5251461021273457,0.8360461341860417,0.950337469431291,-15.5,18,0.32673267326732675,2,ok
CP002637.1,2025197,2024994,0,204,94.999754814924,3.4751309393650596,0.3589947533499967,0.4631917610447913,0.36133543401354506,0.39537065341974414,-54.79999923706055,14,0.5147058823529411,2,ok
JABAFA010000011.1,46966,46868,0,99,73.4041679765788,5.181970632836387,0.16724058894902027,0.4350481175140178,0.5077420551831858,0.5337018612702872,-32.20000076293945,8,0.6868686868686869,2,ok
FOWD01000054.1,4847,4583,0,265,94.9997129226891,1.775544702452914,0.2789375228877977,0.4551568703104426,0.036246340501124824,0.07021359492325388,-51.040000915527344,35,0.3433962264150943,2,ok
HF987495.1,74296,74175,0,122,72.50366026196245,5.839336679860547,0.38048622415864575,0.4765743023640829,0.5142770200343149,0.5701438949288551,-35.70000076293945,7,0.5245901639344263,2,ok
FNRK01000006.1,110516,110428,0,89,38.131493782530555,19.999552487248685,0.010169748914876986,0.5635305322110905,0.8911941656488798,0.8979592505611942,-14.399999618530273,15,0.48314606741573035,2,ok
OUNR01000020.1,65835,65642,0,194,54.057916273897796,11.17992477903855,0.17189565543273488,0.43105175124173156,0.7105245198385737,0.8022342184920429,-56.0,8,0.5721649484536082,2,ok
CP041372.2,3139158,3139053,0,106,42.144938964161746,11.99630242391934,-0.10546547761977526,0.5006431485939917,0.5300823710868698,0.4421443207393878,-27.799999237060547,12,0.5566037735849056,2,ok
ASWO01000001.1,723265,723022,0,244,43.48662277706192,15.155785790168531,-0.03381656571852176,0.5216527554342074,0.43103699191649525,0.40144041968239047,-49.599998474121094,27,0.430327868852459,2,ok
BOOW01000004.1,50974,51117,0,144,47.41775174221696,18.221295479254845,-0.12044403496214934,0.3850878859351219,0.43242426211799395,0.3111810712608277,-53.5,9,0.6319444444444444,2,ok
QWET01000006.1,35957,35776,0,182,89.60930858487599,4.533250120921133,0.5537644765685998,0.5226169598760818,0.2640061275294536,0.3088194334572988,-37.599998474121094,12,0.45054945054945056,2,ok
CP022736.1,2799395,2799127,0,269,94.99990675941474,4.972869615738404,0.28508024598545667,0.4259798912822113,0.5042248453734648,0.5193539489708576,-92.5999984741211,11,0.550185873605948,2,ok
ALNK01000027.1,207627,207398,0,230,55.21565088774449,15.036867220425158,0.17918057662472814,0.581750042713246,0.48535220681326274,0.5714212215273827,-30.100000381469727,29,0.3826086956521739,2,ok
KQ758618.1,647294,647527,0,234,70.06075296812988,4.455135157307555,0.6711556530035753,0.4202537234172858,0.04323157666258626,0.17794438994049622,-59.5,11,0.4700854700854701,2,ok
CP005078.1,1069039,1068881,0,159,42.609287808553084,14.416989805834598,-0.011149622602068865,0.47555038062100824,0.5823301327354348,0.5723919247259757,-27.700000762939453,19,0.27044025157232704,2,ok
QAON01000001.1,90909,90789,0,121,55.11173571715087,2.9754194152199718,0.7734329015043906,0.4551472011391489,0.3447158834930415,0.5492894787198972,-27.200000762939453,8,0.4462809917355372,2,ok
NFLT01000007.1,116006,115858,0,149,78.05205957168585,5.272921209786833,0.579198214909807,0.35606674352194745,0.3455968359681087,0.41393690948420997,-35.70000076293945,9,0.2953020134228188,2,ok
SEFD01000008.1,22057,21994,0,64,94.9999513977355,3.5745492950761237,0.3932997011895626,0.4302041979192753,0.5265863700689565,0.5624415734552886,-20.799999237060547,7,0.640625,2,ok
JH590862.1,494529,494395,0,135,71.43885753234088,3.5763085205324,0.6969404153441286,0.46654506139966684,0.5168220122646837,0.6537270326377276,-32.400001525878906,13,0.5111111111111111,2,ok
JRAR01000047.1,472,565,0,94,48.16989508983353,6.6600897845443345,0.25458136505769613,0.5039278874363076,0.554097881957641,0.6967545629232783,-22.200000762939453,9,0.5106382978723404,2,ok
FNNC01000001.1,594222,594401,0,180,88.93667598451141,5.0312132777897265,0.46269880061024216,0.3358623138054518,0.2639715975238147,0.2965642485194701,-65.0999984741211,7,0.4722222222222222,2,ok
LOEE01000046.1,66305,66082,0,224,41.93541093857866,17.656990583501127,-0.005386429234317813,0.4979982253968364,0.47617974320369366,0.4718092457972759,-52.79999923706055,19,0.4642857142857143,2,ok
JRNI01000028.1,26111,26014,0,98,55.896966633571864,10.313382535408437,0.050730166373606445,0.43279100206977567,0.46323420528893156,0.4857089812689262,-24.100000381469727,9,0.5204081632653061,2,ok
QJJR01000003.1,167892,167625,0,268,41.965348926634874,5.323325629946564,0.23259250783856134,0.4462271991883456,0.5188086394410992,0.6281103061866533,-59.0,16,0.43283582089552236,2,ok
NFKJ01000014.1,73053,72957,0,97,80.67744093311114,1.8290551776837631,0.7488387394078169,0.5008814516018331,0.5876927011958036,0.6917995504425306,-13.0,8,0.3402061855670103,2,ok
AFUG01000008.1,120320,120112,0,209,88.47718671004631,3.5076291004477644,0.5948396127234226,0.504654282864642,0.36791658691696794,0.4365577180006425,-41.79999923706055,23,0.42105263157894735,2,ok
CAUI01000005.1,419974,420182,0,209,39.67819387733367,6.4455722434419815,0.13511769697608167,0.4523407443090989,0.5839113277940359,0.6516103889806271,-44.79999923706055,13,0.3444976076555024,2,ok
LT605205.1,2272344,2272131,0,214,85.92073419514217,3.8318144904518197,0.5906724321158321,0.5172644797974003,0.33831861130916385,0.4066702329215872,-45.70000076293945,17,0.4672897196261682,2,ok
JACHHO010000001.1,1636182,1636072,0,111,64.51809012065213,5.214134895388136,0.2954510030075541,0.38049653550350526,0.1264113669112622,0.20055828675173482,-53.900001525878906,8,0.7387387387387387,2,ok
PYYB01000004.1,317870,317675,0,196,81.66216646547096,2.5881669536478515,0.48221249361218677,0.3132040606553663,0.5121344828593806,0.5846518626823132,-99.4000015258789,6,0.6989795918367347,2,ok
FNIJ01000013.1,159149,159054,0,96,62.88691663710063,4.53350000810338,0.18823431629426118,0.39012541804954587,0.39306329401326,0.4438398795994912,-43.29999923706055,9,0.71875,2,ok
FNQY01000005.1,176894,176973,0,80,41.046563694824236,12.665088948868286,-0.12148269478180751,0.5622999107749702,0.549860542750404,0.45363398338427224,-14.300000190734863,10,0.4625,2,ok
SMFQ01000003.1,160959,160831,0,129,50.63872603287699,19.99999991456528,-0.0008792142023503757,0.4749226643635435,0.5451912015366982,0.544521323469916,-25.899999618530273,8,0.37209302325581395,2,ok
VDUW01000001.1,13018,12897,0,122,82.42870252148815,4.03180087347932,0.5980317258135495,0.37831135635141155,0.19732845375538896,0.27276539089213253,-35.29999923706055,8,0.4426229508196721,2,ok
KE993461.1,18094,17995,0,100,51.21678361216992,5.330701999980967,0.5175854665419483,0.44794366676446323,0.24587115255630626,0.47546019827390956,-21.899999618530273,12,0.5,2,ok
QQAY01000004.1,55230,55329,0,100,43.25772755150294,15.612925708595801,-0.019528793208146766,0.3662767948680738,0.2888998209920706,0.2721170703547422,-26.600000381469727,8,0.41,2,ok
CP017675.1,758659,758512,0,148,37.233571551983,5.182694744699252,0.2310114903638818,0.4794412995440472,0.6400463809139327,0.7303608914344205,-41.20000076293945,15,0.5337837837837838,2,ok
CP023434.1,1391299,1391080,0,220,42.282510881737345,6.454136074069956,0.3518194407411882,0.5075454470814126,0.7487207331076173,0.9414343033555207,-42.400001525878906,28,0.42727272727272725,2,ok
JACICC010000003.1,101010,100901,0,110,76.76839283369637,4.2389698787759205,0.6222659646044203,0.4426528809560557,0.2503891532703909,0.34629586485474906,-38.70000076293945,8,0.6636363636363637,2,ok
SMAN01000020.1,37366,37265,0,102,75.94996912963869,2.659169803870942,0.712513791838526,0.4610479938332839,0.5025357495622393,0.6236189073988931,-22.600000381469727,10,0.4215686274509804,2,ok
FWXY01000001.1,348496,348831,0,336,30.693321942791854,3.2977720267998647,0.7714000639287648,0.36671289202266916,0.3560512387170993,0.5310897663400291,-100.0,15,0.41964285714285715,2,ok
ACVI01000136.1,939,704,0,236,47.54742405735981,7.739018161435935,0.33928998193342785,0.4780209834734902,0.6118948191304134,0.8254617041136376,-37.5,15,0.3347457627118644,2,ok
AFDH01000082.1,45024,44836,0,189,37.906488327161235,19.999999999998813,0.029651666518563546,0.4690386152102004,0.9619733481694634,0.9777349717725409,-55.0,13,0.5555555555555556,2,ok
CP061336.1,4643416,4643155,0,262,28.93293392086561,3.681848845614879,0.47401243358152867,0.47380081508049016,0.15568883976145617,0.2516498483612316,-55.099998474121094,15,0.4083969465648855,2,ok
CP000142.2,2400104,2400022,0,83,40.63340759121324,8.586501779459846,0.031084776578852114,0.49307216142913607,0.5848317508711893,0.6040837767536671,-21.799999237060547,7,0.5421686746987951,2,ok
CP011254.1,4269297,4269489,0,193,89.58269887032208,7.769761288984802,0.4800465778348152,0.4527238599857923,0.7522469398047923,0.7624540508746478,-68.80000305175781,11,0.5544041450777202,2,ok
MJIG01000004.1,707087,706935,0,153,60.08381085600776,11.653983885978873,0.6792954699679346,0.36332294902363127,0.31679855890128295,0.4950920668372027,-43.0,10,0.48366013071895425,2,ok
MAXC01000053.1,330133,330275,0,143,55.990896477142584,15.700739027777322,0.11136512904111118,0.38221824286130174,0.6438151758788015,0.6909673307652302,-53.099998474121094,8,0.5944055944055944,2,ok
FR886170.1,1607,1422,0,186,56.45360314457936,5.362553777904138,0.4399814696759405,0.5016319434864257,0.4775979032765104,0.6408418852063305,-37.599998474121094,13,0.43548387096774194,2,ok
FQYX01000002.1,39886,40116,0,231,42.23935547975806,12.96477458018762,-0.0839579898955674,0.42201526673896195,0.08936533803665536,0.017726816894205133,-62.599998474121094,8,0.45021645021645024,2,ok
AZEC01000003.1,146176,146240,0,65,66.18539360850446,4.3980585335507305,0.7215835746068056,0.5612452999147467,0.5496520544386495,0.7192871379225582,-11.399999618530273,9,0.4307692307692308,2,ok
PRDS01000011.1,44146,44239,0,94,63.634957507658726,10.397183885357515,0.6103118232709583,0.3616992118797447,0.10780691037891428,0.21669691137351985,-42.400001525878906,7,0.6914893617021277,2,ok
JACRST010000001.1,164547,164312,0,236,40.40943681515529,12.13414317547885,0.1515207408475191,0.45302867617285636,0.6819765393640491,0.7901067317289698,-69.5,10,0.5720338983050848,2,ok
SJZB01000027.1,10479,10393,0,87,48.49428891575232,7.920061606605163,0.07473063741952879,0.3569258793463514,0.5145578644678777,0.5612460576746716,-33.79999923706055,6,0.6436781609195402,2,ok
OUUY01000074.1,6519,6410,0,110,43.22899716742376,14.263804636570239,-0.029102860749809,0.5439886198710435,0.3627562220214896,0.3361976010299347,-24.799999237060547,10,0.5181818181818182,2,ok
AEUZ02000001.1,910238,910345,0,108,94.99999999999994,3.6673274609035222,0.494729524605018,0.370194054858,0.05441360870080425,0.09836716538259009,-37.099998474121094,6,0.4166666666666667,2,ok
JWHU01000024.1,2800,2942,0,143,55.17241066826842,19.999999999959257,0.02668039004048134,0.3251657971319297,0.48109095126544404,0.49119794423776836,-48.900001525878906,10,0.4125874125874126,2,ok
JACOGI010000002.1,140659,140449,0,211,70.43525930726135,2.4688426913723815,0.770812770591939,0.39971013716776144,0.7375208399309057,0.8779561961618212,-93.69999694824219,11,0.6445497630331753,2,ok
LJHP01000016.1,30373,30289,0,85,46.80905558804213,4.187034582139795,0.18219759373111838,0.3932329937854002,0.3746184288055322,0.4457954022079109,-29.600000381469727,6,0.6588235294117647,2,ok
CP054476.1,2659931,2660125,0,195,46.82602188473195,16.3342488616758,-0.1512559670541564,0.42877580335006393,0.5730268455869407,0.4209621652331479,-69.4000015258789,11,0.5846153846153846,2,ok
CP018906.1,2045888,2045660,0,229,71.98783178542143,5.0414221068311775,0.6295680926868727,0.44427263986840104,0.0493371858958524,0.15830264499160202,-49.20000076293945,16,0.39737991266375544,2,ok
CP003923.1,846421,846499,0,79,39.39557116136289,19.999999999999996,-0.0721820887514184,0.45856219845536333,0.5816399774861731,0.5299833756944947,-22.100000381469727,8,0.5443037974683544,2,ok
VJMG01000063.1,21477,21239,0,239,65.79311392144211,8.938180917844724,0.47866091373840947,0.40900521167406384,0.506161308773166,0.5837042064472396,-90.4000015258789,10,0.606694560669456,2,ok
JXYC01000009.1,217156,217062,0,95,60.616156453577354,7.648501250548118,0.7387675392580089,0.5153558689367514,0.3803191404797019,0.6038158345293843,-20.100000381469727,20,0.3368421052631579,2,ok
BEIA01000003.1,3294,3423,0,130,74.88990648855062,4.089712312889585,0.641527464997264,0.3340294721144268,0.12363675467073695,0.23122745664482972,-62.0,8,0.7307692307692307,2,ok
JAUNQW010000003.1,75849,75626,0,224,57.32474967013657,8.29086276094863,0.14439727015916204,0.5510830678829819,0.5104214515596531,0.5666422056223439,-36.5,11,0.35267857142857145,2,ok
KV786946.1,73421,73331,0,91,29.11270948349545,2.0611254719282885,0.805129955595473,0.585773970925157,0.6307403271474294,0.7652958201524511,-11.899999618530273,12,0.3956043956043956,2,ok
CP000285.1,2342007,2341819,0,189,45.871435650244244,6.28303126895189,0.3147421125049812,0.31417110175403856,0.6400951876766852,0.8137488235243773,-89.19999694824219,10,0.6455026455026455,2,ok
FORT01000008.1,242912,242670,0,243,52.669734174768806,3.942918273233622,0.30808440098308154,0.49555090965790144,0.38640098748256113,0.4922715849339854,-50.400001525878906,24,0.4897119341563786,2,ok
JADEWQ010000090.1,4522,4670,0,149,61.74662155432644,3.897947786464057,0.3928106672438689,0.4537732348599333,0.5982191588176569,0.7040763827278949,-36.29999923706055,16,0.44966442953020136,2,ok
SACT01000004.1,92203,92441,0,239,43.50267868090532,13.52104719034657,-0.012334102192357144,0.3517984040968681,0.2867491468790761,0.2755100195929747,-128.10000610351562,7,0.7238493723849372,2,ok
AP023366.1,818732,818601,0,132,94.9999999999998,5.064002485168755,0.3295386626447085,0.42731544234558483,0.11128482518319194,0.12893762990616556,-36.400001525878906,8,0.4772727272727273,2,ok
CP041730.1,4302933,4302758,0,176,94.99998980260311,4.09726299895814,0.2480628371993111,0.3034518952669756,0.6575079022574267,0.6769998994579769,-82.30000305175781,7,0.6136363636363636,2,ok
CP002801.1,699223,699058,0,166,86.97591894999748,5.609044819772392,0.5379613002781206,0.3362361440190541,0.30998038700249575,0.3441290143801009,-78.9000015258789,9,0.6987951807228916,2,ok
LGUG01000004.1,46723,46811,0,89,42.041923218072505,14.53173003012875,-0.04521102223898124,0.44131548990428704,0.23232152137711806,0.19359959298567347,-25.600000381469727,6,0.5056179775280899,2,ok
KE150423.1,147506,147302,0,205,63.558730658379034,19.999999999999996,0.5280357302440599,0.47767777974720366,0.26368484785934465,0.2797431102539265,-44.20000076293945,13,0.44878048780487806,2,ok
CP001727.1,1116296,1116152,0,145,40.846976099068655,12.774256740504205,-0.01818493646685994,0.4023302585378566,0.03297245548252781,0.01873554774775968,-52.5,9,0.6068965517241379,2,ok
CP019706.1,3542547,3542451,0,97,46.85506706613292,14.675809658816412,-0.022206878252531315,0.45367760607031193,0.9092532802741339,0.8869597195363419,-31.200000762939453,10,0.5463917525773195,2,ok
JAMQKB010000002.1,173726,173499,0,228,45.371055013772924,8.770561786316733,0.5091530284644814,0.46042065388561476,0.32607821890930627,0.6818662903656123,-45.20000076293945,13,0.40350877192982454,2,ok
MJEJ02000025.1,58573,58447,0,127,42.542469241034446,13.01205869135121,-0.05010693430505392,0.42088418256260873,0.5042094028130754,0.46073584253923794,-46.900001525878906,8,0.6535433070866141,2,ok
JRFA01000017.1,18439,18680,0,242,45.69866656752821,14.338785511184755,-0.008764789306616727,0.38569231691581807,0.6779090634036133,0.6693286027157669,-64.5,8,0.384297520661157,2,ok
LGKP01000003.1,15636,15772,0,137,41.701673219455216,3.274303678929119,0.49204264024818517,0.42216843015761885,0.5106438627082053,0.6626662112376,-39.400001525878906,10,0.48905109489051096,2,ok
FR879556.1,24032,24140,0,109,68.97013162838012,11.20041101731087,0.539778148200893,0.46657838287178804,0.25731690956824216,0.2968334796932022,-29.5,9,0.5229357798165137,2,ok
CP017269.1,3690587,3690800,0,214,59.53830359633583,7.274738611645322,0.482850988226807,0.45146049168191227,0.3448480875701804,0.5038043874788432,-56.099998474121094,17,0.4719626168224299,2,ok
JACIDY010000006.1,116709,116900,0,192,59.0026011020653,5.771269057735627,0.11182754185735916,0.3739242493088466,0.2441875606706258,0.28183347717654617,-78.0999984741211,7,0.671875,2,ok
FRAG01000004.1,119734,119852,0,119,94.99995152503008,3.3993413361348983,0.5640210469557908,0.3699979621809793,0.5398573123152406,0.5940647881549748,-32.099998474121094,7,0.3697478991596639,2,ok
QIBZ01000005.1,85511,85682,0,172,94.99996599076145,5.656915328421606,0.20751711501342016,0.27233074537097307,0.005413572659495558,0.013504929539257082,-85.5,7,0.622093023255814,2,ok
CP001219.1,466131,466262,0,132,78.25830741335069,2.8300142946213502,0.6844186874849916,0.3767372730950858,0.5267464964004014,0.6379239470265963,-59.29999923706055,13,0.6666666666666666,2,ok
JGVW01000131.1,23986,24102,0,117,76.9913040941694,3.8812736755421025,0.6360295526279879,0.45624198872002814,0.16252361906961355,0.26392599330915434,-40.29999923706055,9,0.5726495726495726,2,ok
CP002738.1,3052770,3052683,0,88,26.528802545232406,5.524266261623586,0.5796863367479259,0.45205759741397117,0.8691944508232565,0.9389199144670588,-26.0,14,0.5681818181818182,2,ok
JWHU01000004.1,13780,13686,0,95,40.12058412458006,19.99999999999991,-0.03815967018547928,0.4997166458203736,0.505366663921049,0.479021805624257,-22.0,7,0.5789473684210527,2,ok
CM002917.1,3005378,3005490,0,113,50.57078192649787,19.999999999999996,-0.023753215723542,0.48035285306647485,0.5164398216595173,0.49383517380969744,-38.599998474121094,10,0.6194690265486725,2,ok
FNFD01000003.1,232332,232108,0,225,94.99997293532513,3.2771206565475164,0.46262841722501225,0.38852153149345975,0.23319546435454228,0.2796002551196278,-83.5,13,0.6,2,ok
JACYLW010000010.1,58576,58761,0,186,87.16686034532916,4.931585947461071,0.5519307758330378,0.3956616976109091,0.2950570622676936,0.33957231901389606,-67.5999984741211,12,0.553763440860215,2,ok
CP001739.1,2233593,2233690,0,98,94.99998626999557,5.688426062740766,0.1755165704587945,0.5119818731025478,0.001883598800275832,0.008608087578830415,-19.700000762939453,12,0.336734693877551,2,ok
ASWO01000001.1,790075,789983,0,93,47.49978465408946,5.98640061495247,0.3225281954511403,0.580429618325764,0.6478348297569639,0.8165884322442543,-12.300000190734863,17,0.3763440860215054,2,ok
VKDD01000003.1,306722,306547,0,176,91.69475953852424,4.461040407064256,0.5513315017881621,0.4261014889092291,0.2583325076449076,0.3003972911981503,-48.5,11,0.4602272727272727,2,ok
FRAH01000077.1,2314,2538,0,225,94.99999999999989,6.733427100025832,0.44400752908019164,0.37084819264065116,0.0028978505939401267,0.013197865808931342,-68.69999694824219,8,0.5244444444444445,2,ok
QKZV01000001.1,630376,630441,0,66,53.4786195280884,5.186153166888657,0.14588765588276886,0.5909448652187459,0.5501233974953512,0.609567755145812,-11.100000381469727,15,0.42424242424242425,2,ok
WUUQ01000002.1,320435,320629,0,195,94.99941988013948,3.573368450310552,0.008477060538518932,0.4295818932620696,0.5007169511220826,0.5015059242374725,-49.79999923706055,8,0.4564102564102564,2,ok
FTPS01000001.1,1772552,1772346,0,207,57.03332107934919,12.135038059559514,0.04001413365718964,0.352680477775528,0.5522332287702579,0.5676071290780051,-89.80000305175781,9,0.6280193236714976,2,ok
FMYM01000002.1,273826,273927,0,102,47.27522677102516,5.330883594887431,0.5251450660127819,0.4753250358665392,0.47788762868586476,0.7291349660553508,-24.899999618530273,10,0.4411764705882353,2,ok
JADPIE010000005.1,182863,182722,0,142,47.220238453152795,19.999999999999996,-0.010769706795947798,0.5135418468071248,0.7477220407646775,0.7389005222906051,-27.899999618530273,14,0.4295774647887324,2,ok
AZDG01000010.1,31998,31896,0,103,64.368755324029,4.575478940923212,0.4061937722945064,0.4690107969904408,0.164743885956401,0.2678682008658421,-19.299999237060547,16,0.4368932038834951,2,ok
LGKO01000006.1,133282,133345,0,64,55.534836457831325,2.6026098497321155,0.19088331817413784,0.4449668417075829,0.30869287850228744,0.3537138115739146,-18.0,11,0.609375,2,ok
WUUQ01000007.1,40026,40194,0,169,65.21739619137176,9.50836519570026,0.5843269760584728,0.42316003094293836,0.5594723683801195,0.65344638846837,-54.20000076293945,10,0.48520710059171596,2,ok
BMGR01000002.1,287436,287281,0,156,75.07673117534372,5.678575287419952,0.5856148321295671,0.4511294661779314,0.4510231305646551,0.5265073961641854,-35.900001525878906,13,0.5448717948717948,2,ok
RAZB01000004.1,141007,140911,0,97,94.99996563991361,4.648009158314632,0.2766546798532751,0.5177127735023646,0.8564011644491307,0.8733128634753238,-20.100000381469727,10,0.5463917525773195,2,ok
AE016853.1,327286,327345,0,60,57.691802871473556,12.305001186363539,0.027807797001979107,0.2637347540925786,0.276060554187219,0.2858073467984597,-29.200000762939453,4,0.6,2,ok
QJJK01000005.1,451763,451976,0,214,49.343478038026454,1.2706920473488184,1.0740945840582907,0.3668308124300558,0.40417174488909247,0.5384128582344815,-88.5999984741211,8,0.6214953271028038,2,ok
CP010311.1,1783204,1783290,0,87,49.56783202498153,3.906526873657211,0.16201886884177152,0.48450260823833446,0.6765411727525932,0.7345625495576077,-26.600000381469727,9,0.5862068965517241,2,ok
CP011770.1,1809850,1809707,0,144,82.81932577911681,2.604046386951649,0.6727557421568703,0.36979972941165623,0.2696693638510269,0.3692594020765044,-55.20000076293945,12,0.6041666666666666,2,ok
CP080467.1,1589264,1589370,0,107,54.66322232671757,10.470083041684388,0.15283763124920846,0.422442834123154,0.5583137111371758,0.6343673555957228,-41.79999923706055,7,0.6074766355140186,2,ok
SRYR01000004.1,146794,147017,0,224,67.40863640723559,8.803634315179963,0.5835270247187808,0.33609867195017423,0.2569021429917045,0.3376053904824309,-51.20000076293945,12,0.26339285714285715,2,ok
MKIR01000012.1,189050,188970,0,81,94.99561184388173,3.431108621810411,0.570080199601801,0.45396591075301634,0.3019817989272785,0.3566470067426005,-13.5,6,0.3950617283950617,2,ok
CP042266.1,3412057,3411999,0,59,94.99995039358006,3.9228577188444653,0.1010658294486173,0.5823686757663288,0.5089013943087787,0.5171843791030849,-15.399999618530273,16,0.6101694915254238,2,ok
QXEV01000023.1,21362,21193,0,170,54.3133840378707,11.041257677369423,0.10998458797488214,0.5157596006780548,0.2679463211285964,0.324918489772835,-21.399999618530273,12,0.37058823529411766,2,ok
AP012978.1,2506538,2506457,0,82,67.65605715355757,6.011124415250927,0.09926209829864735,0.44101799398450925,0.3866805808110658,0.40630343034148053,-29.399999618530273,11,0.7317073170731707,2,ok
CP042819.1,210924,210704,0,221,55.57143564264481,5.41939822491582,0.24896193241056425,0.37485779121401874,0.2906848505139705,0.3869162948778876,-84.0,12,0.6063348416289592,2,ok
BMJS01000037.1,19260,19157,0,104,94.99999998422278,2.946491622426111,0.5512453172859677,0.4485906237395291,0.2326602544980962,0.29243537426943805,-21.0,7,0.4230769230769231,2,ok
LOED01000002.1,108358,108142,0,217,49.73015467882506,19.998701276665944,-0.00017323535731128548,0.4596765915859356,0.998975886848443,0.9988018652962876,-67.30000305175781,13,0.543778801843318,2,ok
FWXK01000003.1,38915,39048,0,134,62.61679992056726,3.381118153102464,0.7890972106358347,0.34315199091490256,0.2677244324800123,0.4632378445633118,-40.79999923706055,6,0.3880597014925373,2,ok
NFJL01000003.1,143440,143543,0,104,50.11415161807769,19.999999999999954,-0.0026487506914344427,0.4315757717621923,0.9996506115083111,0.9969309512560509,-34.599998474121094,7,0.5288461538461539,2,ok
NQYC01000001.1,162176,162406,0,231,50.022693432139555,19.999999999999996,-0.005450231421601726,0.44688606961536453,0.6855442117183207,0.6811412465011495,-74.80000305175781,12,0.5497835497835498,2,ok
GL945163.1,407467,407200,0,268,89.7702737219809,3.7497991889708473,0.5783684358338984,0.4968627831050641,0.0361455270836126,0.09587260464597877,-54.79999923706055,13,0.47388059701492535,2,ok
NGKC01000007.1,142629,142431,0,199,10.453974410914386,2.7859918784721764,0.2960470612457994,0.5543721129532995,0.459459823265014,0.4651372470377957,-29.5,21,0.4221105527638191,2,ok
PDOF01000006.1,19921,19704,0,218,72.0691045499988,4.013700227335716,0.3657813816808719,0.3938567997760177,0.5119221603562799,0.5807716585564509,-69.30000305175781,6,0.5321100917431193,2,ok
AZGB01000003.1,30349,30590,0,242,49.571792752694336,19.999980973930025,-0.004286426415017919,0.4052524307682028,0.38960491570818545,0.3914866592282026,-54.599998474121094,13,0.3884297520661157,2,ok
QFRJ01000014.1,71473,71679,0,207,39.42490369692293,19.999999999999996,-0.029161662676478795,0.4361388841423852,0.3310539963979129,0.3143900685510118,-52.79999923706055,12,0.4057971014492754,2,ok
NFLG01000027.1,10110,10015,0,96,57.25105090008956,4.496041859483945,0.4942480566927894,0.33463671895110725,0.39732084399476764,0.5613322320196904,-29.100000381469727,7,0.46875,2,ok
SMFL01000001.1,476060,476248,0,189,40.81426850795156,10.089541852230631,0.2645345574873882,0.4486528922337383,0.7663406191759281,0.9468940365897127,-51.099998474121094,15,0.48148148148148145,2,ok
JACRST010000001.1,197029,196763,0,267,45.96806655459069,3.246757710469143,0.5900312072023455,0.4306244066461067,0.5068035922831686,0.6902391092830504,-84.5,10,0.5955056179775281,2,ok
CP000576.1,309896,309819,0,78,43.36818369804911,5.712572930190626,0.24031848789396182,0.46499206750760946,0.7005385416434987,0.8224469235729935,-16.700000762939453,9,0.38461538461538464,2,ok
KQ969158.1,119316,119159,0,158,36.95178907921702,19.99999999999978,-0.04983596453426686,0.41535997145979536,0.7538060497662662,0.737820844466787,-37.79999923706055,20,0.45569620253164556,2,ok
JQIE01000238.1,6681,6549,0,133,13.521526764900768,1.8594550084014594,0.5718828539520776,0.4115872592510552,0.10152821807159665,0.13873319613055143,-39.20000076293945,7,0.5338345864661654,2,ok
CP051151.1,701936,701837,0,100,50.19229903096043,6.720269222123403,0.6589196089089873,0.5231792458264098,0.4016117937772402,0.7538990467251451,-12.899999618530273,9,0.35,2,ok
JAQV02000007.1,54219,53995,0,225,75.09928864689961,5.20196654483475,0.5989935454173184,0.4481466185874136,0.35161358233189677,0.43597652320778996,-52.0,12,0.44,2,ok
QGDJ01000001.1,875954,875741,0,214,38.00968125543076,6.6097020346498505,0.47219178901132286,0.35536263098304555,0.37550635555744244,0.5949894281743187,-100.0,8,0.7102803738317757,2,ok
RAZB01000003.1,20295,20175,0,121,91.10880708994453,2.2449469778430013,0.35924006385621343,0.5179505404377017,0.7204004827030379,0.766130823673585,-26.0,9,0.5206611570247934,2,ok
MSFI01000007.1,44831,44606,0,226,78.41020087897623,5.397372535762331,0.5744775845594747,0.41312514058264477,0.1601578268196257,0.2254446946691074,-73.5999984741211,8,0.5353982300884956,2,ok
NHRJ02000001.1,522209,521955,0,255,39.4547542696571,6.605627292399781,0.18913207095328,0.41968649816629444,0.8590779179100478,0.9543789759882871,-75.30000305175781,15,0.5372549019607843,2,ok
CP029478.1,1783967,1783824,0,144,64.09746631071579,5.444768852840437,0.31252612087271414,0.40011840325776366,0.2648973267827193,0.34463686254188886,-36.599998474121094,11,0.4652777777777778,2,ok
CP000724.1,3700638,3700859,0,222,54.438136727724434,6.168889125460576,0.29816775902712594,0.39664245979491763,0.17666481869048156,0.30530271905692075,-56.29999923706055,14,0.44594594594594594,2,ok
FUZU01000003.1,809696,809803,0,108,76.23852203364513,4.683977871938997,0.6087995942094332,0.45544641945705683,0.2443200477727177,0.33355977817478477,-21.399999618530273,16,0.42592592592592593,2,ok
CP002826.1,2549363,2549617,0,255,62.53187562370805,5.497282869694574,0.4976527678348557,0.3501339717368612,0.2680447524918324,0.4062399381580842,-118.30000305175781,6,0.6431372549019608,2,ok
PNYB01000007.1,17571,17693,0,123,31.512862161505897,2.0675994222427003,0.3437322520308529,0.3717882040289134,0.33641173771491106,0.3974540578964271,-45.900001525878906,6,0.6341463414634146,2,ok
LKET01000051.1,15447,15345,0,103,87.99233158170973,3.668757735202678,0.5896298668098011,0.47317109956918113,0.4021781737862436,0.4685632711162511,-28.600000381469727,15,0.4077669902912621,2,ok
CP042266.1,5297456,5297296,0,161,60.73048160622476,6.269462777395843,0.014869528720411095,0.3452413284143044,0.008227435756535317,0.012786680470101276,-82.69999694824219,7,0.6521739130434783,2,ok
JAESIY010000014.1,98330,98134,0,197,88.71778985230041,2.227755237275928,0.6731871621397777,0.4551907678000116,0.5372504857824062,0.6272547492667325,-40.20000076293945,13,0.39593908629441626,2,ok
CP053708.1,3002828,3002688,0,141,63.704646232720464,3.638506958614311,0.5529396280967381,0.41537091805829973,0.29259564330900256,0.42962296876355666,-54.599998474121094,8,0.6170212765957447,2,ok
FQZQ01000027.1,43973,43871,0,103,81.57366249456969,3.331534152374349,0.6358063850363678,0.46932871557325334,0.4596576918584204,0.553677955701355,-28.899999618530273,20,0.5825242718446602,2,ok
RQZC01000010.1,65905,66070,0,166,54.49947874238818,12.37266895225483,0.2344264437829457,0.40539458333006956,0.36906827416133275,0.49081333960542467,-66.69999694824219,11,0.6746987951807228,2,ok
JACIFD010000004.1,111518,111626,0,109,57.38330253055353,19.999999999999996,0.10080643867254757,0.5536575778699607,0.38065043918469654,0.4045350315276284,-28.100000381469727,19,0.5045871559633027,2,ok
FNHG01000008.1,53427,53529,0,103,90.47073061565108,3.8079980790569254,0.5721904036767967,0.4543069194426933,0.5257166794975732,0.5823175575639021,-45.20000076293945,7,0.6796116504854369,2,ok
CP010776.1,768284,768392,0,109,94.99997082550993,4.70868355625357,0.5047006350588784,0.2972153618286369,0.03609992608609407,0.06640882292772525,-45.20000076293945,6,0.5321100917431193,2,ok
JABAGC010000055.1,2568,2698,0,131,94.9999999999999,4.874894495883759,0.4037248392373761,0.29602477854401676,0.8575241214084629,0.880224167918491,-39.599998474121094,10,0.3435114503816794,2,ok
GG665867.1,51065,51198,0,134,63.84837618542602,4.0608312416020125,0.7734336573284242,0.4259160672781346,0.3602719414297052,0.557961751463882,-43.900001525878906,7,0.5970149253731343,2,ok
CP022983.1,861502,861270,0,233,43.549939387700284,3.9245796523352316,0.13956725457669206,0.5540431580312343,0.704060036895345,0.7555694064172628,-40.900001525878906,23,0.43776824034334766,2,ok
QSBX01000002.1,127369,127123,0,247,35.52477916353681,19.999999999984254,-0.04315617603106514,0.43741039022739103,0.25291595581246523,0.24410381163317574,-74.4000015258789,16,0.5546558704453441,2,ok
CP059066.1,143899,143798,0,102,85.80751263154482,2.8364953680555343,0.4709433076822339,0.5095454165546286,0.3947019706532277,0.45900248208314054,-19.299999237060547,16,0.43137254901960786,2,ok
JAASRM010000001.1,3042040,3042152,0,113,66.40722345207851,4.560954502350659,0.2956821601717622,0.37886096309167555,0.2309357320226912,0.2996918840010409,-45.400001525878906,9,0.6017699115044248,2,ok
QXPZ01000019.1,70931,71185,0,255,66.51217629385656,6.184603044700383,0.6553094195816206,0.41040169338646576,0.27702460554027997,0.41617070993861766,-66.69999694824219,11,0.4235294117647059,2,ok
CP024123.1,1175678,1175857,0,180,81.95014156075072,3.545410619693013,0.6221934558655624,0.4566343775168151,0.4115196510533094,0.4991309678888687,-38.0,8,0.3888888888888889,2,ok
KQ758617.1,163611,163754,0,144,66.1990064418023,6.02788073105457,0.6643998155158054,0.4382426800331158,0.07167171647209777,0.21735190734845022,-27.299999237060547,7,0.375,2,ok
AP019309.1,1011906,1011994,0,89,46.87228553282333,18.159491054334886,-0.006204147493105827,0.5055545522829731,0.8598004227471963,0.853652982385696,-21.200000762939453,10,0.48314606741573035,2,ok
CP017151.1,229663,229557,0,107,71.92602334679914,8.259214460515233,0.5551547178056473,0.38428953804051474,0.008965757113290562,0.06249947543885717,-35.400001525878906,5,0.514018691588785,2,ok
JAFIBU010000001.1,3688696,3688953,0,258,57.236770632688355,7.270753364554964,0.14884049204761723,0.36925676028658316,0.006034432918221672,0.06378465113488199,-97.5999984741211,8,0.5658914728682171,2,ok
KQ236745.1,478963,479074,0,112,30.110389269044365,19.999999999999996,0.5057859569876157,0.4572750468833315,0.9703072937956777,0.9755133988976832,-30.399999618530273,8,0.48214285714285715,2,ok
NOII01000003.1,451149,451036,0,114,94.9999999344289,2.9619349261326855,0.2743266117069176,0.5117645774739579,0.4931920443728214,0.5231749417277067,-33.70000076293945,8,0.543859649122807,2,ok
LSZO01000144.1,40536,40389,0,148,69.91861816921562,2.5908339281532506,0.7695014818935627,0.42163020736111345,0.4886074787150584,0.6347654158866726,-55.70000076293945,9,0.6081081081081081,2,ok
JACHXU010000013.1,132955,133072,0,118,44.06112989974694,12.190459097225927,-0.027468863998356574,0.40518044136083103,0.6366031262019674,0.6115664984374116,-44.0,9,0.6101694915254238,2,ok
AP023366.1,3125338,3125228,0,111,47.44064660820431,15.91783681894219,-0.00937014214042109,0.4660795703236993,0.479780230064883,0.470247264190676,-30.399999618530273,11,0.4954954954954955,2,ok
JACIDW010000006.1,131434,131354,0,81,68.93162425872397,6.392284913712929,0.6188441440340462,0.40426196217122634,0.3892538121404631,0.4976459229319584,-25.799999237060547,8,0.5555555555555556,2,ok
CP040396.1,751381,751480,0,100,76.584602943097,5.23774878176808,0.5878369662185077,0.46289767895329686,0.5490067904026067,0.6247287593151658,-25.299999237060547,11,0.43,2,ok
QXJM01000027.1,14545,14761,0,217,40.28424669398457,8.751646566010628,0.23244189522758005,0.38046460942395804,0.1307666813759337,0.2740126249547272,-84.19999694824219,11,0.5898617511520737,2,ok
CP106855.1,353027,352929,0,99,52.942963486470894,5.691208780442415,0.5454119451649264,0.4687822798061163,0.46404356439790834,0.7033861805439173,-19.700000762939453,14,0.5252525252525253,2,ok
FWXI01000002.1,17800,17907,0,108,65.53209723138616,3.459834932867615,0.43413773815852064,0.39810389663121903,0.5950176555218287,0.6954547476248152,-32.0,13,0.39814814814814814,2,ok
JWIR02000043.1,29552,29322,0,231,46.43416718692088,15.181240884780019,-0.05367609352845873,0.47177095022346904,0.23230822362653675,0.17871892419683238,-70.69999694824219,9,0.5324675324675324,2,ok
JACXLD010000001.1,421454,421572,0,119,52.854503304283284,2.5043023919901284,0.23122242978943958,0.38395948998802326,0.2384270772034113,0.292716009585421,-35.70000076293945,6,0.5462184873949579,2,ok
QQAY01000003.1,223950,223717,0,234,55.80795982757293,19.99999999946053,0.03274059569078369,0.48356001412457494,0.3479754865261146,0.3584218792475756,-60.900001525878906,24,0.4700854700854701,2,ok
BKBA01000003.1,906326,906534,0,209,46.82369439334322,5.517031362298846,0.1897957559023591,0.36832970706018275,0.273675012761892,0.367527095902904,-95.0,7,0.69377990430622,2,ok
FOLX01000001.1,3196706,3196658,0,49,88.28805450045165,4.710434262800081,0.4319468095200437,0.41497897725666333,0.5091610904460793,0.5440648416122437,-15.800000190734863,8,0.6326530612244898,2,ok
JQCE01000021.1,23172,23359,0,188,76.7532168725273,5.270472029769033,0.3266827646215138,0.4220651399831817,0.5644473749398919,0.6056268492168353,-52.0,14,0.4627659574468085,2,ok
SJST01000002.1,206296,206064,0,233,43.18621548815306,6.004089983045345,0.4854932996908166,0.3818398356162211,0.4195355062762321,0.6756074356290506,-86.19999694824219,10,0.6266094420600858,2,ok
QQAY01000002.1,359559,359751,0,193,85.92992971509852,4.04677049616201,0.2704364911314687,0.38138857873275206,0.518256403836118,0.5477752014386449,-61.20000076293945,11,0.47668393782383417,2,ok
KE993502.1,168335,168234,0,102,55.79679007807889,8.664839901492671,0.6086250007804077,0.5065155873387002,0.2791097161434538,0.5476994055869222,-15.5,16,0.37254901960784315,2,ok
JAESVN010000007.1,70886,70670,0,217,65.90339504155308,3.474309404740931,0.635331188302889,0.37923572577504067,0.08097413040403195,0.22665610885114595,-94.0,16,0.6082949308755761,2,ok
JTKH01000021.1,55549,55654,0,106,78.67030343031625,4.848577064953443,0.3296416618102542,0.5458281570770488,0.8060152487261687,0.8471309382862453,-24.799999237060547,25,0.4056603773584906,2,ok
KI391955.1,647761,647668,0,94,94.92476217906993,6.386977621075295,0.4528305137595397,0.6034296738572655,0.0028677017211715394,0.015392111278103693,-12.399999618530273,22,0.3404255319148936,2,ok
QGTQ01000003.1,411784,412018,0,235,47.55791148762609,5.449108908399043,0.051693619059419826,0.3850917610905304,0.7689220196783287,0.7939780661603445,-82.5,10,0.5617021276595745,2,ok
JAAOHU010000002.1,587408,587360,0,49,87.00343498461125,5.631421271583385,0.5141052555579891,0.5093102664669719,0.6064192311070508,0.6385690886595297,-15.300000190734863,6,0.6326530612244898,2,ok
CP049857.1,2767885,2767679,0,207,76.30368988605244,6.522084477349049,0.5581646530184362,0.45675405342585407,0.24960049235090326,0.30438602854823893,-46.20000076293945,13,0.3864734299516908,2,ok
CP053746.1,5029073,5029206,0,134,40.55391754074309,4.1954957576767224,0.34843489870518496,0.4151068725806725,0.6866727051146799,0.818105922574003,-57.79999923706055,14,0.5970149253731343,2,ok
SKFB01000001.1,226044,225946,0,99,45.04354070193684,13.82282678232463,-0.004577930050760792,0.4259244573696664,0.9514942201710817,0.9471055276091238,-29.700000762939453,12,0.42424242424242425,2,ok
WWVX01000004.1,63813,63568,0,246,38.10154113941864,19.99999999999997,0.06746765850891157,0.3911049517087878,0.473835817740938,0.5173420220351497,-99.4000015258789,14,0.6260162601626016,2,ok
CP045121.1,2898638,2898449,0,190,78.16453509668652,6.5903778598842315,0.5210731130155515,0.44523343938413074,0.6101675816313767,0.6534612236390834,-61.900001525878906,9,0.6473684210526316,2,ok
CP002780.1,535514,535630,0,117,94.99998098004326,5.517322920758059,0.41300387009877093,0.4136266371853308,0.4152758960098491,0.43241427460558785,-36.29999923706055,13,0.49572649572649574,2,ok
NZ_AXWS01000007.1,658340,658189,0,152,84.36724041391425,8.106072765237448,0.4005895951617663,0.3488905926565524,0.007534632411362291,0.01913423761563454,-66.19999694824219,8,0.6973684210526315,2,ok
FRAF01000011.1,73974,74075,0,102,85.44637489765674,2.925549691327414,0.6380673195342721,0.44261201003749795,0.30467507671626143,0.39215494353500086,-28.200000762939453,9,0.4411764705882353,2,ok
RSCJ01000020.1,41211,40991,0,221,72.37948890338888,7.304111403348849,0.5675117211831288,0.42149249375276254,0.09877266696103645,0.16250890737990922,-58.70000076293945,18,0.45248868778280543,2,ok
FOOE01000009.1,108533,108734,0,202,68.67763431515822,5.236216568274702,0.6565170645753502,0.4097981016964369,0.3084948772857802,0.4403929076084309,-40.900001525878906,12,0.3564356435643564,2,ok
CP073745.1,3130147,3129994,0,154,67.77274661997365,6.758788975232188,0.34838999849753727,0.4295753461725191,0.20775660873589494,0.27031828518038303,-43.400001525878906,8,0.4675324675324675,2,ok
WNHB01000002.1,141722,141440,0,283,38.909083990274716,9.88179378327955,0.13833733898218736,0.4334174895933725,0.8985926158951738,0.9802110823172642,-71.4000015258789,13,0.4275618374558304,2,ok
SLXK01000014.1,62320,62535,0,216,78.45161108843746,2.2586906877722,0.42814598680206445,0.4480604264978029,0.1321565246643953,0.19842050339715356,-72.5999984741211,23,0.5277777777777778,2,ok
JAGTTQ010000001.1,154054,153886,0,169,40.91814327704916,14.738566774894238,-0.09353140519804014,0.4791819421160874,0.16622205716962835,0.09095130858004244,-41.400001525878906,9,0.5798816568047337,2,ok
LR778301.1,155120,155288,0,169,94.9982289444697,8.866859067792909,0.24301120982642743,0.35867119703580985,0.5001420865829089,0.5019993268888227,-76.30000305175781,7,0.6272189349112426,2,ok
LJHQ01000042.1,55378,55431,0,54,61.68082448910941,8.193950115175056,0.6973907052094169,0.2666181686531546,0.10078771674917306,0.2892659380010505,-22.299999237060547,5,0.5925925925925926,2,ok
LKBA01000004.1,121883,122099,0,217,52.21901873990729,9.010140296105195,0.41477508722219325,0.36039060654682137,0.23417636442011106,0.4714001669767785,-85.4000015258789,9,0.6221198156682027,2,ok
LMQB01000026.1,90663,90792,0,130,48.32769098810153,5.002654810281395,0.30702067823318896,0.39322936810698084,0.5239271228628724,0.6615961029708276,-45.0,12,0.6076923076923076,2,ok
BMXA01000001.1,1126629,1126477,0,153,52.68265884745113,5.328549241826755,0.028912255749820148,0.4145078111826348,0.2709925851394782,0.2832840556331311,-47.5,9,0.5686274509803921,2,ok
JNVC02000005.1,449422,449178,0,245,51.13931760490225,17.193081191030146,0.07249680590759744,0.4345593217615983,0.5019694929325047,0.5567063373158716,-64.69999694824219,10,0.46938775510204084,2,ok
CP012502.1,2038331,2038212,0,120,56.17632623611512,12.18572323894304,0.01838141090537121,0.3722957315254462,0.2512114234178607,0.25904991052154247,-37.5,9,0.425,2,ok
NHSD01000278.1,19658,19724,0,67,88.60235178271004,3.819217857565837,0.3834193739058225,0.3860217832494499,0.7440598128543986,0.7842865110366044,-32.20000076293945,6,0.7313432835820896,2,ok
JAMQJZ010000010.1,90666,90476,0,191,73.72774481589995,5.412889593559785,0.6025899261079835,0.4358911092059989,0.13237298859595353,0.22109986642054516,-47.5,12,0.43455497382198954,2,ok
AYZM01000091.1,43028,42803,0,226,60.64267559231183,10.09702476609621,0.11690421322761957,0.45206806500244107,0.5511505829686274,0.5820815152780863,-53.5,14,0.4469026548672566,2,ok
UFXZ01000001.1,3287906,3287785,0,122,68.6698370102726,5.800482691053369,0.6406588053215103,0.44161152684288296,0.43102572181651083,0.5576463167138188,-31.600000381469727,8,0.48360655737704916,2,ok
QJJR01000004.1,1424,1649,0,226,89.47150198862958,2.1578165264320956,0.20928225231811143,0.4326592289691645,0.3560260325512819,0.38345075416474794,-53.29999923706055,32,0.4247787610619469,2,ok
CP046401.1,7352437,7352230,0,208,58.49792490033922,6.440229438230521,0.27651735084525847,0.44207916537877884,0.019772878408771934,0.11719610011965027,-60.5,12,0.44711538461538464,2,ok
FNNQ01000008.1,155930,155690,0,241,47.527074193647664,16.145289496156156,-0.008203032333958249,0.3849835889813173,0.4970531146108068,0.4886776122323372,-73.5,12,0.5145228215767634,2,ok
CP016379.1,3507811,3507994,0,184,94.99999908462595,5.866261065888306,0.0958589679189082,0.31855399671924717,0.0010159092001436054,0.004408013115593495,-73.9000015258789,7,0.5054347826086957,2,ok
CP049773.1,355003,355130,0,128,29.725239564740242,19.999999999999996,0.5018453699195125,0.47869791010166696,0.9474380299982774,0.9507949645635403,-22.0,24,0.28125,2,ok
RBVX01000058.1,23713,23935,0,223,37.82272983277227,3.4900774400491104,0.18942603742471142,0.3964811363621337,0.8694041081050666,0.9273931798091732,-73.30000305175781,11,0.47533632286995514,2,ok
MVDD01000003.1,9646,9833,0,188,25.22380461719499,2.579163185472098,0.6867527862278856,0.45593262185139466,0.47117239456157334,0.5774877906160738,-42.70000076293945,10,0.4148936170212766,2,ok
CP003235.1,1688464,1688315,0,150,57.44185880414856,3.7273869035334863,0.29526745716941694,0.4662831128945951,0.573205248007152,0.6609167148517783,-36.70000076293945,10,0.5133333333333333,2,ok
QUOY01000005.1,219025,219146,0,122,37.413513892257726,7.493094032970515,0.2043307095864838,0.4183073155670662,0.6736360050446449,0.7691814321181791,-44.79999923706055,9,0.6147540983606558,2,ok
NMVQ01000005.1,25458,25600,0,143,51.40527549932669,8.775655399953951,0.26909966311222044,0.41188237741628336,0.47846252955527807,0.637589149354757,-57.79999923706055,7,0.6363636363636364,2,ok
HF985852.1,5370,5553,0,184,43.48108799149444,4.445209595087757,0.3509994797542848,0.4030891912227649,0.6736160346804149,0.81814203676097,-63.79999923706055,11,0.5217391304347826,2,ok
JABAFC010000049.1,8567,8759,0,193,67.12365676593707,3.7818570110723133,0.5556045859186076,0.4435404966872338,0.39183869068142363,0.5166713368318487,-47.20000076293945,11,0.41450777202072536,2,ok
SLWR01000010.1,84681,84836,0,156,53.1218155067072,4.754300446821486,0.39639826850026005,0.37112255239100556,0.5688178316380228,0.7231007746451215,-74.19999694824219,12,0.6794871794871795,2,ok
CP011280.1,495384,495456,0,73,54.26978954943097,11.392088105607181,0.17105161983148198,0.49388490032215693,0.5716283788822052,0.6613035747064631,-8.199999809265137,8,0.3150684931506849,2,ok
PDOE01000016.1,40666,40488,0,179,46.320209941287125,6.139103703255695,0.13307888986037916,0.4556090780041634,0.036040855871045635,0.10802376938597,-34.29999923706055,15,0.4245810055865922,2,ok
CP040093.1,128988,128789,0,200,67.11415066829137,3.5140253389889695,0.5158841372178598,0.5676451141476447,0.23477434743476638,0.3493883025893244,-30.700000762939453,14,0.44,2,ok
MPSB01000001.1,102917,103111,0,195,43.49021437237119,15.475434233725098,-0.06966744603562453,0.3799209218503515,0.3560956879998208,0.2910078224469154,-85.5999984741211,11,0.6820512820512821,2,ok
CP002048.1,1521235,1521346,0,112,44.57184458675622,9.006696361093924,0.26530502890812063,0.4496936155700074,0.48414390521774164,0.672677781219248,-38.099998474121094,7,0.5982142857142857,2,ok
CP004404.1,2324875,2325028,0,154,75.6883936721726,8.12545122505648,0.5229707214292567,0.43273554398613845,0.31805835272962424,0.35340497103467416,-44.70000076293945,8,0.44805194805194803,2,ok
CP000698.1,4286617,4286720,0,104,50.36229271723083,9.28296470721722,0.6128716498776172,0.47479128883055044,0.4271586279987735,0.8191525393270972,-27.600000381469727,7,0.5480769230769231,2,ok
SNZE01000015.1,5531,5280,0,252,47.3490474399071,19.99999999999557,-0.04692127028016785,0.4330025314035419,0.4652641440125683,0.41823753875495306,-80.19999694824219,11,0.5634920634920635,2,ok
CP020100.1,948135,948241,0,107,69.44839636585708,19.999999999999996,0.46349888121382776,0.4197112024871732,0.3248808925342503,0.3281881720203232,-36.400001525878906,9,0.5794392523364486,2,ok
JPER01000003.1,127157,127581,1,425,94.99999483753392,6.831155692792924,0.1533963471952892,0.3884677945849096,0.0008463234297992894,0.004234188753809404,-125.0,12,0.41411764705882353,2,ok
WSEK01000004.1,2433862,2433451,1,412,39.37095438602179,6.14824226077454,0.14832582718296033,0.3589353557247984,0.34167725890609535,0.41310367422383365,-174.10000610351562,13,0.6262135922330098,2,ok
SWCJ01000009.1,55178,54709,1,470,45.97658818157806,5.417043096421111,0.696814506863979,0.442569109678403,0.4464514152215748,0.7874802634243021,-106.0,18,0.4127659574468085,2,ok
JAGHKQ010000011.1,58383,58010,1,374,67.85041113593606,5.632891735403247,0.6535944371286662,0.464031938959597,0.2971603759550533,0.4303290342769731,-78.56999969482422,31,0.3877005347593583,2,ok
CP045349.1,4232111,4232227,1,117,49.78763433478319,19.999999999999996,-0.006287419411497519,0.41792470397886006,0.4108028728339549,0.4050033187115553,-50.0,10,0.6752136752136753,2,ok
BATL01000100.1,1215,1623,1,409,76.79991283304,4.787193423734059,0.035001400237088615,0.41846914332005153,0.0021070976466907253,0.006965816332183916,-82.5999984741211,15,0.34474327628361856,2,ok
QTJR01000004.1,160652,160215,1,438,44.551946432024295,14.90088495667186,-0.09414074018689084,0.3347953061009143,0.4381381322686944,0.34801488303709327,-192.6999969482422,10,0.5776255707762558,2,ok
CP028922.1,1673255,1673615,1,361,42.76524686304835,19.999999999999996,0.059014253048591286,0.353970419681636,0.25131026945388324,0.3033665288458418,-100.80000305175781,8,0.3988919667590028,2,ok
CP010892.1,2286444,2286515,1,72,81.22023638924024,3.72350618223707,0.6177734158639132,0.5202081279682961,0.19505756282530484,0.28180589142456663,-17.799999237060547,15,0.4444444444444444,2,ok
SSOD01000003.1,337200,336799,1,402,39.54327738441077,19.999999999998703,-0.05198459928276769,0.3735676426046085,0.22890813335217988,0.19292752986492634,-151.39999389648438,12,0.5845771144278606,2,ok
AM260480.1,2176004,2175574,1,431,86.60138049078327,5.428847174713418,0.5411838612846216,0.34461213373860966,0.2245378880534999,0.2620103470175882,-170.60000610351562,11,0.5498839907192575,2,ok
NGKB01000024.1,15041,15433,1,393,40.858816675871175,19.999999999952163,-0.0027729686910787765,0.4314205068754358,0.014504297315911427,0.012462520839514138,-82.80000305175781,14,0.3384223918575064,2,ok
JACOPQ010000003.1,158169,158537,1,369,70.86720716955496,9.446687179800017,0.5458178347924527,0.36340449823058235,0.48906749913623077,0.5342519428085647,-148.3000030517578,10,0.5338753387533876,2,ok
CP045417.1,808764,809207,1,444,39.532917794823966,15.470703428060993,0.016299675016195836,0.36496257263197646,0.35177702847304626,0.36350041445623993,-169.10000610351562,11,0.5675675675675675,2,ok
KI635562.1,325095,324694,1,402,21.74146432775354,2.6897887918688346,0.619668689021125,0.4227651486085516,0.43278472993551276,0.5055670054114414,-132.10000610351562,20,0.4601990049751244,2,ok
FNDD01000010.1,60149,60547,1,399,65.37223915767797,19.999999999997918,0.5176767734563941,0.4137189849242953,0.47338373042113746,0.4748511415145779,-109.30000305175781,15,0.38847117794486213,2,ok
LNAM01000175.1,44100,44611,1,512,73.38587083975096,3.107350962374782,0.7051529152984968,0.38481001767585804,0.3553578987934318,0.48617336204721234,-127.5999984741211,19,0.373046875,2,ok
CP002394.1,320941,321267,1,327,53.94873432093796,9.326588489568923,0.10930525765473914,0.4414121063753514,0.501117842001919,0.5574771041575302,-75.5,13,0.37003058103975534,2,ok
SMFQ01000005.1,278209,277837,1,373,34.56703560398263,6.387337064343856,0.20366631590685677,0.39048622712060616,0.1613971447073933,0.23151311215274148,-92.5999984741211,15,0.38337801608579086,2,ok
VDFV01000082.1,7140,7249,1,110,94.99991203690868,4.185959370334803,0.1925923840858353,0.37291081462375286,0.5015656372584012,0.5158925355884934,-46.099998474121094,9,0.6,2,ok
CP011452.2,2785373,2785468,1,96,94.99998482523546,4.964471009009392,0.3568590158132192,0.30149128070645353,0.5061344874573558,0.5251948259955884,-42.900001525878906,8,0.5833333333333334,2,ok
NPDD01000089.1,24280,24651,1,372,94.99999999999953,3.5950032363080617,0.4337573041262947,0.40779430416864876,0.4111653321158834,0.451174796749885,-100.5,13,0.3602150537634409,2,ok
CP011412.1,287235,287614,1,380,48.46809149384284,4.603608687812949,0.18665963233478544,0.3736346635383972,0.46411953206964274,0.5421248385786148,-112.9000015258789,8,0.4421052631578947,2,ok
AE016827.1,672984,673140,1,157,36.93483861295286,19.999999999999996,-0.06427036820845206,0.4796593162091555,0.3893878019874373,0.3714860279768043,-27.899999618530273,13,0.3184713375796178,2,ok
PIPI01000003.1,27316,27736,1,421,94.99998765059183,3.733138176744347,0.22588719318656272,0.4115955349255509,0.00799422378273935,0.027510538402883623,-111.9000015258789,13,0.4156769596199525,2,ok
JACHHT010000004.1,172605,173052,1,448,56.54701400223609,10.162872399875393,0.050181147475468056,0.37546586513112545,0.0012926144120308236,0.022215374928498316,-129.89999389648438,10,0.4375,2,ok
CP000606.1,1341497,1341066,1,432,55.62951839465702,13.238797394422813,0.1464751582397935,0.43779936177362183,0.24360353996306225,0.310278930340644,-109.4000015258789,14,0.42824074074074076,2,ok
QGGU01000001.1,469875,469428,1,448,77.01479784728112,4.373331108165002,0.614110029916929,0.38367796189102527,0.11700075599608367,0.20775502653242336,-126.0,17,0.38392857142857145,2,ok
QDKP01000043.1,41754,41663,1,92,92.40004797681084,2.8935122219596257,0.1053879422291127,0.3403127334011559,0.11318911160666312,0.1254564117960364,-43.900001525878906,5,0.6739130434782609,2,ok
PGVB01000005.1,38772,39216,1,445,52.43656069028689,19.999999999999996,-0.013607860535772454,0.37549215281910975,0.798800089512575,0.7901525462663791,-119.5999984741211,10,0.3865168539325843,2,ok
AVBG01000001.1,364220,364612,1,393,50.553257263635366,6.774387089389743,0.6178245177425831,0.36833143797730256,0.22574780469386754,0.5538969249414886,-117.5999984741211,13,0.37150127226463103,2,ok
JXKH01000009.1,42879,42540,1,340,30.27869181480214,19.999999999936538,-0.5081725582078707,0.3785136542164898,0.24613725181002338,0.24340721598016915,-90.19999694824219,13,0.38823529411764707,2,ok
CP003244.1,3475797,3475391,1,407,56.68638174181913,10.394454812217338,0.38877517550882407,0.4301978700322346,0.20633387102495435,0.36596010084499264,-112.80000305175781,18,0.4226044226044226,2,ok
AE004091.2,3893111,3893002,1,110,81.30358008585861,8.89685829966869,0.4977483533277346,0.48481212750123576,0.6987185522394748,0.7132970522237735,-26.0,22,0.4909090909090909,2,ok
CP001878.2,575036,575418,1,383,42.56066537520996,19.999999999999897,0.11934245579594777,0.35394650145225115,0.4457613909686966,0.5405895149798747,-104.0999984741211,14,0.3968668407310705,2,ok
CP000282.1,4759595,4759169,1,427,58.82433144178657,13.019469627418715,0.14975144335054819,0.3940554201114694,0.011713104492021509,0.055080956858888974,-111.4000015258789,10,0.39344262295081966,2,ok
AE016853.1,2388894,2388957,1,64,64.43053113833167,8.942072182322342,0.6225622975211619,0.5125439857882087,0.014976063273271834,0.13431350461876712,-14.699999809265137,9,0.515625,2,ok
QKRA01000002.1,546107,545662,1,446,94.99999999995991,5.736570009763459,0.03733112995352857,0.382747795764995,0.00037821610577992715,0.001784461553259703,-130.8000030517578,8,0.40358744394618834,2,ok
LELK01000001.1,537814,537486,1,329,51.61102253099323,17.18091900022169,0.17106687499957618,0.46306300171478476,0.5770035238175037,0.7015623467708774,-77.5,12,0.3951367781155015,2,ok
CP029550.1,5258934,5259030,1,97,94.99994850681307,4.737319727488661,0.31580848522353877,0.2636534848128372,0.5061385343577846,0.5246930480756036,-47.29999923706055,6,0.6288659793814433,2,ok
QWVT01000023.1,69440,69793,1,354,51.297264374805145,19.999999999999996,-0.034779125508807684,0.41149030418464505,0.6523868201262477,0.6211918601084992,-92.0999984741211,8,0.384180790960452,2,ok
AKGD01000003.1,412475,412405,1,71,43.39055369336736,12.944625796408712,-0.11811011932267224,0.4701548103197813,0.6747875861986415,0.5686764647886624,-14.699999809265137,10,0.5211267605633803,2,ok
VOSK01000381.1,2376,2283,1,94,85.22686411400795,6.619613126339526,0.5269520572856907,0.4332564249071837,0.42073310880403925,0.44664444686508264,-31.799999237060547,7,0.6170212765957447,2,ok
CP021358.1,2436152,2436480,1,329,68.45457869483229,19.999999999999996,0.506524861503156,0.3910902670538141,0.02580170123619563,0.028998805949067674,-108.0999984741211,19,0.47720364741641336,2,ok
CH724120.1,59839,60271,1,433,94.99999928185275,5.28059985580917,0.0391045884652287,0.3765688489280052,0.000553705384823272,0.0023686548084635717,-131.39999389648438,14,0.42032332563510394,2,ok
AE003852.1,899828,899898,1,71,48.92997189032959,19.99999999997293,-0.1436143851361179,0.4561546297471179,0.8066697640076917,0.6591033588377699,-10.800000190734863,9,0.352112676056338,2,ok
CDGG01000001.1,3341675,3341251,1,425,80.23576301460356,4.094655687022461,0.6067887252401517,0.46805301935529764,0.14384527216549572,0.2263368144293484,-78.5999984741211,16,0.3552941176470588,2,ok
MRWQ01000010.1,53366,53802,1,437,86.22540527083571,5.952636471795999,0.5320748722683557,0.369205614149563,0.17374475549070054,0.20473351890349675,-104.0999984741211,14,0.3684210526315789,2,ok
RBRL01000356.1,2385,2495,1,111,60.93785566702719,7.1172968313577405,0.15066806483687528,0.32726496803871113,0.4210099469193662,0.4658106888604867,-50.79999923706055,7,0.6126126126126126,2,ok
AE014299.2,1734797,1734364,1,434,79.12928216172648,7.296723230331865,0.4927817822113561,0.38344153293879774,0.004860397099410219,0.03561123655499843,-113.0,28,0.3870967741935484,2,ok
NJIH01000003.1,217277,216855,1,423,55.40119497226275,7.411873206036533,0.20954080286882476,0.4139016109849978,0.3292796887795082,0.421207029778382,-129.39999389648438,27,0.491725768321513,2,ok
LCYG01000016.1,201104,201197,1,94,74.33529819509916,3.84803176869319,0.6574137088210457,0.26760169604440126,0.08703941416434649,0.20279791241220987,-45.900001525878906,6,0.5638297872340425,2,ok
UHJG01000001.1,1093075,1092624,1,452,32.361448523363904,19.99999999999989,0.5344001682149291,0.41897326025446974,0.5402382498647594,0.5608844002187973,-117.30000305175781,28,0.4092920353982301,2,ok
SMAB01000014.1,47166,46779,1,388,88.26480336312368,4.514525388897964,0.47161548137774834,0.4687351831533335,0.288752373734936,0.3294857727864801,-86.5,21,0.3634020618556701,2,ok
CP003985.1,428177,428506,1,330,43.63998867239874,15.79451533647314,-0.18301573843149221,0.3924588780798864,0.869434615305704,0.6965505397519148,-92.5,11,0.4212121212121212,2,ok
ADBS01000002.1,98637,99077,1,441,94.99989106246535,4.056873106859524,0.3284452472916348,0.36324337766547965,0.2380066193998882,0.2634183681308284,-124.69999694824219,9,0.3786848072562358,2,ok
LGAA01000026.1,356008,355620,1,389,57.73393139318803,6.4609060985094935,0.3013561831050926,0.46400803906101656,0.6932921937212561,0.8044317783311875,-84.69999694824219,16,0.35218508997429304,2,ok
AL935263.2,1058791,1059118,1,328,94.99999463647839,4.287885840183826,0.23400485134087223,0.38158894504091034,0.5477101332133408,0.565872562988779,-80.0999984741211,9,0.375,2,ok
CP003169.1,993955,993605,1,351,53.771006223875446,19.99999999999985,0.05535024016621409,0.3809182898670436,0.1065812172059527,0.1348312699054358,-124.5999984741211,18,0.5527065527065527,2,ok
CP039852.1,2331579,2331984,1,406,73.4749337554261,2.51683238689688,0.7413416817891969,0.3624499075164562,0.14435424513447315,0.2737666545557055,-111.4000015258789,23,0.3793103448275862,2,ok
ARZY01000010.1,97477,97902,1,426,68.46871044281731,7.521673049319296,0.5974064972577426,0.4071297460247796,0.24952982923777456,0.3422505929219216,-108.0999984741211,17,0.3685446009389671,2,ok
FYAH01000016.1,5031,4602,1,430,50.38339462746851,6.983783515479514,0.5741849089213713,0.4028320721112238,0.4994808802181529,0.8121728369872449,-102.80000305175781,32,0.36511627906976746,2,ok
FNVQ01000001.1,1356975,1357422,1,448,49.90724731671552,19.999999999999982,-0.20033543522176028,0.3872169050888989,0.6137669884249676,0.4134822027707129,-141.5,18,0.5,2,ok
JXCY01000007.1,203903,204274,1,372,43.88115098110491,13.674604094238044,-0.06040958315096051,0.3768193948507238,0.427984701341958,0.37215565406804374,-98.0,12,0.3763440860215054,2,ok
JACOGI010000001.1,1943651,1944072,1,422,5.000087165843447,0.9506805839496251,0.20282557639028403,0.3614149916567341,0.51933519661806,0.5269518167042067,-147.39999389648438,15,0.4431279620853081,2,ok
GL379591.1,31243,30819,1,425,69.31078257281806,19.999999999981824,0.505784730270617,0.4576093809016025,0.8208618531643828,0.8266981111362876,-95.19999694824219,21,0.3788235294117647,2,ok
CP017151.1,562001,561564,1,438,71.50256761086854,2.547492388959599,0.22945037886168537,0.45482334308540473,0.16653106122762731,0.20818179558821365,-103.5999984741211,14,0.4383561643835616,2,ok
CP010415.1,3286881,3286769,1,113,60.39261009956179,8.822363442312332,0.0136808086229293,0.3713804528991354,0.003999681755233048,0.007980308240276263,-51.29999923706055,12,0.6371681415929203,2,ok
QRAP01000008.1,115424,115216,1,209,40.53045148218617,6.26218578563869,0.42511656424133815,0.4198481521518678,0.45245569926639295,0.6693767677002534,-66.80000305175781,28,0.49760765550239233,2,ok
AE004091.2,1559151,1559260,1,110,94.999988270658,3.200391431755937,0.1169671035233445,0.44406580203853996,0.2611598006172162,0.27311784726503474,-27.299999237060547,8,0.38181818181818183,2,ok
CP002038.1,4500569,4500137,1,433,45.632252768326694,14.881320152735928,0.12543955470556395,0.41737711304365144,0.5028781624399363,0.6155390933532335,-109.19999694824219,22,0.42725173210161665,2,ok
CP061368.1,44270,43842,1,429,25.11260341087654,1.8656806879078194,0.7442514369350901,0.3429927603951143,0.35367947671473443,0.45921948391440737,-167.89999389648438,12,0.5687645687645687,2,ok
RYVO01000064.1,14993,14905,1,89,64.66875897184683,6.8089886142918035,0.6657943735073208,0.535940669840457,0.11238542207528676,0.2639060776017385,-17.0,19,0.38202247191011235,2,ok
JAPTGG010000001.1,258248,257814,1,435,94.99981444573245,5.0917069961855015,0.3305811885727303,0.40723156210948486,0.207207243089447,0.2239988820998507,-101.0999984741211,13,0.3954022988505747,2,ok
AE005176.1,172821,172454,1,368,75.75447428911802,6.502874220905778,0.5625997880356449,0.3367322895836263,0.014911821612983767,0.07258423089015056,-98.80000305175781,10,0.33967391304347827,2,ok
FYAH01000001.1,846495,846917,1,423,31.543470274686765,19.999999999999652,-0.5211619198221791,0.40483612946940556,0.06372108162621604,0.05258116281638414,-106.5999984741211,26,0.3806146572104019,2,ok
WKJC01000001.1,486318,486726,1,409,76.12071762714815,10.693614250717012,0.5154408254660998,0.39393130714696883,0.0020696680801833844,0.01775881806278712,-93.19999694824219,11,0.37163814180929094,2,ok
CP054689.1,2466943,2466604,1,340,94.99999999824988,2.698781259890483,0.15929529868543574,0.4070379720738517,0.4449741716939159,0.463702327839408,-133.8000030517578,17,0.6058823529411764,2,ok
CP040602.1,1111714,1112168,1,455,79.1592826883643,6.906096119142497,0.5409933332525079,0.3958494057055076,0.003260204754835072,0.04187893300067025,-115.80000305175781,21,0.4,2,ok
PDOF01000003.1,592301,591942,1,360,68.82850256214836,6.169315768137019,0.6256600076817084,0.41846442611494306,0.22022537492541847,0.33273492734933896,-79.19999694824219,11,0.4083333333333333,2,ok
CP068053.1,531125,530745,1,381,94.99999932006871,4.979677498503559,0.024566806870921123,0.4098195036980712,0.00043178196044485473,0.001733966736315179,-88.0,24,0.3648293963254593,2,ok
AP017656.1,166250,166343,1,94,94.13286088800145,1.6819769093290247,0.07375953333327989,0.36345596834709487,0.5191400297313917,0.5282789424935812,-38.79999923706055,10,0.574468085106383,2,ok
CP031728.1,4163610,4164024,1,415,94.9999993817409,6.2021587252664565,0.09262968345328099,0.38059598254954324,0.0006189557305918969,0.0034031830720059886,-122.80000305175781,20,0.41927710843373495,2,ok
BAFF01000015.1,22097,22510,1,414,74.88717898587724,5.19463917410246,0.6006670563588031,0.39944399305006323,0.022716069302153308,0.10844801739338547,-115.19999694824219,7,0.4492753623188406,2,ok
RYZR01000001.1,196188,196560,1,373,50.21503316998464,19.999999999999996,-0.23438455981609402,0.3418213379273756,0.46109716624064234,0.24453015707781098,-150.60000610351562,7,0.5227882037533512,2,ok
CP054864.1,1858126,1857708,1,419,73.80902098278692,4.43288243922965,0.6174474930339573,0.41251473171275405,0.2444458235580173,0.34865327263334717,-133.39999389648438,18,0.4988066825775656,2,ok
AP024233.1,1906808,1906462,1,347,45.2138852279018,14.481712319662524,-0.09766487420604814,0.45344168971471027,0.4545475679334652,0.3600450538005,-108.5999984741211,15,0.4697406340057637,2,ok
AP018738.1,775115,774790,1,326,40.84320610495292,16.015726253578443,-0.08640547808204657,0.373820488616691,0.6863459440139408,0.6162352459850451,-106.0999984741211,8,0.5030674846625767,2,ok
CP041666.1,1816772,1817156,1,385,52.424631803708124,19.999999999999993,0.08112084954440929,0.4163503491484938,0.41987895849985996,0.4716351381835413,-102.0999984741211,23,0.38701298701298703,2,ok
MINN01000085.1,298510,298123,1,388,60.810100473209516,6.710471075066183,0.7561156643113721,0.4637364321635686,0.3344796445274096,0.5657511097562964,-75.80000305175781,51,0.36082474226804123,2,ok
JACMOS010000269.1,3201,2803,1,399,73.83466336455973,10.686737752132235,0.21135473834003798,0.3648328144301932,0.3986051970936976,0.40718251543512834,-140.8000030517578,12,0.518796992481203,2,ok
CP001983.1,963223,962882,1,342,64.4925458315383,19.999999999994262,0.5209496321298492,0.4552525387271046,0.7992789627666252,0.8116753301282774,-77.80000305175781,14,0.3684210526315789,2,ok
NGKA01000002.1,271987,271638,1,350,44.876964472147435,19.999999999999996,-0.003158628260263585,0.4595830140759455,0.2347412656607862,0.23258692487551794,-77.5,22,0.3742857142857143,2,ok
VYKJ01000005.1,145065,144616,1,450,42.57745242203629,13.82932901530903,-0.12783272276026686,0.4136670212481264,0.5079406512538556,0.39514494095883035,-126.5999984741211,34,0.43555555555555553,2,ok
CM001773.1,1501509,1501661,1,153,43.314365527741245,6.179340762315031,0.3355055942477514,0.4417855826352616,0.5984870566704549,0.7797472316909231,-28.799999237060547,10,0.38562091503267976,2,ok
BMGP01000005.1,90619,90267,1,353,84.05404072830997,5.7735792832772,0.42080907307050414,0.3363256879952166,0.40448487904331704,0.4342990381115399,-148.0,9,0.5552407932011332,2,ok
LKHS01000009.1,421814,421394,1,421,52.37585873580094,19.999999999999996,-0.009144995795382638,0.40808899528853076,0.7403587548125616,0.7341279618901065,-114.0999984741211,16,0.4180522565320665,2,ok
AQQV01000002.1,680955,680622,1,334,46.55535210548138,15.193583543392819,-0.006648740197060132,0.4248007687695394,0.4938120569128707,0.48719348042762556,-109.5999984741211,16,0.5179640718562875,2,ok
PJZK01000001.1,507691,507272,1,420,69.02816832385122,7.2389016757955975,0.5975336752015806,0.4175236275005116,0.2671164879491252,0.3591524582204191,-114.19999694824219,13,0.4523809523809524,2,ok
HF972622.1,66809,66411,1,399,53.54861000129537,19.99999999999904,0.027274797943974805,0.3951958999176859,0.6003212791832677,0.6159149629188637,-123.69999694824219,12,0.5263157894736842,2,ok
CP146991.1,3277845,3277469,1,377,74.52040741649151,5.555651056981006,0.590648354076177,0.4376677771869622,0.02191416814942554,0.10296980661518118,-90.80000305175781,19,0.4244031830238727,2,ok
CGIG01000001.1,3764693,3764765,1,73,79.72638573114237,8.361434497228569,0.512116692354094,0.31454154524848893,0.002515351136803327,0.023946607129434232,-21.899999618530273,7,0.4246575342465753,2,ok
LXEN01000147.1,6375,6809,1,435,65.16548351811164,8.701490891041905,0.6149567698440962,0.4121134578507064,0.021511418369687757,0.132925800735242,-87.30000305175781,9,0.35172413793103446,2,ok
LYBM01000059.1,20408,20837,1,430,54.60259675269291,5.129617690725685,0.3948642184446953,0.4005480781707311,0.18571922109629307,0.3396779714626839,-116.0999984741211,10,0.4232558139534884,2,ok
AJYW02000097.1,11211,10778,1,434,83.23780208332644,7.517891011393387,0.5228606136921203,0.38405759393210137,0.37845420019622306,0.40141626793831797,-118.5,22,0.3663594470046083,2,ok
SLZR01000007.1,150946,150534,1,413,94.99997477396249,5.073863107533483,0.48841848139792277,0.4317041388891276,0.10086696856531147,0.12651477392094823,-101.80000305175781,32,0.3946731234866828,2,ok
CP038493.1,3283168,3283612,1,445,50.913846334669515,7.5840526440521,0.1725937881636737,0.41793311772484776,0.10967337688690963,0.20638282321433543,-104.19999694824219,21,0.37303370786516854,2,ok
CP013140.1,3434391,3433970,1,422,94.99997495974814,5.583446772951948,0.0913894967927668,0.32160798270534274,0.001031650907633741,0.00473865433578428,-179.5,8,0.6018957345971564,2,ok
NGJY01000001.1,4733,5084,1,352,94.99954831751327,4.254672797334463,0.36230784985487574,0.3599722431823004,0.21103349989753672,0.23755695238345434,-88.0,9,0.3806818181818182,2,ok
JACYHA010000002.1,284511,284188,1,324,46.59888832283071,19.058053013257148,-0.027091639645198895,0.4883583530767616,0.8200252139695188,0.7930444387826872,-58.900001525878906,29,0.3549382716049383,2,ok
KB946294.1,245737,245346,1,392,82.9028999998097,4.140270890559254,0.592149507698667,0.4385292295075676,0.56490523750901,0.6374196313060451,-87.80000305175781,12,0.413265306122449,2,ok
CP002243.1,53010,53415,1,406,94.99999879869813,3.1624524147149384,0.46671876601098883,0.3886208912629225,0.18556470239038295,0.23396669283725374,-99.5,14,0.3497536945812808,2,ok
LLZH01000285.1,3068,3398,1,331,94.999933283412,6.862040134234324,0.2634150569523737,0.3450767213826452,0.40118283298171387,0.406843660618658,-143.89999389648438,8,0.6314199395770392,2,ok
CP011974.1,1887421,1887808,1,388,42.290367847301155,9.04289418214025,0.2793589184953257,0.3604777544908914,0.5161687130134097,0.7063595189936058,-105.80000305175781,11,0.3479381443298969,2,ok
CP040428.1,2296682,2297092,1,411,47.53280137421582,10.607729728165344,0.110626491947177,0.4096273667354855,0.3275043446701049,0.4112397407078982,-117.4000015258789,10,0.45498783454987834,2,ok
GG658170.1,1923291,1923596,1,306,48.60438068550812,17.341921215693645,-0.007699921285688416,0.3785471008417491,0.9920243172306956,0.9840050123174595,-87.30000305175781,13,0.4150326797385621,2,ok
CP012602.1,1517582,1518012,1,431,46.0406354317489,5.7189915452420825,0.049575711872336115,0.3980247618138435,0.5675495866154451,0.5929480514016096,-121.69999694824219,11,0.41299303944315546,2,ok
WITC01000106.1,7882,7785,1,98,63.80666181411909,10.547720226220607,0.11113067308238786,0.509973985992526,0.1339264875360914,0.15279433115526395,-32.29999923706055,14,0.5714285714285714,2,ok
BSEC01000006.1,79283,79389,1,107,39.24686905715017,19.999999999999996,-0.02386620771990281,0.38274977987589026,0.04281227490747436,0.026675774990528173,-37.20000076293945,9,0.5514018691588785,2,ok
CP016761.1,1518411,1518013,1,399,39.910440442694,19.999999999999904,-0.03646182475121279,0.4484459957777928,0.38509453948116,0.3588029315422345,-87.5999984741211,20,0.38596491228070173,2,ok
VLXZ01000001.1,406314,405936,1,379,66.56569948692609,3.1533015480015734,0.18712604834785174,0.4639910280017941,0.2774374878953094,0.31833667707943514,-84.80000305175781,22,0.38522427440633245,2,ok
CP001616.1,637791,638238,1,448,86.53612988778217,7.6740537410642,0.5157225645184433,0.39842101383255485,0.44751362342470796,0.46280861486498936,-130.5,22,0.41517857142857145,2,ok
RAQO01000007.1,59736,60168,1,433,94.99991353100168,7.03083679192192,0.4286323741507113,0.3927096658326154,0.001214874476158534,0.009738671887612932,-109.30000305175781,13,0.3903002309468822,2,ok
CAADFC020000016.1,477792,477886,1,95,94.99995611353977,4.780961047702054,0.28570104450655875,0.27643491971901396,0.505591389697508,0.5220782373492301,-46.0,5,0.6105263157894737,2,ok
JAODNV010000013.1,81331,81426,1,96,65.81441154047495,5.355687467408352,0.44683123885651277,0.29494071792413745,0.43406699247134706,0.5381074623992467,-41.599998474121094,5,0.59375,2,ok
NZ_AXWS01000007.1,378039,378405,1,367,50.06264963950204,4.160441492647949,0.19929898360248,0.3359879381173699,0.23426277627136333,0.30906582515699965,-136.0,10,0.5313351498637602,2,ok
QAOJ01000013.1,152352,152468,1,117,79.22716436579469,10.54827904806974,0.47399890538593026,0.39877005050493397,0.501264708470097,0.511109043330939,-50.20000076293945,10,0.6239316239316239,2,ok
CP003735.1,2478262,2478624,1,363,48.37050458136379,17.26355090156781,-0.008722906176900025,0.39899353122502346,0.39741776801971496,0.3883814772067701,-140.89999389648438,15,0.5179063360881543,2,ok
LDOU01000013.1,165474,165884,1,411,50.425801409996865,11.803064900907348,0.01097013070477798,0.4490310832916595,0.28978809109009435,0.2975645936838675,-91.5,17,0.3795620437956204,2,ok
AB255436.1,46891,46833,1,59,86.01078750527692,2.967458633492892,0.33978877324803286,0.3773428419934869,0.25607700334422223,0.3018193945154666,-22.799999237060547,8,0.576271186440678,2,ok
UHJG01000001.1,70625,71071,1,447,57.21428022675897,19.99999999999991,0.23391357429671994,0.40587183245997543,0.23679193596904927,0.2908339051252282,-117.19999694824219,28,0.4116331096196868,2,ok
CP001063.1,2115802,2115380,1,423,59.777158303090445,4.712632825033176,0.15265060770205696,0.35300600115443953,0.30543677629645855,0.3525518241360063,-125.5,18,0.4231678486997636,2,ok
AE004091.2,5847084,5847187,1,104,40.570782672644505,16.050811817375255,0.014515410642649218,0.3930154330729627,0.42152537827198977,0.4337418400798791,-33.5,6,0.5865384615384616,2,ok
CP022113.1,570242,570147,1,96,35.68876743767102,19.999999999999858,-0.00618274887806447,0.3788910108671415,0.2766230277811494,0.2761427710978353,-43.5,16,0.6875,2,ok
KB375284.1,651097,651002,1,96,86.01978329557059,7.452955168264465,0.43510750947167387,0.5093200223783593,0.3033590045495472,0.3178294499931621,-25.0,8,0.6041666666666666,2,ok
JAIULA010000014.1,16798,16409,1,390,94.99999139180238,6.952055650567949,0.15098411660441732,0.41949457147939234,0.0008200929464897422,0.003960384720744392,-77.9000015258789,16,0.35128205128205126,2,ok
SLVV01000009.1,239022,239442,1,421,41.80310904183264,19.99999999999999,-0.08964177885269159,0.38642490045790434,0.21362285535050946,0.15212456549327194,-116.5,20,0.3824228028503563,2,ok
AE007869.2,109596,109822,1,227,69.16354414533028,11.19357433288224,0.538454860615,0.48974373885060746,0.002699416519510056,0.04129563925769819,-55.5,17,0.47577092511013214,2,ok
AP014546.1,2339916,2339480,1,437,27.29760074723007,14.226765892830455,0.506607931851413,0.40915299200411026,0.5814209617468685,0.5910512907592356,-95.19999694824219,13,0.40045766590389015,2,ok
RBOJ01000035.1,152246,152359,1,114,45.970304430703656,14.376603474307553,-0.01641408894681462,0.4106420716072988,0.5806287466806952,0.5644715000228424,-48.20000076293945,7,0.6140350877192983,2,ok
FNFL01000004.1,40653,40280,1,374,29.470358827638737,19.999999999999847,0.40907388603577466,0.5001166374053189,0.9402873117971078,0.9435018827555703,-70.0,42,0.36363636363636365,2,ok
CP005974.1,27318,27725,1,408,72.70677855337041,2.6874756863084253,0.7364650351719315,0.3963250580912415,0.1647786769099283,0.29830027609047244,-123.4000015258789,14,0.45098039215686275,2,ok
LR700946.1,51822,51431,1,392,94.99997992713712,3.761261281771995,0.010948923652106313,0.49028140079644983,0.40065051266004803,0.4015916674919076,-74.0,22,0.35459183673469385,2,ok
CP007453.1,342124,342434,1,311,59.55861452134562,6.008098183262566,0.8119082368986676,0.4570776208575346,0.15443950266561365,0.42362135685800245,-69.9000015258789,23,0.3504823151125402,2,ok
LAQR01000048.1,168450,168080,1,371,40.39011969607701,19.998233645517434,0.027734722862094552,0.41946611976476517,0.8316764519795541,0.8537782947221375,-98.80000305175781,30,0.4339622641509434,2,ok
GL538181.1,53195,52810,1,386,69.69742175188242,7.060756479541534,0.5686760576063274,0.44808733126950934,0.3177357893762081,0.4012650443150025,-88.69999694824219,26,0.4067357512953368,2,ok
LT906479.1,1855134,1855593,1,460,44.342958889843075,15.036956422316813,0.3718764658481282,0.3737644140031578,0.522105271873297,0.8567479918384537,-132.3000030517578,13,0.4782608695652174,2,ok
AKJA01000153.1,2005,2385,1,381,94.99988097929045,4.237586670484453,0.3922081826513947,0.3775677825451948,0.13997504021824542,0.1683761128351348,-114.30000305175781,9,0.4566929133858268,2,ok
CAJPFU010000642.1,14178,14569,1,392,43.29183985581402,11.167755945901702,0.00971512643677691,0.3681385516268736,0.34642351406348787,0.3539997224037326,-140.8000030517578,20,0.46683673469387754,2,ok
RCCI01000006.1,279138,278746,1,393,41.66606289786494,12.39699751884135,-0.06319140311152982,0.40130396275996655,0.5850798782953489,0.5333631006311663,-130.0,11,0.544529262086514,2,ok
AHBZ03000014.1,63826,63384,1,443,12.096552420217735,0.5546113728323233,0.7664353032471276,0.399647355772419,0.3425761292871312,0.38273780427417087,-110.5,15,0.35214446952595935,2,ok
PDDX01000001.1,3667876,3667413,1,464,63.172820115883155,5.333278139400928,0.7407085780846075,0.40264998384701595,0.11692853330615613,0.31832048955936065,-113.5,29,0.3922413793103448,2,ok
AJYK02000024.1,43040,42640,1,401,54.796270461834695,7.22809804322666,0.45325364098308696,0.41330123903408605,0.08510156760566809,0.289714867019758,-104.0,13,0.40399002493765584,2,ok
BA000028.3,606090,606478,1,389,59.43787746546927,6.563789138009051,0.3067587405548505,0.3788589157984396,0.39918002998383284,0.5012398450305096,-94.9000015258789,11,0.35475578406169667,2,ok
CP010536.1,808736,809142,1,407,65.12358813854479,9.099762429216849,0.15671455835392745,0.34962504964993774,0.5012980210050914,0.5281173422542006,-152.3000030517578,10,0.5356265356265356,2,ok
CP045403.1,1397747,1398182,1,436,60.76140574336223,19.999999999999996,0.2796265440041136,0.40333298822584024,0.5612212881385018,0.5831324971716919,-102.0,17,0.33715596330275227,2,ok
VTXE01000004.1,128509,128082,1,428,39.24391513140909,19.99999999999955,-0.18487580658113242,0.4123109246776438,0.38591567514819747,0.2605786890596474,-119.19999694824219,20,0.3855140186915888,2,ok
MRWE01000006.1,84532,84344,1,189,43.41220700328243,7.335690536928185,0.2550123706738027,0.3730910439215175,0.38765022608106275,0.5444447232447382,-57.29999923706055,7,0.5502645502645502,2,ok
FMWD01000008.1,31173,31562,1,390,94.99600901856572,5.392104389272473,0.010966861643682477,0.34947241740619106,0.00015838013659069672,0.0006408888576021066,-157.8000030517578,14,0.5461538461538461,2,ok
LLWI01000053.1,23172,23073,1,100,58.091125723679916,8.807612730648321,0.09648219977838868,0.38373162149020024,0.5135721793948123,0.5486517519028341,-35.79999923706055,6,0.55,2,ok
SMCO01000007.1,25365,25799,1,435,54.89046480634521,9.224964292223833,0.2339350188970053,0.3758181631844707,0.2355684617709332,0.34755028506612723,-129.10000610351562,10,0.42528735632183906,2,ok
JQAZ01000001.1,193152,193475,1,324,61.778138501859715,6.417387949005676,0.5807233503731029,0.32095978829793465,0.37198025467062246,0.5379336340718077,-95.0,8,0.3888888888888889,2,ok
CP009706.1,2571208,2570815,1,394,94.999999999657,2.792089136795075,0.5152569593862694,0.43454857137046077,0.3457762020961548,0.4036048293411768,-102.19999694824219,16,0.4416243654822335,2,ok
JABZEC010000005.1,10735,11122,1,388,64.17674284564295,19.99999999970293,0.5231493892543192,0.39454137890189667,0.24223952947881525,0.2581842094213671,-103.9000015258789,10,0.38917525773195877,2,ok
FMZJ01000007.1,185142,185262,1,121,42.44462156414867,4.882346688855769,0.262391384391646,0.33455119757977575,0.4671141957304546,0.5829248616814943,-53.900001525878906,7,0.6446280991735537,2,ok
CP002583.1,2973493,2973053,1,441,39.51396536557186,19.999999999999996,-0.048768243097526795,0.43414645241951044,0.15169929586103872,0.12045210028596692,-103.19999694824219,9,0.3786848072562358,2,ok
BJMD01000008.1,170157,169752,1,406,78.3170551644443,6.1045413824818,0.04962242844916606,0.3319447664301383,0.2115768556796235,0.21621289053038675,-173.5,15,0.5443349753694581,2,ok
NEVQ01000013.1,1053409,1053017,1,393,55.5786831168564,4.322987221700689,0.4810469542217281,0.38814037293571463,0.5373061600597847,0.7019010199061231,-126.5999984741211,18,0.5012722646310432,2,ok
CP001339.1,539427,539775,1,349,94.99998826913942,4.683680535328422,0.22988543455453211,0.3602389460640844,0.006282624549570681,0.02012905570885627,-142.5,9,0.5730659025787965,2,ok
CP001349.1,2453017,2453107,1,91,82.99111551410971,3.2400318542593407,0.6320884254722554,0.26857294506575474,0.07447782926505353,0.16371232025967436,-43.20000076293945,6,0.5604395604395604,2,ok
CP009706.1,3544821,3544328,1,494,65.40543633924408,19.999999999999982,0.5157920275320202,0.35164965164275896,0.38936562495264404,0.40199999700108846,-140.60000610351562,7,0.4190283400809717,2,ok
CP019706.1,442038,441611,1,428,45.05137940755175,8.205719099184446,0.11517478952502477,0.36587526871214393,0.02488004123636145,0.10219707513355822,-131.10000610351562,10,0.46261682242990654,2,ok
CCSF01000001.1,48108,48224,1,117,78.76350047977849,16.173432861864377,0.39967362557568875,0.40872693486539197,0.3987863213771275,0.400249077059874,-49.20000076293945,9,0.6153846153846154,2,ok
FNNQ01000001.1,339799,339456,1,344,94.99999949063861,3.839380862568466,0.46368176877463074,0.40852681983092515,0.2566516198839938,0.29627471081514917,-89.69999694824219,15,0.39244186046511625,2,ok
JALPRX010000089.1,3073,3145,1,73,80.93896049824475,3.2941925079369003,0.6403557313281791,0.2990761137946442,0.08327883397800018,0.17867088091556013,-35.5,7,0.6438356164383562,2,ok
LS483470.1,1995174,1994767,1,408,60.26779727545332,9.474510193552875,0.2024565843604591,0.4488837588152929,0.007131082447964121,0.06511135666460027,-115.5999984741211,14,0.44362745098039214,2,ok
JMPI01000069.1,2633,2206,1,428,41.25816266376841,19.999999999999993,-0.015897299058627246,0.3399972321334313,0.5683530899660056,0.5553409533871675,-129.8000030517578,11,0.4322429906542056,2,ok
LT960612.1,912466,912895,1,430,49.58962098731016,10.289307965840319,0.226047333728095,0.38166127650514126,0.4449944407153463,0.6023836592743057,-131.1999969482422,12,0.4046511627906977,2,ok
CP024848.1,1169544,1169927,1,384,60.859231453444934,7.239091471245412,0.7429254933883576,0.39666304611879094,0.2090164919566985,0.43511720964340017,-88.4000015258789,15,0.3697916666666667,2,ok
LGIT01000004.1,413308,413231,1,78,76.34875821416658,3.020580715605908,0.6861005872153614,0.4431044287922886,0.470207747072915,0.5873896893630342,-19.0,15,0.48717948717948717,2,ok
RZHF01000005.1,169049,168604,1,446,37.46209727585198,8.946124433282009,0.1262155338169113,0.3786837395567922,0.13323903484370145,0.19586675780928176,-136.1999969482422,13,0.4798206278026906,2,ok
CP004345.1,2767131,2766842,1,290,45.64187645064202,4.262243143831219,0.10280706776124993,0.42532238584277476,0.5453163715235476,0.586346356159015,-75.0,12,0.42758620689655175,2,ok
FMUN01000012.1,24237,23841,1,397,43.378705315967146,16.345839572766337,0.05558422408365166,0.39864089616329895,0.4116627460599659,0.46195404466164885,-153.89999389648438,10,0.5894206549118388,2,ok
JACXIZ010000018.1,704,321,1,384,94.99984071249024,3.3652180538828826,0.1670826119053891,0.3768095208060742,0.31688042758285384,0.3335431393287946,-112.19999694824219,9,0.4348958333333333,2,ok
LT629785.1,653385,653497,1,113,44.39515102671515,13.63964802648585,-0.03504184548778308,0.42369715984096373,0.26915026919906293,0.23621007303140812,-43.79999923706055,9,0.6106194690265486,2,ok
SMGD01000001.1,31287,31689,1,403,94.99903678273935,6.679215364349025,0.10115439663555051,0.3873801176225037,0.001381913861369044,0.003813194957664634,-100.30000305175781,13,0.3746898263027295,2,ok
AP014936.1,949670,950054,1,385,60.1736151718957,3.620883434483611,0.19898128235476442,0.3708913217600125,0.7073140293118727,0.7615445657304255,-169.1999969482422,11,0.5974025974025974,2,ok
CP013187.1,3746076,3746457,1,382,64.50069959940953,5.312474170238519,0.20327387519169204,0.3891106299663129,0.16576130219787272,0.21669086070170876,-94.69999694824219,17,0.33507853403141363,2,ok
FZQB01000003.1,37322,37221,1,102,89.84740513981066,5.939041814738797,0.5272635958521857,0.4295331358948652,0.20686618885387614,0.23159070362964546,-33.20000076293945,25,0.5392156862745098,2,ok
CP134400.1,781002,781362,1,361,94.99992751414115,3.4289500163765485,0.21383261215917632,0.38249879730593767,0.4209126301195468,0.44142861451869314,-140.5,20,0.5235457063711911,2,ok
POTY01000591.1,373,3,1,371,92.72883242949031,4.0131016210241715,0.5616712071771179,0.44524677247916283,0.039640073116255586,0.0877446996364398,-82.30000305175781,15,0.39892183288409705,2,ok
CP014873.1,1152249,1152648,1,400,38.164042482839996,5.424212509797626,0.1717587425901399,0.4032419039405965,0.7023619956880413,0.774632145032026,-109.5999984741211,11,0.3675,2,ok
QUDT01000015.1,69434,69060,1,375,94.99999887549343,3.5462156111792025,0.5641234501336897,0.4249591808319461,0.27001160673964153,0.3224704629142636,-96.80000305175781,13,0.4533333333333333,2,ok
JACHXI010000013.1,54593,54710,1,118,50.74762691429439,19.99999996052705,-0.004310282836782142,0.404956499217976,0.30071681317667814,0.296470255186868,-51.099998474121094,12,0.6271186440677966,2,ok
GL379669.1,2360,1895,1,466,94.99998468608213,3.8144557633791396,0.19530520740459772,0.4194711047051186,0.25808004819639546,0.27451032959426436,-123.4000015258789,14,0.41416309012875535,2,ok
CP021659.1,1522694,1523119,1,426,52.333676355522705,5.494121610949119,0.27242010029421615,0.4240879799940754,0.5523368499567319,0.6717239110406827,-113.0,11,0.4084507042253521,2,ok
QWVT01000065.1,6235,6619,1,385,94.999980417118,4.776872169006313,0.4836122906029649,0.4150180859271065,0.35214885318906064,0.3800152684655986,-115.80000305175781,17,0.42857142857142855,2,ok
SKBM01000006.1,156019,155925,1,95,94.99995989003668,4.648900543426634,0.010142753504301827,0.39253345150719965,0.750141673831478,0.7507664183093687,-50.29999923706055,12,0.7684210526315789,2,ok
CP019445.1,1260001,1259569,1,433,44.26009414828217,8.167022660048922,0.003309652763316462,0.3751565973323483,0.40414865317507137,0.40634236374020904,-119.30000305175781,11,0.4341801385681293,2,ok
JMCG01000001.1,2086321,2086738,1,418,88.70239972530644,3.8329457818414454,0.580697199142984,0.44659631663281746,0.061864301832985136,0.12286323393012297,-88.33000183105469,51,0.37559808612440193,2,ok
RZJR01000022.1,40454,40841,1,388,94.999999313635,5.265419863729253,0.043720474648245855,0.3529277630968827,0.0005847448856756143,0.002626001666509925,-116.69999694824219,12,0.4175257731958763,2,ok
FORT01000001.1,436231,435932,1,300,59.104592139161774,19.999999999994433,0.010439793567477373,0.4580733869655231,0.4964646661818926,0.4982773290301311,-65.9000015258789,22,0.4,2,ok
WQLV01000009.1,173944,174303,1,360,45.9173983080209,12.196254884247397,-0.0039695127910097106,0.3783736958992165,0.21229991540722226,0.2084835832739404,-130.0,15,0.4861111111111111,2,ok
CP013099.1,678974,679332,1,359,52.78897095467766,16.336447247520507,0.03264100590780719,0.3819071940781089,0.21600026354509821,0.23701523269166622,-112.5,12,0.46518105849582175,2,ok
LGAA01000018.1,139654,140039,1,386,77.27148263389438,4.9037938232142455,0.3668116017360581,0.45493405040005624,0.027218429574743463,0.07581972439318416,-77.30000305175781,23,0.35233160621761656,2,ok
PIQH01000002.1,180618,180222,1,397,44.929641606994366,8.68031209552138,0.4294165589034174,0.37739871349792636,0.4518828583536788,0.7502982496915713,-109.5999984741211,11,0.4156171284634761,2,ok
BMIY01000014.1,48097,48546,1,450,87.55101537602715,10.808316478718915,0.4096226162717448,0.36253385351021117,0.0002757220196001886,0.002967620386081865,-146.39999389648438,9,0.43333333333333335,2,ok
CP001997.1,1822541,1822101,1,441,56.11688017958017,8.804323834082314,0.5784809760217953,0.4389289253020448,0.5133979021870896,0.7628042542036366,-109.9000015258789,26,0.4126984126984127,2,ok
JYFT01000060.1,63194,63079,1,116,53.25997636676618,6.9413265215710505,0.5868436109021173,0.35872024473200054,0.2959199634097969,0.5784474585423375,-59.400001525878906,12,0.646551724137931,2,ok
MIJE01000011.1,228252,227897,1,356,50.82842111847893,3.4335217803649725,0.24380181136042467,0.4587012699507165,0.5373913855203488,0.614394879967693,-71.9000015258789,16,0.36235955056179775,2,ok
DF967972.1,890200,890497,1,298,83.1170771447344,9.58820722142861,0.48628937939933825,0.397865171478815,0.7291310414485812,0.7382695996444483,-102.0,10,0.5369127516778524,2,ok
BORO01000024.1,50426,50787,1,362,86.2248079069101,3.179671050392832,0.6198041053841019,0.36864623745456826,0.049613687111251116,0.13007192195007397,-100.19999694824219,22,0.3701657458563536,2,ok
CP034412.1,3029680,3030075,1,396,47.45985498268754,19.999999999999996,-0.08436383107852097,0.35712608298388454,0.6600183439359836,0.5758368662184328,-169.0,12,0.5984848484848485,2,ok
MTSD02000001.1,1063785,1063344,1,442,94.99925088168372,5.2266405668693725,0.02067547267520753,0.4326429037631818,0.7501990225658756,0.7511781105419414,-111.5999984741211,12,0.39592760180995473,2,ok
CP019706.1,310347,309869,1,479,62.701791862601596,9.17358925862915,0.6510886206900173,0.38613377976976915,0.421984468874236,0.5690145277158759,-142.60000610351562,16,0.4196242171189979,2,ok
FQTQ01000057.1,19309,18875,1,435,57.43145253241264,13.834853968051105,0.17791718782053287,0.4682961186684877,0.02244504703965519,0.08472081798596376,-79.30000305175781,15,0.3632183908045977,2,ok
BA000019.2,323243,323301,1,59,42.7694594881216,5.844846055708679,0.40206817929963484,0.6072303657593846,0.5733627743061469,0.7795002816624059,-11.0,10,0.423728813559322,2,ok
VFRR01000002.1,106585,106174,1,412,54.43481373081938,14.230428458950644,0.04125076134364627,0.45649105957295066,0.04043647150197696,0.062195582657512266,-100.80000305175781,16,0.39563106796116504,2,ok
CP002727.1,3297127,3297060,1,68,43.49106946779285,19.999999517387938,-0.0026321306198313077,0.42711544335244794,0.39275451590286165,0.3913445424903289,-18.0,5,0.5294117647058824,2,ok
QZEW01000207.1,1691,1794,1,104,72.98001516846645,3.655914360619131,0.6780236718815187,0.3258974085509604,0.09383210194375918,0.2198048592191032,-40.5,6,0.6057692307692307,2,ok
CP009706.1,3666920,3666474,1,447,54.880048260609186,8.197683289161628,0.35780158629869474,0.4289797651385949,0.09935991613023595,0.2663801338867938,-110.9000015258789,14,0.42953020134228187,2,ok
SLXK01000037.1,20254,19852,1,403,40.96592127878736,19.999999781325496,-0.021210802103214466,0.44935832219669264,0.7101887618728504,0.6954675017752419,-84.0,18,0.4119106699751861,2,ok
JANCLT010000005.1,205773,206168,1,396,45.501700263221494,6.430252448524974,0.5145655339034771,0.37466073488520546,0.46882921234538477,0.758412050496403,-120.5999984741211,11,0.42676767676767674,2,ok
BBMT01000012.1,103071,103500,1,430,50.53896628677168,19.999999999595936,-0.009272866749227116,0.42121223702645183,0.2878101872769829,0.27772953066971295,-114.0,12,0.4116279069767442,2,ok
LAQT01000002.1,305130,305519,1,390,51.18428716094338,19.999999999999996,-0.13212105848339067,0.3607804465483957,0.5390864349274682,0.42155394888823583,-134.10000610351562,9,0.5205128205128206,2,ok
FWXD01000001.1,35185,35483,1,299,77.55635010707128,4.146903596671007,0.6206938319439763,0.4264170920137937,0.3048246441099386,0.3983919109452466,-103.0,13,0.5484949832775919,2,ok
AKKV01000019.1,142187,142549,1,363,50.603428205878544,6.3720646738757685,0.4056136076294225,0.3674380687451009,0.3390502339241728,0.5459843257791998,-98.0999984741211,11,0.38016528925619836,2,ok
CP001154.1,893915,894277,1,363,43.07543843944559,11.390735658349712,-0.0012215134298735053,0.39704875169231185,0.19172110318513944,0.19066857826770894,-127.0999984741211,12,0.5371900826446281,2,ok
CP019640.1,373847,373406,1,442,85.44002386792918,4.881277128814901,0.5583577665112436,0.43341400069678454,0.3151919441818269,0.36437766846578945,-101.4000015258789,14,0.4004524886877828,2,ok
MXQD01000068.1,39457,39069,1,389,47.197982031867035,8.983155845745607,0.02018510157499928,0.35057277566183975,0.23856182913015817,0.25261388091812087,-128.39999389648438,8,0.42930591259640105,2,ok
LELH02000006.1,144926,145253,1,328,78.79325348849288,9.05736094598418,0.5069514201450782,0.40970732643356267,0.08040303681743938,0.09871910819040058,-99.0,14,0.4878048780487805,2,ok
QPJY01000003.1,177070,177463,1,394,38.25884745164711,19.999999999999996,0.029619772246506804,0.358263023737437,0.6134260755102293,0.6242984592902673,-140.89999389648438,9,0.5583756345177665,2,ok
QKRA01000006.1,26174,25732,1,443,51.83229708554673,15.455428632923965,0.2048025935808248,0.39026132882354364,0.14100428955043837,0.28394332478872464,-112.4000015258789,9,0.3905191873589165,2,ok
CGIG01000001.1,835093,834644,1,450,94.99990901378771,4.40410161407654,0.2978900439611666,0.35349313490689166,0.009067755017643314,0.029102336854073346,-127.5999984741211,11,0.42,2,ok
CP009706.1,351452,351540,1,89,48.29729282024607,17.756521838050798,-0.10882177872095355,0.4220549304077407,0.7343842684514131,0.6220726430438523,-15.699999809265137,10,0.39325842696629215,2,ok
CP003923.1,3226800,3227171,1,372,59.13627385068589,6.202849976823098,0.19821374892506394,0.3947846726906879,0.598977677350683,0.6659181830820998,-106.4000015258789,11,0.41935483870967744,2,ok
FQXG01000008.1,235526,235107,1,420,45.59913534588015,8.072650291571334,0.25837379044667924,0.3840575936201681,0.13200024498573398,0.30323941387459485,-157.89999389648438,14,0.5261904761904762,2,ok
CP021106.3,3162680,3163084,1,405,63.58152440612717,5.847406272529233,0.714331975073252,0.3925589220954415,0.3970109760514109,0.583467249554709,-121.69999694824219,13,0.45185185185185184,2,ok
LGUE01000004.1,150637,150211,1,427,81.02830068551391,7.76071111177773,0.49122619551383506,0.45551147687927546,0.2604851949264275,0.28284435327827473,-104.69999694824219,33,0.39344262295081966,2,ok
CP008849.1,3786095,3785678,1,418,43.91499191372225,5.887999258570174,0.15457447757408127,0.41020588038786066,0.7937903088631861,0.8745663067568896,-107.0999984741211,23,0.39712918660287083,2,ok
CP054212.1,3461480,3461203,1,278,65.49929837634036,7.531768248588978,0.6346917515123889,0.45147180753864574,0.35591079552488253,0.48290031610742723,-72.9000015258789,45,0.4172661870503597,2,ok
FQXZ01000041.1,5751,6137,1,387,45.45337895867299,8.236125455526647,0.31282211417751987,0.38832001784742093,0.5389051559561577,0.7490497607519292,-106.9000015258789,13,0.42118863049095606,2,ok
FQUG01000005.1,98198,98624,1,427,42.48613837549007,14.49989216069099,0.12824049671548743,0.3918731855434794,0.4612398659229651,0.5687721553559445,-120.0,10,0.4215456674473068,2,ok
LT699767.1,955371,955040,1,332,16.446688874623938,3.742647589591223,0.5244675248980782,0.48372410298791185,0.05493043903514039,0.0749813522750768,-54.20000076293945,23,0.35240963855421686,2,ok
CP003230.1,610790,611216,1,427,58.73506913935306,10.103892424200968,0.7585665765801441,0.3760216259888823,0.01943922947956775,0.2722158365521502,-107.0,19,0.3629976580796253,2,ok
FPJW01000006.1,32807,33209,1,403,79.31306566026946,5.490921107475825,0.5512263594858151,0.3499798484743854,0.1280256430133504,0.1849365096705342,-120.69999694824219,10,0.41687344913151364,2,ok
FPIU01000013.1,192010,191645,1,366,50.515734054472425,8.576047617446275,0.08960532310127967,0.4109732038474168,0.4707448683105417,0.5254129056534407,-97.37000274658203,34,0.4644808743169399,2,ok
LS483466.1,1813977,1814379,1,403,45.53308708637347,15.720076194650197,-0.08504396566301708,0.4001655120407915,0.47337804673037875,0.38984196904667134,-90.19999694824219,9,0.36228287841191065,2,ok
AL590842.1,1604240,1604374,1,135,39.51295139558323,5.745491787477748,0.12374093580231438,0.50198439720181,0.8630348116872011,0.920319541993211,-32.099998474121094,18,0.48148148148148145,2,ok
JMSP01000100.1,124,412,1,289,28.00241884229596,1.5036225163782413,0.8293850781212071,0.41238424118216943,0.6251097719089731,0.7344697561817913,-71.80000305175781,16,0.3771626297577855,2,ok
JNGI01000184.1,68192,68602,1,411,62.32083346777608,1.1253803965142968,0.3750121199861003,0.4115923205063917,0.19900944899629272,0.2393352745514695,-101.19999694824219,34,0.3795620437956204,2,ok
CP010552.1,560983,561326,1,344,39.777994672862945,7.930873655350922,0.04619968079052861,0.3744935134423515,0.6854313977723755,0.7115782580888859,-90.80000305175781,13,0.35755813953488375,2,ok
BAEN01000068.1,162599,163054,1,456,80.67457334312716,9.638660628377416,0.44548827798438895,0.40124883680944734,0.0014885408434176517,0.012416095670331834,-113.4000015258789,19,0.37280701754385964,2,ok
AZGA01000006.1,57791,57405,1,387,38.38875054131331,19.999999999999993,0.09811446162352921,0.4242530538054748,0.5849983878314599,0.64207666903062,-86.30000305175781,19,0.3669250645994832,2,ok
AP013066.1,2217055,2217444,1,390,60.76227322376407,4.189429259624951,0.4276608897562169,0.3352537128708993,0.5393943635106121,0.6616363776746161,-134.10000610351562,10,0.45897435897435895,2,ok
JTFC01000031.1,58291,58671,1,381,74.51849959403587,5.1167419353953365,0.18099827925720013,0.4179082368733875,0.05412677825153839,0.08081509149901289,-91.19999694824219,18,0.3569553805774278,2,ok
FNCT01000014.1,72210,72051,1,160,54.77200541172398,19.999660850256568,0.010021451018886407,0.35227927761822636,0.4942129610975522,0.49921415794106194,-71.5999984741211,9,0.6125,2,ok
CP016761.1,3174810,3174432,1,379,52.10613600945354,5.924536491792494,0.3518205687535656,0.43755654519844234,0.34785552752209903,0.5108713797209916,-86.4000015258789,24,0.40369393139841686,2,ok
JALPRX010000089.1,7109,7198,1,90,82.86035481013268,3.24897124674503,0.6322889453182519,0.3190010893020653,0.07454949579801248,0.1640587212054239,-41.20000076293945,7,0.6222222222222222,2,ok
QFFF01000001.1,1424974,1425069,1,96,65.75566929356927,8.18736723166863,0.23279174783662415,0.3634915773940437,0.5047624557680133,0.5464869667633008,-37.099998474121094,11,0.6145833333333334,2,ok
VRYZ01000003.1,457147,456756,1,392,94.99999910311163,5.459986363182815,0.06878178362949439,0.3864298027474729,0.0008957625178863893,0.0038363895544842874,-144.8000030517578,11,0.5,2,ok
SRJC01000001.1,1128034,1127620,1,415,54.482923882762364,3.7488370187821793,0.2813274346391713,0.430444967097284,0.6596534450787603,0.7494896184575406,-111.5999984741211,15,0.39759036144578314,2,ok
CP007142.1,2496503,2496098,1,406,94.99962311360196,7.813186871815834,0.18394015078809403,0.405890832941051,0.0003677007894234974,0.002812069781497256,-110.5,9,0.4064039408866995,2,ok
WOCD01000001.1,571014,570879,1,136,54.892815205059,19.99999999999299,0.030236617227885065,0.43069621420298365,0.3479984351838764,0.3594197923301456,-30.0,12,0.375,2,ok
JTKH01000024.1,365451,365850,1,400,94.99999996372613,3.018392367161861,0.48507704028323234,0.3987573546312214,0.015396906412116856,0.06730313866044507,-98.5,9,0.3925,2,ok
LT897836.1,1511741,1511597,1,145,64.68233531222775,6.165168428900645,0.46738961210686425,0.5031071413412553,0.3965140421997588,0.5077877621206066,-29.899999618530273,13,0.36551724137931035,2,ok
SNYM01000004.1,98192,97815,1,378,75.66360481126111,6.781865348199028,0.557645548828955,0.4138423610626067,0.21265724158027477,0.26596824120653884,-106.80000305175781,17,0.455026455026455,2,ok
CP022736.1,1872839,1872441,1,399,85.56409203500878,4.810088116405709,0.5502947261158786,0.3767356593640249,0.4837172811856827,0.5328634587952521,-111.9000015258789,8,0.43358395989974935,2,ok
JAJNNZ010000014.1,32359,32780,1,422,46.170761953734676,19.99883362257848,-0.002431283809742335,0.41288094069979675,0.569042120412041,0.5716111013747109,-98.5999984741211,22,0.3862559241706161,2,ok
JAGIYQ010000010.1,31262,31638,1,377,68.7737189875079,19.999999999999996,0.5059060848937162,0.40191678935947206,0.26953229499991477,0.27259874559276714,-92.80000305175781,18,0.3448275862068966,2,ok
AL590842.1,1640745,1640856,1,112,46.43619699045204,8.126515941027948,0.35346625956602806,0.4753598630866156,0.4800078090886057,0.7138484701270016,-15.399999618530273,10,0.29464285714285715,2,ok
ASXJ01000337.1,18923,18816,1,108,56.80298291350609,8.806706542415387,0.1947075604802746,0.43146911991274284,0.3078474566070627,0.3871198372425725,-33.099998474121094,14,0.5462962962962963,2,ok
HF985266.1,109812,109442,1,371,41.801410093080506,13.170807115349696,-0.29407453055309424,0.47441595979657714,0.5994792668348785,0.3530277583777822,-70.80000305175781,19,0.38544474393531,2,ok
CP013650.1,1730103,1730554,1,452,74.393687418007,15.274187399367218,0.4700679808339475,0.3981318201328367,0.5012418362981472,0.5059214768945398,-116.80000305175781,14,0.3827433628318584,2,ok
AE015451.2,2245706,2245773,1,68,72.2161797439346,4.217178409242094,0.659364329846803,0.4225781720064769,0.07985626351580266,0.20259910402756062,-19.100000381469727,14,0.5,2,ok
FRFE01000002.1,133746,134160,1,415,51.29390708203874,19.999999999999996,-0.02043068102832568,0.3731605534256055,0.8981622236429209,0.8826111467682594,-128.1999969482422,13,0.4650602409638554,2,ok
LZHQ01000031.1,8152,8554,1,403,59.44251193916895,9.353073540915036,0.2132627197008647,0.378287198776312,0.03818785007920539,0.10508003203668295,-94.80000305175781,23,0.315136476426799,2,ok
JACHHI010000001.1,138335,138702,1,368,21.06151013459136,2.6389046175334516,0.6127912030911102,0.41593069063944177,0.5150811550631604,0.5833466441489058,-92.19999694824219,20,0.39402173913043476,2,ok
WWCL01000004.1,726747,726384,1,364,45.58130355864805,6.785827763118207,0.2856183494083345,0.37678570908948433,0.31890992588516553,0.4863082910890886,-112.0999984741211,27,0.4368131868131868,2,ok
CP041151.1,2040136,2040567,1,432,39.398643021110004,19.99999999999977,0.1573785610684026,0.3801378965673519,0.11193709890198525,0.208448793763799,-119.80000305175781,7,0.40046296296296297,2,ok
JANCLT010000001.1,664983,664598,1,386,35.73274269712408,19.999999999988404,-0.13277951855911074,0.40859190161445974,0.07975779035795805,0.043001835793266385,-90.30000305175781,18,0.4015544041450777,2,ok
GL636106.1,51956,52137,1,182,86.60240558412953,3.270898469008277,0.6134598065414294,0.471448415027426,0.12003108449531599,0.197746708287051,-36.5,14,0.4230769230769231,2,ok
LWBR01000079.1,78328,77927,1,402,56.09201885338719,12.290284870205742,0.07134339521416466,0.48440830526570144,0.35803931638731223,0.38875575245294824,-85.5,45,0.3407960199004975,2,ok
JACHEU010000001.1,97410,97495,1,86,94.99999707199204,4.2510243643214904,0.39265711233354705,0.31219350127930673,0.5322793170434648,0.5603464581399595,-33.79999923706055,6,0.5581395348837209,2,ok
FODY01000004.1,101286,100949,1,338,58.68378136721928,6.056432992787391,0.4411900109794766,0.44605345293605,0.29790405454479224,0.4502772804680334,-85.80000305175781,24,0.40236686390532544,2,ok
CBXF010000132.1,1571,2020,1,450,59.766655564500745,9.323389968265143,0.7337423649978719,0.39967769159385935,0.3619863851499266,0.5903988263303501,-119.5999984741211,13,0.4311111111111111,2,ok
MODU01000004.1,217999,218419,1,421,94.9999960483266,5.44055210842326,0.29999183228799486,0.41883259002058165,0.11612876767511078,0.12899615062109732,-106.5999984741211,18,0.37054631828978624,2,ok
CP010796.1,166277,166675,1,399,59.19995398692241,9.450173710524869,0.15906918163619388,0.4140448475726279,0.3653715976429969,0.4163131448117858,-85.5999984741211,14,0.3609022556390977,2,ok
QQAY01000015.1,804,428,1,377,73.12345506069465,2.0634728498647346,0.7823008923939532,0.446214504944344,0.49952676605274726,0.6295721104855183,-82.5,13,0.38726790450928383,2,ok
PUEJ01000001.1,89677,89768,1,92,70.59784133568562,3.4866891741154387,0.7094977513027984,0.27091952990462415,0.13244140864589904,0.27451031883804344,-40.29999923706055,4,0.5978260869565217,2,ok
SPIA01000001.1,165720,166160,1,441,44.70697668843709,19.999999641933247,-0.021747555640526182,0.38509050535736433,0.08232349580605847,0.06294479762583463,-133.10000610351562,10,0.4467120181405896,2,ok
CP003532.1,2784167,2783805,1,363,24.951243073267953,4.624598424167332,0.5813018247543125,0.4576793084644745,0.2059121787364383,0.27350603989228095,-80.4000015258789,18,0.4380165289256198,2,ok
MRWE01000014.1,25448,25536,1,89,32.72491328732239,5.499943426098057,0.6114856732183719,0.5189860433433929,0.6904108795173614,0.8634082716419684,-12.800000190734863,20,0.33707865168539325,2,ok
VIWP01000010.1,84072,84162,1,91,38.04929635619589,8.565999173929988,0.08870187104411259,0.3961472909713502,0.17493608779114633,0.2211360445285105,-31.399999618530273,9,0.5714285714285714,2,ok
AL590842.1,2098677,2098606,1,72,51.70983062827158,2.3876435946745316,0.19243094518552628,0.5534205100499564,0.7783477909051305,0.821940392624672,-14.300000190734863,8,0.4166666666666667,2,ok
WXWF01000081.1,26309,26730,1,422,94.9999631743268,5.726339591402727,0.1719902542424273,0.38968346684852795,0.2516334662158395,0.25811924358623917,-116.9000015258789,13,0.3886255924170616,2,ok
CP020444.2,49428,49526,1,99,67.94691898405924,5.635408548728436,0.6545950651886421,0.3656068727362778,0.08161917370404093,0.217339551697434,-37.0,5,0.5454545454545454,2,ok
QWEZ01000002.1,956661,956235,1,427,38.52712018462878,19.999999999966406,-0.009852826619778293,0.3815909213849015,0.021110192327842336,0.01591671246937998,-149.1999969482422,10,0.49414519906323184,2,ok
VLLC01000001.1,142453,142912,1,460,40.018113057125284,6.789154856389692,0.11881235087142328,0.40152967158511704,0.594341738778212,0.6571271023924116,-125.30000305175781,12,0.3826086956521739,2,ok
CP049990.1,736102,735743,1,360,66.58583813754453,5.386205344138106,0.6796948849318479,0.4944144157102305,0.09605908251652062,0.24908927119337898,-85.5,30,0.41944444444444445,2,ok
CP009706.1,1798133,1798582,1,450,53.27587599471867,11.103709715008364,0.4652047749791778,0.3847617111491144,0.3034235442271996,0.5689156238811668,-122.80000305175781,12,0.45111111111111113,2,ok
FUGE01000161.1,6664,7099,1,436,46.41425469432406,16.803047806083242,-0.009413091565073473,0.3785289700160035,0.4979979491150457,0.4885749891214083,-112.5999984741211,12,0.3967889908256881,2,ok
WJQS01000010.1,17258,16898,1,361,56.483627607507366,8.078949300459586,0.46113734765067615,0.40859115092461734,0.40987004198781707,0.6011262538669174,-81.0,14,0.3601108033240997,2,ok
LGJH01000129.1,24931,25036,1,106,65.47785904012524,10.134303461322517,0.5861126703369922,0.3933662169475629,0.006900113240096067,0.09205552018656765,-45.20000076293945,13,0.6037735849056604,2,ok
BMYM01000002.1,505426,504995,1,432,66.93832484036764,19.999999999999996,0.5059555337414724,0.36007879688610195,0.030540284979823168,0.03537472463437935,-147.89999389648438,19,0.4861111111111111,2,ok
CP022572.1,3785535,3786007,1,473,33.8867493002767,19.999999999890235,-0.11689880412761,0.3944017189817116,0.5807416484925833,0.5709738953227417,-117.19999694824219,18,0.3572938689217759,2,ok
PIPO01000003.1,287812,288202,1,391,94.99999905925968,3.893286899376001,0.28451847225551974,0.39369377156603413,0.22802513046091422,0.2512447439536466,-109.0,18,0.42455242966751916,2,ok
CP003235.1,111631,112099,1,469,69.47994701653944,5.58477152834032,0.6360253785000471,0.35946514578400574,0.547098353954928,0.6654048997862626,-133.6999969482422,12,0.43923240938166314,2,ok
CP034433.1,2588270,2587915,1,356,84.50086360228568,5.254368469514231,0.5527472334716269,0.3812444022015559,0.7805303879226189,0.8268791674972394,-118.5,9,0.4747191011235955,2,ok
BMGH01000001.1,445635,445974,1,340,40.44573665947955,18.002783423570136,-0.04748800819028237,0.3947572081724562,0.47460926779715623,0.43735832503555727,-122.4000015258789,11,0.5411764705882353,2,ok
CP027860.1,3033323,3032888,1,436,94.99997592488982,7.502427478619721,0.15170446770739135,0.40067113740586535,0.0003278454749261195,0.002705890507515407,-142.6999969482422,21,0.5229357798165137,2,ok
CP003350.1,810701,811142,1,442,50.67613911525823,19.999999999999858,-0.005811846701469364,0.3577979080061206,0.16993418251179787,0.1640563585720301,-183.0,12,0.5475113122171946,2,ok
CP071182.1,1732726,1733140,1,415,36.57311726008159,5.766939763174819,0.05305904607295919,0.4071425267598785,0.7975189285423152,0.8184449664071103,-119.80000305175781,19,0.42650602409638555,2,ok
FNGI01000010.1,137438,136992,1,447,90.7088299730298,5.3371065971677085,0.5347598785653493,0.3472253319804396,0.010429025394777025,0.04090610693350416,-156.60000610351562,6,0.5123042505592841,2,ok
NUMC01000057.1,29763,30143,1,381,29.724836185602953,2.8185320362990702,0.770669776139399,0.43926275099667256,0.3659127755770266,0.521535208667879,-85.9000015258789,14,0.35170603674540685,2,ok
PQGA01000002.1,596297,595988,1,310,73.88920222053923,10.28843636792047,0.5240937801895073,0.3908736092353712,0.01431048890378408,0.03828188615384929,-108.0,14,0.5129032258064516,2,ok
AE017340.1,37222,36798,1,425,94.99999781525956,5.259165615337507,0.0734615357531288,0.42451758372740156,0.2561896941995686,0.25966674154597347,-110.80000305175781,19,0.4023529411764706,2,ok
JXNU01000003.1,2592036,2591580,1,457,43.506102799748106,11.829372279371599,-0.08490011092425098,0.3883951294828727,0.5791270519570787,0.503914808959494,-124.5,9,0.437636761487965,2,ok
SZZX01000002.1,61055,61456,1,402,94.99916149635997,3.3725444795874178,0.24433364870549967,0.3562682293603839,0.5474064632848541,0.5714629681979497,-112.30000305175781,22,0.3208955223880597,2,ok
BAUW01000014.1,13810,14233,1,424,63.83650317037836,6.167910378330026,0.7021920706560565,0.44191186677431604,0.1371802550012645,0.31756054002447337,-93.0999984741211,12,0.37971698113207547,2,ok
OBEM01000009.1,247915,248031,1,117,46.326143515632154,12.3157401025209,-0.013067670979285684,0.3795900162730846,0.3517280777658036,0.33888687628582803,-52.599998474121094,6,0.6752136752136753,2,ok
CP000462.1,4392693,4393138,1,446,57.72097183160611,19.999999999999996,0.10990855572518421,0.42137678183670957,0.2094169365037191,0.23452066141738326,-121.19999694824219,18,0.47533632286995514,2,ok
VWUI01000053.1,22172,22601,1,430,55.87274898188574,12.109542155126265,0.15718575002190138,0.43051537158024294,0.18913007637918577,0.25858952116316314,-101.69999694824219,24,0.42790697674418604,2,ok
CP000115.1,1226107,1226007,1,101,94.82593026475568,7.907417074980147,0.44758714303614683,0.47631169124676487,0.20083733580249152,0.2066157069802384,-28.700000762939453,9,0.6039603960396039,2,ok
RYZZ01000033.1,966,535,1,432,41.67496785049029,14.869975423515498,-0.0029555221795625197,0.4594280406366604,0.2423832369082901,0.24003703592907497,-96.0999984741211,22,0.36574074074074076,2,ok
CP013987.1,3123307,3123235,1,73,94.99999974028809,4.425645973660205,0.020036041903934543,0.3874596893836187,0.20450666421377028,0.20585257331843435,-25.299999237060547,6,0.5616438356164384,2,ok
PNCO02000002.1,584786,585234,1,449,37.70454270706378,13.275147776668886,-0.10311027857475039,0.38015300366469734,0.06093680575595267,0.0029293880212160617,-124.69999694824219,15,0.40089086859688194,2,ok
SMAA01000005.1,186979,186635,1,345,72.73336182328607,5.488828776986321,0.6083971338814886,0.436341827669432,0.40768976939141277,0.5022084281745717,-77.0,13,0.37971014492753624,2,ok
AEVK01000026.1,18681,18269,1,413,78.64662111872303,8.65746628727657,0.4895923674991051,0.3770107017147285,0.0012992609906624097,0.021851724275904927,-123.0,10,0.38256658595641646,2,ok
CCSE01000001.1,1095928,1095581,1,348,59.50113987101874,13.418469421461944,0.2169217379433751,0.4421795067500742,0.5184195361079956,0.5744808072374255,-74.30000305175781,16,0.3563218390804598,2,ok
WBOT01000001.1,599846,600268,1,423,72.93818247362732,4.355932576558041,0.646858088845466,0.4098353358742202,0.11626194564022478,0.23152993395202626,-105.0,27,0.3806146572104019,2,ok
CP005973.1,2039951,2040375,1,425,85.18977721049484,5.686980166422338,0.5416156105296948,0.3877667734988531,0.023845966287233865,0.06108702544029423,-107.0999984741211,11,0.3811764705882353,2,ok
SMFX01000001.1,1167224,1166819,1,406,61.229822741269714,7.655837740647329,0.06007904952487504,0.3656906713203362,0.04422703872514535,0.06133918983516233,-134.39999389648438,18,0.5049261083743842,2,ok
LXEN01000125.1,11483,11855,1,373,94.99999999999979,4.200469658075146,0.23683178240224587,0.35091257177267626,0.010428790392332698,0.028082096177819704,-93.80000305175781,12,0.35656836461126007,2,ok
QCXQ01000002.1,273123,272678,1,446,41.96707626898718,16.24724301823186,-0.07786501169214621,0.42958338332751805,0.3436976030596801,0.2750499589066441,-99.9000015258789,12,0.38565022421524664,2,ok
FOHK01000001.1,293932,294331,1,400,80.68713684940178,6.080680883170731,0.544750871175643,0.38736571017047416,0.2751209839788049,0.3193221130611974,-107.80000305175781,12,0.375,2,ok
CP019706.1,2637088,2637255,1,168,78.33230806929625,9.524519279458382,0.46510609374620404,0.4579503264939896,0.043132505985420046,0.058584111776480416,-36.599998474121094,13,0.44047619047619047,2,ok
CP000471.1,3850736,3850296,1,441,43.652525648241536,11.433103698417211,0.41598930465467227,0.3925646724729382,0.33775398006738744,0.6716432020515403,-144.89999389648438,11,0.5011337868480725,2,ok
JAAIWM010000002.1,862801,862421,1,381,44.30258771334478,12.306449418621566,-0.005839120501358208,0.43639412093492413,0.2861500363659387,0.280780601112235,-88.0999984741211,15,0.37270341207349084,2,ok
LIXZ01000001.1,339471,339825,1,355,41.43185511299863,5.532713379347528,0.19532390523818094,0.3821989789086394,0.521255712259819,0.6149135278583486,-90.0999984741211,8,0.38591549295774646,2,ok
BSNC01000001.1,591433,591871,1,439,47.61741072897527,8.743639255144332,0.02868233730497488,0.4038148971749246,0.2029460186942284,0.22242616392529824,-114.0999984741211,13,0.38496583143507973,2,ok
JAQV02000017.1,61590,61163,1,428,94.99772968955153,3.5069937057649563,0.039409097289303786,0.44199961268652715,0.003066942969830122,0.006745822334545748,-107.30000305175781,22,0.39953271028037385,2,ok
JAPNOA010000059.1,354140,353698,1,443,46.1924955990043,19.999999999999986,-0.03470864589235806,0.40228651802093063,0.20823260933983898,0.17937559183317614,-126.4000015258789,37,0.4604966139954853,2,ok
CP000822.1,2972562,2972517,1,46,51.390517839064,19.999999999999996,-0.01416475438600917,0.5714463279391315,0.8307303501938961,0.8193980061762632,-5.400000095367432,10,0.32608695652173914,2,ok
LDOU01000015.1,663973,664403,1,431,78.45482659463124,5.591037268969376,0.3154102072615757,0.40894696097443184,0.2654827989836359,0.2989011889972823,-111.5,11,0.37587006960556846,2,ok
UHJG01000001.1,112780,112664,1,117,43.42392193231007,12.487273047035622,-0.11859601614617465,0.49676870930092726,0.659438156955057,0.5536172016961507,-24.0,16,0.46153846153846156,2,ok
CP058559.1,868451,868111,1,341,29.54637889455497,19.999999999999996,-0.5054692708904098,0.48477929881151033,0.35536080169977935,0.35420120778021524,-63.0,18,0.3343108504398827,2,ok
ATCL01000009.1,10950,11270,1,321,46.047384430683906,2.410459598854175,0.6628039705349807,0.40130674977576175,0.4738048031477088,0.6291618108830792,-90.0999984741211,8,0.43613707165109034,2,ok
AP014879.1,2524925,2524534,1,392,48.33398387832756,5.189400775890156,0.21766006633366514,0.343468352550862,0.3488351320019417,0.44928990706788935,-152.1999969482422,14,0.5408163265306123,2,ok
JXRP01000009.1,332881,333189,1,309,94.99999810413009,5.287282670120664,0.009885499253650518,0.4061584130303028,0.00017520150040408743,0.0006338472062157763,-81.5,9,0.3818770226537217,2,ok
BATL01000025.1,91752,92177,1,426,49.773017482250395,6.545013225565883,0.14960502688555788,0.4384002082429974,0.12296408209493256,0.20258761077645598,-101.30000305175781,16,0.39906103286384975,2,ok
CP029347.1,696273,696651,1,379,65.72395487578011,6.086651567516673,0.6698912704731861,0.39115039165317034,0.2800083975038641,0.43131729401012775,-109.9000015258789,17,0.44591029023746703,2,ok
SWLG01000006.1,220192,219794,1,399,94.05062581555039,5.582506942721517,0.5116229956601237,0.4731956368803365,0.004410814861267043,0.02611895332149189,-87.80000305175781,20,0.37092731829573933,2,ok
CP040449.1,578414,578060,1,355,94.99918414102144,5.578382713427994,0.010571140162731514,0.3712141302636557,0.00013766556027714483,0.0005666599871805955,-116.0,9,0.504225352112676,2,ok
CP008876.1,306723,307075,1,353,94.99993354628604,3.479780629866899,0.35978861871133005,0.3338955529330935,0.013678105724984105,0.047466543185610555,-109.19999694824219,13,0.40226628895184136,2,ok
JAGXQV010000035.1,3926,3520,1,407,94.99990027252407,3.4983770178299225,0.23539046314991094,0.39476846235214536,0.026439454958723657,0.048633876046451724,-130.0,17,0.5061425061425061,2,ok
PKGB01000015.1,33078,33543,1,466,57.407150675248744,9.530715789936467,0.12773342008465927,0.3893871442980636,0.34721703162485196,0.39608018273366385,-115.5,10,0.36909871244635195,2,ok
SHKP01000005.1,628373,628783,1,411,50.290325596020864,19.999999999999996,-0.05996758220670351,0.3543008261525786,0.5093917015149676,0.44996260957207496,-162.5,11,0.610705596107056,2,ok
BMGG01000011.1,206409,206315,1,95,94.9999999999998,6.2981191745863745,0.4932000254477311,0.5012885875577383,0.30317419205601903,0.3173561202322872,-29.700000762939453,16,0.5684210526315789,2,ok
SWCN01000038.1,32581,32977,1,397,45.260296062741936,9.146244684915922,0.6295817371338571,0.38293917071567524,0.25913737511906854,0.711146645037104,-127.4000015258789,12,0.44836272040302266,2,ok
BJYL01000012.1,45785,46148,1,364,50.65673845337769,19.999999999973372,-0.022084362158069526,0.3337012631441627,0.7425549510284593,0.7197714890201213,-114.9000015258789,9,0.3956043956043956,2,ok
CP002209.1,1808267,1807875,1,393,71.85432153329826,5.810503616470077,0.606198588777054,0.3795231191486403,0.06367074688802418,0.1577448623012851,-115.0,19,0.4681933842239186,2,ok
JACRSS010000001.1,129764,130241,1,478,42.4322976094697,11.40358088866275,0.044077027645804234,0.37552106305378596,0.6181444154639429,0.6524584373639557,-154.39999389648438,8,0.4309623430962343,2,ok
BA000040.2,5776213,5776303,1,91,69.28906109546747,4.906532155183402,0.08372134607294723,0.3503211609555032,0.5061359362195412,0.5228389255152648,-31.799999237060547,5,0.5604395604395604,2,ok
KQ758640.1,22773,23143,1,371,47.64659642140497,19.999999999994653,-0.07559832275678147,0.3914474035357272,0.5269545502728541,0.4553642473134973,-93.0999984741211,18,0.39622641509433965,2,ok
SRJD01000006.1,48682,48245,1,438,93.20793019808931,2.296503936268232,0.34495276333624975,0.47056622620906374,0.12082011127398895,0.16328589442774924,-107.80000305175781,15,0.4429223744292237,2,ok
CBXF010000089.1,13141,13561,1,421,94.9999761302269,3.1908393361848613,0.26241531329620105,0.37905593392480685,0.5488445037650558,0.5758488226482479,-103.30000305175781,17,0.36342042755344417,2,ok
FP929140.1,1401699,1402144,1,446,91.40283465608849,4.47112936396945,0.5517819456021261,0.36404756117321035,0.025008619127058686,0.06744225761743183,-141.8000030517578,18,0.4551569506726457,2,ok
BA000032.2,1368413,1368823,1,411,40.035023777041,19.998311764739995,0.016493274810525038,0.4207144748305168,0.22853451229878036,0.24148067079820273,-89.2699966430664,31,0.3844282238442822,2,ok
AL590842.1,2679841,2679959,1,119,83.96849949928907,3.1006484871497872,0.6348341259436147,0.5912889229604845,0.2711236245109745,0.359585924985151,-25.0,11,0.46218487394957986,2,ok
SMSJ01000014.1,53974,53883,1,92,94.99999916463888,4.874148686338694,0.024807751743111145,0.459741797689535,0.20082264366452413,0.20220101325342393,-35.900001525878906,14,0.6521739130434783,2,ok
AL590842.1,4065469,4065056,1,414,82.98771279835422,4.99110657065984,0.5645836274207707,0.39685961326585495,0.3376665680502048,0.3928454017328651,-117.80000305175781,24,0.43478260869565216,2,ok
CP004345.1,1526077,1526438,1,362,94.99999997773631,3.002387681588026,0.3744365059128166,0.3494566728684506,0.135097647344033,0.1753425350098859,-112.5999984741211,14,0.42265193370165743,2,ok
BA000039.2,889417,889465,1,49,73.10716905219093,4.8353711632534715,0.6270086644785283,0.7249708670591968,0.5886112019386648,0.6937724182474468,-3.299999952316284,17,0.4489795918367347,2,ok
QNQT01000005.1,97333,96956,1,378,94.99997679915363,4.726464443612568,0.18482963706405686,0.44259955563633,0.003986287550281187,0.014908134695018893,-97.9000015258789,18,0.42328042328042326,2,ok
AMRI01000019.1,19291,18867,1,425,86.39754749321072,4.982721071366087,0.49373025832190015,0.3492341344648339,0.01783312421330588,0.05795147034031467,-136.39999389648438,15,0.4611764705882353,2,ok
CP047476.1,1639893,1639479,1,415,94.99998865122643,3.930898517574165,0.06569162010103305,0.36134168523688726,0.011193613782886414,0.016926429559022516,-105.30000305175781,11,0.38313253012048193,2,ok
CP048649.1,3112769,3113125,1,357,49.289259729213825,6.689380452410436,0.14680930920632046,0.416204583254712,0.46506310067647494,0.5453331769892634,-84.5,23,0.36134453781512604,2,ok
WKJC01000001.1,187894,188294,1,401,94.99999999998298,4.084472075012431,0.4156157691732142,0.43034405396962283,0.1874823904501218,0.2194279498412671,-100.5999984741211,14,0.38403990024937656,2,ok
CP007441.1,1208837,1208433,1,405,49.64423810953708,19.999999999999844,-0.03795180954362132,0.34851544440121585,0.8045979405200407,0.7652001368632305,-136.8000030517578,8,0.5037037037037037,2,ok
SLUK01000002.1,42915,42552,1,364,47.193375606095685,4.126607010164728,0.34423695443625657,0.3777354422916455,0.6913239456485833,0.8237260836336219,-119.19999694824219,25,0.49725274725274726,2,ok
CP072937.1,180895,181032,1,138,49.45965252506841,10.07118406627044,0.7080793298460468,0.419793093018592,0.2428574897090293,0.733952502224907,-29.600000381469727,11,0.39855072463768115,2,ok
CP042593.1,2945346,2944962,1,385,82.13059109694134,6.991824564538462,0.5230547750811729,0.4675714203207168,0.25319839719691156,0.2812391579089124,-76.5999984741211,19,0.34025974025974026,2,ok
BAEO01000013.1,37458,37896,1,439,65.52755454383549,8.586024381708278,0.6110078404112218,0.3862680026358982,0.2606946181044226,0.3676807414406894,-106.5999984741211,11,0.36674259681093396,2,ok
VOLS01000008.1,9398,8963,1,436,84.27155319645244,3.6123210933244962,0.6078222748149499,0.37473099102306545,0.06607541144541129,0.14489885441297737,-109.4000015258789,22,0.3669724770642202,2,ok
GL891959.1,304378,304007,1,372,39.930271172145375,2.7170071410317385,0.6307620966256072,0.431693077248781,0.30716070915293914,0.46906496952800847,-88.80000305175781,12,0.4112903225806452,2,ok
AL591824.1,204468,204339,1,130,57.05468797125502,7.805121307033566,0.27573337595178105,0.4671515063547689,0.7381141615791096,0.8474994634725672,-17.200000762939453,10,0.35384615384615387,2,ok
VFRR01000004.1,119888,120287,1,400,47.99340624567307,17.055470637808927,0.09239973858006884,0.4056416590014153,0.45192113507843684,0.5333547480343974,-104.0999984741211,9,0.3975,2,ok
BATJ01000011.1,97631,98071,1,441,53.918677007722344,8.25009062672566,0.11868199179146625,0.36746229941796654,0.034850830960642815,0.09398920451892356,-132.1999969482422,13,0.4126984126984127,2,ok
CAJQUM010000001.1,1527801,1528202,1,402,78.42853695830217,8.563031830948432,0.48985016818623983,0.3804202194817689,0.06979041016602927,0.09164537581400775,-138.3000030517578,12,0.5199004975124378,2,ok
CP064795.1,618396,618835,1,440,64.75169678630255,10.544611296654498,0.38589805466577776,0.377497958011828,0.4132985180683826,0.4708904826274134,-122.30000305175781,12,0.43863636363636366,2,ok
AL590842.1,2984138,2984599,1,462,75.98114887209513,8.478748533624735,0.5324834451241269,0.35404021689829945,0.006064103149340583,0.037602851672178056,-126.0999984741211,10,0.37662337662337664,2,ok
CP000020.2,2883971,2884415,1,445,60.60466398326208,6.889848613498433,0.7443169828681655,0.4054368240188547,0.1292767043697393,0.3574292505667336,-109.80000305175781,9,0.3550561797752809,2,ok
LAYY01000007.1,39365,39775,1,411,46.10582645423623,5.522954105796037,0.2316169230179102,0.39496188811744176,0.3689739813073933,0.48434278146581855,-108.0999984741211,22,0.39659367396593675,2,ok
CP015438.1,1858580,1858901,1,322,55.056106016242694,19.94786673202987,0.20708863449714776,0.39074242278847626,0.31656040067542524,0.4140280306036838,-80.4000015258789,12,0.40993788819875776,2,ok
AP014936.1,2578309,2578739,1,431,67.60500489120265,7.882231071768565,0.5990220053033233,0.37155218749552793,0.2858273258236641,0.3805288901506669,-190.1999969482422,10,0.6102088167053364,2,ok
MZ779062.1,99361,98938,1,424,16.329626165177288,2.82585666323726,0.5507121142003899,0.40153735983013245,0.31836247777658233,0.3546603003336651,-113.30000305175781,14,0.4410377358490566,2,ok
MEIY01000001.1,926754,926317,1,438,87.65829017359364,2.9340816952980817,0.15015661694867388,0.42191644190719774,0.29116757591268927,0.3106915131214889,-124.0,26,0.4840182648401826,2,ok
JACHHV010000002.1,88767,88416,1,352,43.07075411240772,4.619205378677264,0.7041138374680604,0.42149417457372995,0.43563600093525084,0.7344859393713148,-72.19999694824219,24,0.35511363636363635,2,ok
FONL01000007.1,95300,94874,1,427,68.34473260294004,8.079093216501839,0.5869137965810012,0.4448635291429997,0.01676707211683917,0.10028300004541121,-87.30000305175781,18,0.3981264637002342,2,ok
LT906439.1,237936,238281,1,346,76.47667063356033,6.169391203926821,0.4156593018651281,0.4190296531475781,0.1972066693556384,0.24063511983218078,-81.0999984741211,26,0.36127167630057805,2,ok
AL590842.1,3240329,3240147,1,183,34.38732909560839,9.64794893076614,0.305552147240786,0.47836438370507056,0.24173527340917733,0.34046260317845656,-48.0,22,0.47540983606557374,2,ok
JPEO01000001.1,481920,481512,1,409,68.02345971312566,7.838540019727167,0.5949243495469578,0.4210575507047463,0.3098482463982285,0.4005780891188598,-103.5,15,0.3740831295843521,2,ok
LR590083.2,3415171,3415263,1,93,79.25183327980031,3.519123619783125,0.37681024696574794,0.35670845437056287,0.47589375472064877,0.5333459441627713,-36.400001525878906,9,0.5591397849462365,2,ok
CP049258.1,611833,611729,1,105,34.783179882647524,19.999999999999964,-0.020812529132845647,0.5010006737715975,0.2931816779079841,0.29216109128419104,-31.700000762939453,8,0.638095238095238,2,ok
AODH01000019.1,46935,47319,1,385,49.44073200050927,19.999999999998654,-0.05672877163082246,0.3626609048817101,0.9449424283707586,0.8867371119004138,-99.80000305175781,14,0.36363636363636365,2,ok
CP043404.1,3278500,3278083,1,418,80.45016151254954,5.096709961143585,0.5740326329382218,0.4343834302195472,0.2777409623978274,0.34266959752973725,-89.69999694824219,15,0.37320574162679426,2,ok
MPRL01000019.1,3358,3683,1,326,46.09669039295751,8.873376818034215,0.10811285699507533,0.3752344865473807,0.7190505147137447,0.7950008772527373,-97.9000015258789,10,0.4785276073619632,2,ok
LGIT01000009.1,892267,892711,1,445,80.5888115999673,2.8294449425903547,0.6700776108336299,0.4007709862829684,0.1436939619236139,0.24727898292054956,-123.9000015258789,12,0.43595505617977526,2,ok
AYYS01000016.1,16170,15796,1,375,94.99989373979251,3.675967252020068,0.21997957825339542,0.4365700485450547,0.27581101702248495,0.29532285366548316,-74.4000015258789,20,0.37066666666666664,2,ok
JTFC01000010.1,43976,43658,1,319,57.14769437265494,11.575301627035232,0.13314257156062348,0.43675204609806356,0.4610751202104389,0.5121372582011893,-65.9000015258789,20,0.38557993730407525,2,ok
SKFB01000005.1,167990,168389,1,400,51.50236015878609,6.237414622820809,0.5325353467515611,0.4037875177740348,0.16610135727530495,0.42606181862445025,-116.19999694824219,13,0.43,2,ok
CP064931.1,1345411,1344998,1,414,52.35080957830565,10.105460620550138,0.08112993799637122,0.3652224145210647,0.15883026924680796,0.2069089011968909,-164.1999969482422,8,0.5942028985507246,2,ok
LT699767.1,409136,408708,1,429,40.00231872719764,19.999999999998668,0.04228040270124944,0.3998353506186623,0.24431562814029278,0.26620268804267355,-104.19999694824219,16,0.38927738927738925,2,ok
LN907828.1,384806,384326,1,481,68.08335311343075,5.150475220187364,0.40705673626587224,0.3785565734603265,0.37768976321469044,0.46254012099817016,-145.10000610351562,12,0.44490644490644493,2,ok
BSNM01000027.1,185098,184661,1,438,84.34627021314273,11.051685779057273,0.4109864363271938,0.42029113089374165,0.00033237339055045,0.003969539146021744,-109.5,17,0.3926940639269406,2,ok
JACDXJ010000002.1,128062,127969,1,94,91.1616511924516,5.789807234806373,0.5160317060511771,0.43952904838229667,0.2057382683873307,0.22945448057095708,-36.900001525878906,8,0.6382978723404256,2,ok
BJCC01000007.1,95681,95285,1,397,79.13895660842219,8.924108564277716,0.48647959690957,0.4124440061582519,0.5025679798011644,0.5203125532219598,-88.69999694824219,36,0.380352644836272,2,ok
OUND01000001.1,102487,102624,1,138,57.76217187058132,11.297477244820442,0.12666614612718696,0.46392291972244487,0.5349325564967212,0.5801685737830378,-23.899999618530273,19,0.35507246376811596,2,ok
MDJM01000004.1,10533,10189,1,345,62.86831421118618,4.496920514330834,0.18796981077314956,0.4729176245591185,0.5800232551156856,0.630698215715145,-71.30000305175781,14,0.3826086956521739,2,ok
BDGM02000020.1,14828,14442,1,387,88.15519751946165,5.324428679515401,0.540402921550101,0.45548103281421026,0.008161193945491446,0.0439554749300024,-70.30000305175781,23,0.32558139534883723,2,ok
JAEPBH010000003.1,79890,79470,1,421,43.081449213726515,19.999999999999996,-0.0534184872982274,0.4085039546208454,0.4829283321388558,0.44045738372468796,-113.0999984741211,13,0.4513064133016627,2,ok
FRAQ01000001.1,2161873,2161437,1,437,57.03656142204393,11.447054447875221,0.3353814895682237,0.3526951286370641,0.2288266255787838,0.35888640821732565,-141.8000030517578,24,0.4851258581235698,2,ok
BMYM01000001.1,1375425,1375865,1,441,55.42443645737562,19.999999999980346,0.011986545166273399,0.3817632815499112,0.48468736080129204,0.4890988594798584,-146.10000610351562,13,0.48299319727891155,2,ok
MVBK01000065.1,20949,20533,1,417,57.953601454735775,13.012608199935157,0.1689360309093492,0.3803791989871957,0.21413362879590148,0.270321286806035,-162.8000030517578,13,0.565947242206235,2,ok
JABAIH010000009.1,28799,28695,1,105,76.17547424862148,6.386898272682922,0.5483470167367586,0.4918998707789638,0.41796283534525386,0.47369246034082113,-21.5,20,0.5714285714285714,2,ok
FXAQ01000042.1,13851,13940,1,90,84.61798003413836,3.1500809270893355,0.6289126558560266,0.33501392055228324,0.07306984476486728,0.15886247423199243,-32.599998474121094,10,0.4888888888888889,2,ok
CP047476.1,254647,255068,1,422,47.19601212340703,15.933508974654416,-0.002157906850613664,0.43056395657033125,0.10180660243612683,0.09962694678391573,-107.80000305175781,22,0.4099526066350711,2,ok
BAZF01000024.1,33445,33095,1,351,34.319441903558435,19.99999999728331,-0.09750417291237151,0.3971926193401604,0.20135793576099847,0.19344208321587245,-115.0,20,0.5242165242165242,2,ok
BOSH01000002.1,320491,320870,1,380,39.61060714273445,10.834559708331465,0.12020939902651373,0.3638652553856774,0.7220269026031378,0.7997040247521987,-109.80000305175781,16,0.3526315789473684,2,ok
JAOSHN010000006.1,73231,72836,1,396,51.894690187016515,19.999999999999996,-0.006036585156083574,0.486084299881942,0.5011068949952124,0.4955784348343833,-82.9000015258789,17,0.398989898989899,2,ok
KK036986.1,4165064,4165494,1,431,58.23004314219191,9.14762488917369,0.514645339897362,0.3861878388622829,0.4108335264943876,0.5946017497877074,-113.9000015258789,12,0.43387470997679817,2,ok
RQXV01000001.1,277847,278296,1,450,94.99998675262479,6.80481675369654,0.16849293050990533,0.3888153215053588,0.0006625282277340494,0.004414546875721681,-116.9000015258789,25,0.3977777777777778,2,ok
AE017180.2,2083369,2083721,1,353,94.99876469796972,5.592196015945633,0.040523276021441235,0.35193671828542483,0.49901235476568334,0.5006376434781664,-147.6999969482422,8,0.546742209631728,2,ok
CAJFCI010000042.1,26925,26809,1,117,94.99973003125719,4.0698408427827415,0.43714073796865305,0.30282627513511906,0.24114842460603841,0.2749552991149732,-51.5,5,0.6410256410256411,2,ok
AP017312.1,3542205,3542621,1,417,60.925701729109456,8.611464443949913,0.7071894464493351,0.3822415215454952,0.014228570652077407,0.21192149554311968,-107.69999694824219,24,0.38848920863309355,2,ok
BMTP01000030.1,14581,14240,1,342,53.94429824696052,19.999999999999996,-0.01344952311969494,0.36582504593201826,0.8974632197673086,0.8938092015845532,-137.0,11,0.631578947368421,2,ok
ASWO01000001.1,330078,329691,1,388,46.44653625928937,6.01760732656417,0.2863652408778734,0.4454718014503447,0.7072563306740681,0.8592756169744687,-71.0999984741211,15,0.34536082474226804,2,ok
CP009287.1,6860764,6860350,1,415,39.00342969339542,19.999999999909875,-0.011262825311125352,0.4068551452545414,0.2063357068062771,0.19986956812013115,-107.4000015258789,18,0.39036144578313253,2,ok
WTUZ01000015.1,164339,164735,1,397,38.584164214108704,14.948935762956358,-0.2574514123106689,0.3555268392749665,0.2517841310984267,0.08613837783889391,-111.4000015258789,11,0.3979848866498741,2,ok
LMIB01000016.1,285324,285421,1,98,78.82994492346953,3.65067528735662,0.6347157614714577,0.2855064328260954,0.07460861222604442,0.17182750668753613,-45.70000076293945,12,0.6122448979591837,2,ok
CP004856.1,2251028,2250660,1,369,47.15602512507207,16.142031285811147,-0.0033234400890727045,0.44408098272256546,0.3980474902898184,0.39467239341828675,-88.4000015258789,15,0.4010840108401084,2,ok
CP001983.1,1443413,1442989,1,425,77.89351703657043,6.0379447108110735,0.561324319062541,0.4807494104488232,0.03017014716158828,0.0856271540227426,-81.5,19,0.3341176470588235,2,ok
MSCW01000007.1,669322,668874,1,449,92.30899882226633,2.2345710545802593,0.5479420607925979,0.3976133993503667,0.10683760733496689,0.17506160328871717,-151.1999969482422,15,0.512249443207127,2,ok
SPIB01000002.1,407294,407701,1,408,53.30383508794049,6.2816970069743405,0.739187433645568,0.3888857085835809,0.08846347087131487,0.4265933990484962,-125.5,12,0.4387254901960784,2,ok
JAGKTC010000003.1,453847,453431,1,417,42.525867637792224,5.360879117157405,0.05572626405093878,0.347287550405565,0.025253579279975253,0.05191825283105023,-171.0,11,0.60431654676259,2,ok
CP027663.1,1670479,1670083,1,397,56.07952668094069,7.070788043028714,0.3158234792040093,0.4136253394977414,0.2353109032023298,0.3665851185923792,-114.5999984741211,18,0.5415617128463476,2,ok
CP049889.1,516218,515882,1,337,94.99999999998681,4.766090212731054,0.4299722645867363,0.4784991619690569,0.7457209311473406,0.7706402791905855,-75.0,19,0.37091988130563797,2,ok
CP000447.1,861042,861484,1,443,49.257917777950155,19.999999995360014,-0.0027203073904350505,0.3719218633193034,0.12662038246271604,0.12395254961987856,-120.4000015258789,16,0.3905191873589165,2,ok
BATM01000049.1,10974,11412,1,439,53.597960296252644,12.95490968049256,0.19817723908083867,0.4152448121030786,0.1184875955128282,0.2307500405259763,-108.80000305175781,10,0.37585421412300685,2,ok
CP001616.1,1408231,1408615,1,385,79.81559115165423,4.344045283594546,0.5990177146418754,0.3665358877762818,0.44225814991830203,0.5209112856477174,-112.69999694824219,11,0.42337662337662335,2,ok
FNIJ01000002.1,153847,153538,1,310,40.45184708392401,12.458333813100397,0.12952790373238898,0.3535717476888738,0.4535493325861427,0.5453061639671593,-123.80000305175781,14,0.5548387096774193,2,ok
LT897836.1,572480,572033,1,448,67.89510762473166,10.703296818692413,0.5528355507862206,0.3831168126714243,0.2900013641767614,0.34250593987620265,-100.5,21,0.35044642857142855,2,ok
JACEMT010000043.1,155410,155000,1,411,40.414293296585655,19.999999999999996,-0.04761534328669162,0.38136889335354596,0.19658153343930343,0.16587963298827993,-133.60000610351562,23,0.45985401459854014,2,ok
JXQD01000018.1,409592,409168,1,425,41.97537909198507,15.414399459496096,-0.10011348750579974,0.3969603580539596,0.69847832913971,0.6116687034493952,-109.0999984741211,12,0.38588235294117645,2,ok
BSFI01000007.1,617435,617528,1,94,74.94799372401313,3.713251342356314,0.6588032669738378,0.3146360453534197,0.08305415323038898,0.19741740070259042,-40.70000076293945,10,0.6595744680851063,2,ok
UHJG01000001.1,744413,744276,1,138,62.326138099100945,4.778193061501486,0.7761665421008938,0.4288398713470994,0.4463387937119065,0.6639550668682921,-38.29999923706055,13,0.47101449275362317,2,ok
BJLL01000011.1,61016,61401,1,386,94.99989769001904,6.573915330702751,0.3218518947242459,0.3902396202336851,0.16812939246168646,0.1762180230558846,-90.9000015258789,18,0.3471502590673575,2,ok
SMFX01000001.1,2353964,2354356,1,393,53.784196047395625,16.293632039051264,0.25375897657689345,0.36936220458040464,0.2543886215628609,0.4035549936911792,-125.5999984741211,16,0.4631043256997455,2,ok
NULG01000025.1,154804,154501,1,304,89.29562889301022,5.631019400376073,0.4597144515170445,0.4271909614560946,0.49840570430952685,0.5237198414007078,-61.5,16,0.375,2,ok
CP018632.1,6259594,6259168,1,427,62.002279224060736,0.4046104040938978,0.40184842462348125,0.425030492806743,0.2811094447459359,0.2983074442203365,-115.30000305175781,14,0.47306791569086654,2,ok
LJTD01000001.1,81845,82296,1,452,38.6926300271887,19.999999999998906,0.045325363952592845,0.3697220344198279,0.3779044356986415,0.40498254398201095,-170.5,17,0.5685840707964602,2,ok
MCUV01000035.1,30270,29823,1,448,73.36587894886519,7.3401708680618665,0.5604624714581848,0.42563278671720306,0.5121510477893926,0.569326509249348,-90.5,15,0.37723214285714285,2,ok
WXWF01000091.1,26142,26570,1,429,50.67782650245598,15.424776668927848,0.06729829625923325,0.4027383543116265,0.157721344040143,0.20873683057227357,-113.19999694824219,18,0.40792540792540793,2,ok
AP021881.1,665328,665678,1,351,37.641419228381345,19.999999999998504,-0.010939162132689265,0.34719568439561405,0.11015192499036378,0.10635761988513673,-100.0,16,0.38461538461538464,2,ok
CP006643.1,3033857,3034307,1,451,10.35543966747963,1.498073378914356,0.5737521008836188,0.36906744387644685,0.29507863823783015,0.32668099879070694,-114.5,15,0.36585365853658536,2,ok
UFXZ01000001.1,2287331,2287760,1,430,49.47204180432103,19.999999999999996,-0.010029872521472971,0.44405827616837784,0.3969418182624491,0.38779504275748633,-109.0999984741211,22,0.4511627906976744,2,ok
KI535340.1,1318417,1318058,1,360,53.404748897328886,12.630706273565877,0.20385426827264813,0.4541935465991226,0.06876937967834362,0.1871546140498858,-85.69999694824219,15,0.39166666666666666,2,ok
AZGA01000065.1,19195,18824,1,372,49.22973968701807,5.537406127206207,0.4125044942130197,0.4100358999330625,0.3754201793256655,0.5733850123452162,-82.0,22,0.3521505376344086,2,ok
CP013099.1,3309841,3309435,1,407,93.49611735941969,6.494590733782891,0.5093236530208495,0.35177798102337876,0.0018344532955147375,0.016678288764574167,-142.5,8,0.5036855036855037,2,ok
BARX01000001.1,290513,290825,1,313,66.02466815339645,5.387426512887627,0.687532861055779,0.3985398002148801,0.47074159117091685,0.6297161215572902,-76.80000305175781,13,0.3769968051118211,2,ok
AFJL02000053.1,59426,59630,1,205,43.82769704147024,2.7569620029554303,0.29753557505960637,0.43326831004701405,0.7333420887097342,0.8125641922121971,-40.5,22,0.24878048780487805,2,ok
JWIR02000031.1,13474,13922,1,449,62.43009831612093,10.862952517537487,0.6275803361967972,0.3958041471150059,0.009238119344952592,0.1361994446732707,-123.69999694824219,11,0.39643652561247217,2,ok
FMWD01000006.1,253687,253294,1,394,36.812218440078524,2.164096258183204,0.23965397925548804,0.36892546551624916,0.7130995096560944,0.7614609085522136,-139.10000610351562,19,0.4949238578680203,2,ok
FYAH01000001.1,1117598,1118043,1,446,72.73280752716023,7.480231508181847,0.5606595557283471,0.3762284440078978,0.016835184506711537,0.07562696938295008,-114.9000015258789,16,0.3789237668161435,2,ok
VIGH01000003.1,350041,350367,1,327,54.258781695868414,0.32229711128628064,0.09895652504880315,0.33400485331701724,0.6490225337890048,0.6524001747005636,-146.6999969482422,15,0.6238532110091743,2,ok
UGQS01000002.1,676644,677002,1,359,64.11518044667498,19.99999999999999,0.522679592021132,0.361764566571606,0.3089425681369349,0.32425831560572693,-105.69999694824219,14,0.43175487465181056,2,ok
AE003853.1,184100,184520,1,421,82.29313723483176,4.008524466271083,0.21876897009839177,0.41565408395233944,0.02324102930224715,0.05099375316235981,-106.19999694824219,11,0.4014251781472684,2,ok
LAHP01000001.1,237067,237506,1,440,57.663535539009466,19.999999844088922,0.045425478735476144,0.3762174603121598,0.19014872599187513,0.2020211734187777,-121.5,8,0.425,2,ok
NSLB01000002.1,571031,570918,1,114,45.66994424858964,18.654822284407476,-0.041117233290113686,0.3732604050558918,0.5224970411136874,0.481833950771116,-50.400001525878906,10,0.6403508771929824,2,ok
CP049258.1,5744426,5744523,1,98,64.71620460512507,6.670016726348024,0.6712906269858185,0.32377620709941757,0.07657010301533482,0.23393786689368803,-36.400001525878906,5,0.5918367346938775,2,ok
ANBP01000006.1,105256,105621,1,366,94.99999998698087,2.978930250913853,0.2213940831783784,0.38084982526634903,0.14697087865898084,0.17098567072457554,-147.3000030517578,19,0.5546448087431693,2,ok
JXYA01000001.1,186233,186643,1,411,94.99999709344843,3.2201647442292205,0.2678257836727394,0.4266333427499992,0.02144561881247966,0.048563595074235064,-96.9000015258789,17,0.3771289537712895,2,ok
LWFH01001822.1,14350,14799,1,450,79.18260800886527,8.963311375151061,0.5175424341855123,0.40305588819113947,0.002874885146744194,0.021680166798812045,-119.0999984741211,18,0.4022222222222222,2,ok
QYUN01000002.1,1779328,1779732,1,405,83.96810495920349,4.743454365202495,0.5674574533069291,0.387656672220874,0.025957753665839023,0.082606118237629,-117.5,12,0.4567901234567901,2,ok
JABXSS010000001.1,1280008,1280435,1,428,68.92469295057225,3.82307002964526,0.71164372369045,0.42592581141267916,0.15585068917468647,0.30722659497469607,-102.51000213623047,36,0.3901869158878505,2,ok
NOKQ01000187.1,29600,30037,1,438,77.49053824280013,3.945472100680465,0.6299665674409586,0.3867888562293759,0.27642522599507285,0.3743914787340647,-113.5,25,0.3949771689497717,2,ok
QUOT01000001.1,3237493,3237049,1,445,66.23447242147707,6.847260081943446,0.6407858097539224,0.4666295830310835,0.1702948634141533,0.30066097849071427,-91.5,45,0.3865168539325843,2,ok
CP025512.1,2959885,2959788,1,98,49.243354903198146,19.9999999999546,-0.015681590665476697,0.552638133909777,0.3088018512266062,0.29250709874749997,-25.700000762939453,14,0.6224489795918368,2,ok
AE017334.2,1108779,1109134,1,356,49.267398095556466,19.999999946200514,-0.03124962409788179,0.4230024123653276,0.6167718469841436,0.5865951748171734,-80.19999694824219,17,0.33146067415730335,2,ok
UFXZ01000001.1,1040276,1040428,1,153,55.738160769221466,6.029072545351365,0.7266573960172972,0.4147961104098228,0.28458430223477854,0.5766154628955743,-41.70000076293945,11,0.48366013071895425,2,ok
CP060717.1,1307464,1307371,1,94,45.98903481640144,15.43620542059384,-0.011732876334233755,0.44465180905865775,0.3408374986822912,0.3292044690589635,-29.5,11,0.6382978723404256,2,ok
AZEU01000240.1,5254,4873,1,382,92.55723585506412,1.6395480655447285,0.38682637568998857,0.3902426982687412,0.26802033401456626,0.3144593800376644,-97.19999694824219,20,0.4109947643979058,2,ok
JQCQ01000024.1,1836,1432,1,405,50.44174793278406,6.636272471369989,0.5224474723731687,0.4238445934789316,0.5072219222044303,0.7821391195644292,-85.0999984741211,21,0.3530864197530864,2,ok
LFZV01000001.1,1690127,1689713,1,415,90.75660772107082,2.3962141296250365,0.6506576804557678,0.4633187937862209,0.3272471321376406,0.410147490555543,-96.9000015258789,25,0.39518072289156625,2,ok
KB946309.1,1387267,1387649,1,383,94.99990019818169,4.735310983311198,0.33430758304689345,0.39719781533048754,0.21893440757410876,0.23864692508968025,-93.0999984741211,13,0.370757180156658,2,ok
AWWH01000164.1,40874,41227,1,354,70.17610399295693,19.999999999999996,0.5047002288189362,0.3890815911853813,0.2914185375938246,0.29457704648274324,-94.30000305175781,8,0.403954802259887,2,ok
VSIW01000297.1,1446,1803,1,358,42.96068543206025,5.7864290236167,0.5654249335823183,0.387000523017939,0.48093089284555496,0.7697532618050548,-97.0999984741211,8,0.4022346368715084,2,ok
CP002582.1,3377873,3377525,1,349,45.78517505239041,8.657269228611737,0.3764140948400928,0.4537017099663585,0.6369129917266879,0.8979128511468201,-77.0,20,0.3495702005730659,2,ok
MAJZ01000302.1,479,55,1,425,92.23453142087733,2.4015981679474856,0.16404789089146526,0.4243033860264692,0.48002612014292173,0.5007268762695852,-103.69999694824219,34,0.3811764705882353,2,ok
LMJW01000005.1,5842,5737,1,106,83.84081302218429,4.288774712398159,0.5821087529892708,0.42461064011274596,0.14439233762492862,0.20972159124850887,-41.5,10,0.6037735849056604,2,ok
JPKG01000067.1,27698,27588,1,111,56.29699390925132,12.289429277021032,0.516637189831605,0.38625355361831154,0.40855360327774637,0.6274237645516394,-38.20000076293945,6,0.6756756756756757,2,ok
CP002583.1,3280582,3280190,1,393,44.514475806332364,14.201208671633841,-0.10435064230423818,0.3550181587373493,0.670097179213679,0.571236602658764,-110.5,11,0.4020356234096692,2,ok
JAPTGG010000001.1,397333,396942,1,392,76.61559760805035,8.914021754873472,0.5262539699415243,0.4145322581647889,0.0026916801233402843,0.028421360347969132,-100.5999984741211,23,0.3852040816326531,2,ok
CP040914.1,4412250,4412346,1,97,38.92268513097941,7.291894563556605,0.07927503448842371,0.3369418645847286,0.2881204639301921,0.3289188859159085,-42.0,8,0.5773195876288659,2,ok
CP053746.1,597589,597477,1,113,94.99996469409247,3.3973877882439107,0.5348792889066893,0.431636412669884,0.385810281000599,0.43749365226496445,-40.79999923706055,8,0.6106194690265486,2,ok
FOTY01000011.1,12155,12605,1,451,51.0038905526421,19.999999999999996,-0.03120218941607178,0.392613876288348,0.6083045024769607,0.589292971238792,-126.4000015258789,36,0.3991130820399113,2,ok
CP025084.1,1961425,1961606,1,182,39.732122089971654,19.99999999999992,-0.08261249423636827,0.4649463853821842,0.1855134623918158,0.12533154419599535,-39.20000076293945,16,0.44505494505494503,2,ok
RHHQ01000007.1,419772,420207,1,436,94.99996638328349,3.589331423775334,0.12359899853957167,0.3800571491272477,0.009471495021450648,0.02070081944197414,-136.0,9,0.4059633027522936,2,ok
CP000748.1,107201,107107,1,95,60.49791039818402,15.541121786899021,0.0037656111603638354,0.39666128168227827,0.3007749286529088,0.30146787755956306,-43.0,6,0.6842105263157895,2,ok
JACHGB010000002.1,157569,157186,1,384,69.0373630840721,8.318964290075114,0.24268310438314816,0.3620083075567533,0.4366615951670183,0.4671187359130283,-147.60000610351562,13,0.6119791666666666,2,ok
JABAIK010000023.1,44781,44355,1,427,40.318536507375256,19.99999999999999,-0.01405247114859981,0.3892881029275659,0.15214882439110106,0.14153974817793147,-114.69999694824219,8,0.40046838407494145,2,ok
FOLI01000007.1,60653,60269,1,385,45.79649629677115,19.88809480283394,-0.028592934622873156,0.4583014600795799,0.8225044138105234,0.7953777379414418,-77.5999984741211,25,0.38701298701298703,2,ok
BFFO01000005.1,62942,62543,1,400,58.7634986613728,3.896588860528507,0.24918231874662522,0.46029398851142295,0.6750717033148377,0.748407251621293,-86.4000015258789,14,0.39,2,ok
NRGT01000057.1,128881,129285,1,405,52.42385278243458,7.138818399302838,0.020113426646640065,0.365096698809779,0.25273257947637734,0.26294498025960883,-147.89999389648438,11,0.508641975308642,2,ok
AYZK01000001.1,110710,111088,1,379,42.97783155865472,12.196095319831564,-0.02683263608707201,0.3655371846583784,0.108571127258083,0.08517708219019711,-121.19999694824219,17,0.43271767810026385,2,ok
QZWZ01000013.1,180972,181064,1,93,68.53813173267272,3.671344427343191,0.72409173009626,0.3174439060242776,0.17215655107089758,0.3286534666103206,-40.29999923706055,9,0.6021505376344086,2,ok
PGUW01000002.1,363013,363485,1,473,32.41609807933273,5.745887248508549,0.35898029010583554,0.39969373651501267,0.667116882752303,0.7649379331565257,-115.9000015258789,15,0.3784355179704017,2,ok
FMUN01000012.1,23595,23264,1,332,49.211564749085234,19.999999999999996,-0.013254034173840745,0.3481587684467316,0.548753362966252,0.535187212590742,-157.0,7,0.608433734939759,2,ok
GG753567.1,3478585,3478993,1,409,51.00765637779213,5.548132452488901,0.23451833066350825,0.39562883941709576,0.4876639073451402,0.5953546356670418,-127.0999984741211,11,0.4841075794621027,2,ok
UHJG01000001.1,2157817,2157638,1,180,56.86167076657852,9.89621963073472,0.20577934929964603,0.452328376570142,0.6818854378189251,0.7650790538485738,-45.0,12,0.45555555555555555,2,ok
FLOC01000008.1,137366,136928,1,439,59.705660410158174,7.0819135625848375,0.7541176000845438,0.4596446484088042,0.1694617821741704,0.41524192673965904,-99.0999984741211,16,0.4168564920273349,2,ok
CP002028.1,2886507,2886117,1,391,41.05629447359226,3.814068491419852,0.6419274459303639,0.49248235191672857,0.47271564962894885,0.698187378384594,-89.0,41,0.4040920716112532,2,ok
FNCK01000002.1,185625,185982,1,358,89.15040323276922,4.380557524889266,0.5174759848241369,0.40519063909663805,0.21525560345815467,0.2602877722890097,-79.4000015258789,13,0.30726256983240224,2,ok
FOHK01000008.1,15189,15598,1,410,59.36031875679243,5.244733010188799,0.4919906440299243,0.4170399221514108,0.2616352441758328,0.421112831804265,-94.30000305175781,20,0.375609756097561,2,ok
QASN01000002.1,163210,163097,1,114,52.46760963589842,4.691175110069329,0.21682147553812037,0.3802699674104838,0.5034871232802103,0.5885541335229288,-47.099998474121094,7,0.6578947368421053,2,ok
WKKI01000032.1,23947,24311,1,365,48.076718254748734,18.20826954432996,-0.07870764819673215,0.3825215262454537,0.6472165064802139,0.5671137435249308,-90.80000305175781,15,0.3643835616438356,2,ok
KB944507.1,1728059,1728145,1,87,92.57176513814083,2.0431026847088876,0.47641589833491055,0.44816243826962626,0.18685908534512766,0.245848180280062,-18.5,8,0.41379310344827586,2,ok
BA000032.2,551875,551443,1,433,49.04371362337167,18.82818194916269,-0.03160695376864686,0.4166179820110371,0.7261759490346756,0.6930783071450085,-116.5,15,0.39260969976905313,2,ok
LR733406.1,2265632,2265696,1,65,40.141285960279795,14.595705774629492,-0.2056736224506554,0.40819215548682886,0.3791762508148553,0.2248247456397044,-22.799999237060547,5,0.6153846153846154,2,ok
VRTS01000001.1,108972,108515,1,458,94.9999803508569,6.904698180094803,0.21636984449648633,0.3483932583600091,0.007427010237606746,0.012042463444579932,-188.3000030517578,10,0.5829694323144105,2,ok
CP029002.1,414675,414339,1,337,49.216101752239005,12.009192942197599,0.815961756837716,0.3939884011058317,0.223142590600686,0.8434957328250375,-78.30000305175781,19,0.3560830860534125,2,ok
MDHN01000034.1,50419,50857,1,439,40.69458568877832,13.168363359125605,0.02992751855754444,0.39538473335944563,0.33466810027102406,0.35693436905611625,-116.80000305175781,15,0.4009111617312073,2,ok
BAUW01000001.1,160033,159616,1,418,40.49689719983131,3.8504454203629006,0.2238486881690005,0.4704713657029346,0.8033626979844112,0.8818762438679565,-84.69999694824219,25,0.37799043062200954,2,ok
ABCT01000014.1,56762,56369,1,394,43.612791404001165,7.044333378728671,0.009859929808365364,0.38456818138955473,0.22351957228800165,0.22936635752433218,-112.9000015258789,19,0.4416243654822335,2,ok
CP001720.1,3147826,3147469,1,358,85.9870692602473,1.7006110483450771,0.3852045773109095,0.4838451541427137,0.02430850346497343,0.07335105367323941,-76.30000305175781,20,0.3743016759776536,2,ok
MAYV01000019.1,75076,74743,1,334,94.99795096395238,5.815404211595089,0.013752556551091977,0.4446049736270738,0.5000977364742654,0.5005942541225376,-74.5,21,0.36227544910179643,2,ok
VNJJ01000005.1,118430,118818,1,389,69.36310831919528,9.032868529112807,0.5348707655137332,0.39581251057892414,0.310019273077328,0.36665646389349243,-120.19999694824219,15,0.43958868894601544,2,ok
QETA01000001.1,443251,443672,1,422,46.47182365689147,19.99999999997416,-0.02159540047641681,0.36919960805260305,0.2600458056904784,0.23890667292496226,-150.0,11,0.518957345971564,2,ok
MDTQ01000001.1,880043,880437,1,395,41.166547653345674,7.440943663158061,0.15884234819143875,0.37774467051336963,0.24839004386036193,0.34107469540096247,-129.89999389648438,13,0.47848101265822784,2,ok
AP024233.1,1105191,1104844,1,348,55.941466608833295,1.5942037535282914,0.5465409170458517,0.45918303853537934,0.6321474302780178,0.7154135330640324,-96.5999984741211,20,0.48563218390804597,2,ok
CP003244.1,1658496,1658979,1,484,43.20112817006756,14.567377007315713,-0.01714745478385299,0.3729184189951938,0.2665073726552589,0.25126355885438545,-142.10000610351562,18,0.4380165289256198,2,ok
JMCG01000001.1,2332394,2332026,1,369,74.20479894905581,8.741089138773896,0.4768551567801696,0.40166093037615824,0.0029289172969102495,0.0346421971120153,-95.5999984741211,7,0.39295392953929537,2,ok
AE003853.1,885898,886318,1,421,45.89111600304841,14.94902483988162,-0.045158860628399855,0.41666058934999284,0.2591439956363863,0.21459485642926288,-101.30000305175781,20,0.3847980997624703,2,ok
FYEX01000002.1,152221,152649,1,429,90.22841800262418,2.824552133797539,0.06063762074290746,0.3743563279855947,0.5110249185760786,0.518538594703863,-118.30000305175781,12,0.3939393939393939,2,ok
FNNE01000003.1,186936,186472,1,465,57.514728640053185,8.122499113355088,0.8481656825430105,0.35804420207405857,0.04998679823293564,0.3757914069269024,-169.3000030517578,13,0.5032258064516129,2,ok
BBMZ01000010.1,77418,76957,1,462,94.99999999999959,5.323785220234044,0.19764103081577458,0.39180129862042573,0.2076381768352249,0.21683395038641368,-130.3000030517578,15,0.4653679653679654,2,ok
CP040449.1,2369766,2369315,1,452,86.78876691816268,8.409212088422592,0.49166936549702045,0.3469089894563813,0.0010915291643269487,0.011225891243593994,-149.3000030517578,9,0.47123893805309736,2,ok
RBZN01000015.1,67755,68132,1,378,50.66167956284064,7.524648164431162,0.17453949469759134,0.3566987092412884,0.5232409601835175,0.6217509976053999,-100.4000015258789,10,0.3201058201058201,2,ok
AUYB01000133.1,17412,17752,1,341,43.97207768461145,14.100659609024554,-0.011452286832909359,0.4206915388027364,0.12316796655875475,0.11247800353607454,-81.63999938964844,42,0.3812316715542522,2,ok
CP013145.1,676665,676290,1,376,94.99990871167746,6.202375866000962,0.13837352458544838,0.41239882690061636,0.2510232890852877,0.25517725744080266,-85.30000305175781,14,0.3696808510638298,2,ok
LS483470.1,2313867,2313729,1,139,36.24275974803747,7.139336108919537,0.1623818535172482,0.5329936336993314,0.7706988917740063,0.8380285424325852,-23.200000762939453,20,0.45323741007194246,2,ok
JRXE01000015.1,21034,20562,1,473,94.99941030312662,3.3310054252380854,0.17778037320629114,0.3981703704242345,0.099148962817642,0.1168046520912814,-145.60000610351562,19,0.44820295983086683,2,ok
CP042301.2,1587848,1587948,1,101,89.79324402940574,6.549110294605091,0.48864760233185967,0.31107008573090855,0.5046014126394257,0.5222490422627187,-42.5,6,0.5841584158415841,2,ok
CP003355.1,297742,297391,1,352,32.549606357582434,19.999999999996334,-0.009793182661798933,0.47989749463556913,0.20519834217126984,0.2049113547419398,-79.69999694824219,23,0.4090909090909091,2,ok
JAAIVB010000055.1,135364,135741,1,378,68.72373718518823,5.966459658749226,0.6324272837718811,0.38110927874858874,0.29000580197112313,0.40757063518373904,-134.8000030517578,10,0.49206349206349204,2,ok
CP001707.1,1188307,1188727,1,421,94.99981572907491,4.920960851231763,0.47552343892780014,0.3941041029297584,0.13589103348962134,0.16177626553704924,-102.19999694824219,14,0.3847980997624703,2,ok
JACHXI010000014.1,5879,5812,1,68,94.99998515057892,4.507649901889973,0.14581620707021442,0.49289233733656773,0.21869400720742666,0.22811902696975514,-19.0,10,0.5147058823529411,2,ok
SNZP01000006.1,182122,182545,1,424,94.99995106191898,5.85410330625008,0.13071636668812914,0.39562832175075496,0.0011562747173674115,0.0057913081740017525,-128.5,11,0.4481132075471698,2,ok
AP022853.1,1241044,1240657,1,388,39.218391568427606,16.671501770786094,0.012445181299440389,0.43707015195849735,0.4591954494765952,0.4682166187845721,-109.4000015258789,16,0.44587628865979384,2,ok
CP009056.1,885102,885494,1,393,60.708329591579954,9.018397002713716,0.2915764401126993,0.39254355307140404,0.4212045811594017,0.5027095341228567,-82.4000015258789,14,0.3104325699745547,2,ok
JXSS01000076.1,8620,8179,1,442,94.99999986894849,5.06386882841887,0.025184281414588942,0.35600617790606803,0.0005221174130199735,0.0018138181820910536,-170.0,8,0.5656108597285068,2,ok
BA000019.2,2174165,2174295,1,131,44.86220435798054,4.940673513931959,0.806022917155309,0.44494974443699076,0.2273280775625312,0.5932530076588918,-22.399999618530273,12,0.3435114503816794,2,ok
CP020442.2,336902,336812,1,91,94.9999999999901,4.531180655965943,0.4012086250234045,0.49942226511639265,0.41327160524879647,0.43918401570184795,-24.799999237060547,8,0.5274725274725275,2,ok
NTTM01000006.1,13741,14092,1,352,81.800047345943,4.148684567907037,0.5967193249110597,0.342325103756801,0.07379736007084499,0.1494147055099689,-96.5999984741211,10,0.3664772727272727,2,ok
BLLH01000009.1,31759,31369,1,391,10.443404353405304,1.5933007531966648,0.5626313177244509,0.3988263713864712,0.15930254220694368,0.1899130497837926,-86.0,13,0.36828644501278773,2,ok
BMLS01000002.1,390212,390625,1,414,75.89338516171873,9.23711445963388,0.4900608542791957,0.3921335416629163,0.002255603870805062,0.025845587557589672,-107.80000305175781,11,0.39855072463768115,2,ok
JACJVR010000081.1,14180,14626,1,447,49.08369095879149,19.999999999999996,-0.038373426712965064,0.3876595131274437,0.6347933150836033,0.6036689027471339,-153.89999389648438,12,0.5011185682326622,2,ok
CP076643.1,580330,579906,1,425,39.96310694461039,12.915431460733924,-0.08074057359459044,0.37038350970436873,0.2846651422061745,0.2255871403272311,-119.0,11,0.4211764705882353,2,ok
JRXE01000021.1,45660,46146,1,487,94.9963197720206,6.245834828636306,0.03523212856013974,0.3743309349841333,0.24991634733861606,0.2509590132779034,-145.39999389648438,10,0.44763860369609854,2,ok
LRVM01000012.1,6902,7232,1,331,48.807536089784975,6.933765515269612,0.2193114832046199,0.3510246044803534,0.5705882733157454,0.6951386689150832,-94.5999984741211,8,0.3685800604229607,2,ok
CP000783.1,4293340,4293817,1,478,87.45648432886564,3.4479733967307284,0.6023473826223464,0.3946461384187482,0.2834483808976957,0.3575182573008916,-140.5,17,0.48326359832635984,2,ok
ATJV01000013.1,33846,33414,1,433,75.99307505743894,6.70071063359111,0.5538996793052563,0.3505146129459749,0.29089250557134416,0.3439527489071831,-179.0,12,0.558891454965358,2,ok
FWXD01000003.1,115157,115548,1,392,40.88272628606584,16.561905477583014,-0.10499967138326885,0.37439858026812295,0.12265686597546363,0.03639999502066696,-129.10000610351562,8,0.5153061224489796,2,ok
CP020892.1,3798080,3797953,1,128,70.30396049940694,5.57633265018444,0.6275897127203038,0.3827239258249858,0.13025584341934063,0.24111872768756576,-41.099998474121094,10,0.53125,2,ok
JAPTGG010000002.1,39701,39294,1,408,89.48925773072031,8.655513051444245,0.4276537891002584,0.39243984688431766,0.0006106856021292351,0.006699935735742374,-112.69999694824219,25,0.40931372549019607,2,ok
CP028922.1,4267752,4267303,1,450,67.44201630271264,12.696869641583088,0.5379629810781092,0.4112530466353399,0.21635429680893856,0.254873718827231,-112.69999694824219,14,0.43333333333333335,2,ok
QUZL01000034.1,52255,51869,1,387,50.66145247783533,7.158762693507111,0.03164016867141295,0.36783812774780333,0.7449269586424441,0.7622445567718616,-144.10000610351562,9,0.5452196382428941,2,ok
JAGWCR010000024.1,2933,2819,1,115,48.547326541751865,17.347416871313868,-0.009327655931256729,0.4573843008160486,0.9954319218608259,0.9857325395686847,-38.0,8,0.6,2,ok
LZHQ01000011.1,190872,190495,1,378,64.17156276222917,7.98433070851844,0.646540388818091,0.46724978173211423,0.3262431584084925,0.4656259335016933,-77.4000015258789,25,0.3333333333333333,2,ok
MJEH01000012.1,14778,14416,1,363,79.23702070344257,19.999999999999996,0.09755035679009022,0.44552552041540977,0.22523431482645478,0.225252388830072,-76.5999984741211,13,0.3581267217630854,2,ok
LT629764.1,716067,715694,1,374,39.03223735878856,4.670113993361498,0.5314699558280083,0.4356589127951984,0.5750524296311275,0.7844258227250342,-81.0999984741211,11,0.39037433155080214,2,ok
CP098242.1,751200,751572,1,373,94.99999949552247,3.656562170736948,0.42897534129744624,0.41872750741682163,0.034914445964443735,0.07320840827099664,-110.9000015258789,17,0.42091152815013405,2,ok
JACHHQ010000001.1,273809,274222,1,414,48.37597538245497,19.999999999981412,-0.11929327756950303,0.35683097062067914,0.44109530889130943,0.321936640351999,-119.30000305175781,11,0.4033816425120773,2,ok
AKJA01000100.1,13609,14013,1,405,87.59766581958432,5.562713443017396,0.5369815486727714,0.3852277091411728,0.014545136423018435,0.04789654050788835,-126.0999984741211,18,0.4617283950617284,2,ok
WHOH01000003.1,44090,44432,1,343,94.99997254768405,3.64233347316729,0.21662675475214954,0.3632429538589155,0.1770054959907279,0.1963232599490805,-101.4000015258789,13,0.3877551020408163,2,ok
SRHY01000024.1,13593,13204,1,390,94.9999999824175,3.265805287264305,0.45026323895749487,0.4402228361291553,0.6276601668148806,0.6728175204556521,-88.30000305175781,19,0.382051282051282,2,ok
CP049056.1,527325,527416,1,92,49.248323030325395,5.226562547231938,0.3278454937107548,0.3649839574500304,0.19689463390384274,0.3465962900373587,-31.100000381469727,11,0.5760869565217391,2,ok
FQWZ01000004.1,419985,419918,1,68,41.89763871588682,7.0501213233071365,0.21404895999766754,0.43828894865934076,0.28590732696554283,0.40985184234025107,-15.399999618530273,8,0.5294117647058824,2,ok
QDKP01000049.1,135028,135123,1,96,77.73341804098831,3.5322690705796673,0.6474064207343544,0.33059335875271734,0.07212355917415862,0.17575917782638645,-47.0,6,0.6354166666666666,2,ok
GG669994.1,187430,187014,1,417,55.270539354838625,19.99997207268845,0.0530503490695268,0.39521471127754026,0.21412783782181807,0.23820584820455398,-105.80000305175781,14,0.3669064748201439,2,ok
FOAS01000007.1,156629,156515,1,115,55.79532676716932,19.99999999997516,0.03911362252417537,0.38372419833687743,0.033611142699105506,0.04750237888653647,-46.900001525878906,8,0.5739130434782609,2,ok
CP009889.1,964048,964408,1,361,87.14496780234242,4.949395924329265,0.5509595817413667,0.3903624893887796,0.025750607878157406,0.06957653498048913,-88.5999984741211,21,0.3462603878116344,2,ok
MAYV01000012.1,54388,54739,1,352,50.87637399483807,19.999999999999996,-0.02941806930699109,0.3816385552343549,0.2516598944162455,0.22452102639301783,-85.80000305175781,13,0.36363636363636365,2,ok
MNCH01000033.1,23059,23500,1,442,44.385689391051336,13.859745261262653,-0.20980003057824403,0.40240669011554125,0.5713788112082002,0.3737785394609933,-117.9000015258789,12,0.39819004524886875,2,ok
JAALGD010000011.1,38756,39151,1,396,94.9999886056338,5.075369670889301,0.08289810819604651,0.39923274245313806,0.0012682044421106764,0.005477281806818612,-110.69999694824219,16,0.4494949494949495,2,ok
JABAIM010000001.1,1366278,1365863,1,416,45.290526629892994,7.515400656113844,0.12609619548912787,0.3740375811820819,0.2805778105168858,0.3602729593828452,-142.0,21,0.5192307692307693,2,ok
JAEMNX010000012.1,193,671,1,479,60.40910029651666,9.980448999838039,0.4251848391434578,0.3659563456644951,0.0076760618499581434,0.12442148810465356,-139.60000610351562,13,0.38413361169102295,2,ok
LR733406.1,3829484,3829372,1,113,94.99997715343842,3.6936863296750517,0.5598489611765854,0.3007740973221571,0.13050337756135288,0.17962888537208696,-65.5999984741211,8,0.672566371681416,2,ok
CP004856.1,869625,870005,1,381,54.5261931095781,6.598294964553678,0.018661172671998377,0.4128942939713914,0.12742485788008553,0.1356787049236839,-93.80000305175781,30,0.36220472440944884,2,ok
JAFKCV010000015.1,86341,85886,1,456,47.63709411197127,15.872625159941142,-0.10015259337358534,0.4102936901635516,0.35095871379232507,0.24765007734073094,-126.30000305175781,14,0.43201754385964913,2,ok
JANATA010000023.1,15461,15088,1,374,73.08766050255478,5.206703412472281,0.6128594520078964,0.4041967834234553,0.6455843602542902,0.7422136182305283,-93.0999984741211,22,0.35294117647058826,2,ok
JAGYPI010000001.1,1527357,1527717,1,361,47.93163434361574,5.577487820668276,0.48036353645154306,0.3884551585886711,0.3334237737929113,0.5696460168438838,-87.9000015258789,8,0.32409972299168976,2,ok
JAQV02000033.1,1967,2370,1,404,38.82386535327098,6.818428328304965,0.6658239128518912,0.38188282671580026,0.5375937662428864,0.8675171206611654,-107.4000015258789,14,0.3564356435643564,2,ok
FLYE01000001.1,62029,62447,1,419,50.13917828237373,18.470671845138252,0.038483080970242556,0.35661323274270074,0.7299690702473338,0.761756485269862,-127.9000015258789,11,0.4105011933174224,2,ok
MQVI01000010.1,57604,57218,1,387,47.510467853282734,8.368369453094049,0.3174007019406986,0.38499402548895245,0.43214291067342847,0.6426106523961597,-84.69999694824219,10,0.35400516795865633,2,ok
JXSY01000018.1,294216,294639,1,424,78.86867079936161,4.622405038240996,0.3874391183427092,0.38326776403487955,0.016606317864348873,0.06681156966892962,-125.9000015258789,11,0.4363207547169811,2,ok
PVNS01000007.1,154122,153764,1,359,94.99997688906332,6.347004881248215,0.22553264135645779,0.4271498280486097,0.0013116240584848393,0.007649600783505045,-89.4000015258789,11,0.4568245125348189,2,ok
FXUV02000054.1,29680,30043,1,364,39.229573295312974,19.999999609467,0.00175467775365995,0.38753581319691927,0.38394363553215977,0.38404586195982837,-91.19999694824219,8,0.33791208791208793,2,ok
CP006643.1,2016348,2016715,1,368,42.61117769116373,10.491662549746666,0.29554675939928743,0.37825560478381803,0.27440556467398197,0.4968649779936946,-99.0,14,0.4048913043478261,2,ok
VJOY01000002.1,319777,319891,1,115,94.99953330007934,6.235820752840151,0.09105511320460341,0.3742634431978648,0.42879012573797926,0.43146836154912666,-49.29999923706055,8,0.6782608695652174,2,ok
BMFK01000002.1,530424,530081,1,344,55.94954480856547,14.554822068283466,0.02773595493656006,0.48612330104124946,0.40100001598876495,0.41282689250572835,-63.189998626708984,40,0.3633720930232558,2,ok
WUUL01000015.1,55215,55563,1,349,53.293643196712914,3.3170627300779065,0.08751542795721728,0.3835951892984234,0.24779995295658117,0.2737446046150287,-107.5,17,0.40974212034383956,2,ok
JPEO01000015.1,71304,71728,1,425,94.99997718593039,5.982901566055058,0.43903809860262766,0.4427323176145084,0.00282103478732576,0.017387507638473104,-103.80000305175781,23,0.3811764705882353,2,ok
AOFT01000005.1,94911,94541,1,371,40.552782669795896,18.143810418367007,-0.14202940404991682,0.37363124112389295,0.6395510227394174,0.5250808180798119,-115.4000015258789,18,0.4555256064690027,2,ok
UFXZ01000001.1,1440099,1440556,1,458,84.8435919284057,7.737162993349976,0.5178484242107579,0.36511131134447733,0.4475796827686757,0.4654029353155623,-142.0,20,0.4890829694323144,2,ok
WEIO01000001.1,414277,413910,1,368,46.21169398657894,7.618063500262508,0.28609858730121995,0.5052982868202429,0.6224074749125867,0.8040247792577941,-62.29999923706055,20,0.3532608695652174,2,ok
RPOK01000002.1,69127,68823,1,305,46.03052115310122,6.278706845226199,0.15376528777862813,0.420951530939702,0.3723861783303385,0.45703456746914817,-68.9000015258789,31,0.3737704918032787,2,ok
FOLO01000021.1,58304,57844,1,461,56.70835837354762,5.910277595956216,0.5767978394136426,0.3960334469774552,0.34616061120408587,0.565928948648083,-105.0999984741211,13,0.3405639913232104,2,ok
BMGB01000001.1,786956,787307,1,352,49.56207270468194,19.999999999999996,-0.014315059554948162,0.39150712331067833,0.39929081037812625,0.3845087234486365,-127.30000305175781,13,0.5426136363636364,2,ok
MJIC01000014.1,65573,65946,1,374,34.715494831621434,6.322217496030756,0.04240904294990577,0.3912447144912931,0.3949587327145898,0.4097151507011451,-116.9000015258789,13,0.4385026737967914,2,ok
MSFI01000002.1,70442,70071,1,372,54.35706561942159,15.60072800792704,0.3785513773597881,0.4189161774538887,0.36677905252033194,0.5727999744288649,-84.9000015258789,11,0.3790322580645161,2,ok
RRCT01000017.1,55010,54622,1,389,94.45543925160946,10.765398024213297,0.31586031604850945,0.41653510008906736,0.00010021437832150037,0.0010374247447255125,-83.80000305175781,15,0.33161953727506427,2,ok
LVIE01000035.1,105007,104551,1,457,94.99986738157415,6.318870287781887,0.428820116793401,0.38406012779591464,0.002141160900109018,0.014292133855537681,-122.30000305175781,14,0.38074398249452956,2,ok
MJIL01000085.1,118300,117876,1,425,64.26510201691943,12.776147596491999,0.5685452694175683,0.36350583737980907,0.21981968371186272,0.2897805470061888,-105.19999694824219,14,0.3788235294117647,2,ok
CP000961.1,1710534,1710980,1,447,51.669650134842044,8.602094123908596,0.03739176305226932,0.4182713392820304,0.15398401274199225,0.17557552588632913,-112.69999694824219,16,0.39149888143176736,2,ok
HE576794.1,1552450,1552801,1,352,50.00648716214794,13.324710363249832,0.2389985642350006,0.3656617430682483,0.4814256914898965,0.6636473070063698,-106.69999694824219,8,0.45738636363636365,2,ok
CP007151.1,2080487,2080035,1,453,54.13077942737832,11.932430769669436,0.21710591262332465,0.42021059600075905,0.10912610993653202,0.2249061885076941,-125.69999694824219,15,0.4503311258278146,2,ok
JJMI01000010.1,54584,54165,1,420,42.218196195736674,13.469099608871403,-0.45987761716101166,0.4176355560863876,0.7156850055861375,0.32011875465780537,-101.4000015258789,22,0.4095238095238095,2,ok
QUME01000019.1,43951,43587,1,365,58.460106397660546,4.694543623376305,0.5634604179498262,0.3934193596521386,0.5106153497258618,0.6932789778730941,-106.9000015258789,10,0.43561643835616437,2,ok
JAFKCV010000003.1,451037,451475,1,439,89.1356473558962,4.76959662458418,0.42181267786852894,0.3855552071926971,0.1077660438754359,0.13983752236284308,-124.0999984741211,15,0.4191343963553531,2,ok
AP019400.1,6247155,6246772,1,384,49.182054201561165,19.999999999992436,-0.03391287140176191,0.41497307318577265,0.6377110012605698,0.6045870772145141,-83.0,18,0.4088541666666667,2,ok
VLTJ01000029.1,432329,432427,1,99,50.554237559116416,19.999999999999993,-0.027411973673909573,0.31087699844241645,0.5044528558665674,0.4776349875020755,-52.099998474121094,11,0.6363636363636364,2,ok
CP147246.1,2725343,2725705,1,363,41.297009260066055,14.386099655943886,-0.5283266183667771,0.4271068830548863,0.5625707698968002,0.12311765465454799,-79.69999694824219,12,0.38292011019283745,2,ok
WSSB01000009.1,34607,35002,1,396,94.99984687288861,3.4138405310511835,0.4288536651056727,0.3886154584590727,0.25412764056982784,0.2953048737142403,-132.60000610351562,15,0.5025252525252525,2,ok
JOTN01000003.1,234270,233906,1,365,89.07549462496502,0.6739200317255759,0.4866307339840077,0.4689724731238568,0.11922639884384839,0.15019917469824937,-75.5999984741211,53,0.3506849315068493,2,ok
JMPI01000023.1,40684,41172,1,489,88.34270048406613,8.045085916786793,0.4424377216000859,0.4087017714328579,0.0013009200160029044,0.010598354277022354,-136.0,18,0.4233128834355828,2,ok
BAXA01000011.1,72794,73149,1,356,52.855574905268476,19.999999999999996,0.18815719979506085,0.4118551901967749,0.6228426364812868,0.7390383972971367,-84.5,18,0.37640449438202245,2,ok
CP001022.1,1644118,1644565,1,448,30.21938840854696,19.999999999980233,-0.5077131661220647,0.3718494366021657,0.6864131360640009,0.6844089647619832,-108.9000015258789,11,0.3705357142857143,2,ok
RJVQ01000007.1,175607,175189,1,419,81.20750621418,7.327505302164575,0.528984399054046,0.3977494613358554,0.21052798609942164,0.23812898031565238,-101.80000305175781,20,0.36992840095465396,2,ok
LWQT01000051.1,30345,30256,1,90,57.05939964427517,3.8953933402577565,0.059634185712528265,0.37260709632844763,0.26865085299229174,0.2870261021050539,-37.900001525878906,18,0.6666666666666666,2,ok
AZEU01000244.1,1066,660,1,407,40.0070761600561,14.099987820548906,-0.03091142829073374,0.39361489670403643,0.07228674779073396,0.05002850131548933,-129.60000610351562,26,0.4594594594594595,2,ok
CH724156.1,1160367,1160816,1,450,87.60436583535754,4.718193912754674,0.5557187808635468,0.39194822208894137,0.22113336940264067,0.2676022887591659,-171.6999969482422,13,0.58,2,ok
LECR01000074.1,32669,32216,1,454,5.000011136041454,0.7655449503493963,0.3130011706500321,0.4081806439651231,0.316014991437979,0.328810461204715,-128.1999969482422,12,0.45594713656387664,2,ok
ASWO01000007.1,179840,179450,1,391,91.75627240189759,6.085841987450628,0.5053662803410082,0.4023883012548091,0.003744472597080828,0.02344314084815613,-83.19999694824219,15,0.3350383631713555,2,ok
KI629785.1,66325,65926,1,400,52.12368327870698,12.901756216612009,0.04720002629303521,0.42823290059163177,0.3383048022120353,0.3689785078769809,-93.9000015258789,18,0.4075,2,ok
CP001634.1,2191361,2191710,1,350,52.0314598921683,19.999999999999975,0.08278751700619552,0.3441920589424397,0.25850000682442037,0.3165084774377964,-112.19999694824219,9,0.4342857142857143,2,ok
CP073078.1,1136222,1136317,1,96,65.81517303348883,4.446798627370899,0.7257135844658518,0.3538167511128784,0.09875896389314812,0.27279861241984354,-43.29999923706055,6,0.6354166666666666,2,ok
SWLG01000015.1,8774,9106,1,333,65.4046261746954,5.764910630058018,0.6855025665201125,0.400871755988184,0.15958992458017987,0.3217639211130415,-83.4000015258789,13,0.36036036036036034,2,ok
MAIS01000062.1,323,777,1,455,84.95269316808283,9.840730233551984,0.4882088193579664,0.40480052561602037,0.2506827883019024,0.25731836205588887,-119.80000305175781,20,0.3978021978021978,2,ok
PXYL01000019.1,70493,70390,1,104,94.99999972992009,5.9299383616872525,0.11710005511123883,0.48313887046189696,0.30139350647099783,0.30538639958486635,-33.79999923706055,11,0.625,2,ok
FOYF01000002.1,694434,693997,1,438,93.81631623663567,2.807222124945826,0.3139731429941909,0.43818749208518093,0.0519580688505971,0.08798390563069361,-91.4000015258789,23,0.3698630136986301,2,ok
CP004345.1,1984190,1984612,1,423,40.50831431093777,5.960942813644925,0.4347265352075432,0.4173902319282979,0.5177075499919357,0.7316428535749923,-118.30000305175781,24,0.4515366430260047,2,ok
LECR01000035.1,13931,14118,1,188,66.6103001555692,19.999999999995968,0.5112352538330427,0.4375134481877698,0.09732336029278282,0.10400714609130274,-32.099998474121094,28,0.4148936170212766,2,ok
NHNG01000406.1,1,319,1,319,53.143758473852884,16.438070736237357,0.2642260278024456,0.3863233353933342,0.2324334842511032,0.3956201049433786,-75.19999694824219,18,0.322884012539185,2,ok
BX470251.1,3898998,3898821,1,178,51.846934550835215,9.275481475255813,0.24308760605938584,0.518623700074982,0.6926235049410006,0.836446393915554,-33.400001525878906,11,0.4157303370786517,2,ok
JAAONZ010000010.1,160953,160533,1,421,94.99988944380392,5.394215641193355,0.22809865173781702,0.4140861442384627,0.0033672594126908373,0.013436408812106393,-119.5999984741211,32,0.4346793349168646,2,ok
CP003735.1,3759637,3759223,1,415,44.9064295064206,0.6622633347375388,0.9795580851600362,0.4264753144091195,0.6656970940652502,0.7301445253230925,-123.69999694824219,15,0.4771084337349398,2,ok
LSZO01000112.1,32089,32150,1,62,80.66853505159067,5.541501845468778,0.5591761054871054,0.4358690941761636,0.018613707804768342,0.0715610796416305,-15.5,11,0.41935483870967744,2,ok
AP014879.1,863622,864003,1,382,44.49941642598626,14.328240998765281,-0.07915545515130185,0.39076722487122045,0.3774142630946974,0.30233978043316867,-134.6999969482422,13,0.5209424083769634,2,ok
BBRZ01000065.1,23208,22804,1,405,50.57674146705836,8.70079023715575,0.08725228093517723,0.4002751091899924,0.5997050006379765,0.6531326745288795,-96.69999694824219,17,0.3802469135802469,2,ok
MRWE01000012.1,115089,115463,1,375,45.234638790941226,17.58247074543303,-0.003147199782467358,0.4081759774063959,0.7336180590496854,0.7306848435441976,-108.69999694824219,8,0.4666666666666667,2,ok
BBSY01000002.1,1102135,1102227,1,93,66.50960622683212,3.4845812059561085,0.7588758936959173,0.3063819299017231,0.19060975124410293,0.36293016677809053,-42.400001525878906,6,0.6666666666666666,2,ok
JNGI01000016.1,14422,14860,1,439,79.87434835916848,4.154063899647537,0.3953060350557674,0.4081649750020076,0.08043808674522104,0.1341274312503951,-129.8000030517578,13,0.46697038724373574,2,ok
FNIJ01000019.1,68161,68047,1,115,39.22632511591356,9.00405819823569,0.1485628349624203,0.40928311820122776,0.5328886229917059,0.6198083887140751,-47.599998474121094,11,0.6347826086956522,2,ok
JACRTC010000005.1,130279,129808,1,472,49.6440063005676,5.04995013620736,0.18736931895024772,0.41894733908307535,0.5069315975267672,0.589801128734045,-128.0,30,0.4173728813559322,2,ok
CP067393.1,1673393,1673725,1,333,59.45012459257248,19.999999999999673,0.3551646836766231,0.4147634594159946,0.22234424110571463,0.274562599928902,-79.5999984741211,15,0.37537537537537535,2,ok
CAKJTG010000014.1,65743,65406,1,338,56.330435790649155,15.889366510589488,0.10774520378414909,0.48184348596419896,0.4465491856759335,0.4893607150407065,-70.9000015258789,20,0.378698224852071,2,ok
FOLH01000002.1,188306,188746,1,441,48.90209100991512,6.0344872894418735,0.43332168073566935,0.31722795101676077,0.09888602739322339,0.32156426845701414,-147.8000030517578,7,0.4421768707482993,2,ok
FOAJ01000015.1,13874,13387,1,488,94.99999846349121,4.3638418846623965,0.09463972292266026,0.38001956827169114,0.0033397897024507184,0.009851452822345286,-177.89999389648438,15,0.5389344262295082,2,ok
CR954247.1,89794,90164,1,371,83.95643005251507,2.567174546278217,0.03501707576048415,0.4139699927592509,0.0061701219726651435,0.01133855649187579,-79.5,19,0.3504043126684636,2,ok
AVPF01000014.1,16286,15957,1,330,94.99999999999518,4.750444935646162,0.4404402700865308,0.42814217850611963,0.009945407442016219,0.03572403288363829,-78.5,16,0.38181818181818183,2,ok
LN999832.1,886669,887115,1,447,42.544214005439855,8.272847404358844,0.0994478254798501,0.3853465914631115,0.6308852306913364,0.6954323537907262,-110.5,21,0.3221476510067114,2,ok
HG427739.1,15350,15047,1,304,67.97250057204998,3.943816096208239,0.7176970105026667,0.4493235690524824,0.14638948795044945,0.3045669575727117,-54.099998474121094,13,0.34868421052631576,2,ok
BCMF01000004.1,215262,215703,1,442,94.99998676526042,3.89345296216846,0.19582014566834166,0.40175926960650693,0.10811248924405126,0.1241542928693943,-118.5,17,0.4004524886877828,2,ok
LAQR01000045.1,162080,162243,1,164,61.181261230551414,5.869273490951546,0.3511501028604762,0.4131218717960293,0.5331126972216399,0.6380895246684584,-44.79999923706055,8,0.4634146341463415,2,ok
AE010300.2,3440039,3440255,1,217,56.808934729345275,19.999999836843774,0.09889536947381761,0.4767274711416701,0.2506495632975997,0.2849779688278491,-38.20000076293945,13,0.31336405529953915,2,ok
FP236843.1,2779375,2778895,1,481,51.18089436560172,19.999999999999996,-0.009864769945572449,0.3943918294321657,0.31448598554454293,0.3042105681418883,-149.3000030517578,27,0.4656964656964657,2,ok
FUFT01000001.1,372269,372713,1,445,94.9999822726276,3.316610821821752,0.14650038687726466,0.4028374200084642,0.11619403811461862,0.1307076438438144,-114.4000015258789,22,0.3707865168539326,2,ok
CAADJD010000020.1,50235,50159,1,77,41.067200298405815,7.9593401471779766,0.10898157154710275,0.5118359295204611,0.6722792474626608,0.7382420223376561,-14.300000190734863,17,0.4155844155844156,2,ok
CR354531.1,2196714,2196282,1,433,49.855767900346926,19.999999999999996,-0.005852950084382913,0.39172944799384585,0.3394677542903326,0.3382926210035072,-99.4000015258789,14,0.3787528868360277,2,ok
PUEJ01000001.1,87392,87497,1,106,48.97414328217882,8.320108115872507,0.058580560863608855,0.34571177155081745,0.34619159637781766,0.38333979472433716,-41.29999923706055,7,0.6037735849056604,2,ok
LGHJ01000012.1,194730,195072,1,343,37.17494720265396,3.1839927485261086,0.08363243530931541,0.41233258506605636,0.7246622062397811,0.7480738763262121,-88.69999694824219,11,0.4314868804664723,2,ok
LYBM01000017.1,72173,71735,1,439,56.38882987109055,6.892806374935061,0.35761828545766833,0.39687460321721946,0.4232981517077897,0.5682137675777179,-119.30000305175781,9,0.4214123006833713,2,ok
JAPNUT010000055.1,1398,1747,1,350,49.70443630693508,19.999999999999996,-0.011168331034862644,0.3502639018661098,0.4835400574367455,0.47517181359209815,-119.19999694824219,12,0.5228571428571429,2,ok
KQ758462.1,62995,62634,1,362,48.51566472693635,19.999980125887564,-0.004131579169988575,0.37107348912965865,0.49981967574368663,0.4955865932064959,-134.1999969482422,17,0.5138121546961326,2,ok
FOBW01000010.1,150900,150478,1,423,32.261886883429824,4.633056485350505,0.5388060169613766,0.4789705986000768,0.5711036307569268,0.7162055518902053,-87.5,23,0.3664302600472813,2,ok
PDDX01000001.1,3143046,3142594,1,453,11.068747648673561,1.3859441572306848,0.5941616636211273,0.44047456458641043,0.12539126185016505,0.16317637045941286,-100.80000305175781,12,0.3730684326710817,2,ok
AVPT01000001.1,119263,118937,1,327,40.50195729330614,9.253690312452793,0.15635956947228336,0.3562021726539789,0.08439996890826162,0.18523404169053406,-150.6999969482422,9,0.6452599388379205,2,ok
QJNR01000004.1,4229175,4229258,1,84,51.281659477376174,5.952573807043676,0.2326831409598954,0.3203060637639846,0.554774640075868,0.6657939879788254,-32.70000076293945,4,0.5595238095238095,2,ok
CP100350.1,484193,484625,1,433,55.30115643647484,10.506999806562092,0.06723766741150128,0.3571507034459183,0.3550663891420343,0.38666892154932464,-142.3000030517578,10,0.43648960739030024,2,ok
JXXV01000028.1,234155,233705,1,451,43.001543020005386,19.999999795386373,-0.06808293977464391,0.3831035117734058,0.468236730476433,0.4140175780217703,-112.19999694824219,16,0.3858093126385809,2,ok
MAMP01000020.1,60201,60676,1,476,45.244481111071956,16.55479471815578,0.3814993780466947,0.3788247632358847,0.3165772756836953,0.6669154307828661,-109.0999984741211,10,0.35084033613445376,2,ok
SMCR01000013.1,50469,50656,1,188,94.99998682981844,5.151067927940781,0.20053243369804621,0.4536460556888092,0.0024486696503560335,0.012301115932339013,-49.400001525878906,9,0.4946808510638298,2,ok
RYVO01000037.1,4940,4511,1,430,65.39146106704604,19.99999999998767,0.5164053282839306,0.43415493816101813,0.6045285030471194,0.6121202283254701,-97.80000305175781,23,0.413953488372093,2,ok
JACNEP010000002.1,380602,381009,1,408,91.29765302957735,3.857191277505117,0.5000174650279534,0.41984121552934783,0.015103640434624283,0.062249445325834346,-108.19999694824219,15,0.3897058823529412,2,ok
JAGKSQ010000001.1,538086,537633,1,454,47.90066854411043,15.97239121599243,-0.04172841342797606,0.4556082045473198,0.4772262792448789,0.4341929019181746,-97.19999694824219,20,0.40308370044052866,2,ok
LMGD01000004.1,152208,152118,1,91,94.99999928055155,5.214128304394098,0.06038192708601964,0.3908949216205647,0.30122303083992763,0.3041130484536271,-31.200000762939453,4,0.5714285714285714,2,ok
JAFIBU010000001.1,3141252,3140853,1,400,94.99999984916396,4.172998838278578,0.01186582418889126,0.43129875066522255,0.3338830522150622,0.3347634117699914,-95.9000015258789,23,0.395,2,ok
JABEQK010000016.1,31952,31866,1,87,94.99995686554442,4.258457332263431,0.06010778861932331,0.48231058538513316,0.3019599129180961,0.3062539017273631,-23.700000762939453,10,0.5632183908045977,2,ok
LR699166.1,2631742,2631270,1,473,65.46192799685193,4.600140885251679,0.7250835668837967,0.4328918502257113,0.48120575427604806,0.6581343538963201,-118.0,15,0.4397463002114165,2,ok
CP000783.1,2132721,2132283,1,439,54.30680178825605,19.999999999999982,0.12689874848819793,0.41564033969587794,0.48969428284111916,0.545673912873041,-120.9000015258789,18,0.46924829157175396,2,ok
JACHHY010000002.1,218422,218010,1,413,42.1460352285997,10.51321169823023,0.4891935611290837,0.34763409684897484,0.49648612856332675,0.8586831453694417,-138.3000030517578,8,0.4939467312348668,2,ok
AQQO01000221.1,335,246,1,90,43.19856082635363,2.480863876181232,0.17388189171488644,0.5810571909802037,0.8362880082786891,0.8781234153882223,-7.800000190734863,15,0.37777777777777777,2,ok
RHGZ01000043.1,14414,13978,1,437,49.54187596354714,19.99996211588129,-0.005345746934837581,0.39820479107046075,0.7491761982494207,0.7435984815320533,-154.89999389648438,13,0.5240274599542334,2,ok
CP058559.1,2596415,2596032,1,384,94.9999979534573,3.4788171732853725,0.026213124666479157,0.4624099915822004,0.002044463043745365,0.004512229085914227,-90.5,22,0.3828125,2,ok
CP029843.1,3647364,3646932,1,433,54.46161427361141,17.33373214221313,0.006479568581612277,0.3793165259537692,0.20557572839909605,0.20899603545979492,-177.1999969482422,13,0.605080831408776,2,ok
NKXM01000348.1,2020,2159,1,140,51.863809804463465,5.789278567497177,0.5893170469769275,0.442392386747415,0.3276432389312046,0.5987615807822209,-39.20000076293945,8,0.5,2,ok
AZFF01000001.1,316837,316445,1,393,84.89139692785034,7.489348257293421,0.5196124211864115,0.3916503895391825,0.5134529997567542,0.5324040552236984,-98.19999694824219,11,0.39185750636132316,2,ok
AKKV01000021.1,55287,55685,1,399,47.118007415873144,6.373569081553584,0.3865602376197963,0.3780746297721703,0.586371345531334,0.799664145610611,-103.5,12,0.37343358395989973,2,ok
KZ319369.1,375178,374763,1,416,81.40259521412806,5.753613127082236,0.5532468285056051,0.40274859475940017,0.26500180977167315,0.31311500218782373,-112.30000305175781,19,0.4206730769230769,2,ok
LDOV01000037.1,69179,69647,1,469,94.99999999999976,5.085317043456327,0.5163249366354666,0.3998093604935668,0.01544657980551658,0.041582543194658796,-114.69999694824219,19,0.3859275053304904,2,ok
PGVE01000028.1,167993,167656,1,338,46.8610560241391,9.914304463731554,0.5102889815847274,0.46895386381911586,0.31620968029273117,0.6950363440259173,-63.5,19,0.378698224852071,2,ok
UWOC01000111.1,63205,63313,1,109,77.60390179343604,8.67873473934257,0.5253900259042085,0.2994980500664079,0.505820142179302,0.5308855756212846,-51.400001525878906,6,0.6605504587155964,2,ok
SOQX01000001.1,755192,755607,1,416,92.61138858820352,5.433473543822484,0.44811082752200415,0.3657397931198162,0.1108042511486687,0.13271330879851098,-123.19999694824219,14,0.4519230769230769,2,ok
GL636105.1,152854,152673,1,182,60.53734761293871,8.16217513308204,0.7308075184256424,0.4780571813891163,0.43004352881056135,0.6498644278771959,-36.5,16,0.4065934065934066,2,ok
MLYR01000030.1,105189,105533,1,345,63.98516840879989,7.1308035014584785,0.6712600063532911,0.39148529324177156,0.3076876195962602,0.4682412859189016,-93.19999694824219,11,0.3739130434782609,2,ok
BATM01000044.1,35298,35730,1,433,42.6021640493431,14.88047096533964,-0.014100317683241381,0.418003085171555,0.48448673191078806,0.47212135049158227,-109.30000305175781,22,0.38799076212471134,2,ok
FNIL01000011.1,37929,37615,1,315,56.052248996676276,17.45968551768622,0.04267576589978206,0.5490967059822496,0.3764768947177745,0.39403479420041715,-54.20000076293945,36,0.4126984126984127,2,ok
LJTD01000009.1,24199,24625,1,427,44.39519321640107,12.04317196764862,0.06940147235916366,0.3496197874222292,0.4601374534360645,0.5173436323049123,-145.3000030517578,10,0.5199063231850117,2,ok
MINN01000074.1,924543,924181,1,363,50.805897091234606,5.348261121651715,0.5593816864267163,0.41115854555824455,0.17865936054304732,0.4302092244314923,-85.0,17,0.3691460055096419,2,ok
AOFT01000003.1,63230,63642,1,413,67.79037969043004,5.878952447577438,0.646990802062372,0.3888201853877575,0.256575137432274,0.3862228566165015,-131.3000030517578,10,0.4406779661016949,2,ok
VYXP01000002.1,383765,383373,1,393,77.96541559835131,2.9136550730559696,0.6813731561950052,0.42611153666801743,0.3767285270411517,0.4884767776402691,-125.9000015258789,13,0.5597964376590331,2,ok
LGAA01000018.1,135480,135945,1,466,56.49835522909473,11.097433164767878,0.5151512317715091,0.42651950005815636,0.28999543001173556,0.5050396650371216,-105.4000015258789,23,0.33905579399141633,2,ok
PZGG01000003.1,61042,61407,1,366,86.58536159206365,8.708794304737486,0.45608263350596345,0.4031526975940065,0.25104662937947053,0.25969109177094957,-100.19999694824219,13,0.366120218579235,2,ok
FNBG01000058.1,1875,2347,1,473,75.66089691312601,6.602291335022873,0.5260103900587538,0.39642620729934763,0.27319733183715234,0.32567375680031496,-110.19999694824219,10,0.3974630021141649,2,ok
KK073875.1,3779571,3779894,1,324,89.24046866977905,6.534089259433121,0.49339086294013473,0.40270854284177593,0.10649631821965393,0.12511120703472192,-82.0,10,0.4104938271604938,2,ok
JABTTE010000019.1,7036,7473,1,438,72.30894824775946,1.8043501489724092,0.8053030782275064,0.3892795654483509,0.5516541125218081,0.6719813065918365,-101.5,9,0.3447488584474886,2,ok
FMZJ01000007.1,138073,138166,1,94,66.77680442075855,2.5723319176548163,0.8042337653063416,0.33853790357660235,0.2747505216539381,0.4347697573525421,-36.20000076293945,9,0.574468085106383,2,ok
JAOBYS010000013.1,38181,38063,1,119,39.419012730829245,19.999999999999996,-0.055057252770949666,0.34553333676369336,0.19608286718211038,0.15504064044555013,-55.099998474121094,13,0.680672268907563,2,ok
CP042582.1,5098008,5097910,1,99,94.99996983191964,5.065361075360511,0.08463812340961496,0.42187789397420444,0.6026381064046797,0.6069575935324978,-37.70000076293945,9,0.6060606060606061,2,ok
AL590842.1,2457295,2457598,1,304,51.44042381867138,7.885126543731566,0.7636524819343526,0.4031562532046318,0.23119093646232577,0.6585395896168805,-66.0,15,0.34210526315789475,2,ok
LVIE01000001.1,454592,454149,1,444,42.25863578613148,14.977236016107945,-0.05310299266414986,0.4716660547530689,0.7870609340029286,0.7404695116282901,-95.5,24,0.3581081081081081,2,ok
RBWY01000001.1,1094545,1094144,1,402,46.25699764499291,6.325068059399616,0.11018068615886606,0.4862892992099762,0.3462738526622277,0.40720134541853037,-82.30000305175781,18,0.3805970149253731,2,ok
CP014135.1,2160096,2159983,1,114,81.12405944937278,3.0583469142068416,0.652466927094502,0.3838476370413013,0.3832574447193589,0.4815834744973727,-40.0,7,0.5701754385964912,2,ok
FOSR01000008.1,15320,14923,1,398,62.22469997156693,12.676453565180129,0.2196478328444544,0.3963021747678141,0.1880314824077579,0.2257286543707225,-144.10000610351562,12,0.5829145728643216,2,ok
LMXU01000033.1,66613,66168,1,446,66.22890658022294,4.611006047827601,0.7148974803417447,0.42798690570111586,0.31164595823565544,0.48222914640304626,-96.0999984741211,20,0.35650224215246634,2,ok
LT629751.1,167331,167446,1,116,45.81911986312243,14.288316223637839,-0.034401777491424146,0.42893643426633904,0.6955176468966084,0.6618503379499441,-46.400001525878906,13,0.6810344827586207,2,ok
BOSI01000006.1,94812,95232,1,421,73.69224833118463,5.940431412312224,0.5888061182720159,0.3464446093131396,0.0518097601427934,0.13166988654346887,-142.6999969482422,10,0.45368171021377673,2,ok
GL636583.1,65537,65848,1,312,49.39702251553748,15.157068757969924,0.3206641889525048,0.34086499461774994,0.20982491732185293,0.4756666720745428,-81.0,13,0.33653846153846156,2,ok
JANCLT010000004.1,188795,188383,1,413,56.678419529071576,19.999999999999996,0.10508611096072695,0.435011601608576,0.27642901666897307,0.3136634617340512,-93.19999694824219,17,0.4043583535108959,2,ok
JMCG01000001.1,1647908,1648332,1,425,43.450840444881386,13.605779983751866,-0.07679047948771972,0.40225498383919417,0.4076767797627211,0.33775297500939266,-103.5,13,0.3905882352941176,2,ok
CP000138.1,533135,533039,1,97,94.99998364162317,4.640042413101908,0.07645705843712602,0.40488746859872937,0.30306250481232455,0.30777733477086866,-29.799999237060547,6,0.5773195876288659,2,ok
PJBZ01000053.1,6484,6816,1,333,51.31152416845772,5.927591289067339,0.5722871625955079,0.42538176063579836,0.12227401335805535,0.39483311969611357,-83.4000015258789,13,0.3663663663663664,2,ok
JWYV01000026.1,26502,26893,1,392,62.13746156959684,5.415175814182579,0.7588080238016826,0.37084734264905844,0.3361886720045536,0.5523110135160543,-129.5,12,0.461734693877551,2,ok
SMSE01000003.1,280753,280318,1,436,67.66278172920875,7.06364448871556,0.047697856486389356,0.46944558230812294,0.0027274309423715726,0.011015863490237449,-126.80000305175781,24,0.4541284403669725,2,ok
CP048834.1,927900,927994,1,95,65.19817524090429,6.009428013811788,0.6826479287860551,0.34226559957370156,0.0918806423982386,0.25443327083220274,-35.70000076293945,7,0.5473684210526316,2,ok
SKFG01000011.1,111224,111619,1,396,34.02688929937954,19.99999999999934,-0.11707867133191113,0.4100290349353511,0.32122302020256066,0.3108280159767318,-96.0,11,0.4166666666666667,2,ok
CP018632.1,3964561,3964940,1,380,71.75038894865493,5.6969122457186465,0.6101567175544043,0.3846957583549311,0.044524486114501285,0.14123923372118735,-128.6999969482422,13,0.46842105263157896,2,ok
LILC01000002.1,655816,655400,1,417,70.31319591982336,7.634623648419171,0.14265862233615711,0.43620376187868093,0.5008355591230722,0.5187466344032496,-78.0999984741211,19,0.3405275779376499,2,ok
BA000040.2,5775907,5775809,1,99,76.9022031605774,5.435250997639215,0.581027345632131,0.42595273650265897,0.2630980142693457,0.33382358088184894,-38.599998474121094,6,0.6666666666666666,2,ok
VDMP01000013.1,71714,71273,1,442,65.54248974664428,2.5404258972263754,0.8204090826816773,0.31814550990815743,0.2756982237755655,0.4407071481646057,-207.10000610351562,8,0.6244343891402715,2,ok
GL622200.1,1425072,1424908,1,165,94.99999999425198,2.516396574726359,0.5922579825512817,0.45086681947307117,0.4838234175234242,0.5548149463312307,-41.400001525878906,18,0.3575757575757576,2,ok
BMIR01000002.1,108586,108226,1,361,47.28111648504477,15.881963401147999,-0.04283376826645413,0.4431140444176112,0.8772687013745635,0.8338194339834896,-85.19999694824219,22,0.3878116343490305,2,ok
GL870929.1,1785608,1785233,1,376,38.91938933491702,10.03536705686238,0.04455884250176889,0.42417327438420677,0.9168648552772902,0.9430815826046324,-98.30000305175781,27,0.4175531914893617,2,ok
FTMN01000007.1,269151,269569,1,419,81.02523012673969,8.076348390107583,0.4830173048181202,0.39420979817109936,0.1390047888690567,0.15862363525081866,-123.80000305175781,14,0.45346062052505964,2,ok
CP060724.1,406749,406394,1,356,37.30895906278187,8.161209469789805,0.5285099082722382,0.49052119887517964,0.5746503971226868,0.8260338879462209,-64.0999984741211,29,0.3792134831460674,2,ok
AZDG01000004.1,94290,93909,1,382,66.09266242697646,7.546467834459214,0.625553586004121,0.47081809795985635,0.33610809494244737,0.4547316743358632,-76.80000305175781,53,0.3743455497382199,2,ok
JOTN01000016.1,30210,29846,1,365,55.69106364154917,3.4482123465666272,0.34428447047199484,0.4518309765117959,0.4320060906098736,0.5332750004817077,-77.69999694824219,18,0.34794520547945207,2,ok
NSKD01000003.1,327457,327879,1,423,57.72750044315817,15.173703311242718,0.009041696212668371,0.3599754090239532,0.49355217726903955,0.4964160409206989,-161.89999389648438,9,0.524822695035461,2,ok
BMJD01000057.1,626,1042,1,417,46.66277728038444,13.21598061462072,-0.05111111821242953,0.38751045991269417,0.8860887122396686,0.8352951780602472,-114.4000015258789,20,0.3908872901678657,2,ok
NFSA01000058.1,223743,224177,1,435,80.65963000481145,5.731116852021271,0.45369016818386443,0.3710316599660774,0.27436535582475224,0.3147025110415432,-152.39999389648438,20,0.4942528735632184,2,ok
CP004345.1,3010965,3010524,1,442,94.99999469880798,5.741742537472355,0.32522749939754036,0.39544646650116466,0.21764334860172077,0.23031979164349092,-128.3000030517578,20,0.4117647058823529,2,ok
KB944511.1,108221,108634,1,414,94.99997051475793,3.7262588849611262,0.1925196444214421,0.337897056392155,0.009973686784567426,0.026668991911869444,-132.39999389648438,15,0.4178743961352657,2,ok
PYMC01000003.1,455414,455863,1,450,94.99997369299705,3.680272350165049,0.2241372754589299,0.3777941531012662,0.014205060732609765,0.033927003539897194,-123.80000305175781,14,0.4,2,ok
JAGIAG010000011.1,58069,57977,1,93,73.67446894174732,1.3593436426652479,0.09097732499041822,0.4992455919474945,0.38925418592023464,0.4001842969875019,-27.100000381469727,21,0.6129032258064516,2,ok
PVNS01000012.1,59863,59529,1,335,94.99999675836898,5.312788691153963,0.04247178022002042,0.4359406679416825,0.0004107249850433166,0.0023467336888107573,-90.80000305175781,15,0.44776119402985076,2,ok
MKIR01000022.1,91327,91018,1,310,90.06024650382564,3.8713916626739957,0.5746467771228368,0.434213214408019,0.2301725146496624,0.287394216030055,-66.0,13,0.38064516129032255,2,ok
JMIW01000001.1,3298,3402,1,105,94.99934486305209,5.322554133212188,0.504580511794341,0.3694175576665497,0.5065098984858019,0.5294262974233613,-43.70000076293945,11,0.5142857142857142,2,ok
CP076456.1,2837202,2837586,1,385,16.281367717350015,4.207781422847427,0.4822403577475598,0.3665587554681075,0.06093107218250919,0.0729210874089051,-152.39999389648438,17,0.5402597402597402,2,ok
UFXZ01000001.1,1948058,1947627,1,432,54.34246960093624,15.507789869564288,0.21765126618944486,0.43497305882007886,0.5321236591879815,0.6487072759485685,-136.3000030517578,26,0.5185185185185185,2,ok
JAKRRX010000046.1,5531,5962,1,432,76.88741895791708,6.887164258181613,0.5496355596361879,0.41950761864185326,0.04792750694763557,0.09600887523048367,-110.0,15,0.39814814814814814,2,ok
CP005083.1,1935697,1935593,1,105,43.144263162409835,11.989465011997911,-0.02549119435259961,0.4291297317106501,0.2443371103394616,0.222038658484833,-37.20000076293945,10,0.6095238095238096,2,ok
AE017143.1,1485548,1485395,1,154,43.72667493249622,14.520372836925464,-0.0606953336876882,0.4169136441411473,0.5988624443003067,0.542466027971849,-42.70000076293945,6,0.3181818181818182,2,ok
VYKJ01000009.1,87128,86674,1,455,94.99973697809978,4.290466920230196,0.3084014220910024,0.41240597156990727,0.031689987519797846,0.05366332803299731,-120.5,14,0.4461538461538462,2,ok
LFDT01000008.1,26290,25892,1,399,32.07959224582369,19.999999999999996,0.5221904330245175,0.35504834568747573,0.8417215951584193,0.837572128352807,-131.3000030517578,14,0.48872180451127817,2,ok
AE017340.1,2672893,2672478,1,416,69.74175057814591,7.312141367119441,0.5885798806768271,0.38559597248384947,0.02018628549402046,0.10374199660349695,-120.19999694824219,21,0.43509615384615385,2,ok
SOHE01000056.1,82167,82512,1,346,94.99998919909352,5.231316174289831,0.13967457880154802,0.32923821705468076,0.16750702604865694,0.17415734918832385,-155.60000610351562,7,0.5780346820809249,2,ok
UFSO01000002.1,1053172,1053592,1,421,41.90233782831709,12.990966062525501,0.19090329817455315,0.42095707922284176,0.0680301674269578,0.2197351494105253,-101.80000305175781,10,0.3752969121140142,2,ok
FNDS01000008.1,171133,171028,1,106,39.97281193686309,15.624150787940946,0.04806265786961883,0.44568909040550153,0.5718631184563708,0.6075122940506631,-35.70000076293945,22,0.5660377358490566,2,ok
LOPX01000018.1,18815,18415,1,401,65.60885078578163,19.9999999999994,0.5146505094774246,0.32724217973594066,0.5425490382754535,0.5517068019611397,-169.3000030517578,10,0.5610972568578554,2,ok
CP061721.1,2632377,2632723,1,347,44.79576386752833,13.696408798197128,-0.3567409538341086,0.3668506325942722,0.7323130409870144,0.393119813055017,-146.3000030517578,8,0.5965417867435159,2,ok
LXEW01000015.1,62134,61701,1,434,17.030320034519583,1.7673507611319075,0.6281582955176832,0.4349715722456077,0.36777933973361054,0.42734037321897744,-111.0999984741211,18,0.3986175115207373,2,ok
JACHYH010000002.1,361629,361212,1,418,66.05500177321159,4.993851659016194,0.46220068736877473,0.41880297364573105,0.29755793923693186,0.40552454939639493,-137.8000030517578,37,0.5454545454545454,2,ok
DS022295.1,362232,361812,1,421,38.156659270035234,19.999999999999996,-0.05358056997531069,0.4559033038722307,0.46148848998104464,0.4344132288047936,-91.87000274658203,34,0.40380047505938244,2,ok
NOII01000055.1,1226,1615,1,390,48.05345565588674,5.122678226030934,0.2638415153123149,0.38226053548296646,0.611438862236029,0.7323405683002367,-109.80000305175781,11,0.3871794871794872,2,ok
LXJR01000022.1,10164,10280,1,117,94.99982243443404,7.653428018749498,0.38593057506559,0.3347385436939267,0.40143089023059664,0.40702136773609726,-52.70000076293945,5,0.5982905982905983,2,ok
WEKT01000007.1,27091,26946,1,146,38.66139668470133,9.021034777727563,0.05814993212761277,0.4450953832250789,0.8394808317278425,0.8716977871067639,-32.400001525878906,16,0.410958904109589,2,ok
BATJ01000001.1,425288,424859,1,430,37.66908567459232,19.999999999999986,0.030845711004515053,0.4617071998580076,0.27968290888711983,0.2861338695204614,-91.69999694824219,19,0.4,2,ok
AP017312.1,1395356,1395030,1,327,46.12456809699351,15.153223569071358,-0.0790353561136099,0.4292834194187979,0.7633442489765581,0.6849440431211061,-76.4000015258789,14,0.3944954128440367,2,ok
JAGXTL010000060.1,15015,14690,1,326,56.88530917886513,15.03853718245112,0.008847359056668114,0.51666857773534,0.5064753596335436,0.5096949256746953,-63.0,36,0.4263803680981595,2,ok
AL590842.1,3764130,3764038,1,93,45.792763324025415,19.999731535260477,-0.009774777771194842,0.4386343598138296,0.5193206878309979,0.5104400695083635,-14.699999809265137,13,0.2903225806451613,2,ok
CP002780.1,3685318,3684884,1,435,40.4063624033441,19.999999999999996,0.13035225957734653,0.4564730850109144,0.27942123444826833,0.3802185135510723,-94.9000015258789,27,0.42528735632183906,2,ok
CP051428.1,1969913,1970365,1,453,42.34291884707199,9.818979324446868,0.11732844063893277,0.35692515831649035,0.6462635749507244,0.7301325336674741,-165.39999389648438,9,0.5298013245033113,2,ok
SMTK01000002.1,129088,129520,1,433,52.37580733394203,8.28451021941676,0.20572510302719815,0.3455999736778547,0.5000547424174836,0.6124800017444897,-176.0,11,0.5681293302540416,2,ok
FXWH01000002.1,41971,42423,1,453,57.25765216776387,9.872416135027898,0.06121854574523304,0.3698091952970114,0.05156806788926619,0.07527635651423445,-131.5,11,0.4194260485651214,2,ok
BX470251.1,4453113,4452673,1,441,80.3495057560928,7.60260830215998,0.5280829148992662,0.4422906197050874,0.004545295778999148,0.031585167311527856,-89.9000015258789,29,0.32653061224489793,2,ok
JACEIB010000006.1,411958,411852,1,107,74.45055498404318,5.293004503843293,0.5513565141978131,0.4237196595681505,0.03208290889957679,0.11123000716586495,-37.099998474121094,12,0.6542056074766355,2,ok
LJTD01000002.1,187341,187785,1,445,94.99996807000068,5.035483971311332,0.2647751932221851,0.3409796366303399,0.003960721059410061,0.01761971355714287,-176.3000030517578,13,0.5370786516853933,2,ok
AP013066.1,2398899,2399217,1,319,49.241859565326365,10.393860696089272,0.0033515957510239502,0.39211135824063564,0.21539066236327345,0.2177638064586464,-100.5,13,0.5047021943573667,2,ok
JABAIH010000009.1,38140,38233,1,94,66.00568557149677,3.1978528640358883,0.2886605751643443,0.29388265295356714,0.5714114232114204,0.6356053665625082,-38.5,8,0.5851063829787234,2,ok
ACJM01000011.1,72232,72680,1,449,66.10989497503682,4.99064152147784,0.7000490877847667,0.34322466399308615,0.29707953266663817,0.460828336326178,-122.80000305175781,16,0.37639198218262804,2,ok
VRVF01000022.1,14729,14633,1,97,94.99999558494336,5.901088036362367,0.28195912924193234,0.4419853528869774,0.20163733550136342,0.21136987007005,-39.599998474121094,10,0.6597938144329897,2,ok
NQMR01000017.1,24157,24563,1,407,75.3783782275993,5.160176449509748,0.5985356609327801,0.4596318411483174,0.4290944774782395,0.5135104812036244,-80.30000305175781,20,0.3488943488943489,2,ok
AP018052.1,429129,428737,1,393,69.49666913368178,9.542096518823014,0.12461240705457269,0.40732131624431717,0.0014805455376849963,0.013237589673910843,-139.5,8,0.55470737913486,2,ok
JMIR01000004.1,119807,120141,1,335,53.60668984222927,5.73013596577424,0.6366767058735016,0.37203711088482144,0.14326173324910554,0.4168542088484382,-98.5999984741211,9,0.47761194029850745,2,ok
CP021425.1,25487,25056,1,432,41.850791340639816,19.831843231401933,-0.029694271403735963,0.41450366530148247,0.041369659999791836,0.014719117869941373,-102.5999984741211,12,0.37962962962962965,2,ok
CADIKH010000015.1,130728,130303,1,426,44.70593519533958,19.61547404820338,-0.23171345775206464,0.3868736787512798,0.4985968694032153,0.2703558562009844,-144.1999969482422,14,0.5211267605633803,2,ok
JABBHL010000001.1,1126349,1126263,1,87,94.99999724065881,5.399432248872466,0.024956796902204648,0.42107415666569253,0.40071926575519584,0.40182188578377076,-30.600000381469727,8,0.6206896551724138,2,ok
CP017448.1,794693,794303,1,391,47.5399121661156,18.95177149462673,-0.5179444143280563,0.34945486523750824,0.7896899138524949,0.26368986322013366,-146.60000610351562,13,0.5524296675191815,2,ok
ALXG01000030.1,22374,21992,1,383,38.74711519657204,19.999999999999996,-0.024316465978931223,0.4935126482461709,0.39036344968698933,0.38123392673788725,-75.69999694824219,26,0.3629242819843342,2,ok
PJZK01000027.1,39525,39067,1,459,40.144688548910906,7.414255291145009,0.24624429639362833,0.40131306301298636,0.7389933121192833,0.8763746896773957,-126.30000305175781,16,0.44880174291938996,2,ok
LNTY01000060.1,78991,79427,1,437,58.917808695477646,7.590205308182709,0.06641587862170974,0.41593322327772825,0.014056719408385343,0.036849078398823974,-116.0,19,0.425629290617849,2,ok
FP236843.1,4928987,4928499,1,489,52.56321180543899,5.018530753009169,0.710335860045296,0.3997317472196813,0.189177081343854,0.48055867135547153,-141.5,16,0.44171779141104295,2,ok
AP023240.1,3788906,3789295,1,390,51.27604726637551,6.28322092190567,0.21202889610767933,0.458772324935859,0.36270615143996887,0.46749950647744026,-85.5,13,0.4,2,ok
BX470251.1,5438229,5438142,1,88,57.25969990049352,5.615618023226058,0.5901232346459062,0.5549672535455262,0.41734908356426936,0.6323759495598813,-5.5,23,0.2840909090909091,2,ok
BAFF01000006.1,91054,90592,1,463,42.65259680169549,4.3486696504962365,0.3559865499797308,0.3917545637075676,0.28830450620539294,0.43121166612812556,-124.9000015258789,16,0.4017278617710583,2,ok
CP058349.1,4019534,4019642,1,109,94.99992462275861,6.021964023969694,0.12424637132064265,0.43803266468258334,0.40143107688944546,0.4055227736171469,-43.20000076293945,6,0.6146788990825688,2,ok
CP021376.1,1066853,1066433,1,421,35.06054818309765,5.514674085343254,0.31536729494789084,0.3793901240534507,0.2360949330105684,0.34624554580361827,-115.80000305175781,14,0.4156769596199525,2,ok
PNCO02000002.1,846419,846067,1,353,94.9996746453397,3.352638014993908,0.2749615371834008,0.3794170881157499,0.031106040108174415,0.059314623835288266,-89.5999984741211,16,0.3881019830028329,2,ok
AUYT01000001.1,1671509,1671048,1,462,53.58076631343208,10.916676330602769,0.007365623788136627,0.4325582520503107,0.20244736371987676,0.20651598480641145,-123.16999816894531,45,0.3917748917748918,2,ok
CP035492.1,1831110,1830676,1,435,39.35104123776726,19.99999996605169,0.007643295457571031,0.4389047874711409,0.4958709827536995,0.5015917358388025,-103.5999984741211,31,0.42528735632183906,2,ok
CP020705.1,517652,517217,1,436,65.91815814802793,19.999999999999687,0.5140509029933907,0.40045314790277375,0.09469917671061859,0.09957347086648538,-120.5,9,0.43119266055045874,2,ok
ML122577.1,29700,30098,1,399,94.99999997972756,3.0350718518833,0.10174384322556707,0.41449596802877814,0.21838504884081528,0.22925335955893705,-99.30000305175781,16,0.3208020050125313,2,ok
JAOUCS010000046.1,15732,16125,1,394,94.99988960158436,4.037568613885026,0.21231511859054664,0.37854283951161305,0.5068513874342591,0.523393640850295,-118.80000305175781,12,0.46446700507614214,2,ok
SOQX01000005.1,90300,90700,1,401,44.66846339959723,13.639862742767676,0.0014641158429664902,0.40814800471290935,0.2000828405558595,0.20133377028217678,-123.0999984741211,21,0.49875311720698257,2,ok
SMAN01000003.1,68544,68906,1,363,50.95468732264072,19.999999999999996,-0.035244858559082104,0.3766913194964751,0.5856429811550806,0.5607237662826595,-101.80000305175781,19,0.39669421487603307,2,ok
DF967972.1,3325262,3325570,1,309,40.027980595998294,11.968070150666144,0.164089991172873,0.4467917315243989,0.2769119256536948,0.39082309324323683,-95.30000305175781,21,0.49838187702265374,2,ok
BAFF01000001.1,43347,42925,1,423,57.29966171293084,10.123847743587604,0.15601371917466383,0.40430224309011015,0.25910980156675323,0.31913572707842386,-120.69999694824219,15,0.46335697399527187,2,ok
PCDP01000006.1,30036,30124,1,89,85.55501612201621,2.9537027077905638,0.5114793129145577,0.2969005416666768,0.5714585570166204,0.6408783232552895,-32.400001525878906,4,0.550561797752809,2,ok
KB944511.1,1376594,1376166,1,429,34.93996595261197,19.999999997737504,0.01801359890815324,0.36214058217134015,0.5960521365293309,0.5989927781927051,-131.39999389648438,21,0.4125874125874126,2,ok
FUXI01000020.1,16547,16165,1,383,38.91482678836831,5.3407330813647285,0.231661766540469,0.4250881907561451,0.8290297437558405,0.928707062311427,-89.19999694824219,18,0.36553524804177545,2,ok
FORE01000010.1,166595,167030,1,436,67.25260837325163,4.056733402994752,0.7240271985523713,0.35262196979843213,0.2849111456517551,0.4515706937698579,-138.1999969482422,13,0.4197247706422018,2,ok
FQWD01000002.1,510407,510043,1,365,69.75341257311678,3.713606443260195,0.7074450977039901,0.41356570349369504,0.5921275447207563,0.738606490826892,-95.9000015258789,15,0.4465753424657534,2,ok
JACAOA010000032.1,8133,8504,1,372,63.914043372208184,11.528080757140081,0.5883661537153162,0.3899159157051745,0.3027968364604066,0.3905621370903121,-93.4000015258789,16,0.3602150537634409,2,ok
SWDB01000010.1,49909,49505,1,405,55.42158448426401,19.99999999999938,0.006236731307960375,0.41655753414522423,0.21686062116153337,0.2196737598716883,-105.0999984741211,14,0.37777777777777777,2,ok
CP003380.1,2526783,2526368,1,416,70.29286140582158,5.306092983625894,0.6254247232008854,0.39287123849962013,0.4298798581089779,0.5435438993733022,-111.80000305175781,20,0.4182692307692308,2,ok
HG427724.1,1945,1525,1,421,41.56843691675025,12.378871388591715,-0.06295990454340217,0.41388839002404726,0.78706144931667,0.7357957204290306,-96.4000015258789,10,0.3586698337292161,2,ok
CP041151.1,3684750,3684354,1,397,50.07021615817881,19.99999999999999,-0.10107845523584319,0.43617295559185787,0.4705273476792411,0.375675676536135,-81.0,12,0.36272040302267,2,ok
OUND01000001.1,284983,285405,1,423,44.88453667163368,12.797452602723691,-0.032488533017928756,0.38303185198599443,0.763815305298992,0.7331843877834524,-104.0999984741211,9,0.39243498817966904,2,ok
AP011177.1,2813333,2813777,1,445,59.3757007537881,10.791212628358059,0.1729240386805283,0.423010720695316,0.12532726237585137,0.1767516487412824,-99.0,18,0.3550561797752809,2,ok
CP000653.1,4342563,4342450,1,114,36.71617636603819,2.3254562649123556,0.9300427745237712,0.5014707323140335,0.3970771297452369,0.5964914388610386,-22.799999237060547,9,0.39473684210526316,2,ok
SSOB01000010.1,93141,92767,1,375,47.94461956150354,6.1725216160361285,0.31177597307416083,0.44074984216887425,0.6940480166592623,0.8599128531151241,-104.0,15,0.49066666666666664,2,ok
JMPJ01000053.1,247676,247314,1,363,56.35856517649195,6.501474790456946,0.15240847359539256,0.44146893257415315,0.48568190650749,0.5465709808636524,-98.5999984741211,28,0.5013774104683195,2,ok
LGUG01000004.1,322857,323328,1,472,79.77129518300403,4.26711534114661,0.6023602563479055,0.35993857234091164,0.4574143597732994,0.5379753393230127,-138.5,17,0.4173728813559322,2,ok
CP003032.1,258403,258823,1,421,94.9998332946075,5.75759015450491,0.30689636811534643,0.35477443385994156,0.20498561266951199,0.21642252236255244,-123.0,7,0.4014251781472684,2,ok
AP024601.1,2986016,2985575,1,442,49.50983069844331,19.99999999999977,-0.005593996452692929,0.4462373790980552,0.4921131599503249,0.486300446823835,-122.69999694824219,12,0.4796380090497738,2,ok
CP049872.1,2769408,2769817,1,410,64.76308350195511,11.6025121938816,0.5751252557294909,0.35718951506879815,0.2020063109815516,0.27645660395566185,-167.60000610351562,8,0.6,2,ok
CAFK01000229.1,45252,45129,1,124,43.181477186040915,4.530354851783578,0.2522219448624735,0.3801110428776997,0.4460985104408085,0.5514506997033151,-58.29999923706055,8,0.6774193548387096,2,ok
AFDH01000112.1,106685,106294,1,392,93.405613241432,1.9223874163361185,0.15852087402278436,0.43239924002093827,0.7072673759251348,0.7275359652907384,-98.69999694824219,27,0.40816326530612246,2,ok
PGVE01000028.1,78464,78063,1,402,92.66979842163136,1.0817244367061865,0.5084165155375273,0.476747472202268,0.7980382788748197,0.845069079553098,-87.5999984741211,16,0.39303482587064675,2,ok
PDOD01000005.1,255266,255620,1,355,88.37596554727344,1.8678914711199928,0.5047526225102023,0.3958682297556987,0.6189986440500689,0.6835601468166413,-90.9000015258789,8,0.37183098591549296,2,ok
CP029347.1,695684,696121,1,438,70.14226383699574,8.93144330137364,0.5578027130671255,0.38421088596154374,0.03210781889998665,0.08922551546067242,-129.8000030517578,30,0.454337899543379,2,ok
CP058952.1,2186659,2187029,1,371,81.41208027129869,5.153916934547134,0.14949231263376822,0.3897480771223815,0.29133976839601095,0.3062979321937872,-111.0,9,0.41778975741239893,2,ok
FORT01000016.1,138734,138292,1,443,94.99990277409765,3.4757643388474553,0.5513263018301708,0.44114510065859364,0.30841701948025796,0.3602788327307149,-107.9000015258789,24,0.4582392776523702,2,ok
CP022987.1,2967554,2967929,1,376,57.647807701192704,19.52814238855328,0.04919684962568223,0.39998280232679456,0.03159784119983358,0.04631154190091158,-117.5,12,0.5026595744680851,2,ok
CP003924.1,333335,333786,1,452,17.31193279630898,1.5681352939119766,0.6534207909880538,0.34613286676297433,0.31586030399803977,0.3791240131007788,-189.0,11,0.584070796460177,2,ok
JAPDIA010000003.1,977058,977520,1,463,94.99989804418658,3.7494106444375435,0.25085464619820214,0.35836381090873864,0.15660554627767506,0.17832749393582842,-158.1999969482422,14,0.4319654427645788,2,ok
PGLV01000001.1,1072480,1072104,1,377,94.99969620960077,5.771094062062387,0.013380307407160674,0.4621686416223659,0.5000977223215654,0.5005908273430746,-74.0999984741211,16,0.35809018567639256,2,ok
CP000653.1,14627,14699,1,73,36.56139039663987,19.999999999999993,-0.09875341744635466,0.4716342575953746,0.27087911970202316,0.24262461623000067,-17.100000381469727,14,0.4657534246575342,2,ok
APHR01000037.1,54191,53786,1,406,48.45762231387938,19.99999999999999,-0.13448389139481376,0.3739009016795851,0.4879900395737066,0.3605675210121493,-123.0999984741211,8,0.45073891625615764,2,ok
OFSM01000017.1,61075,61528,1,454,25.53890262689409,4.629395443672131,0.5776689392576086,0.35759063163427146,0.6466171234482851,0.7186544773486944,-123.4000015258789,10,0.381057268722467,2,ok
MINN01000128.1,131506,131884,1,379,44.25988234255421,5.135973397207884,0.5021407553792672,0.3830896159736724,0.531424598454362,0.7665631996309865,-99.5,17,0.36147757255936674,2,ok
CP000507.1,2399081,2398667,1,415,81.96236215687092,4.2334588296943005,0.5931314643398001,0.417772539215163,0.06855570046929707,0.14244306278222432,-127.19999694824219,18,0.45542168674698796,2,ok
CP064781.1,1203905,1203528,1,378,43.28729959721744,19.999999999999996,-0.09112295681501695,0.37644104543191714,0.1800241171460723,0.09797859179018584,-142.0,11,0.5634920634920635,2,ok
FNHQ01000001.1,90305,89962,1,344,42.72955767253956,17.30269156471714,-0.012468600258627394,0.5521189203150471,0.3425300382930481,0.3319544891771376,-62.70000076293945,30,0.3953488372093023,2,ok
BDUF01000020.1,52785,52455,1,331,91.65134234188496,4.899991030769952,0.5396039758537521,0.4708779506038101,0.5143904300862113,0.5491512183181813,-88.5,15,0.4652567975830816,2,ok
AYKS02000112.1,27157,26732,1,426,56.20562474800462,10.545207787869318,0.13650975997550152,0.3990504364870602,0.45915027913504247,0.5177973570138027,-120.5999984741211,20,0.4131455399061033,2,ok
SDMK01000004.1,235124,234754,1,371,46.92195950867762,6.599462597250427,0.35730992542298656,0.4263695419800501,0.4613862818235033,0.6642532287489527,-124.5,14,0.555256064690027,2,ok
AL590842.1,3248678,3248590,1,89,65.11726312398697,13.945863557961525,0.18484172573233715,0.6184833669876098,0.5996253102943603,0.6155768182729342,-10.600000381469727,15,0.33707865168539325,2,ok
CP022657.1,1043243,1043613,1,371,52.38989292872356,19.999999999999996,-0.02059767363399656,0.39582656592071935,0.8727448565654404,0.8605307722498595,-106.9000015258789,13,0.42587601078167114,2,ok
JXIQ01000038.1,38943,38510,1,434,94.99999546093137,4.7743357955069685,0.010089594378509092,0.47120764584078884,0.5002069608965733,0.5007916659837945,-90.80000305175781,22,0.3824884792626728,2,ok
SDZE01000372.1,2353,2260,1,94,59.578986930556376,9.937301037016766,0.04361364321970479,0.45850023848645577,0.31945589401334107,0.33260583896380747,-29.399999618530273,7,0.6702127659574468,2,ok
CP037940.1,1805803,1806202,1,400,44.61231767216769,9.953829648980522,0.12850071408808195,0.38882402983932857,0.44881549669918214,0.5456979587942172,-105.30000305175781,13,0.3875,2,ok
CP013987.1,908348,908459,1,112,94.99997070817523,6.2404881584115355,0.26595508513254085,0.3441280750174787,0.4042464463637979,0.41217020814731964,-48.900001525878906,12,0.6339285714285714,2,ok
FUFT01000005.1,356138,356575,1,438,94.99998156691508,3.3848277214784424,0.2644037632764864,0.4070925019456882,0.21165225852445557,0.23723649265424002,-114.5,13,0.3881278538812785,2,ok
CP021425.1,4817932,4817557,1,376,35.128875355668605,5.380912991485467,0.8810929836784505,0.43908547497911393,0.27800726887523663,0.5890793295747685,-85.69999694824219,16,0.3962765957446808,2,ok
CP011367.1,2203642,2203261,1,382,14.275228257569692,2.1605161887146793,0.5644987519395464,0.40031745116633927,0.18559390787444913,0.22252955814769626,-146.10000610351562,14,0.5732984293193717,2,ok
BMPO01000001.1,641569,641459,1,111,44.17573271943746,13.659039646277284,-0.17006980418595072,0.3333712430205514,0.38151852381194784,0.22296986089149268,-48.400001525878906,9,0.6396396396396397,2,ok
FOSC01000005.1,104329,103843,1,487,35.04200084258624,19.99999999999992,0.369606870056952,0.35195142780930916,0.2778516298502086,0.3514598062544396,-181.0,12,0.5133470225872689,2,ok
AHBZ03000027.1,1112248,1112668,1,421,39.98418445378646,11.928503863411452,-0.06768818229927015,0.39659088486502225,0.05960674486457765,0.010970397958276534,-109.80000305175781,15,0.3847980997624703,2,ok
JACGXS010000006.1,102869,102449,1,421,47.30519083609846,4.746295191053599,0.2476317830594995,0.341735619026296,0.6525459303530433,0.760083997358138,-173.8000030517578,10,0.5771971496437055,2,ok
AZCX01000002.1,40968,41408,1,441,52.31284119051508,9.029311990096133,0.14349436759913875,0.3796102319318685,0.12898646736126582,0.21067998636201796,-130.39999389648438,11,0.40816326530612246,2,ok
AL590842.1,4578870,4578681,1,190,41.980843256249265,5.517881288393933,0.10644853812407695,0.4888315156807887,0.7617052094432054,0.8131318510566313,-51.79999923706055,11,0.4105263157894737,2,ok
CP003504.1,1775498,1775881,1,384,94.99995842594448,3.4608322679945736,0.29136203326571647,0.38864776037378906,0.2066608379344493,0.23434412419240758,-95.9000015258789,17,0.3463541666666667,2,ok
BAEN01000026.1,468,53,1,416,38.27945754179872,19.999999999999915,-0.0610567730288375,0.4411474702258658,0.17000235252643872,0.1437149520670285,-88.5999984741211,18,0.3798076923076923,2,ok
FOLH01000001.1,865072,864651,1,422,40.05916469168938,13.736701554142323,-0.04027679495821879,0.42761858698110367,0.5638851773437825,0.5342759572300019,-105.5999984741211,17,0.41232227488151657,2,ok
AP011177.1,2892852,2892441,1,412,41.84968226381389,16.179330551126068,-0.04551620587996759,0.4332647564453458,0.06718127366444832,0.028015019138631636,-99.0,22,0.4029126213592233,2,ok
CP029185.2,2279034,2278592,1,443,79.69643809348841,6.535324272775484,0.5438432691019838,0.447008604803624,0.2210352022559619,0.26220931863292785,-86.0,13,0.34085778781038373,2,ok
FQXS01000031.1,44397,44023,1,375,54.27080466309509,16.28839497845457,0.09523510211795382,0.40554340312272713,0.1022998971024291,0.15329850770127879,-140.60000610351562,18,0.552,2,ok
QWKJ01000043.1,32225,31811,1,415,47.12504061751185,9.466403387300442,0.48956353744435355,0.37760137262528953,0.362649274371791,0.7148875220493154,-144.0,19,0.5325301204819277,2,ok
CCXS01000001.1,3016508,3016926,1,419,39.060160600697216,8.577124028425606,0.4324946844792333,0.4091740501850838,0.44618024962024666,0.6897380303425059,-109.5,14,0.38663484486873506,2,ok
JAGXTI010000037.1,71273,70874,1,400,40.447724707393824,19.999999999998053,-0.03614399727035905,0.3672305739450899,0.5069696373113228,0.47940595257475704,-171.1999969482422,12,0.615,2,ok
LHPJ01000005.1,709228,709663,1,436,50.59056595618487,19.999999982499784,-0.0026067210093370097,0.4390033930952434,0.2271119464794693,0.2247373295924146,-100.5,20,0.37844036697247707,2,ok
RZNX01000013.1,58735,58393,1,343,55.49333068774071,10.333594917741495,0.19881750739147938,0.46579972584967777,0.005743098062174268,0.09763308751437713,-72.9000015258789,26,0.3965014577259475,2,ok
AP014683.1,116865,117196,1,332,46.669171293419986,8.615175986622582,0.7472371831766922,0.401708539486774,0.14582779338383725,0.6577260236581342,-129.1999969482422,13,0.5933734939759037,2,ok
WEHU01000008.1,36685,36295,1,391,94.99994757829555,3.3345257814163562,0.35348682698706485,0.44697755200874106,0.33130008366836383,0.3659504431341879,-82.9000015258789,25,0.35038363171355497,2,ok
FQXZ01000014.1,54561,54189,1,373,63.24351815188927,6.373899443623458,0.5922104409854988,0.40303863771209053,0.25685123306366303,0.4104255406373184,-88.9000015258789,13,0.42359249329758714,2,ok
GG753567.1,1467606,1467782,1,177,55.59598586108174,17.40781670453012,0.31147332327825394,0.4302188500644368,0.16656546851258325,0.30397729930458905,-45.0,13,0.4406779661016949,2,ok
CR354531.1,2957254,2957102,1,153,60.71383439276368,5.358307488171682,0.177849495877604,0.45145797516946473,0.5329347854647597,0.5871733581603974,-34.29999923706055,8,0.42483660130718953,2,ok
QPJJ01000005.1,92637,93033,1,397,22.116102623260556,2.4840325004003496,0.6403715880141674,0.37973938158966114,0.5664968357767007,0.6492133520361835,-99.30000305175781,17,0.3677581863979849,2,ok
STGJ01000001.1,76357,76764,1,408,84.9895171053883,2.918605180737775,0.6409005244645889,0.3814507731714778,0.08962157459272338,0.17872835036670662,-140.89999389648438,8,0.5441176470588235,2,ok
CP031413.1,2279627,2279233,1,395,87.43001510670655,5.617760761945717,0.5233452813165542,0.34008727578250825,0.1636559191614066,0.19606923047107055,-168.89999389648438,10,0.589873417721519,2,ok
LIXZ01000023.1,756,420,1,337,94.9999971855162,4.870166900847953,0.30761972268240534,0.4254046036661849,0.5675978240688202,0.5851688824321133,-84.30000305175781,14,0.3798219584569733,2,ok
CP018800.1,223873,224286,1,414,28.568778071876576,2.303048878368699,0.7765205893928664,0.3819735452002246,0.46306127618162507,0.6000775657735948,-118.5,10,0.427536231884058,2,ok
BNBA01000004.1,164286,164717,1,432,40.7734371026195,11.639644043795137,0.3814628955178354,0.353653663407315,0.24633070499442208,0.5235342838939845,-170.60000610351562,17,0.5879629629629629,2,ok
JABXHM010000023.1,53725,53313,1,413,31.508680861385916,19.999999999985615,-0.5204786058609402,0.43703312154785945,0.07630045695172957,0.06599779166884404,-92.69999694824219,16,0.4188861985472155,2,ok
MDHN01000005.1,125221,124766,1,456,38.61801970969062,19.999999999999954,0.04402717207722945,0.4404494890619313,0.2772742597255469,0.3009723891130036,-97.5999984741211,19,0.3706140350877193,2,ok
JOJP01000001.1,5096485,5096889,1,405,94.9999999787286,4.3271051965296,0.48623020712113507,0.35188075529524276,0.265459849257552,0.3003481594340823,-127.19999694824219,7,0.4345679012345679,2,ok
SLZQ01000001.1,171733,172110,1,378,39.41983262553063,19.9999999975475,-0.04185255030581053,0.36516176322469834,0.32126961019200584,0.2930525026466684,-128.60000610351562,15,0.49206349206349204,2,ok
JAAXPN010000002.1,93358,93759,1,402,94.99999999999962,5.681514802996738,0.3989858488531937,0.3715042059936459,0.23348128241661428,0.24905314393818861,-110.69999694824219,16,0.3805970149253731,2,ok
CP117260.1,249149,249057,1,93,5.000005179592552,1.0455902562515553,0.5400385232972115,0.4735508852133778,0.5164368108427304,0.5351777834615844,-24.0,7,0.5806451612903226,2,ok
RYVQ01000204.1,7872,7670,1,203,53.869857545812316,6.165288897463301,0.06624895912494178,0.4747843617434546,0.5137210116680662,0.5430096656465684,-42.599998474121094,18,0.43349753694581283,2,ok
SMFQ01000004.1,997016,997415,1,400,38.20534200485377,19.999999999999996,0.04785658434055473,0.3688820362022945,0.5926428697632065,0.612293953800137,-114.5999984741211,15,0.38,2,ok
JABAIK010000003.1,92190,92605,1,416,94.99999999987516,2.4565539622324954,0.5695771258364191,0.4052293858663176,0.1998457008310745,0.2670973813469276,-95.0,16,0.4014423076923077,2,ok
KZ478068.1,8490,8872,1,383,42.56118506739049,11.153142548071466,0.05094386898831013,0.3940295675010376,0.23985288646745745,0.2793192840784122,-92.0,13,0.42036553524804177,2,ok
CP045423.1,1772143,1772234,1,92,88.6867490661101,3.008524462349782,0.6190354640160939,0.29806011583071207,0.06973882307615917,0.1473007680831439,-48.400001525878906,8,0.7391304347826086,2,ok
JNVC02000004.1,158812,159250,1,439,59.829511762277114,6.115746055872848,0.4232349811556049,0.36608671507724716,0.23757752220188744,0.3746401996227849,-117.0999984741211,10,0.3735763097949886,2,ok
RBRL01000099.1,1885,1819,1,67,41.366834532991376,9.298539193676387,-0.0077491277514321055,0.42781247782910853,0.264947941546501,0.2591579849913436,-17.100000381469727,8,0.5074626865671642,2,ok
FOVO01000013.1,49814,49620,1,195,23.65860281648228,5.516314130281654,0.5398102522458295,0.5041582606321968,0.7526372743733357,0.7898337905204733,-33.0,15,0.41025641025641024,2,ok
JAERJD010000008.1,130047,130490,1,444,47.666753373022466,19.999999999999996,-0.040975036615277904,0.39290510335219964,0.3194037963170555,0.2776627303697425,-123.19999694824219,11,0.43243243243243246,2,ok
UFXZ01000001.1,2070735,2070303,1,433,50.97091982284685,4.071851459321279,0.2956308469171157,0.3885537187429722,0.6174784895091644,0.7249044282224523,-122.9000015258789,20,0.4780600461893764,2,ok
WXWF01000034.1,453,20,1,434,60.51457895451384,5.547768190585173,0.601795760755653,0.46296564090102205,0.43860915331480144,0.6246112560441038,-86.4000015258789,25,0.35944700460829493,2,ok
RZTZ01000002.1,749336,749675,1,340,55.13936981223736,11.67643407373442,0.17911895752848012,0.40323020927379455,0.32926863171877996,0.414987819134,-74.4000015258789,9,0.3382352941176471,2,ok
SJST01000003.1,228163,228066,1,98,86.90120045445003,4.160821856207695,0.5261998800245874,0.43043041560068107,0.32641309369321925,0.38047977184935605,-29.100000381469727,7,0.5918367346938775,2,ok
FO203527.1,1880137,1879703,1,435,53.12912551986402,10.088155793741722,0.020109994253335362,0.3584484987074146,0.002503163089212751,0.013786164805866613,-114.4000015258789,16,0.4206896551724138,2,ok
SJOI01000001.1,400101,400569,1,469,62.22620003070264,5.031443852229257,0.27859532684221144,0.3841783068900014,0.5310581832240795,0.6094424462319106,-146.3000030517578,12,0.4605543710021322,2,ok
JQCN01000050.1,2834,3214,1,381,47.99822113783715,16.36518817191654,-0.14181530449167834,0.4284070016649041,0.8548166732153885,0.7093240852332937,-95.0999984741211,23,0.3884514435695538,2,ok
FYAH01000002.1,745263,744817,1,447,76.56213994314453,4.956733801857566,0.5979191768420724,0.4031457709730736,0.4816241160607643,0.564578287597296,-93.80000305175781,24,0.35570469798657717,2,ok
BA000022.2,460734,460688,1,47,94.99999981738766,3.374733001175766,0.5742389849810087,0.6050577195668216,0.23983959832201954,0.2960476866377614,-5.5,11,0.3617021276595745,2,ok
FZOT01000004.1,166380,166763,1,384,64.65300160323598,6.071140290425207,0.2886503893099154,0.3629262589160682,0.5172874553620183,0.5865280147772192,-124.30000305175781,10,0.5,2,ok
MJIC01000016.1,395596,395176,1,421,37.12104573445488,19.999999654059756,0.01356834864897516,0.39287942896218786,0.968672150001232,0.9732788725024957,-104.5999984741211,21,0.40617577197149646,2,ok
PUGF01000014.1,34405,33995,1,411,81.53569791652669,4.326899095278079,0.3344470114135648,0.46841360824415135,0.6346039749975613,0.6755099938202915,-90.5999984741211,24,0.38929440389294406,2,ok
AYKS02000077.1,19743,20186,1,444,78.30009887036083,6.453244464630918,0.5514739905476149,0.3659374474490666,0.01220571375530824,0.05963752182957768,-136.0,15,0.42342342342342343,2,ok
MIES01000033.1,252345,252673,1,329,51.91467489858086,7.642464037789607,0.6383329555800328,0.3916742964256244,0.17077726667514806,0.5144697096780023,-103.0,12,0.47720364741641336,2,ok
CP043404.1,592601,592978,1,378,51.15709947207177,19.999999999999996,0.02727558583106593,0.35457513204992136,0.65306839559842,0.6690280180021125,-104.69999694824219,19,0.3862433862433862,2,ok
CP016761.1,3290855,3290432,1,424,83.61625968748919,2.1336289787648473,0.7052892988451431,0.45301131503654835,0.572141667207208,0.6725280261152481,-96.9000015258789,19,0.37735849056603776,2,ok
BJZV01000007.1,3229,3323,1,95,69.31244338759225,4.084494987222799,0.6947878185059736,0.27058406988601896,0.09611105936675576,0.24148104111026145,-40.400001525878906,6,0.5157894736842106,2,ok
CP007440.1,6527993,6528090,1,98,77.3829265454339,3.516094826794882,0.650852610935436,0.2690013520179807,0.08474561687567056,0.19057457455949076,-52.20000076293945,5,0.6632653061224489,2,ok
LDZF01000003.1,197648,197219,1,430,67.6034668337647,4.729698055619212,0.6892647332696724,0.43866980885520795,0.26555605415560546,0.4179105619415224,-97.5999984741211,14,0.42790697674418604,2,ok
QUQV01000002.1,65798,65399,1,400,74.52343592917934,7.442535155618432,0.5521822003473903,0.4518525100014353,0.007208769241959928,0.05653145148389191,-82.9000015258789,22,0.355,2,ok
PGVB01000052.1,10814,10355,1,460,73.38310503057392,19.999999999999876,0.45746050681389056,0.4581220395918224,0.26174935932610954,0.26281882293960745,-100.19999694824219,13,0.40217391304347827,2,ok
ABCK01000003.1,13674,13304,1,371,48.6435110779089,19.99999999999901,-0.0380345765821212,0.4154223747488959,0.18465549208779197,0.14538855268280274,-76.69999694824219,21,0.3665768194070081,2,ok
JAGSPN010000011.1,119392,119019,1,374,94.99999930531007,4.871405747947697,0.05786092335430698,0.4035903839360701,0.25111218836633065,0.2543357801945635,-95.80000305175781,14,0.4144385026737968,2,ok
JAQV02000013.1,67428,67758,1,331,63.43307635418331,6.082085715903133,0.7118119073546231,0.36237114374838797,0.14780018520983002,0.3351086267217974,-81.80000305175781,12,0.3564954682779456,2,ok
LGCM01000065.1,117901,117529,1,373,91.75024034354807,2.255169749434801,0.6586878664331677,0.4098457956268681,0.3819936262678291,0.46621063821968417,-118.5999984741211,11,0.5201072386058981,2,ok
AP021875.1,4682562,4682141,1,422,56.59131338225538,6.1476877215652905,0.3670709457579824,0.4629929687906822,0.5773662646085759,0.7197807080826438,-120.62000274658203,39,0.46919431279620855,2,ok
SJOI01000001.1,2317734,2317309,1,426,76.32211124211628,4.563236146196315,0.15049705654480414,0.42230906206583513,0.2090946975148555,0.23131156928598878,-116.0999984741211,21,0.42018779342723006,2,ok
FQXG01000001.1,777984,778286,1,303,53.50275112122046,4.738843446593674,0.13963035728451456,0.3566918436757359,0.6169456031810681,0.6706017921955046,-115.19999694824219,11,0.5247524752475248,2,ok
KB944507.1,363314,363173,1,142,61.7124699497409,13.383566215788786,0.5152035024394367,0.41334907436240265,0.42682198006171257,0.5177875605725389,-36.29999923706055,10,0.4507042253521127,2,ok
LMEA01000011.1,953687,953590,1,98,58.04560191543338,9.279143095270207,0.015784460134387446,0.5304747427988508,0.3995744495273394,0.405290639728053,-29.5,15,0.5918367346938775,2,ok
CP000698.1,5078005,5077546,1,460,48.043926479953356,17.02260585272498,-0.040469960826025275,0.43211362241978474,0.34674595388437396,0.30487346291572587,-123.0,19,0.5021739130434782,2,ok
FOUI01000007.1,80008,79601,1,408,41.421075618174314,19.999007080421396,0.00017708089629853152,0.3515259511788881,0.7502200819383137,0.7503409055267346,-134.89999389648438,13,0.5,2,ok
AYYO01000017.1,37348,36999,1,350,65.3269062082391,9.90322204792295,0.5692359430908651,0.39316968692412446,0.007420403834237421,0.09334810133469448,-92.30000305175781,17,0.4542857142857143,2,ok
WXWF01000055.1,2233,1798,1,436,56.5857381415421,19.999999999999996,0.06708286955902887,0.439058072469562,0.47135860955909503,0.4934838197363291,-97.9000015258789,32,0.37844036697247707,2,ok
WSSB01000013.1,86787,86380,1,408,60.65905487258354,3.452692903206388,0.31348972033355704,0.394997960542968,0.08950593599286798,0.17193644139659295,-128.3000030517578,11,0.4950980392156863,2,ok
OAOP01000010.1,133038,132604,1,435,71.11168351740005,5.639530946460281,0.6174941552331126,0.4331746460954971,0.3903633215764054,0.4932641687735842,-100.4000015258789,29,0.3931034482758621,2,ok
CM001398.1,1729854,1729478,1,377,31.59863854435538,3.7355944133466923,0.2718996608681095,0.48977950281352284,0.6568207950582907,0.7233094630058217,-71.0,16,0.3687002652519894,2,ok
JADFUA010000002.1,353117,352716,1,402,30.39783383568529,19.999999999999996,-0.5101783517894714,0.3846792045002373,0.5614432495419206,0.5568605499553094,-139.5,18,0.5199004975124378,2,ok
CP004387.1,4126799,4127198,1,400,46.03416637319107,14.288893385348635,-0.11458713683383714,0.40300922886942653,0.7416669122565911,0.6285727007193995,-125.69999694824219,12,0.5225,2,ok
DS022294.1,1056386,1055978,1,409,55.11662615847685,5.389084752074697,0.39912195564421593,0.37609665086126787,0.45014580710578345,0.6068317444102367,-119.5,11,0.4669926650366748,2,ok
JAUNQW010000015.1,11005,10624,1,382,60.1126768441985,11.808155917852208,0.20327018794875995,0.46996873091685576,0.6662825528562737,0.7188446708566184,-70.0,22,0.32460732984293195,2,ok
AZSV01000003.1,100792,100725,1,68,94.99999994805204,2.969652231964467,0.3611825918951055,0.4662406820456808,0.3619517200840636,0.4011207691535045,-14.800000190734863,9,0.4852941176470588,2,ok
CP051180.1,1163343,1162970,1,374,79.90977083158981,3.273437659495725,0.6475731884289025,0.4439212435039716,0.3699294068793716,0.46942725559847326,-106.5,22,0.45454545454545453,2,ok
VTXE01000004.1,82399,81968,1,432,45.872955325263334,19.538229585893408,-0.12455313170266774,0.4086280411389164,0.5322170912442504,0.4075277687985258,-109.0999984741211,14,0.4097222222222222,2,ok
LAQT01000036.1,7243,6820,1,424,86.06199430566528,5.447127828749659,0.5436547723517877,0.39138639772670686,0.41827865155440264,0.4566065573985269,-136.6999969482422,12,0.49528301886792453,2,ok
CP013187.1,1411314,1410891,1,424,94.99999999863356,2.7601259823290225,0.5575701208062008,0.3891168104543497,0.04517181375656176,0.1088114762495361,-104.69999694824219,15,0.3561320754716981,2,ok
CP012157.1,1110921,1110602,1,320,55.41533657823427,14.144918580882763,0.16909549124803813,0.40813359811902006,0.41749014084090774,0.49660180813284766,-89.19999694824219,23,0.471875,2,ok
PIYS01000006.1,78890,78777,1,114,65.24198517510187,3.6888481475779384,0.5017971513609054,0.35753894465183444,0.44479051798297425,0.5640545023432862,-54.5,6,0.6403508771929824,2,ok
SMCR01000004.1,7914,8364,1,451,94.99984009380799,7.706975149356496,0.1768019776142709,0.40197290206311687,0.0005980915655555419,0.003116760140690039,-109.5999984741211,9,0.4079822616407982,2,ok
CYGX02000059.1,66680,67018,1,339,59.82047255233236,8.204312034560933,0.17536148644417177,0.3530629353736942,0.49969706926723323,0.5549538143853885,-122.30000305175781,11,0.5309734513274337,2,ok
KI517367.1,772013,771903,1,111,41.27850060604644,14.11321411450125,-0.059184269767497466,0.4296936958026626,0.6017845574740978,0.5530641934817074,-39.20000076293945,10,0.5675675675675675,2,ok
VTOW01000003.1,37788,37453,1,336,64.40504278036826,19.999999999803258,0.5218980503652018,0.3941033368375485,0.35856741791208446,0.3699680800985444,-114.19999694824219,12,0.4880952380952381,2,ok
JTFC01000031.1,7703,7378,1,326,45.6408756286613,13.521337377630465,-0.01602504773070157,0.47128811116206,0.306922546565919,0.2913710574360831,-70.19999694824219,32,0.3558282208588957,2,ok
MSZX01000007.1,102081,101678,1,404,58.99917068097413,0.7768096921426368,0.9751439800691026,0.4170479578558778,0.19280820712667887,0.26814139130947856,-103.97000122070312,34,0.400990099009901,2,ok
PGUZ01000013.1,31129,31499,1,371,56.68881003049589,19.999999999999996,0.036923030222042574,0.3808415005516663,0.6750222168592205,0.6787252801425919,-104.4000015258789,10,0.40970350404312667,2,ok
VKAD01000001.1,42271,42693,1,423,94.99945906432838,7.550463498688985,0.08544014512187426,0.3925654667617124,0.0007734494679902115,0.0020624788640944136,-111.0,9,0.39243498817966904,2,ok
CBXF010000013.1,50711,50470,1,242,42.815854399979244,1.9742541829361657,0.22505665381885975,0.4667127766475895,0.7463748611919875,0.7897315248351677,-44.400001525878906,15,0.40082644628099173,2,ok
WJYB01000001.1,369988,370435,1,448,64.74768843782245,7.388959404096819,0.160338256877149,0.40124479734904767,0.19105201709969083,0.22547330980075042,-129.39999389648438,12,0.4263392857142857,2,ok
AFPO01000013.1,58839,59267,1,429,66.47662709683209,19.01870792654363,0.5114438065885822,0.39655557331915575,0.3801895380667397,0.3943144050382794,-122.5,12,0.4358974358974359,2,ok
AP010872.1,579466,579094,1,373,62.16306498214304,11.141479869718722,0.6284326396405242,0.42756218003583557,0.004800048585858918,0.13185258085826052,-80.4000015258789,20,0.3297587131367292,2,ok
AGIF02000001.1,2381658,2382051,1,394,51.86737688436502,8.37632171867066,0.7367684622416386,0.3935209413261238,0.09226687126608213,0.5082043229625353,-128.5,12,0.467005076142132,2,ok
AZFX01000072.1,32981,32606,1,376,94.99978035421077,4.014761324694951,0.24120718819533565,0.4497765580088055,0.27524755125434774,0.29437227688034673,-76.0999984741211,13,0.3829787234042553,2,ok
QFXC01000011.1,29485,29043,1,443,76.05625962030375,6.014780392835599,0.55878323140218,0.38498265833898976,0.01362305252103016,0.07703263439650324,-121.0,14,0.3860045146726862,2,ok
RKRF01000009.1,2057,1713,1,345,33.881180580808525,6.128888349054962,0.18701641175556272,0.3992941776981331,0.46317262622550726,0.5235760134333353,-75.19999694824219,16,0.37681159420289856,2,ok
JMSP01000346.1,3115,2676,1,440,50.36302095143491,6.023228379663481,0.19464273598402226,0.4142058076913263,0.43415604074500624,0.5303485465715537,-112.69999694824219,16,0.4022727272727273,2,ok
QQAK01000012.1,205889,206258,1,370,38.85473332063019,19.999999999999996,-0.07202781449037221,0.3445714558502688,0.1909831950144517,0.16386597495343827,-121.19999694824219,18,0.40540540540540543,2,ok
JACCKB010000046.1,15552,16002,1,451,42.46413040514978,7.947266628114745,0.2153655567495239,0.3741265494046307,0.1071627166613254,0.24430591237005161,-118.9000015258789,8,0.38137472283813745,2,ok
QWVT01000025.1,8473,8024,1,450,94.99998291206741,3.7507233741830097,0.010894136542691668,0.4266368963630993,0.40065052181495175,0.40159019987867384,-112.80000305175781,23,0.39555555555555555,2,ok
BOSE01000012.1,125511,125923,1,413,39.49212109648069,18.044436213354857,0.06615064720233133,0.4099426062790181,0.29654012165296806,0.34819072418327557,-105.5999984741211,12,0.387409200968523,2,ok
MK524177.1,43911,44310,1,400,94.9999999871872,3.6862987802578444,0.5408733489598305,0.4184516900105548,0.37426840504215625,0.4249694448508373,-89.30000305175781,17,0.3825,2,ok
WITC01000045.1,55310,55406,1,97,44.072214803444396,6.284072177714506,0.21454289733595966,0.3444718771149406,0.43121270594845446,0.5492763194990763,-40.099998474121094,7,0.5670103092783505,2,ok
NRDP01000011.1,22554,22125,1,430,31.7157750882804,19.999999999999996,0.5230175629165924,0.3490333591321568,0.08505555799430693,0.10007970427202716,-173.60000610351562,12,0.5744186046511628,2,ok
AYKS02000100.1,61453,61235,1,219,46.41974167154655,9.101706072035242,0.4377211326532641,0.3785693452488566,0.5160964785599287,0.8270604196144051,-65.5,8,0.4657534246575342,2,ok
NPDD01000131.1,12485,12794,1,310,93.70758612067449,2.6069526498141964,0.27126763551175265,0.35802324221380144,0.026915526662032552,0.05905829155572316,-76.80000305175781,9,0.34516129032258064,2,ok
AE015451.2,1549110,1549227,1,118,94.99919603489157,6.352268477179831,0.11669687734778966,0.380565702031648,0.5003395348103898,0.5036371938855483,-54.0,10,0.6186440677966102,2,ok
PGVB01000002.1,156288,156680,1,393,69.68524060657808,6.107764079552647,0.6180222357248134,0.4049711816319214,0.3523015845195429,0.4579273395291061,-101.0999984741211,11,0.38676844783715014,2,ok
AP022853.1,1657426,1657067,1,360,45.1506018199846,14.812170437507262,-0.015861695285501243,0.4196849113640761,0.3696074025892381,0.3543074531609939,-98.80000305175781,17,0.45,2,ok
KQ130488.1,61997,62417,1,421,88.85905676020282,5.649722396524169,0.4816782800600079,0.4211136808383612,0.10968976309769611,0.13643028099941962,-99.0999984741211,13,0.332541567695962,2,ok
JANFAV010000002.1,5516,5617,1,102,63.945884298194855,6.937954730260918,0.4246291922161728,0.33301656187730044,0.4920887829694406,0.5931662502112933,-43.0,9,0.5882352941176471,2,ok
KI391971.1,445251,445613,1,363,78.92913801497555,6.476212049685015,0.5484338050081863,0.3954465326760542,0.013082597545740482,0.057693588084421855,-94.19999694824219,16,0.3856749311294766,2,ok
CP007029.1,269091,268706,1,386,44.40982269661352,0.34891305095867864,0.7774682051453481,0.43994373883720905,0.574028196780701,0.6017448537785742,-134.5,10,0.5751295336787565,2,ok
AP012551.1,1189904,1190328,1,425,45.88338341119719,9.615273703911539,0.0752351737026106,0.43422185027945837,0.1335488619942377,0.18912379137582122,-100.5999984741211,13,0.42823529411764705,2,ok
LN907827.1,1010905,1011355,1,451,55.371274344866976,12.41601903208088,0.07814914922427951,0.39186861450080507,0.27519175151424285,0.3118734705337969,-130.5,14,0.43458980044345896,2,ok
LT896716.1,3885024,3885406,1,383,30.335593301809414,19.999999999999996,0.5093364152429497,0.3851643819680982,0.8255068380192913,0.8338635909277362,-126.69999694824219,20,0.5274151436031331,2,ok
SMCR01000003.1,26429,26872,1,444,70.64376323332156,6.303088764532995,0.6036076513480744,0.3724289171485962,0.031679193690498375,0.12562206326357872,-131.1999969482422,12,0.44819819819819817,2,ok
QRAP01000001.1,758539,758126,1,414,54.095038194799145,7.226505708551237,0.4187026496118756,0.45126320711879386,0.4715427857594083,0.6681559566284279,-111.80000305175781,16,0.46859903381642515,2,ok
LT629780.1,58192,58080,1,113,58.233680068967296,12.675698634371544,0.7449027299250605,0.31863577826072215,0.011645890447187612,0.2565421585036317,-60.70000076293945,8,0.7168141592920354,2,ok
PGVB01000025.1,24086,23655,1,432,42.66119565249572,14.441866453433827,-0.12062668779505337,0.4552412528973829,0.35327492583378584,0.2506319593475694,-89.69999694824219,16,0.3888888888888889,2,ok
LKKK01000001.1,1014156,1014040,1,117,87.37688182456188,6.023443854472531,0.46078810564060657,0.4149009141759117,0.6189201042141741,0.6430648513445015,-41.70000076293945,7,0.5470085470085471,2,ok
AP008955.1,903194,902733,1,462,44.56235718088254,12.989376609162012,-0.04364907682213959,0.45978556764855105,0.5614626925728279,0.5206133428135622,-96.19999694824219,23,0.3787878787878788,2,ok
FOXE01000012.1,85127,84751,1,377,49.9685004326124,19.99999999999992,-0.006487950374729157,0.40957418217497776,0.5993830174264848,0.5927532529685793,-110.5999984741211,14,0.46684350132625996,2,ok
JXIQ01000065.1,19636,20094,1,459,60.82923195884681,6.546892761400177,0.7092864601812664,0.3929551459436471,0.2542144498956023,0.4696575427549306,-123.80000305175781,15,0.40522875816993464,2,ok
ML064686.1,3056,2622,1,435,73.6705686128627,9.26883500808629,0.07160817182188156,0.421395598458067,0.0015600145288436063,0.005904205994170991,-102.30000305175781,23,0.35172413793103446,2,ok
AZDA01000046.1,92517,92091,1,427,94.39180631334332,2.761698333848179,0.2773698090516659,0.42974853615766656,0.42786038638588175,0.4596258044615535,-86.69999694824219,17,0.39344262295081966,2,ok
NKXM01000471.1,249,335,1,87,65.67449402154413,6.453873420133226,0.6596041235631607,0.44768930278434443,0.4330655112755255,0.577270344778642,-18.700000762939453,10,0.40229885057471265,2,ok
JAOUCS010000131.1,1567,1194,1,374,40.98677103684859,6.201216007240795,0.1367399458011468,0.38364625237877126,0.309507337097446,0.3800919273012912,-112.9000015258789,16,0.4679144385026738,2,ok
SMCR01000008.1,136387,136301,1,87,26.242463566540923,12.571688208148274,0.45723402299997645,0.507143436991552,0.3859532850567468,0.39338529705262637,-16.299999237060547,16,0.47126436781609193,2,ok
JACHHU010000013.1,23789,24180,1,392,66.59585854864358,8.285722204693704,0.6038360117168761,0.4217133431659284,0.05709032006534637,0.15777463001281433,-95.5,17,0.35459183673469385,2,ok
QQXK01000011.1,88949,88550,1,400,94.99998941126502,5.022205574180284,0.32312609150100713,0.34728774329483075,0.20499172060207363,0.2217749870148798,-178.89999389648438,11,0.625,2,ok
UHJG01000001.1,765915,765484,1,432,48.645153978325794,6.352410919216209,0.3529001149159094,0.40722695181601165,0.3302015695845281,0.5192190580756403,-115.5999984741211,22,0.41203703703703703,2,ok
LXTQ01000011.1,520149,520550,1,402,33.551684900791955,19.999999999999996,0.572156756180341,0.3902823079837589,0.6670002150267196,0.6938483928421438,-122.5,8,0.4552238805970149,2,ok
JWYV01000005.1,102921,103362,1,442,94.99998473217207,3.440437941183535,0.26313277852425765,0.3771513247234124,0.01306122143919657,0.03802496395283457,-123.5,14,0.4117647058823529,2,ok
JWYV01000012.1,13520,13945,1,426,55.81345190670147,9.347602738245353,0.16824461513835193,0.40993759707455124,0.1564344679481405,0.23120638380925165,-124.9000015258789,8,0.4624413145539906,2,ok
QFWX01000005.1,282518,282085,1,434,65.92183268210586,7.809042552442738,0.6224691525386611,0.4233443163256836,0.026556554331739618,0.14311281770773726,-128.3000030517578,14,0.45852534562211983,2,ok
AYYX01000033.1,10222,9812,1,411,53.395741697813065,3.727568047787027,0.6024715844673041,0.45202702673184003,0.5084119985770592,0.7039279251831969,-81.0,23,0.36253041362530414,2,ok
CP011797.1,631136,630695,1,442,42.71633989626534,12.692666232525713,-0.21103534245977987,0.4032631508569606,0.21834983782365253,0.034931594379400854,-115.69999694824219,12,0.4072398190045249,2,ok
AP018439.1,1998453,1997966,1,488,47.54377191089424,15.486964294253575,-0.019537923415031577,0.42466846454428014,0.9761655592557267,0.9562233076833244,-136.1999969482422,15,0.4077868852459016,2,ok
CP051180.1,1162928,1162611,1,318,40.41916928410889,19.999999999999996,0.055898005364736825,0.36619671894579575,0.3605029433834179,0.40317859038802195,-96.5999984741211,12,0.46855345911949686,2,ok
LR134493.1,2908010,2908200,1,191,52.10040707311715,19.999999999999996,-0.03838881278233863,0.451465970683875,0.5621844485557673,0.5431464115570586,-42.29999923706055,16,0.47643979057591623,2,ok
JXYA01000056.1,23631,23265,1,367,58.74871292280861,12.063884869052266,0.17095919733866596,0.4143698952337469,0.24590183446883304,0.29821824182321277,-89.19999694824219,10,0.40054495912806537,2,ok
FNIT01000004.1,50777,50686,1,92,94.99991326513592,5.212296562777507,0.4643050970505043,0.44261850007163417,0.4079239344774888,0.4301790446057458,-37.900001525878906,10,0.6847826086956522,2,ok
CP000133.1,1298546,1298647,1,102,94.99999999867434,3.091961423644962,0.5077818845439848,0.3370234324199214,0.41759287727934963,0.47118984060821006,-39.79999923706055,6,0.5392156862745098,2,ok
FR879629.1,32381,31906,1,476,30.452109277594612,11.8623909930176,0.5450268973031219,0.43416362061838115,0.6121738038200841,0.6609643450126977,-120.19999694824219,29,0.4222689075630252,2,ok
GG753567.1,1111770,1111333,1,438,40.8435844797078,15.898029194740758,0.020433614607890505,0.42341788937894903,0.4284520703959256,0.44444847801980203,-97.0999984741211,25,0.4223744292237443,2,ok
PIPM01000001.1,471201,470799,1,403,72.95509549764219,4.551727298360243,0.6382992757055245,0.4263022594878338,0.02833055409094823,0.13894510251505537,-103.30000305175781,16,0.4218362282878412,2,ok
VLJN01000023.1,89837,89448,1,390,52.35050554706818,6.625789809284038,0.4962397265937485,0.3644850748470179,0.46403062315724053,0.7071121837953982,-148.0,16,0.558974358974359,2,ok
CP049332.1,785263,784840,1,424,63.427308892937425,9.15533888879816,0.6367613276824151,0.41690384427552296,0.33324725700461777,0.46717647920147903,-105.4000015258789,12,0.41037735849056606,2,ok
JAAXYH010000002.1,464601,465044,1,444,72.35409681539235,3.0350492689859783,0.4503404065381454,0.39370419062240425,0.15215015535410936,0.2366714484216464,-120.5,23,0.3963963963963964,2,ok
SMGD01000012.1,295228,295647,1,420,53.54811868639561,16.483215005144707,0.026012995128115834,0.448744506407901,0.25377889666971143,0.2690312740198339,-86.18000030517578,49,0.35,2,ok
AYZJ01000050.1,45426,45836,1,411,94.99999883825765,5.815798501821982,0.11519027739800516,0.3581201529000588,0.0016796003730778163,0.005882183156557396,-126.30000305175781,8,0.45255474452554745,2,ok
WUBS01000012.1,28459,28546,1,88,57.52096081294269,10.764798230413763,0.24163395596733817,0.4552416336472813,0.427081799449474,0.5171438203497108,-21.899999618530273,8,0.42045454545454547,2,ok
JAJNNZ010000005.1,96288,96729,1,442,47.12144733967782,15.981775411222975,-0.10289450915101134,0.40028037639573466,0.5592784955608305,0.45530980211955596,-117.9000015258789,9,0.39592760180995473,2,ok
JAMOIM010000005.1,172611,172518,1,94,58.810578188010936,7.717369478445653,0.2715626660087797,0.471937188125353,0.3774269784482756,0.4714882948504018,-25.299999237060547,9,0.574468085106383,2,ok
CP012365.1,1827412,1826998,1,415,41.689100807762465,13.31264855969258,0.011410098080443624,0.39972852482386384,0.01861250547757869,0.027612402438693118,-121.5,15,0.42168674698795183,2,ok
JADEYS010000004.1,98465,98064,1,402,66.21996956627741,9.208176032611151,0.5918858841983631,0.39748310950426224,0.008322223236045312,0.09882645774793161,-108.0,14,0.4527363184079602,2,ok
VWXL01000053.1,141738,141348,1,391,57.853988183628374,19.999999999999996,0.09494748775279688,0.4293409470730489,0.43047607093533147,0.44908148745031085,-106.0,17,0.4117647058823529,2,ok
JAKRRX010000171.1,1296,856,1,441,54.41708023380269,9.17888234741569,0.2931894694030362,0.37760744166149496,0.02153313332252819,0.1670540262551009,-111.5999984741211,14,0.40589569160997735,2,ok
CH724127.1,533282,533645,1,364,94.99999998563764,2.620474226604681,0.12855330151160782,0.36602598739644354,0.2831340610955108,0.2980399372834496,-117.4000015258789,8,0.4423076923076923,2,ok
BJYU01000449.1,1144,1052,1,93,94.99839855765877,5.3591221199191725,0.22757975410496628,0.4517770899384358,0.30259148792054813,0.3127691558285562,-34.5,8,0.6021505376344086,2,ok
PJNH01000003.1,51803,51478,1,326,48.69783111567902,19.47449749655987,-0.009097203743040572,0.4675232910216005,0.3405001601795724,0.3310642856562464,-75.0999984741211,21,0.39263803680981596,2,ok
CAJPFU010000622.1,1830,1471,1,360,69.54956192411834,8.850017529970495,0.5627778316135541,0.37850446093554374,0.21404503102632935,0.2761168085184965,-126.0,11,0.4888888888888889,2,ok
LAZH01000016.1,32655,33065,1,411,58.19548744442286,3.92161151389178,0.6202075060109713,0.3869889515336966,0.2478729243396552,0.4338948254941182,-113.4000015258789,13,0.3795620437956204,2,ok
FXTU01000001.1,73624,73216,1,409,94.99999939222681,4.374282536417192,0.03423602382344648,0.4402869373667291,0.5009920681578203,0.5033330688648944,-104.98999786376953,40,0.43276283618581907,2,ok
BAXA01000011.1,124496,124875,1,380,45.25974112808896,7.517005472020794,0.22564685948656255,0.37490108609994477,0.4882148796551846,0.630560176655845,-109.5999984741211,12,0.4131578947368421,2,ok
MIHC01000039.1,52902,53287,1,386,48.413223918823135,19.99604585269943,0.0017959696748814924,0.36358473051005685,0.47997069334135567,0.47747500621149996,-148.1999969482422,17,0.5492227979274611,2,ok
JAFNJE010000012.1,95150,95576,1,427,40.27796128727939,19.999999999999996,-0.024701756780733053,0.38397367763929946,0.5474075227148857,0.5337417452116923,-110.4000015258789,11,0.40046838407494145,2,ok
SZZW01000001.1,222995,222858,1,138,65.95604996599205,3.8406843118458545,0.5682461143184959,0.5676112633653009,0.5563137751845157,0.6894784048624525,-14.800000190734863,35,0.3333333333333333,2,ok
JAAGSC010000040.1,317023,317416,1,394,38.14093300336894,19.999999999987434,0.05845830267197116,0.3821603709428696,0.6235302070008262,0.659225262796314,-127.30000305175781,10,0.5380710659898477,2,ok
CP024123.1,3131138,3130740,1,399,64.54649254645773,5.588570694518661,0.7062315410103194,0.40522182159776465,0.4082263474957844,0.5862201545262905,-86.30000305175781,9,0.3508771929824561,2,ok
AP018933.1,164178,163750,1,429,49.6364526859415,19.999999999999996,-0.007249979746914159,0.3721378963106708,0.47775664824903485,0.47006965447697435,-145.10000610351562,13,0.4801864801864802,2,ok
BNAP01000004.1,39177,39278,1,102,94.99989593698504,5.027723610847636,0.3767878713585633,0.2722676575795651,0.5061728939767985,0.5257434495184777,-44.5,6,0.5882352941176471,2,ok
CP024478.1,4249304,4249177,1,128,94.08563360606549,1.7530351604127545,0.5675267918036894,0.38094429397808266,0.5132804317457056,0.5808795173931506,-49.099998474121094,7,0.578125,2,ok
JADBEL010000001.1,51124,51577,1,454,51.001917589461335,8.858520678260106,0.2197771964081232,0.3795671922890603,0.3357560416538284,0.46907842784941794,-123.4000015258789,15,0.3920704845814978,2,ok
FUYB01000001.1,110873,111332,1,460,40.73824709065713,14.41299841570679,-0.011899640539947527,0.40008851970231,0.039766871134756764,0.030524153882799186,-120.5999984741211,14,0.38913043478260867,2,ok
SLWF01000014.1,14379,14807,1,429,32.434588446420975,19.999999999974143,0.5362017890883255,0.3738936879337395,0.15158080145558625,0.16002335423620323,-117.19999694824219,11,0.38927738927738925,2,ok
QGGU01000010.1,78606,78977,1,372,77.93129807996678,14.028476714256065,0.4912228795589676,0.3798445468460043,0.0004875064513041316,0.004269243538334827,-104.9000015258789,14,0.3817204301075269,2,ok
KB946294.1,603501,603067,1,435,41.576492998981244,12.56798456729117,0.07245406857727471,0.3917885768408611,0.3340438962682203,0.39042205739127916,-105.80000305175781,11,0.39770114942528734,2,ok
PYFP01000001.1,1710774,1710270,1,505,88.44111566966068,4.762691866899647,0.5076267594894764,0.441639100498774,0.027076052300815112,0.06728689614678146,-115.0,13,0.42574257425742573,2,ok
ADAQ01000008.1,236786,236326,1,461,62.55835518435559,19.999999999999996,0.5394246516627277,0.41684031478541667,0.378815803838253,0.39019792699692396,-106.0,15,0.40563991323210413,2,ok
AJYK02000032.1,19960,20433,1,474,49.3147912618547,19.999999999985818,-0.007899957267940266,0.4114557248992559,0.21465633852352456,0.206548897910957,-117.69999694824219,15,0.37341772151898733,2,ok
JH414908.1,4162,3735,1,428,45.44174430892684,14.23145246612538,0.22574543696370625,0.38803298295072275,0.455977664243457,0.6559077209778733,-110.5999984741211,10,0.4182242990654206,2,ok
FOGV01000004.1,136552,136933,1,382,51.058226691639675,19.999999999999996,-0.06199725525544693,0.39294496925812894,0.14772370069330795,0.10818630535986223,-107.69999694824219,13,0.42408376963350786,2,ok
CP064795.1,3190218,3189778,1,441,94.99999832289411,3.24569046573202,0.22986594920606263,0.42100761960026317,0.30384219781086896,0.32729966159941154,-109.9000015258789,26,0.3854875283446712,2,ok
AP009333.1,91828,91480,1,349,94.50423225669002,3.1130797007671247,0.5933110599167586,0.38574087664742757,0.3552333208496889,0.4185074687241658,-85.19999694824219,16,0.3524355300859599,2,ok
FNNE01000002.1,73428,72990,1,439,51.399097359174554,19.999999999999996,-0.03633125287747352,0.3966025830107639,0.20417658905178276,0.1804537088896215,-130.3000030517578,15,0.47380410022779046,2,ok
CP050253.1,1754820,1754970,1,151,53.45913891099499,4.945050787850925,0.4935299624731962,0.4848767695060287,0.4618260368157028,0.6570553684750472,-30.200000762939453,7,0.37748344370860926,2,ok
JXXZ01000006.1,113423,112988,1,436,39.44744425371545,14.786527646308462,0.04056591176399971,0.41648150176037285,0.7420937148046931,0.7706257630260663,-110.9000015258789,21,0.43577981651376146,2,ok
RXNR01000086.1,7844,8248,1,405,49.32908717616394,19.99999999999834,-0.008810651474446707,0.3731778080936354,0.29893765646389237,0.28973856760168115,-108.5999984741211,9,0.3506172839506173,2,ok
MVAD01000001.1,1621977,1621563,1,415,40.81877677114116,15.790684571421476,-0.0631417240879742,0.4119326574656606,0.46715163831146755,0.417647680843625,-127.0,18,0.5228915662650603,2,ok
CP006911.1,1446481,1446816,1,336,34.684551950099554,11.300780330134991,-0.04039555209299994,0.3820390313554366,0.6175448325485919,0.604975564027791,-86.5999984741211,8,0.375,2,ok
LXEN01000152.1,7361,7799,1,439,78.41411446507952,5.643080995728443,0.56805835237993,0.40023809269876526,0.02654831148161521,0.08678842069928125,-93.80000305175781,27,0.34851936218678814,2,ok
LR890047.1,789161,788743,1,419,53.12899958576476,4.055391638447954,0.3699272097444928,0.4093951927941614,0.6405471435562162,0.7691140102061133,-101.5999984741211,11,0.36754176610978523,2,ok
KI517367.1,510939,510873,1,67,94.99999928084436,4.838672908728278,0.017500340501235112,0.43118663585338485,0.10035436244408316,0.10134056708520378,-26.200000762939453,10,0.5373134328358209,2,ok
AWTT01000047.1,11899,11497,1,403,94.99975345906343,5.973621560335603,0.0393695936530931,0.42066518729724306,0.0003460816357018892,0.001666779905054816,-88.69999694824219,24,0.3771712158808933,2,ok
AP017372.2,89016,89469,1,454,94.99997756184975,4.602352341177999,0.4778160742377495,0.36290981065662115,0.01071917954901248,0.040375623962043236,-169.60000610351562,18,0.5,2,ok
CP000115.1,3174760,3174853,1,94,75.8563105033015,5.943290295216738,0.5740467977851482,0.3182828852788791,0.346484634713607,0.41266666375835803,-35.20000076293945,5,0.5106382978723404,2,ok
FOMJ01000004.1,206901,207284,1,384,89.11798926405721,4.710149517089521,0.5518112333484742,0.3577494591602171,0.20794190828295434,0.2513758897520504,-168.0,12,0.6171875,2,ok
JOJP01000001.1,3534477,3534040,1,438,46.15627779866011,7.066252503408044,0.27669803155532213,0.4339286015355442,0.685012324626564,0.8513981822277547,-119.4000015258789,17,0.4292237442922374,2,ok
CP001614.2,4187691,4187263,1,429,51.2384106477496,19.999999999999996,-0.034682368939774166,0.4087124013675513,0.4626217756932369,0.4405556990812129,-117.0,21,0.43356643356643354,2,ok
CH724127.1,530596,531032,1,437,89.4141222071275,6.976360216975332,0.4763788190918271,0.40392493646843847,0.007926118858895298,0.022630636024552953,-123.30000305175781,15,0.41189931350114417,2,ok
CP045202.1,3111200,3110777,1,424,94.99999037396975,4.982081544193905,0.12548945269838435,0.3767928082281789,0.002248895181262767,0.00889626706038984,-150.0,9,0.5188679245283019,2,ok
CP003244.1,1113766,1114206,1,441,49.61880486698895,6.144304983889307,0.29097908201403566,0.4506612282543692,0.48658948484284786,0.6355172706766535,-100.4000015258789,17,0.40589569160997735,2,ok
SIRE01000003.1,423714,424081,1,368,60.00886679861499,8.710866705672963,0.2960324749947217,0.42414965738017757,0.21861621842282616,0.30858903879892935,-93.0,18,0.42934782608695654,2,ok
BORC01000001.1,826260,825913,1,348,39.39381797591423,8.020894121994349,0.040919027747889636,0.4733033244072296,0.2767929135204665,0.29955937123554666,-73.3499984741211,38,0.3649425287356322,2,ok
CP003154.1,1873689,1874098,1,410,15.355607403533968,1.7496290975188604,0.6076181482143749,0.35662016580664535,0.19152542525474536,0.24092178955053048,-147.10000610351562,14,0.5439024390243903,2,ok
MAXC01000033.1,4640,4737,1,98,94.99999999999999,4.077322959948139,0.25364520167151816,0.36448982597526464,0.23038076188037415,0.24989720083206732,-49.20000076293945,11,0.6530612244897959,2,ok
SMSJ01000037.1,37602,37692,1,91,87.48206198038064,1.9818666786524464,0.15593052252671802,0.2846504857248703,0.5275082838381847,0.54842820443621,-41.900001525878906,6,0.6483516483516484,2,ok
QQWI01000002.1,338199,338587,1,389,53.81505863166564,19.999999999999996,0.015532805157982776,0.4140456386475103,0.26955880724920017,0.2753743314014579,-89.5999984741211,10,0.35218508997429304,2,ok
FRCF01000004.1,136956,137337,1,382,52.21701328688795,13.679308554362338,0.40401606368125487,0.39043957543831226,0.14287470125666946,0.40885729781801194,-91.69999694824219,29,0.3612565445026178,2,ok
PIPO01000005.1,197781,197375,1,407,75.04326809634136,3.2106546708471058,0.011358188224975613,0.397900967475096,0.20482496408757722,0.20683432181623554,-115.0999984741211,12,0.43734643734643736,2,ok
UGHS01000004.1,287972,288110,1,139,23.534153258318653,4.465458555694725,0.13673420688369498,0.47980579932087575,0.8776510386489568,0.8906319800870566,-32.70000076293945,15,0.38848920863309355,2,ok
PZZP01000002.1,312605,312265,1,341,84.14199122294177,12.233610564233263,0.43571780019491685,0.40711741088446995,0.11073678384991581,0.11331402209117188,-108.5999984741211,17,0.4662756598240469,2,ok
QPGB01000002.1,518723,518324,1,400,57.04718584612701,19.999999999999996,0.22276407094696757,0.4691514533191243,0.21806309690285838,0.2721132004658888,-115.0,13,0.4575,2,ok
CP000510.1,2635337,2635783,1,447,74.0353103074471,7.014173182895027,0.561962576500325,0.41246545616194474,0.06833326976401319,0.12656617214082533,-110.69999694824219,17,0.37583892617449666,2,ok
CP001322.1,3194731,3195139,1,409,46.47916142057488,14.657882250619608,-0.00671867650178537,0.3718947359262436,0.30571852222165175,0.29903257603271116,-141.3000030517578,16,0.46943765281173594,2,ok
AE004969.1,1040064,1039950,1,115,37.545434336137546,19.999999999999996,-0.04665729920808803,0.5232533164941296,0.5183499495440855,0.5044211918524082,-21.899999618530273,12,0.4782608695652174,2,ok
FMWL01000019.1,27250,26866,1,385,43.1340864082339,16.33767768944202,-0.0045187062788509536,0.4005320676629722,0.13081380388911132,0.12671898613740598,-94.4000015258789,19,0.4,2,ok
AE002098.2,1975310,1975382,1,73,94.99997798509354,3.37439854404915,0.4613012836765522,0.6007272197599995,0.27155390002121205,0.3177773154545268,-5.300000190734863,15,0.3698630136986301,2,ok
JTAK01000003.1,145326,145217,1,110,55.47288963584027,3.4059261333958726,0.3619416861239645,0.38648531898812377,0.5963113022115362,0.7018431411511533,-51.70000076293945,13,0.6818181818181818,2,ok
QNQT01000001.1,888079,888428,1,350,39.06851638130892,10.66215691740497,0.0745371099366523,0.39786383076899456,0.8124649981444598,0.8579298178516334,-110.0999984741211,10,0.47714285714285715,2,ok
GG657906.1,177652,177217,1,436,94.99568873998581,0.8630141455392469,0.5067464066568567,0.4233693909486057,0.701901422435384,0.7422346817915308,-123.30000305175781,17,0.41284403669724773,2,ok
AP013068.1,5191178,5191066,1,113,86.7955406789663,7.613929207431054,0.4425664227518255,0.35984659685415493,0.002035269690463415,0.014894128080522456,-50.900001525878906,8,0.6548672566371682,2,ok
GL379591.1,106777,106915,1,139,71.43335560487326,2.5274441940235914,0.7623688348695309,0.4114484206805629,0.32967808845062374,0.4728765301687359,-28.399999618530273,12,0.381294964028777,2,ok
CP061368.1,3425718,3426108,1,391,41.88392267297569,14.589080603187094,-0.233780265941189,0.3977064023447298,0.6000164132819941,0.39798694115530997,-132.1999969482422,9,0.5601023017902813,2,ok
LT699767.1,1263784,1263646,1,139,39.68763111165716,8.340714645830916,0.02479263896262071,0.44364429949528583,0.24493289712308114,0.25925237431474313,-33.0,17,0.4244604316546763,2,ok
CADIJQ010000001.1,1890634,1891037,1,404,54.990894171484754,9.499018217281856,0.19899016659024185,0.4354419228878147,0.14076151140961998,0.23567327381237685,-146.1999969482422,12,0.5297029702970297,2,ok
JACRSQ010000040.1,21959,22366,1,408,47.583554379966245,4.557376850850466,0.26640756537761034,0.3284960066167191,0.6151564565694206,0.7265481310219899,-132.8000030517578,12,0.4166666666666667,2,ok
JPKR02000004.1,870135,870277,1,143,59.80817199783061,19.99999999990518,0.0811775409556641,0.44701578905537237,0.5924343484375483,0.6042998719001342,-34.900001525878906,13,0.4405594405594406,2,ok
CP063356.1,2086797,2087169,1,373,48.356815116684594,19.99999975698313,0.06032410817884437,0.3951493031878039,0.7107600594308888,0.7622306478360555,-95.5,15,0.3485254691689008,2,ok
UGYO01000002.1,1331995,1331548,1,448,57.044614642973094,19.999999999999996,0.09768512614311126,0.3957056035307292,0.21930090485019046,0.24836593377252392,-123.4000015258789,13,0.43080357142857145,2,ok
PDKU01000001.1,342581,342216,1,366,94.99999270909646,4.895579941288997,0.2731012711618077,0.44480654259783603,0.20819583702296388,0.22325821693553866,-80.4000015258789,28,0.3633879781420765,2,ok
AZFT01000006.1,76107,76493,1,387,60.98693704767379,9.42699300845461,0.08433227125772635,0.35904931547087604,0.14528045420570673,0.16761487815090584,-106.4000015258789,23,0.38242894056847543,2,ok
NPIA01000003.1,340482,340818,1,337,64.29516181297136,6.463919802946003,0.34544223529697854,0.38858931340145286,0.31661997586480856,0.3994032728292634,-83.5,13,0.3649851632047478,2,ok
LZHQ01000005.1,26943,27092,1,150,49.91623783341931,6.1040852508198284,0.15085113597712574,0.4568164137171569,0.40275489497976186,0.4790176048149898,-38.599998474121094,22,0.36666666666666664,2,ok
CP007726.1,1914211,1914620,1,410,39.868633279145605,19.999999999999513,0.004817594287984062,0.3753898110809579,0.3926631806018338,0.3965801045677789,-112.0,17,0.4268292682926829,2,ok
JACEIQ010000003.1,50386,50003,1,384,55.10790985680102,19.999999994379586,0.07038692628894358,0.45668629970004854,0.06137852874693772,0.09196767719187218,-98.0999984741211,21,0.4375,2,ok
AE004091.2,4917616,4917502,1,115,40.77579095573118,8.15567005400158,0.03459917548992775,0.342280410377324,0.5214576749716034,0.5425015310367307,-52.79999923706055,5,0.6608695652173913,2,ok
AE014075.1,3052509,3052070,1,440,55.559318480520055,8.891870426020798,0.21328220470027365,0.4521987238103502,0.4196959916359079,0.5158245812661083,-82.0,17,0.3659090909090909,2,ok
LT629787.1,3208244,3207810,1,435,65.53037634520294,19.999999999999936,0.5151819288783199,0.36130248609395854,0.04376968652430899,0.05411016083088241,-140.0,8,0.46206896551724136,2,ok
CP072133.1,999905,1000256,1,352,41.76517981057286,9.898593372505431,0.04805425924644985,0.43327737241444386,0.3365460557761776,0.3702664750910102,-73.69999694824219,16,0.36363636363636365,2,ok
CP025084.1,4755965,4756393,1,429,89.87356839156507,2.624430554670989,0.6387591085259193,0.4182252433388197,0.22627192544180944,0.3088567076543218,-107.5999984741211,12,0.38461538461538464,2,ok
SWLG01000008.1,257206,257622,1,417,69.64014960256361,5.238683524671468,0.6474638447249099,0.40177162934706334,0.20628020481331913,0.33263097128632974,-98.0,21,0.37170263788968827,2,ok
LGAA01000018.1,32943,33424,1,482,80.45854768386322,7.506076021643486,0.5291512701622061,0.40749855959534065,0.009243674556164316,0.037255605340906134,-111.0999984741211,13,0.35269709543568467,2,ok
JNVC02000001.1,437096,437513,1,418,49.05995137173657,11.907345237397408,0.664317698411957,0.3630146917898339,0.13203016780238866,0.6384707260129779,-111.30000305175781,9,0.38516746411483255,2,ok
FO203512.1,74384,74833,1,450,94.999154372454,9.937305004130959,0.30799246791013346,0.4081970335023183,0.0005335831666191948,0.001872185986735747,-120.0,16,0.39111111111111113,2,ok
WKKI01000037.1,39596,40016,1,421,53.41634359726047,14.940768717394395,0.11045164943218477,0.4012663795232501,0.4731245965921447,0.5384625984724483,-124.0,16,0.39667458432304037,2,ok
PJZK01000023.1,8375,8848,1,474,32.876849429642625,2.4490824379422182,0.8745964887964724,0.3829823634314618,0.2208581277601303,0.40284558457570996,-147.6999969482422,9,0.4767932489451477,2,ok
NRDP01000025.1,225548,225983,1,436,94.99996096315705,3.809059722686877,0.4232123212657608,0.3608168773120016,0.028375660831221262,0.06406678453613997,-175.60000610351562,11,0.5389908256880734,2,ok
PIPQ01000004.1,76551,76127,1,425,94.99997268811869,5.952807619026782,0.1606668625796673,0.4246633636925218,0.003144481883748468,0.008630288870085379,-103.69999694824219,39,0.38588235294117645,2,ok
CP029550.1,5893240,5893335,1,96,94.99998525952294,4.087324831305423,0.19966343688292612,0.3228092274991127,0.008348279345816417,0.023583371019218896,-40.5,10,0.59375,2,ok
LMGV01000006.1,56457,56872,1,416,58.750095058665366,7.585877441668404,0.1197517871459779,0.33506178546462034,0.05893210336443948,0.10062421054328849,-186.1999969482422,13,0.6057692307692307,2,ok
CP011412.1,3812787,3813174,1,388,60.82837309834621,11.286873254020247,0.1974831652391877,0.3894558790576877,0.0039837530713522085,0.05125121285788717,-133.60000610351562,13,0.520618556701031,2,ok
PDDX01000001.1,3660979,3660523,1,457,37.681497528523344,9.747366934128879,0.054871205898345266,0.3898580696981786,0.6989684536054855,0.7272350894999814,-116.0999984741211,13,0.3916849015317287,2,ok
FUWX01000005.1,18999,18683,1,317,73.53837152520505,4.166019002711046,0.6496716858648658,0.4956776011322293,0.5400157873495102,0.6550229062671203,-60.20000076293945,14,0.3312302839116719,2,ok
FOXU01000009.1,14594,14973,1,380,56.435435637546355,19.999999999999996,0.14187150428513168,0.3191021562970232,0.47576780412463604,0.522747356389966,-110.5999984741211,13,0.3368421052631579,2,ok
CP009455.1,2321216,2321332,1,117,73.73806272343109,7.758612755711155,0.39733653457431484,0.41128005589930106,0.4035687775168779,0.4387495835737079,-51.599998474121094,10,0.6666666666666666,2,ok
AZEC01000008.1,70276,70621,1,346,94.99999255078963,4.483287636360015,0.09504909146392196,0.32638012758611445,0.20819737977806377,0.21443189973995364,-107.5999984741211,7,0.4190751445086705,2,ok
CP043046.1,4444325,4443914,1,412,53.238606180283846,19.999999999999996,-0.00032057063066825986,0.32668219069179144,0.5003987656536536,0.5002021973653893,-157.60000610351562,8,0.5655339805825242,2,ok
PIQH01000001.1,400061,399640,1,422,65.75588236428534,9.244460491078641,0.5968487893711812,0.3992141642332496,0.17610686676956452,0.27107827618311936,-105.19999694824219,14,0.4004739336492891,2,ok
CP021659.1,2077346,2077484,1,139,68.02974748839522,6.585610986847128,0.624162882863137,0.4640655034522629,0.40142236864386954,0.5152950694776748,-27.600000381469727,11,0.4316546762589928,2,ok
JH109152.1,1753069,1753438,1,370,46.700829552332046,9.448747951582343,0.3727860059886758,0.37275238722155485,0.03294465561922437,0.3035642993299499,-110.4000015258789,14,0.40540540540540543,2,ok
CP000507.1,3527485,3527111,1,375,68.07690319280154,6.1665327118494515,0.6344038869597485,0.41077018441139973,0.05313359284282529,0.17335922720259703,-111.30000305175781,28,0.41333333333333333,2,ok
AEDD01000015.1,87396,87765,1,370,94.99997387978492,4.022276778623055,0.24646139216712107,0.39203272916198206,0.022932223230079228,0.04233363982429621,-112.19999694824219,14,0.4243243243243243,2,ok
CP000238.1,275889,275456,1,434,78.82805407737166,3.9194591704920683,0.6226994927149997,0.46562789081880207,0.3732903149295497,0.46600648102311815,-104.0999984741211,17,0.3456221198156682,2,ok
JARXWR010000057.1,563,172,1,392,80.39692932210974,4.011805002291976,0.6089665334928906,0.4649401506211726,0.2843920892436205,0.3675450798868095,-77.5,19,0.34438775510204084,2,ok
CU234118.1,2898709,2898835,1,127,56.4619325239108,5.889529319359677,0.0497666877350012,0.3452484789463371,0.4421129686527563,0.46126617279005117,-53.29999923706055,8,0.6299212598425197,2,ok
LITU01000082.1,60692,61019,1,328,86.8799546171368,3.6553269463493323,0.5944790939443166,0.4038055370266278,0.17508521497462193,0.24477293944942768,-79.69999694824219,10,0.38109756097560976,2,ok
WEKT01000065.1,16349,15876,1,474,94.92506873682213,2.943649868820519,0.5131218447713114,0.4113127427025175,0.11765895554926337,0.17330888130549194,-119.5,28,0.4050632911392405,2,ok
MTHD01000001.1,756646,757095,1,450,55.82397438969365,3.4285880165223843,0.49449814475000653,0.4071936758779501,0.4362196724620885,0.580114720193057,-136.8000030517578,17,0.4866666666666667,2,ok
PISE01000025.1,63343,62994,1,350,58.59717951280955,8.587842102164414,0.20939268563453117,0.4558594254255102,0.07550111307902288,0.14836847495293157,-69.80000305175781,16,0.35714285714285715,2,ok
UWPJ01000026.1,98225,97869,1,357,73.07237084688744,8.90881476950355,0.5402142433398419,0.3473192585584094,0.008568760680779598,0.04804754040145478,-131.89999389648438,10,0.5574229691876751,2,ok
CP009533.1,908779,908889,1,111,40.790007136075175,17.2064651857374,-0.0007599519759537432,0.34379498544846326,0.4252680799903555,0.42467035774305656,-53.29999923706055,8,0.6396396396396397,2,ok
PSRR01000053.1,20641,20760,1,120,72.10576982435413,9.031405292796155,0.08713702458615286,0.28944924609373246,0.24047569981356912,0.24721500169317062,-57.900001525878906,5,0.6583333333333333,2,ok
PCDP01000054.1,26179,26088,1,92,85.4236393160816,6.08153835544341,0.5225922924925077,0.3571119846198896,0.10788466960766474,0.1386107200208512,-33.0,6,0.5652173913043478,2,ok
VYXP01000001.1,324556,324923,1,368,39.28471754140221,17.162519438675005,-0.26327652818989544,0.3175824467376123,0.2063237995553014,0.012503697271044556,-141.8000030517578,8,0.5217391304347826,2,ok
BNCK01000009.1,99479,99820,1,342,44.84219711398046,19.999999936532138,-0.023295481216884073,0.3975259964372449,0.3039510187568737,0.28368479343966085,-82.5999984741211,13,0.3567251461988304,2,ok
MASJ01000014.1,38300,37928,1,373,88.07518258104126,5.771246850948091,0.5236987467869709,0.36616505555596207,0.011103525612578269,0.04054599698656594,-95.80000305175781,9,0.3699731903485255,2,ok
RCFQ01000008.1,23779,23399,1,381,57.99795457495331,19.999999999999805,0.0685907005805999,0.44411561109943815,0.12596288167658992,0.14214314578520604,-79.5999984741211,18,0.4330708661417323,2,ok
CP013476.1,1678276,1678673,1,398,44.8395013962874,19.999999999916866,-0.29672776766848047,0.3712139185851633,0.7671068432606045,0.4878112158931181,-101.19999694824219,19,0.3316582914572864,2,ok
AFHG01000045.1,14959,14657,1,303,58.57336370324383,5.866553447326757,0.2945872126453307,0.3891316245852269,0.36003279617405237,0.4618118787825079,-106.5999984741211,23,0.5346534653465347,2,ok
JABXSS010000001.1,1304215,1304601,1,387,42.58644146575744,17.587037174789973,-0.09929430487144653,0.40766599536624587,0.5210238040452045,0.4303847232357413,-91.5,15,0.39018087855297157,2,ok
AL117189.1,35989,36121,1,133,64.36339568547294,11.699155917809572,0.5801625319296653,0.43691790582904455,0.014559066792430991,0.0947256214650598,-19.899999618530273,11,0.3007518796992481,2,ok
NPDD01000088.1,19418,19777,1,360,60.495477193694285,11.568327180425031,0.23055513249538184,0.4058464401300074,0.6863949605556078,0.7445789410025299,-96.19999694824219,15,0.36944444444444446,2,ok
CP003171.1,984491,984087,1,405,91.8423306599137,6.269551353024147,0.4785512805500286,0.40687559909410265,0.0027396303072546035,0.019771842919679206,-124.0,36,0.44938271604938274,2,ok
CP002159.1,465670,466067,1,398,53.223977239979114,19.999999999999996,-0.003370750413579704,0.3802688347292788,0.7084336991582758,0.7081912330136829,-120.0999984741211,13,0.40703517587939697,2,ok
JWJG01000028.1,2234167,2233710,1,458,43.58160487317245,19.99998873923152,-0.007376603421988648,0.44194369935961947,0.7521974890709187,0.7459625867186048,-113.30000305175781,15,0.4366812227074236,2,ok
AMRG01000008.1,50931,50476,1,456,68.40821530262579,5.389471196084986,0.2352615411783504,0.3855589623283992,0.3436638522160367,0.390874434797487,-132.39999389648438,18,0.4144736842105263,2,ok
CP009533.1,1664244,1663894,1,351,41.10571529663709,5.563956414333379,0.35804279920569226,0.3703640375577648,0.37670568326311543,0.5476232158885722,-114.30000305175781,12,0.4928774928774929,2,ok
BMDT01000001.1,136709,137098,1,390,52.094993054224894,19.999999999999996,-0.0026608304824796147,0.38271677788852526,0.3393037255150957,0.3372703330326369,-90.69999694824219,16,0.358974358974359,2,ok
QXIR01000001.1,3418,3807,1,390,57.38825773327384,19.99999999802518,0.29403492117105634,0.37607929026458115,0.3664882035374016,0.44764166200507965,-101.5,12,0.3923076923076923,2,ok
QLUW01000002.1,1112746,1112334,1,413,39.851827204852164,19.999999999986105,-0.010326124183820284,0.47466250836846896,0.6545777314987271,0.6507175003326958,-83.5,16,0.38256658595641646,2,ok
CP025682.1,2445979,2446342,1,364,58.38915034626127,12.28842101743126,0.043030429214555466,0.36265612640155065,0.36078617773753424,0.3744042399613785,-142.6999969482422,12,0.5851648351648352,2,ok
SCWB01000012.1,39611,39978,1,368,94.9999866694874,3.8585701409726956,0.019525834310823525,0.4049225854005826,0.0009585883125842853,0.0025793683555831227,-95.19999694824219,22,0.375,2,ok
VIKR01000007.1,53181,53619,1,439,94.99958629910535,7.9890144499325215,0.15206665011975737,0.41237814674848605,0.0002633018703990797,0.002114789823428914,-109.4000015258789,15,0.3895216400911162,2,ok
LR595862.1,44669,45085,1,417,65.7735806383894,4.881160424664688,0.7095154116662896,0.38828442644447325,0.1526173865979134,0.3222523330173175,-101.80000305175781,10,0.3764988009592326,2,ok
JNVC02000001.1,660093,660464,1,372,86.01749514240086,4.623818303106004,0.5633637679563731,0.3655824716732077,0.02273878068266948,0.0750673018400302,-102.9000015258789,25,0.3655913978494624,2,ok
AL590842.1,1360742,1360592,1,151,39.745395474919505,19.999999999991005,0.013203112424482244,0.4148867778745082,0.9725990948896692,0.9819987001300058,-33.900001525878906,15,0.3841059602649007,2,ok
CP041666.1,302383,301901,1,483,43.257744584686606,8.035985391608634,0.07716991361982159,0.46437368398925666,0.16311865301804745,0.21330763935864566,-84.30000305175781,12,0.35403726708074534,2,ok
AAMY01000002.1,59728,59826,1,99,42.87956157373072,19.999996035398535,-0.0006407059048569863,0.27475709460511005,0.5165245955395806,0.5166029949135575,-52.400001525878906,5,0.6464646464646465,2,ok
AWGA01000011.1,91954,92371,1,418,71.66299798686165,4.8097945871136885,0.6401996220820282,0.35420305075374786,0.25358112295643387,0.3682464981837715,-107.0,7,0.3588516746411483,2,ok
AYKS02000108.1,54356,54185,1,172,46.41428670105221,5.798248639563463,0.3733012249884859,0.4590087448404699,0.47130526197989153,0.6641508219859265,-31.700000762939453,15,0.4418604651162791,2,ok
PYJQ01000002.1,21507,21599,1,93,44.70077192666566,5.320693710191594,0.3169521991237895,0.33402436614278125,0.21041365340091966,0.3634077904749737,-37.900001525878906,6,0.5591397849462365,2,ok
JAGHKQ010000001.1,94896,95250,1,355,52.78142762706584,8.89470846437532,0.22347577219826686,0.37765930844198803,0.5184550458998521,0.6413422892083099,-82.9000015258789,8,0.35774647887323946,2,ok
WEKT01000015.1,50882,51300,1,419,50.04994538321741,19.999999998116184,-0.011046812144745288,0.4083397121624396,0.4522853310622536,0.4409597757253172,-100.69999694824219,10,0.4033412887828162,2,ok
CP012602.1,3068159,3067776,1,384,86.7513641040956,5.783225331394036,0.47833962485081466,0.45772770221407644,0.016730118156156742,0.045314948644029324,-82.4000015258789,15,0.3932291666666667,2,ok
CP008849.1,1361531,1361985,1,455,91.77072336065474,3.0757383717987508,0.1504445500270645,0.3865925348639402,0.22841981021312924,0.2456432820529943,-115.30000305175781,12,0.35604395604395606,2,ok
CP016303.1,24355,23914,1,442,28.87986174236133,0.816971616376641,0.9089882567396308,0.4391328701636081,0.24971363519761597,0.32167281833836475,-97.30000305175781,19,0.3914027149321267,2,ok
