rfamseq_acc,seq_start,seq_end,label,seq_length,viennarna_Tm,viennarna_hill_coeff,viennarna_amplitude,viennarna_mean_unpaired_prob,viennarna_sd_pair_prob_10C,viennarna_sd_pair_prob_80C,viennarna_MFE,viennarna_max_loop_length,viennarna_gc_content,viennarna_dangles_model,viennarna_fit_status
JACRTE010000004.1,226305,226434,0,130,72.94969850882423,9.299350277119418,0.5366457798409595,0.2945577557057597,0.004492623140737423,0.0406998876235575,-40.599998474121094,7,0.35384615384615387,2,ok
CP019605.1,2532991,2533086,0,96,32.237483465118814,19.999999999999996,0.5318778885188569,0.49551774605574445,0.7798074095959308,0.8048820510304193,-27.299999237060547,12,0.6041666666666666,2,ok
FSRE01000001.1,445320,445418,0,99,85.46433207558597,7.5820915940394915,0.5105807349071864,0.3778857484458867,0.0018323987663767805,0.018451953899950135,-39.400001525878906,6,0.6464646464646465,2,ok
CP000478.1,3423285,3423188,0,98,41.63679271994784,19.99999777514221,0.0002732539470643447,0.5532192960486529,0.5904027266809176,0.5905780993291014,-28.700000762939453,12,0.5714285714285714,2,ok
MIJB01000009.1,259635,259728,0,94,49.59027557840858,5.048453952487685,0.4309271527794175,0.5286312936574334,0.6042557325478788,0.7947563700438021,-26.399999618530273,8,0.6702127659574468,2,ok
JACHHG010000002.1,125572,125669,0,98,68.15870793802836,6.16937814672501,0.6333786312439051,0.41258420463539974,0.30050734211206986,0.41989974511710915,-40.70000076293945,8,0.6530612244897959,2,ok
PVZS01000010.1,98071,97973,0,99,94.99998508124682,3.903490106175461,0.22214209912736993,0.39394323773799184,0.11130827835627558,0.12945229495551205,-44.599998474121094,9,0.6666666666666666,2,ok
HF996063.1,14081,13991,0,91,12.827722161081484,1.5478594592365937,0.060404628478457845,0.45222221405801427,0.40329507940217957,0.40758547632007297,-24.0,8,0.5604395604395604,2,ok
CP025513.1,1104934,1105037,0,104,63.95277633201585,5.775389566129481,0.7101448781276962,0.35071598950998245,0.035503860932931425,0.21712907153398195,-41.70000076293945,6,0.625,2,ok
JACMQW010000080.1,73935,74028,0,94,53.40890332186397,19.999999999999996,-0.0034753392556287066,0.39340600165953366,0.9602608861157759,0.9600406451066273,-29.799999237060547,11,0.574468085106383,2,ok
AP012338.1,3520195,3520101,0,95,47.74202190727025,6.4415871432401115,0.10940068240646705,0.4115018528404845,0.6355033261764305,0.6957460636513998,-33.70000076293945,11,0.6842105263157895,2,ok
FNGS01000003.1,286282,286186,0,97,90.47614763925047,2.9720880638836444,0.6141409579564215,0.49324972565447994,0.41243615168236075,0.48645071002142926,-25.399999618530273,10,0.5670103092783505,2,ok
FQXB01000003.1,227429,227331,0,99,78.07286770152506,3.146651002851621,0.6597109373053323,0.48380890248000874,0.5114164683423441,0.6184121366928,-29.5,6,0.6060606060606061,2,ok
BEIN01000001.1,1521,1431,0,91,52.49690208538233,7.547122758256948,0.08782899383973053,0.43818564745177174,0.5419489491568404,0.5876824062822761,-24.299999237060547,6,0.5604395604395604,2,ok
VRSW01000004.1,84882,84974,0,93,67.39080857637303,6.432639205852454,0.6280623575398027,0.43594090934531277,0.258777392551957,0.3796723336519682,-27.299999237060547,7,0.6021505376344086,2,ok
PYAV01000002.1,6088,5987,0,102,48.11197756519121,10.037165044138433,0.059896390313082665,0.5102965282146114,0.1989396901502322,0.24244001207008092,-26.5,18,0.5392156862745098,2,ok
JH651384.1,3388341,3388248,0,94,60.36874395615946,8.368344231889639,0.10400326844157426,0.45547597175528864,0.3788785566432777,0.4098388580930254,-28.399999618530273,9,0.5851063829787234,2,ok
FORY01000009.1,84450,84353,0,98,42.84445053381861,8.719634965445382,0.17387423352407094,0.5023003600167334,0.7356658529054994,0.8536896659527626,-25.299999237060547,6,0.5918367346938775,2,ok
PDEP01000001.1,237674,237579,0,96,62.93501309731031,7.084947555347754,0.6532187212744248,0.4918755725264807,0.40319820433429127,0.569953231472406,-26.899999618530273,8,0.5833333333333334,2,ok
AVOG02000001.1,524638,524541,0,98,30.04066855569411,1.9594597840059753,0.8326145311363992,0.4466144612007331,0.20845437181890153,0.346532317772055,-27.600000381469727,6,0.5918367346938775,2,ok
JACHXA010000008.1,32734,32848,0,115,94.99999026547177,3.7077165703575186,0.39630310797890295,0.44809480726466566,0.4078069082357823,0.44230927559559874,-44.20000076293945,10,0.6,2,ok
CP000141.1,2138132,2138225,0,94,79.6048462434793,2.7760781680711584,0.10661647236770105,0.40783857062139073,0.41326851811307447,0.43008205887911544,-33.70000076293945,8,0.574468085106383,2,ok
CYSD01000020.1,75183,75274,0,92,43.57325015890672,14.159878188978139,-0.041104677452014515,0.43124328280340174,0.47576794514693727,0.43786390471805464,-32.20000076293945,8,0.5978260869565217,2,ok
JACHIW010000001.1,783117,783020,0,98,40.15379049878901,19.999999999999996,-0.08175920330349423,0.4433461854804936,0.4636097031768924,0.40102074441220215,-32.5,9,0.6122448979591837,2,ok
JXII01000010.1,56078,55982,0,97,49.44888706353761,2.8714472864609712,0.25952044467260893,0.4936521707544556,0.2976378404159093,0.3684248391066304,-26.0,11,0.5773195876288659,2,ok
SMAR01000016.1,11989,12084,0,96,55.05576436462219,3.775923033431066,0.12256856545487876,0.4472130884152446,0.3251346927368097,0.3639820296668935,-29.0,13,0.59375,2,ok
LT907844.1,197802,197708,0,95,22.724846820802764,3.892911065051359,0.34535391597495313,0.44410570586504083,0.9057436443636023,0.9400212155238057,-32.5,12,0.6105263157894737,2,ok
FR884410.1,956,1042,0,87,47.07772397804967,14.9081761034855,-0.005383705095792779,0.4475560803357338,0.995917893578661,0.9904844363403494,-35.79999923706055,11,0.6206896551724138,2,ok
KI635562.1,778636,778542,0,95,46.37941849981284,3.571672776047822,0.36963247785945125,0.5128658522015931,0.5612165862069745,0.686658639755197,-23.700000762939453,8,0.5684210526315789,2,ok
CADIKF010000001.1,90217,90124,0,94,46.85712443567779,8.013462961771886,0.35855047103262916,0.4851353885601112,0.5514434400973267,0.7851237615937182,-30.799999237060547,7,0.6595744680851063,2,ok
QQSV01000004.1,71495,71386,0,110,94.99987960254064,4.279732398481297,0.39296859834966713,0.4078663615397965,0.039056190847476704,0.06693597781345348,-40.29999923706055,7,0.6,2,ok
FOSC01000009.1,132418,132511,0,94,48.71767541075772,18.117709442087754,-0.012068861824498622,0.5049652722118406,0.9923554777294212,0.9797924531619568,-29.700000762939453,11,0.6170212765957447,2,ok
CP032762.1,1011483,1011578,0,96,65.9504173065913,5.013233677811001,0.7013462882741823,0.4359674105502702,0.038003324280076856,0.2026381111485274,-29.5,7,0.6145833333333334,2,ok
QUQO01000001.1,1412518,1412423,0,96,91.41929511960609,4.733286076634261,0.36268646048133324,0.3735972479813275,0.041705904161546695,0.06678828431243286,-41.099998474121094,7,0.6875,2,ok
JACICF010000002.1,146040,146148,0,109,41.18879422243553,3.160106331369985,0.19072902427827343,0.43923470107137713,0.5517641197381101,0.6085185487445279,-40.29999923706055,10,0.6605504587155964,2,ok
CP015614.1,1903103,1903229,0,127,94.99983747171515,3.3999837794459964,0.3846688662086417,0.3087150293446922,0.13621065763665233,0.17337348667640384,-60.599998474121094,6,0.6299212598425197,2,ok
SSXI01000226.1,26060,26151,0,92,43.73263032445176,13.699803588043617,-0.06923278589439086,0.444429712476516,0.5579337630961028,0.4941887098713688,-31.899999618530273,8,0.6847826086956522,2,ok
KQ948015.1,281751,281628,0,124,67.94364742122866,5.561312873202516,0.6546034376885075,0.41642158509941285,0.34103143065736985,0.4745780270581436,-44.400001525878906,12,0.6774193548387096,2,ok
FNCY01000002.1,181239,181332,0,94,37.06081759225558,5.249056867293885,0.12960351641544365,0.49490080844585804,0.8781108519060519,0.9286661629381919,-28.299999237060547,7,0.6382978723404256,2,ok
FOPJ01000006.1,43249,43157,0,93,94.99989345316399,3.850840267437209,0.2724769130659399,0.4233624847780232,0.13497439287873841,0.1576947617628668,-29.0,8,0.5806451612903226,2,ok
RHHQ01000007.1,423626,423714,0,89,81.30343114179843,4.764281803987624,0.57810854496337,0.39939617057991356,0.39153584152947596,0.4567310341477847,-22.600000381469727,6,0.550561797752809,2,ok
STGJ01000003.1,124002,124094,0,93,68.26981050941473,9.425904911557096,0.5655014952371025,0.4950392689779616,0.20686188193437838,0.2710549962718517,-31.0,10,0.6129032258064516,2,ok
CP007029.1,2465645,2465549,0,97,68.6027491347144,10.20199830244352,0.03300056815068808,0.43533031246585535,0.33190706257158337,0.33497824674355403,-39.0,10,0.6288659793814433,2,ok
BMAY01000014.1,20027,19938,0,90,40.21146055314534,10.428290405308578,0.004623882165143978,0.5004214113321134,0.9836588831559169,0.9867052393737884,-22.200000762939453,23,0.4888888888888889,2,ok
CP039852.1,2749739,2749635,0,105,49.458043105241956,11.58304742445016,0.05556296021110163,0.4842624023840908,0.37963457891849134,0.42094678021008586,-26.0,8,0.5142857142857142,2,ok
QRAS01000001.1,554951,555044,0,94,90.19264157627833,1.5789777858022778,0.7302280277185158,0.4226564078339345,0.4335262939821356,0.5207432506080447,-30.299999237060547,9,0.5106382978723404,2,ok
BJUK01000003.1,149102,148983,0,120,40.99013920502713,6.058858928207496,0.0852246535825858,0.4246219812394407,0.8810209318172862,0.9240904581603158,-48.400001525878906,24,0.6583333333333333,2,ok
CP025682.1,596841,596740,0,102,50.958527508895514,6.9130258496715,0.005014054497958109,0.5040027368657398,0.8964085337977419,0.8990860952249118,-35.599998474121094,10,0.5882352941176471,2,ok
CP053069.1,61251,61154,0,98,48.21695042411575,5.997882069010298,0.4294904484019858,0.36146359620560653,0.5992372187263306,0.8217219506179756,-37.0,6,0.6632653061224489,2,ok
WOYE01000009.1,414402,414487,0,86,83.8968022718715,6.832120216274546,0.5193033354719214,0.45123168369523475,0.008727018436873707,0.03453020659475142,-20.399999618530273,12,0.5581395348837209,2,ok
SJZI01000050.1,150447,150346,0,102,76.5462597687431,5.886884051848737,0.5729525652946952,0.43017046206049886,0.40850240197326776,0.4753069357995267,-33.29999923706055,8,0.5882352941176471,2,ok
JAABLQ010000001.1,2593560,2593655,0,96,58.666364913116624,6.553699710375305,0.7293552888754424,0.4115539622334678,0.042805781267912985,0.2975827437439717,-34.900001525878906,9,0.6354166666666666,2,ok
FUYB01000019.1,10336,10250,0,87,92.99580403286248,2.48273804561056,0.10649695736149362,0.5124398949042913,0.4952520648284661,0.5082898433507481,-26.600000381469727,8,0.5632183908045977,2,ok
AP024619.1,966359,966463,0,105,21.680422515735735,3.0081409976977773,0.47668979977756837,0.4094345504386289,0.6926212182088102,0.7448370473435961,-39.400001525878906,9,0.6095238095238096,2,ok
MKQR01000028.1,99923,100016,0,94,80.37561605284795,6.4644550791415964,0.4823094353848532,0.3552834916817586,0.30416643348578754,0.3392401874354811,-46.5,6,0.7659574468085106,2,ok
FLQY01000039.1,1294,1196,0,99,34.9505615516269,6.121118901446996,0.03275378920875782,0.5130302183107202,0.9742089447951867,0.9858241731252146,-24.600000381469727,16,0.6363636363636364,2,ok
JXYE01000001.1,11056,10966,0,91,19.546958165251908,3.0454087274596007,0.5721135685919568,0.4714349936015823,0.5878232084868319,0.637409132262975,-25.5,10,0.6483516483516484,2,ok
LCZK01000010.1,229114,229025,0,90,85.16859534720264,1.8726893117703176,0.2453645101160583,0.37115814318089874,0.30743341414444386,0.34009016800127806,-33.0,4,0.6222222222222222,2,ok
QCYG01000002.1,293286,293390,0,105,76.90788824711991,3.7499442613705214,0.10186269860673344,0.3893705036653899,0.11004017152981564,0.12644369022515017,-39.20000076293945,7,0.638095238095238,2,ok
QQBB01000001.1,49358,49464,0,107,63.99995870513239,5.351083919713661,0.6852939585245963,0.40460653114095363,0.45081630363737346,0.626998958426743,-40.400001525878906,6,0.6542056074766355,2,ok
BMZB01000003.1,168624,168716,0,93,84.33261491908944,5.673501137416747,0.5445171287220776,0.4035861558387179,0.12925886109496423,0.16901640495717357,-33.599998474121094,8,0.6021505376344086,2,ok
FNJI01000032.1,49091,49001,0,91,41.91425908272895,12.33733539455919,-0.05851615407072186,0.5337388520004032,0.6772139001185872,0.6286974334192041,-21.899999618530273,11,0.5274725274725275,2,ok
DUZT01000123.1,934,1031,0,98,42.414879002917296,6.35114320176769,0.4085453145390633,0.43627746324871713,0.1573832716697372,0.37944835298730123,-28.299999237060547,6,0.6224489795918368,2,ok
CP048711.1,1869659,1869559,0,101,94.99997951179067,4.275673643257565,0.4324794441111378,0.4114726491409203,0.1387136279962522,0.1695679491503102,-31.100000381469727,9,0.5841584158415841,2,ok
CP074694.1,1701312,1701218,0,95,94.99999999997931,4.8051336854873545,0.4382644727492706,0.46818241287224854,0.3374704144820397,0.36262350938961735,-29.600000381469727,12,0.5473684210526316,2,ok
CP014140.1,1220954,1221054,0,101,5.202638609502614,1.9753471025245324,0.4507860153650217,0.4566810505026268,0.685208041156628,0.6901787159371252,-34.29999923706055,8,0.6039603960396039,2,ok
FMUX01000005.1,192531,192440,0,92,57.862280811066995,14.250425742169996,0.02876268063045173,0.5411482085451157,0.29836067166607017,0.307618001803752,-24.0,9,0.5760869565217391,2,ok
JACJFM010000017.1,41381,41275,0,107,56.804808926008626,8.720360781052458,0.08494536485732393,0.5032412316884317,0.19680458247563204,0.23133249423610802,-29.700000762939453,8,0.5514018691588785,2,ok
BBSY01000004.1,4416,4320,0,97,39.78421941689353,19.999999999936882,0.02169929428531625,0.3950182972555062,0.5053917061996333,0.5212207534443635,-36.599998474121094,6,0.6597938144329897,2,ok
UFUW01000001.1,93332,93241,0,92,45.07541983259436,14.705095268880504,-0.02068329005579378,0.4741484220027278,0.4576102523069329,0.4375822759600204,-22.200000762939453,10,0.5652173913043478,2,ok
QEYE01000005.1,173933,173813,0,121,83.65525273195037,3.521528929426002,0.6142636627155127,0.44684848805074345,0.4477413820009935,0.5292125868657118,-40.5,9,0.6446280991735537,2,ok
VIVQ01000001.1,22272,22344,0,73,88.69859533207143,4.0153207599375795,0.5734989940431482,0.4882641854775558,0.5219918292374449,0.5789252651157828,-27.5,6,0.6438356164383562,2,ok
LSTF01000058.1,65896,65799,0,98,80.54694120863304,2.7573017780240705,0.24174476680557178,0.4145776019959879,0.547017790034511,0.5843342623798298,-32.900001525878906,6,0.5918367346938775,2,ok
LQPZ01000008.1,12987,12892,0,96,51.34447307554881,5.735219506854013,0.3494622545402858,0.43068801742173696,0.30933519507698587,0.47182422553187087,-28.700000762939453,6,0.6354166666666666,2,ok
FNAQ01000002.1,51006,50902,0,105,39.63255581281371,19.999999999999996,-0.039842172243657395,0.44256194147182487,0.154296759738255,0.12811517765452765,-29.799999237060547,7,0.5714285714285714,2,ok
CP003735.1,1931741,1931649,0,93,38.29501528002324,7.98641122813289,0.20771917174736598,0.479376415824744,0.6655465732239807,0.7724058054733779,-25.0,9,0.5591397849462365,2,ok
WOYE01000009.1,801544,801443,0,102,56.20117111592153,7.041971091787618,0.428877561392913,0.4969104875615548,0.3661819589786781,0.5428703986837701,-22.799999237060547,12,0.5392156862745098,2,ok
AWGC01000006.1,230858,230949,0,92,94.99990277392008,5.460918707439665,0.2189902368838239,0.4370368458711001,0.303296069648241,0.312671167349312,-32.599998474121094,4,0.6739130434782609,2,ok
AP012304.1,4224860,4224963,0,104,87.15828984747316,5.6590799067051405,0.5370943738547366,0.3882003088122481,0.6277260478785472,0.6608491150608962,-40.0,7,0.6057692307692307,2,ok
MWQO01000006.1,110810,110901,0,92,94.99996345544702,3.147216014437585,0.1567206131235089,0.38454108327394865,0.23727150039202166,0.253531735217771,-41.099998474121094,13,0.7391304347826086,2,ok
SMMF01000941.1,47286,47391,0,106,75.68290934121555,4.326185930575499,0.5610044904232092,0.4211922568853074,0.21599609982121543,0.30439873482291935,-37.79999923706055,13,0.6037735849056604,2,ok
DS990604.1,61563,61655,0,93,44.90357919329631,14.31457583941061,-0.028577460683744893,0.427112543221731,0.5790755165958477,0.5516732200699483,-26.5,8,0.5591397849462365,2,ok
CP015698.1,1219868,1219775,0,94,5.05439119901062,1.1163818279652562,0.5302511015454455,0.45421064575375014,0.12346295845732343,0.14090644082159237,-29.299999237060547,8,0.5638297872340425,2,ok
LXYT01000001.1,1253896,1253806,0,91,40.11595207970648,10.05062344150564,0.2932690554581697,0.3749824643956651,0.6611169914967772,0.8527923515807967,-29.299999237060547,7,0.5714285714285714,2,ok
KK073875.1,1946183,1946093,0,91,44.93653181463208,14.541485684840898,-0.01378159297210202,0.43269212808763113,0.845109023035944,0.8319280129981577,-27.700000762939453,9,0.5714285714285714,2,ok
SEEB01000015.1,11576,11671,0,96,52.158274786946315,6.86463856113172,0.44965192863083603,0.4535438570539723,0.42299624640918426,0.6494144710972686,-29.600000381469727,11,0.59375,2,ok
AFBX01000854.1,4437,4327,0,111,55.006253655848774,19.99999950394087,0.01643728513780318,0.4728890639455851,0.29867098188919966,0.3055155030730757,-37.900001525878906,6,0.6756756756756757,2,ok
NQJD01000004.1,99698,99803,0,106,56.420735633760536,5.069087788850044,0.2675527508383364,0.4111513659850762,0.7144005242224016,0.8113303861754343,-36.099998474121094,6,0.6037735849056604,2,ok
VWXX01000003.1,63263,63356,0,94,92.45313005396648,3.0032531239412,0.24043319748777525,0.45609276574267144,0.41926968015332244,0.4466353661747872,-29.299999237060547,16,0.574468085106383,2,ok
LMNA01000028.1,94918,94827,0,92,94.99997491404865,3.433814103651155,0.30394562253665797,0.42509319226332215,0.12094187629694128,0.1499467613566379,-32.20000076293945,7,0.6521739130434783,2,ok
KK073875.1,5151704,5151796,0,93,41.92276412078932,19.999980704936267,0.010234013746002246,0.4003301481826559,0.3737732111103735,0.38204286874334564,-38.900001525878906,6,0.6666666666666666,2,ok
SRIC01000105.1,10307,10218,0,90,94.99999882748948,5.01144840395942,0.03387353071779533,0.2755970737258909,0.0008010680321305086,0.0025788143949009024,-54.20000076293945,6,0.6666666666666666,2,ok
HF990616.1,19663,19746,0,84,86.12449469343483,4.614874198203066,0.5373324690314785,0.4240609262729048,0.42468946362758697,0.4749925015148845,-29.399999618530273,7,0.5595238095238095,2,ok
CP000267.1,2718770,2718676,0,95,38.962134688921786,8.27164870022755,0.10931787289961126,0.5756917394951546,0.8419975870200054,0.9018930704728196,-17.0,14,0.5157894736842106,2,ok
FR888963.1,25905,25807,0,99,94.99983437297213,3.7250418676534975,0.49042623946342434,0.4473304361190222,0.10516906897701314,0.148212114114628,-29.700000762939453,11,0.5454545454545454,2,ok
CP003096.1,420746,420639,0,108,74.14582701051347,4.241842358657872,0.5472078506705511,0.49323912038602946,0.2891888248416124,0.3821968729566423,-28.799999237060547,7,0.5462962962962963,2,ok
FOUG01000002.1,183489,183384,0,106,72.69523534425453,6.400920810524393,0.5826418839208274,0.45815558267079914,0.5084548566497076,0.5847577088434974,-33.20000076293945,7,0.6037735849056604,2,ok
JACYLW010000007.1,49052,49148,0,97,32.85656757054473,6.397449987233296,0.6696548589970888,0.5232159671103407,0.7649374308117178,0.954452568598872,-27.100000381469727,13,0.5773195876288659,2,ok
SELO01000024.1,16798,16705,0,94,94.99995962866161,3.8832307437745284,0.2925852959342204,0.35148540247683535,0.2109632551499451,0.23498955025038493,-40.79999923706055,7,0.6382978723404256,2,ok
NKIN01000004.1,139641,139755,0,115,49.19824889899097,19.999999999999996,-0.09561638340373257,0.33395537415788235,0.9044969634844058,0.8052548243110527,-49.79999923706055,7,0.6608695652173913,2,ok
BMIF01000002.1,75548,75661,0,114,41.87331142480413,5.320471778953268,0.43527292674231755,0.40565847465194405,0.6593483531753195,0.86341542139385,-34.5,7,0.6140350877192983,2,ok
JAGXSW010000045.1,2759,2872,0,114,37.93570282285637,5.5199388735404655,0.04829309680400862,0.43000480638338073,0.9102600954256728,0.9305257304931287,-38.599998474121094,12,0.5701754385964912,2,ok
CP010904.1,2064127,2064010,0,118,72.13978161221995,19.999999999999996,0.4969753387917808,0.4654400047455007,0.19959024154524374,0.20084433508707308,-39.099998474121094,8,0.6186440677966102,2,ok
PDJI01000004.1,43254,43370,0,117,13.243224346045597,0.37893044623269523,0.7983125777142412,0.4104157502357675,0.3048531190815199,0.3338959370563046,-48.5,8,0.6752136752136753,2,ok
PGTB01000162.1,6991,7101,0,111,38.12285578834314,7.038290716119943,0.05951223542530637,0.47009145094783866,0.7951140048491305,0.8237215380801237,-32.0,13,0.6126126126126126,2,ok
LMDI01000024.1,5772,5656,0,117,75.89671825587726,5.345778595783778,0.589717880141622,0.3987388681281844,0.04123946892403831,0.11884349692189203,-40.29999923706055,7,0.6153846153846154,2,ok
GL501401.1,584654,584541,0,114,40.5015955893917,19.999999807342338,0.03915482666806763,0.4000192727635403,0.48029808443933997,0.5130705130942527,-41.20000076293945,7,0.6403508771929824,2,ok
CP022540.1,1712354,1712466,0,113,83.8750610369703,6.230055792074483,0.49680259788775283,0.40058583386534174,0.37867254938412154,0.4091969544096542,-44.29999923706055,6,0.6371681415929203,2,ok
CP025394.1,2240408,2240522,0,115,42.22410968109507,13.94061623698918,-0.026741370627286987,0.40760818177032115,0.6564514684527102,0.6344362112944169,-47.79999923706055,11,0.6782608695652174,2,ok
RKQZ01000001.1,214221,214338,0,118,94.99991022903113,4.9224856969127835,0.14931945321313456,0.4810245734859803,0.25425650407664113,0.2624000075409677,-39.400001525878906,12,0.6271186440677966,2,ok
WUBS01000001.1,178340,178456,0,117,54.88729865376742,8.933505230109636,0.13002378333103926,0.43893877664752956,0.2604830921651158,0.3223193786441084,-38.599998474121094,10,0.6239316239316239,2,ok
VYXP01000003.1,340173,340286,0,114,37.516269147930664,8.395456882299904,0.04038460361934493,0.44806907622441683,0.9609492645979281,0.9806626082965261,-39.599998474121094,14,0.6578947368421053,2,ok
QLIW01000004.1,244047,244159,0,113,74.0318943435847,5.619609769984373,0.5947285385802231,0.40707546741179085,0.35806000358646,0.4415470802949879,-40.400001525878906,5,0.6106194690265486,2,ok
SDAL01000001.1,1982330,1982442,0,113,94.96662284344194,2.1565985743203737,0.4296883823023217,0.4199425622244342,0.5271333051248124,0.5797777807823719,-42.900001525878906,7,0.6548672566371682,2,ok
CM001022.1,2195460,2195570,0,111,51.30130276572332,19.999999999999908,-0.0036766295025563167,0.34362802792635144,0.682953625643531,0.6792294162520841,-50.0,5,0.6396396396396397,2,ok
WXYQ01000011.1,68858,68748,0,111,41.516821419431466,5.519111696975123,0.19642090974508875,0.5501572961700391,0.8250121396211559,0.9190558790460928,-27.700000762939453,16,0.6396396396396397,2,ok
FSBZ01000006.1,18052,17937,0,116,62.226337664391956,8.11613919291261,0.6841338659243279,0.47010411299398813,0.41574567997190615,0.5907575802755063,-42.70000076293945,8,0.646551724137931,2,ok
AP008955.1,944363,944479,0,117,48.71611894238065,18.396026894905713,-0.06669749290510574,0.45362653669111175,0.7125514954146996,0.6431179108435505,-36.0,6,0.5982905982905983,2,ok
VDCQ01000005.1,28073,27963,0,111,56.29598616324967,10.253641059696843,0.19839994501440655,0.45317094054106616,0.39714106024545026,0.4818384849369231,-32.900001525878906,7,0.5675675675675675,2,ok
CP000774.1,2328672,2328784,0,113,64.98009294553893,11.74238072197393,0.4356181417446899,0.4088308643936971,0.44517972799833483,0.49849435075859805,-46.20000076293945,8,0.672566371681416,2,ok
JAKGSG010000022.1,1915,1799,0,117,41.937221272846806,10.794846995085408,-0.23878569125571436,0.347763837401389,0.6142694689058994,0.4225507972776316,-40.20000076293945,7,0.6410256410256411,2,ok
BSFM01000014.1,523521,523639,0,119,94.99990565197186,3.63268480461176,0.11284227841434347,0.37267263074870427,0.3941241921072477,0.4043338596135806,-52.0,6,0.680672268907563,2,ok
VZDO01000001.1,342566,342682,0,117,38.218495148640365,11.726549676931414,0.3522390396594146,0.41281480623182615,0.6453244847953582,0.8493008571421692,-44.79999923706055,9,0.6666666666666666,2,ok
CP072943.1,1694893,1694734,0,160,48.408513168474336,18.050835381001807,-0.0067245793288692735,0.43240359250106036,0.44258177244203634,0.43557968292304294,-53.900001525878906,13,0.6125,2,ok
VNIL01000002.1,197096,196969,0,128,55.61025902419997,15.101825344162538,0.039465546634558146,0.4150692924452763,0.16211279072672097,0.17984843930360792,-46.20000076293945,6,0.578125,2,ok
CP000509.1,462310,462422,0,113,54.27952311189594,19.999999999999332,0.04085609898068565,0.5085581720267746,0.5339645497606472,0.5548102601311381,-32.400001525878906,11,0.6106194690265486,2,ok
WBOU01000016.1,25978,26089,0,112,40.88273798426326,8.842315122155977,0.053324786864081375,0.44224387651173425,0.562870731217523,0.5967851865596884,-42.099998474121094,6,0.6339285714285714,2,ok
JACIDS010000002.1,502393,502506,0,114,27.122028306754306,1.0862236807210743,0.8576859331190696,0.4045397687153626,0.5654656690521989,0.652064184918102,-39.79999923706055,6,0.6403508771929824,2,ok
BBSY01000002.1,825986,825877,0,110,48.199119962053324,19.999999999999996,-0.1146944439448235,0.38693135689507835,0.30220100662331906,0.1848328702193422,-42.70000076293945,9,0.6818181818181818,2,ok
SNZP01000016.1,56627,56743,0,117,94.99999066812279,3.867479351566571,0.07509427849486061,0.36700682388833555,0.6030052807900217,0.6092172307249191,-47.0,8,0.5470085470085471,2,ok
AAWL01000003.1,175458,175557,0,100,55.49163050800619,18.294897188726786,0.001906531241246734,0.4122084908254538,0.8975654378834299,0.8984181722598781,-31.899999618530273,10,0.55,2,ok
FUWG01000002.1,192275,192402,0,128,69.04556152047735,19.999999999999996,0.5006103324104132,0.387255669946977,0.07232589210909568,0.0767140620314635,-45.900001525878906,8,0.53125,2,ok
CP042582.1,2253957,2254072,0,116,40.67418377296852,9.418767258388584,0.015534693099756636,0.4039620587682697,0.4340491443203379,0.44419589018886396,-42.70000076293945,7,0.6810344827586207,2,ok
BMHQ01000012.1,16373,16487,0,115,44.919432306827424,5.194338320498944,0.19686627386633382,0.3591374573143275,0.7916761284674598,0.8848643846691864,-39.29999923706055,7,0.5739130434782609,2,ok
BJVQ01000003.1,39579,39691,0,113,47.44802122809682,18.38537779729189,-0.03674019511295312,0.34654442168741195,0.44099321003628,0.40386205491503524,-49.599998474121094,6,0.7168141592920354,2,ok
LPWE01000002.1,151975,151867,0,109,53.96606137560899,18.578185682774873,0.03655044753567255,0.46947667528432985,0.2638605624373722,0.28439094974248197,-39.400001525878906,10,0.6146788990825688,2,ok
CP000449.1,2414158,2414042,0,117,92.4509701532149,3.9966312271256115,0.5634185225149341,0.3715827351944181,0.14517272516797636,0.19508442513467888,-40.0,5,0.6752136752136753,2,ok
AP019308.1,2750986,2750649,0,338,91.73058223976314,1.520754829869657,0.6632502938290565,0.42002324133622077,0.11307846249063377,0.18939191046408052,-92.69999694824219,14,0.5,2,ok
HF989026.1,14312,13965,0,348,64.68835980368175,3.1937630294861643,0.8000836215792374,0.5970288689240606,0.10776061569825787,0.2935607103736365,-49.119998931884766,43,0.43103448275862066,2,ok
JPVP01000058.1,249339,249828,0,490,48.882764834314216,19.999999999999996,-0.019623966978221885,0.4357045862296741,0.46688009408627434,0.45333738055901057,-138.0,13,0.463265306122449,2,ok
LECR01000039.1,61055,60715,0,341,75.11495173063511,4.834388958081527,0.6110326055332895,0.44412115830479976,0.43011899178742874,0.5221069824450142,-97.0,17,0.4838709677419355,2,ok
JACHKT010000002.1,220224,219926,0,299,39.62177742154217,19.999999999999996,-0.08568200620519528,0.38119227403169076,0.3437233397882918,0.2863214635092672,-78.69999694824219,8,0.3745819397993311,2,ok
CM002917.1,3231656,3231279,0,378,94.99714774564559,6.695845064713665,0.06428129481816314,0.3814221443159949,0.5004269916457307,0.5019372872404854,-131.1999969482422,11,0.5793650793650794,2,ok
PZGG01000004.1,65421,65076,0,346,55.74336170604463,13.102899564657225,0.06866065371270372,0.4676724054960245,0.21165031826406233,0.24216820952983759,-77.69999694824219,17,0.44508670520231214,2,ok
QUIV01000038.1,3467,3125,0,343,68.16551321928799,4.452332083073238,0.6929808643183842,0.485798394640347,0.5092736582265603,0.6600254542763632,-83.19999694824219,19,0.49271137026239065,2,ok
LT840184.1,961286,961623,0,338,56.53623170135165,10.049931541115644,0.8819809295840046,0.37098710739121254,0.03863925872963474,0.41079386493224473,-127.4000015258789,12,0.5207100591715976,2,ok
ACCL02000019.1,74194,73835,0,360,71.75555678437931,2.510753635602458,0.7571715712011179,0.485407055703969,0.682741616764719,0.8197190945408241,-85.4000015258789,28,0.48333333333333334,2,ok
BLZR01000001.1,1376242,1376582,0,341,48.56416566956407,13.587685085567047,0.43525878475387275,0.41474244334707505,0.20475006542453528,0.5616236325239388,-77.4000015258789,13,0.33724340175953077,2,ok
QKRB01000044.1,596304,596659,0,356,41.8522274269,14.643664514318747,0.12019723754615169,0.36253528579606603,0.2734354027637458,0.3719777147208152,-144.1999969482422,11,0.5814606741573034,2,ok
JACYLQ010000017.1,8703,8369,0,335,58.71975118247063,7.524503943874466,0.2366791213476495,0.42793401387930224,0.4475259135803212,0.5301713940710677,-87.80000305175781,23,0.41194029850746267,2,ok
CP016447.1,4247,3894,0,354,94.99994960176562,4.56634872984525,0.22538554817473738,0.3147107096365421,0.006700255446050241,0.020955560287856917,-172.0,10,0.5847457627118644,2,ok
MCIF01000002.1,2714317,2714700,0,384,85.30442851074568,5.469835582292117,0.5454164220275015,0.34821161759545066,0.27149457256317633,0.3114224140957221,-150.60000610351562,7,0.5703125,2,ok
FONL01000001.1,262464,262120,0,345,35.30110835823676,7.921806920594893,0.5596285843041644,0.47276229201583403,0.5990709945948756,0.8110784734028103,-86.37999725341797,37,0.4666666666666667,2,ok
JACHYE010000006.1,102313,102613,0,301,50.44066529322099,19.999999999999996,-0.0035528421904916785,0.4167521696740956,0.8757960857111302,0.8741651860908849,-102.5,12,0.5249169435215947,2,ok
AZGM01000076.1,26225,25876,0,350,61.56702923059351,4.665693612617524,0.6949510814679034,0.4110688837003485,0.15972968030377063,0.3587254003745465,-95.5,12,0.46,2,ok
VEXB01000015.1,16248,16562,0,315,94.99950973713737,6.396456233259303,0.13220360959806793,0.4005023546923917,0.000750568252609829,0.004362526720545434,-99.4000015258789,14,0.4603174603174603,2,ok
AM412317.1,3653037,3652701,0,337,72.32510196598861,4.543278205610598,0.6446514041728216,0.416515988582126,0.04193730807380916,0.15759789869480856,-78.19999694824219,23,0.3560830860534125,2,ok
BIFR01000001.1,5215438,5215112,0,327,50.91181751047853,4.748201333547043,0.17314117469738233,0.449273820441096,0.718257540267434,0.7893494749694102,-84.19999694824219,12,0.4831804281345566,2,ok
CP004044.1,1169745,1170090,0,346,76.5023148694151,5.0655134809317754,0.5941448241615793,0.41980516995676037,0.6131906623656809,0.6929978433495609,-107.80000305175781,9,0.48265895953757226,2,ok
CM001240.1,2348328,2348689,0,362,48.77531621715651,19.999999999999996,-0.021953275865501887,0.3897534588670623,0.488441773707906,0.47204650393889225,-73.80000305175781,9,0.31215469613259667,2,ok
CP061336.1,1888852,1888545,0,308,94.9996816897755,3.389336875322231,0.4829181119625577,0.40612203605987757,0.05871637580474215,0.10561660132477885,-73.0999984741211,11,0.3961038961038961,2,ok
QTXP01000003.1,160308,160005,0,304,71.13460697535199,7.664767268518782,0.5706929386045401,0.5101902044812165,0.4719094486801267,0.5402554572265925,-49.400001525878906,20,0.3782894736842105,2,ok
AP024096.1,4722560,4722194,0,367,94.99999999999989,5.666693787782063,0.42155722984801136,0.44326819587181926,0.1966632665875582,0.2130627743386892,-103.69999694824219,24,0.4986376021798365,2,ok
GL891982.1,311809,311496,0,314,64.10767584029011,8.462486659451692,0.6371520117559873,0.3800495186335155,0.1165298741442854,0.24811583786631744,-90.30000305175781,17,0.3853503184713376,2,ok
KZ478059.1,97051,96728,0,324,68.49785859450002,6.599616150646613,0.12954815383172866,0.4039745086144438,0.2311686509746132,0.2536186400308792,-93.5999984741211,10,0.49382716049382713,2,ok
LDXJ01000058.1,202972,202606,0,367,28.83296224820402,19.999999999999996,-0.4576060992668194,0.5024600829830532,0.41207476285218947,0.410766795983829,-92.5,28,0.5613079019073569,2,ok
CP027194.1,857883,857531,0,353,37.894999544031926,19.99999999990731,0.023213714064172886,0.40672154498928487,0.4593223984148488,0.4680577755646226,-111.30000305175781,17,0.49291784702549574,2,ok
LT699767.1,1005042,1005382,0,341,5.0000048989105865,1.1449297854902432,0.45774221795271064,0.3960542100274514,0.5403315039269058,0.5559415128007178,-90.9000015258789,10,0.39589442815249265,2,ok
CP001810.1,1884995,1884674,0,322,38.22908836062248,19.999999999999154,-0.16506996285950626,0.5673303233257814,0.3373961749459658,0.25376577511129395,-50.099998474121094,21,0.4409937888198758,2,ok
LDJR01000010.1,33427,33765,0,339,53.297543165316995,2.8357568969570535,0.5556197345758783,0.3926272335897018,0.096463019374124,0.24123328456532364,-95.5999984741211,16,0.44837758112094395,2,ok
CP003344.1,320314,320632,0,319,50.8237260276527,10.451450138789959,0.46270773440465185,0.4085036470858859,0.2822185036220466,0.5877755101013235,-78.19999694824219,8,0.4200626959247649,2,ok
QFBC01000003.1,384670,384301,0,370,48.101329911187,17.988845493906346,-0.05766184069557667,0.36920056020450787,0.4342829194568151,0.37508982859624274,-143.60000610351562,6,0.6270270270270271,2,ok
LTBA01000009.1,74609,74263,0,347,30.554049309280476,19.999999903094615,-0.5044116685498357,0.5515651438987013,0.5586791350982351,0.5555200180867532,-51.70000076293945,27,0.3688760806916426,2,ok
JACGAG010000016.1,13533,13845,0,313,42.88818979633623,16.68276249477295,-0.08421182544037425,0.3874037284642121,0.2847080935391345,0.20935330941973604,-72.9000015258789,11,0.35782747603833864,2,ok
JACWZY010000003.1,137164,137499,0,336,32.21342178085061,19.999999999999996,0.08687255017138767,0.37883111593201274,0.3850740867236236,0.3862687840194588,-92.69999694824219,8,0.40773809523809523,2,ok
CM009896.1,787839,788157,0,319,42.24515066157947,16.642270587353252,-0.06236952337008639,0.4212277960852263,0.3615844041924561,0.3071897853169681,-91.69999694824219,13,0.4952978056426332,2,ok
FOJY01000010.1,107472,107147,0,326,53.65320580937766,12.019452627599675,0.10319687372693259,0.5786402893713612,0.3132933480921396,0.37087907692153765,-44.400001525878906,23,0.3895705521472393,2,ok
CP004121.1,2373835,2374124,0,290,57.33692265913054,5.728931358542655,0.15016120410462,0.36029113354347836,0.15911258798260322,0.21396856906880515,-83.0999984741211,11,0.3793103448275862,2,ok
BIFR01000001.1,4796179,4796535,0,357,61.70782129300312,6.254827173376784,0.1802490537937125,0.4160575503051243,0.2143475601014603,0.266296654556889,-108.80000305175781,7,0.5294117647058824,2,ok
LGSS01000009.1,34236,33887,0,350,94.99888176324808,6.54645576614944,0.03938133407615518,0.4708948395470117,0.5002273794240362,0.5012292099495523,-65.5999984741211,32,0.36857142857142855,2,ok
SLUQ01000003.1,435697,436099,0,403,48.71432845953496,19.999999997907626,-0.10444644666310898,0.3302965334636383,0.23169161938637145,0.12538854459205276,-193.10000610351562,9,0.6476426799007444,2,ok
JWHR01000109.1,13433,13754,0,322,44.139355547993645,19.99999999991163,0.026238823384889753,0.3875141490252678,0.40067170677700703,0.4199169760140742,-83.0999984741211,11,0.40993788819875776,2,ok
CAJVAS010000021.1,53480,53837,0,358,49.99626744377807,7.342678204135186,0.2795604403147888,0.3133123676856983,0.4759594520192518,0.6350453539006382,-135.6999969482422,8,0.5,2,ok
VDCQ01000068.1,38616,38934,0,319,54.55755384787151,7.6842633107233995,0.34659626077184263,0.3560530105391549,0.22318847593226449,0.3852416574532375,-130.6999969482422,11,0.6081504702194357,2,ok
GL891979.1,737857,738168,0,312,21.538549402683874,1.8478875239819756,0.6567697812423675,0.42146273029828907,0.7274834316763836,0.8054955141487357,-86.0,18,0.38782051282051283,2,ok
WBXO01000007.1,12213,12519,0,307,40.662166494786376,11.75151723517535,0.40673554203433404,0.3571676594889768,0.18666585265283214,0.4804440149954351,-108.19999694824219,13,0.501628664495114,2,ok
BOPZ01000001.1,81706,81366,0,341,58.96253046289178,7.644242865921874,0.22392155150072318,0.49758330431063896,0.4048933882535539,0.48160898194776536,-72.69999694824219,15,0.39002932551319647,2,ok
CP061336.1,1765219,1765567,0,349,72.01673545466618,5.997357520785062,0.5974932916195528,0.40132500183005765,0.2582612717330111,0.34668485293571266,-92.5999984741211,19,0.3524355300859599,2,ok
JACMKR010000595.1,4161,3853,0,309,72.92283505765782,4.427246340481051,0.6443558989031684,0.3922469194191965,0.08841190274498772,0.2030513399613474,-79.4000015258789,11,0.40129449838187703,2,ok
FOWD01000035.1,13289,13600,0,312,72.87043273203207,4.5064829385717635,0.5638225877739653,0.38699793004396366,0.0374256313467452,0.13585514067427398,-80.4000015258789,17,0.34294871794871795,2,ok
PDCJ01000001.1,1813535,1813236,0,300,43.43061056392473,8.143767099080716,0.21952654331991683,0.4946908160259822,0.818210651931331,0.9627483615120896,-44.70000076293945,24,0.31,2,ok
FOHN01000009.1,52479,52794,0,316,48.52151249824239,19.99999999999993,-0.01624828087211949,0.39264904008013524,0.7273697315014935,0.7116408920223893,-84.30000305175781,9,0.4177215189873418,2,ok
JAEQNC010000007.1,98972,98601,0,372,38.089543357195836,19.99999999999897,-0.08141942517105422,0.36368368814792246,0.37833013122940606,0.3459311952799728,-139.8000030517578,8,0.6048387096774194,2,ok
CP003261.1,753642,754025,0,384,36.182259205283,19.99999999999862,-0.012498068735122048,0.3878356540421184,0.5512201301819804,0.5502368809462045,-120.69999694824219,10,0.4010416666666667,2,ok
JAGSOJ010000001.1,1307780,1308095,0,316,48.67066972236774,19.999999999999087,-0.07394098793126047,0.4234511702013784,0.35355638979671256,0.2825923601700815,-66.4000015258789,14,0.33544303797468356,2,ok
CP025746.1,2919154,2919463,0,310,88.42696906770769,5.752884910773999,0.5074601063466242,0.39563732048337164,0.2549570791266029,0.28272372902145626,-68.0999984741211,12,0.3225806451612903,2,ok
QXHL01000079.1,4971,5335,0,365,42.99929094687707,9.614366275856048,0.4249629025990411,0.36350075913236657,0.2664450490176322,0.5729215782809101,-136.10000610351562,10,0.5178082191780822,2,ok
FQVH01000001.1,266415,266093,0,323,51.603769051304035,4.378969335136079,0.24408593004405466,0.4821437928758608,0.31682550177846214,0.4096739739130141,-84.0,14,0.49226006191950467,2,ok
JACIIU010000011.1,79061,79377,0,317,69.12426585366896,6.5945327019865845,0.46744780937923336,0.3732953731786242,0.22479013953580113,0.30209512343371614,-107.4000015258789,14,0.4921135646687697,2,ok
CP009788.1,571182,571502,0,321,94.0488879017215,1.7936995370368591,0.20992236907959413,0.38820939938746,0.03862660281577792,0.06421551379548633,-131.10000610351562,11,0.5638629283489096,2,ok
LTBA01000017.1,2745,3049,0,305,63.57251207825517,7.294003205276317,0.08785438258787837,0.3933316300158821,0.04940631327422512,0.07037604565367431,-69.0,14,0.34098360655737703,2,ok
AE006468.2,3018773,3019082,0,310,44.054373571086025,9.545406019596365,0.06217445050912601,0.4602166640928117,0.4218493776200002,0.46731560549664686,-64.69999694824219,14,0.35161290322580646,2,ok
MLQS01000017.1,344700,345061,0,362,54.228690096676836,16.26466016892978,0.28411071864724546,0.4102658654981894,0.08122861242065058,0.2385397666406538,-92.5,14,0.4171270718232044,2,ok
CP002987.1,437395,437778,0,384,46.17120939201639,7.484376184299644,0.3063938137053941,0.39349866365506836,0.3150337557527724,0.5071613513371209,-104.0999984741211,20,0.421875,2,ok
JACHBK010000003.1,382802,382403,0,400,47.09240819215646,15.5784503434806,-0.040158875805868854,0.3892540061115561,0.48177396196036415,0.44117745467330327,-159.39999389648438,9,0.615,2,ok
FCNR01000048.1,79669,79305,0,365,7.697904546801759,2.6342888831189217,0.45282477457191744,0.40676112615667576,0.018979864564983823,0.023824895010066904,-99.0,22,0.4575342465753425,2,ok
MLBF01000020.1,52784,52459,0,326,66.9964295945687,1.9691182333104984,0.839132550601184,0.5093986527940328,0.3789841857407207,0.5194988609930632,-68.19999694824219,20,0.4325153374233129,2,ok
QWBU01000001.1,315556,315191,0,366,89.88694223826023,10.964658041917744,0.4534631315237687,0.43374535082168286,0.5003204692819561,0.50258562368019,-127.0999984741211,14,0.5956284153005464,2,ok
LMQY01000001.1,219233,219597,0,365,67.19327140112709,8.50538453133899,0.5920089323251922,0.31403046672250423,0.03845210267026413,0.12769028242670077,-174.39999389648438,9,0.6493150684931507,2,ok
FOKI01000006.1,15700,15405,0,296,75.79893282495976,7.456706473169572,0.5462662774063409,0.47963956163344196,0.2641925611895438,0.3085167442603032,-54.599998474121094,16,0.34121621621621623,2,ok
KE993509.1,131456,131143,0,314,54.01783590888999,13.797075605327555,0.013574026115171112,0.5212916810164592,0.8383754974943608,0.8458049114443128,-55.79999923706055,22,0.37579617834394907,2,ok
HF995943.1,32954,33277,0,324,57.02839256783811,6.503143377270927,0.286245092359254,0.3892009531654804,0.3368595679575847,0.44700409619077314,-77.5,12,0.36419753086419754,2,ok
BMJD01000021.1,23721,24010,0,290,75.061370721549,6.920731525559623,0.35132164183892806,0.3642149530560242,0.1967279529750859,0.2306897200012755,-85.9000015258789,14,0.42758620689655175,2,ok
CP000673.1,1309977,1310297,0,321,54.74719037885812,8.077981390934127,0.24227433656560005,0.3610850472295847,0.3176749995627086,0.43121577366390956,-82.30000305175781,9,0.37383177570093457,2,ok
BDHH01000006.1,117934,117611,0,324,47.36100212843913,2.0309710227843483,0.5503622535844409,0.5364413283431928,0.3028914209729896,0.4121028242826694,-59.400001525878906,17,0.3950617283950617,2,ok
FOXR01000010.1,12086,11685,0,402,44.67625988483829,13.562009881290612,-0.027205616544905997,0.46542458337609854,0.45043059139215125,0.42468602034523917,-123.80000305175781,20,0.5248756218905473,2,ok
KE150418.1,115056,115373,0,318,44.68727864508841,6.355572723497901,0.10400707025616283,0.4215016733293569,0.03559629065721345,0.09377171600230114,-72.80000305175781,12,0.3742138364779874,2,ok
CP029002.1,2579187,2578804,0,384,94.9999999891854,2.943415751079678,0.2984179227743603,0.5069570742541335,0.33015537890529556,0.36278113060087624,-82.2699966430664,31,0.4453125,2,ok
VTZU01000095.1,14664,14347,0,318,48.24779808220167,18.19480770007033,-0.19113876745782876,0.4814447314996341,0.4930026260629411,0.29552731208687943,-58.70000076293945,16,0.36477987421383645,2,ok
LNQB01000070.1,88421,88020,0,402,85.59817603055903,4.118391495291196,0.5811511880700668,0.3654318508328303,0.47594711224378683,0.5395404011089228,-177.10000610351562,12,0.6616915422885572,2,ok
CP058649.1,3646069,3645686,0,384,47.42316343306746,15.119230008881747,-0.018701554405225473,0.490290723409125,0.9475102147551964,0.9285852782076891,-76.5,26,0.3828125,2,ok
PJNH01000004.1,198405,198721,0,317,56.188701540533515,19.99999999999998,0.020917566374297702,0.33012125806261977,0.3923167348566731,0.39993144325067975,-102.5999984741211,8,0.40063091482649843,2,ok
FNXB01000016.1,4020,4414,0,395,83.1490692626128,7.676130664594192,0.485818256732237,0.3664662564084644,0.20114877904513984,0.21992068516913896,-158.5,10,0.6,2,ok
CP001560.1,2475831,2476169,0,339,94.99799740480013,6.917670565265066,0.12876065857867938,0.4036069784199974,0.2449032988326972,0.24759370030929137,-105.69999694824219,11,0.49557522123893805,2,ok
QMFB01000009.1,309880,310250,0,371,52.661996736899674,19.999999999999996,-0.005804220046919273,0.38861974582957165,0.8252481495974453,0.822179523102336,-142.1999969482422,9,0.5768194070080862,2,ok
JAERJD010000002.1,423121,423456,0,336,48.166193420993665,16.48537752927181,-0.015478512611364126,0.4117272052540507,0.9819916083056919,0.9659962600483437,-99.5999984741211,13,0.4642857142857143,2,ok
SMCR01000008.1,150629,150300,0,330,72.21858732764395,4.911080636346968,0.6314905405203755,0.44473546055585644,0.0384001504862036,0.14712235543492172,-84.30000305175781,17,0.41515151515151516,2,ok
JABWCS010000213.1,76213,75899,0,315,56.106967915912286,8.02519795945501,0.2831301606781919,0.35578272871989125,0.40408684404150935,0.5246535024687964,-103.0,9,0.4888888888888889,2,ok
FUXA01000015.1,5787,6125,0,339,49.336417655300295,5.216486128293764,0.08918355797259259,0.34673851568017844,0.6424620820144721,0.6829591426375382,-88.80000305175781,10,0.3805309734513274,2,ok
JABBPN010000005.1,164510,164834,0,325,42.32669899820529,13.467505799436456,0.010321112605285149,0.38335378999321457,0.23992742763014493,0.24821599585025558,-110.69999694824219,22,0.5507692307692308,2,ok
SNYK01000003.1,232477,232824,0,348,39.16067097247805,19.9999999999998,-0.03912327582582731,0.35889452739874544,0.4256459973281864,0.4068789847851009,-140.0,6,0.5948275862068966,2,ok
CP007739.1,1920949,1920555,0,395,52.70198501992601,7.476079584478984,0.2999987129223819,0.47595692396567424,0.028581114929605994,0.18240009359308842,-106.5999984741211,36,0.4911392405063291,2,ok
AYYI01000018.1,32787,33118,0,332,88.2364610526581,1.567847062959835,0.15291824091276118,0.3764074909870119,0.47511804630516813,0.49381807290256763,-110.80000305175781,9,0.43373493975903615,2,ok
SMAL01000002.1,438967,438602,0,366,42.6132804053172,14.186480587529221,-0.11064517231583698,0.5229230271832471,0.30784180526967514,0.2095678363927683,-60.70000076293945,17,0.34972677595628415,2,ok
LMLK01000021.1,105831,106178,0,348,63.99477823804894,3.77188072309378,0.1734822407528862,0.3671042689740093,0.606775414026923,0.6498909344287446,-122.5,9,0.5,2,ok
BORS01000014.1,58046,57721,0,326,53.82237440201634,19.999999999999996,-0.007741352289920678,0.38011625658953135,0.6949175312015331,0.6923575778229547,-109.0999984741211,11,0.5184049079754601,2,ok
SOML01000014.1,19717,19403,0,315,75.031982206938,5.261502818230831,0.17726491508320105,0.4039413126994696,0.020716329033370784,0.045460264881684864,-79.80000305175781,14,0.3746031746031746,2,ok
LGTO01000007.1,2503832,2503526,0,307,47.06528738335962,15.408632729630508,-0.007792365386807054,0.5202360638351169,0.39602246423574394,0.3881488693747458,-61.70000076293945,16,0.38436482084690554,2,ok
LDZF01000003.1,262048,262501,0,454,94.999998794725,3.331930012744633,0.5351746890430218,0.3750531722248569,0.03780011845075418,0.09042439545412012,-160.10000610351562,8,0.5110132158590308,2,ok
CP000253.1,1668651,1668350,0,302,85.1907010386216,6.0569487600181615,0.5337291066588623,0.5183273979668306,0.007155399545456548,0.03921719456084166,-51.900001525878906,16,0.32450331125827814,2,ok
GL834305.1,880696,880370,0,327,42.69728679243371,3.9491109399224156,0.17627429673642914,0.4640811711538011,0.7939052099129051,0.8588821797876316,-90.4000015258789,16,0.5229357798165137,2,ok
VNJI01000068.1,4210,3913,0,298,51.13503676347622,5.09269475991656,0.5043599060344464,0.40984133460864497,0.4127065001314626,0.6296882879584838,-104.30000305175781,10,0.5469798657718121,2,ok
JPXI01000040.1,39355,39680,0,326,28.18801250157128,19.999999999972765,0.3692808300098663,0.36329569641446813,0.19425552973217652,0.19545533517259808,-141.0,8,0.6349693251533742,2,ok
FNUL01000002.1,135247,134902,0,346,94.99999998599121,3.074905698093563,0.3274419906892389,0.4565881696528687,0.07108275100327574,0.10575807564152603,-77.0999984741211,14,0.3872832369942196,2,ok
HF987526.1,34702,34344,0,359,53.99238102711493,1.0214411499706986,1.0097241075877852,0.4866581457038617,0.7121529824150948,0.8132863249314349,-74.0999984741211,50,0.403899721448468,2,ok
JACMIC010000001.1,764968,764652,0,317,42.17124254600656,7.222335580019844,0.28688265777541816,0.4569036264890855,0.4413617045827821,0.6111929260878537,-78.0999984741211,11,0.4227129337539432,2,ok
CP024123.1,1783373,1783733,0,361,55.49616031167231,10.131204049126396,0.28311466545795866,0.3842122104233017,0.2638033308655613,0.3944351778657328,-94.5999984741211,11,0.4182825484764543,2,ok
SLYC01000016.1,52780,53123,0,344,34.58537867585435,9.445680024598305,0.4166754418752312,0.37498716158694256,0.8073127593644192,0.9460358527765876,-94.69999694824219,13,0.39825581395348836,2,ok
JACDUU010000004.1,115091,114767,0,325,50.89501822454915,19.999999999999996,-0.022808051027975673,0.4559623588775019,0.9035442842604426,0.8840420675054972,-88.5,14,0.46153846153846156,2,ok
FR886185.1,11924,11555,0,370,50.71064332144539,19.999999999999996,-0.021657192468959585,0.5391880723708036,0.503031066470849,0.4826255548087968,-63.599998474121094,33,0.372972972972973,2,ok
CP002582.1,165593,165910,0,318,94.99998323007611,6.974956455920736,0.33392405000048886,0.443665673845394,0.0013944667157617997,0.008210021598922057,-81.0,16,0.3805031446540881,2,ok
CBXI010000038.1,49295,49608,0,314,52.23624895497443,6.403242206560345,0.7032572145917824,0.4020319508123205,0.3479812292993336,0.6873620435448871,-74.80000305175781,20,0.35668789808917195,2,ok
FQZO01000003.1,574147,574474,0,328,94.99999881891117,3.25420693590956,0.2997800300431718,0.3696738590252925,0.5248376553459875,0.5549524893485825,-106.4000015258789,17,0.4054878048780488,2,ok
PDDX01000001.1,3703759,3704096,0,338,63.66913237474808,19.99999999868448,0.5274650121892039,0.40333479266315614,0.4867957570951892,0.5027007328365112,-93.0999984741211,11,0.4556213017751479,2,ok
CP025084.1,2579829,2579490,0,340,78.3502716349952,4.73768606699839,0.5931860425209711,0.4184417581528496,0.44525969964903833,0.5231400641124849,-100.30000305175781,12,0.46176470588235297,2,ok
HF997672.1,14247,14611,0,365,62.35463480466116,6.842692115503031,0.05263159986341315,0.3750124067676467,0.838721388942129,0.852910910980988,-139.89999389648438,11,0.4849315068493151,2,ok
AYSO01000020.1,467253,467584,0,332,49.784659027021874,12.841600134450154,0.06462645675247036,0.3783392065450229,0.7157509138393475,0.7647571151425001,-85.9000015258789,10,0.3373493975903614,2,ok
FQTU01000006.1,92612,92289,0,324,51.40356999699375,19.999999999999996,-0.0036021533607522027,0.48018072157419417,0.4988892894523853,0.4952033189504026,-67.69999694824219,12,0.42592592592592593,2,ok
JAEEGB010000045.1,98303,98624,0,322,40.21743652989714,13.616034492412401,0.10546945854088963,0.3914590934232057,0.5383874712293583,0.6182976008770287,-75.80000305175781,13,0.35714285714285715,2,ok
SUMG01000002.1,243621,243306,0,316,77.32289927039736,7.534173445478561,0.12664510248033323,0.4505681087353268,0.6089848502330255,0.617522233569353,-71.0999984741211,13,0.43670886075949367,2,ok
KK036986.1,442701,443016,0,316,94.9991861953312,7.461801917697093,0.41285230328506356,0.4004188474659976,0.0011259264525573577,0.007754049104181804,-98.9000015258789,24,0.43670886075949367,2,ok
LMEO01000012.1,302546,302200,0,347,45.23195158815955,14.474841160851778,-0.01801358087918481,0.35571958233429396,0.5966143573207615,0.5791594412488623,-113.0,9,0.4812680115273775,2,ok
VIGC02000012.1,31123,31446,0,324,48.39176631861385,9.818254127272203,0.17699784647761363,0.37886064899136696,0.41759511688858364,0.5436593143699339,-131.5,11,0.5987654320987654,2,ok
LXJR01000011.1,91589,91960,0,372,94.999999978125,3.2102367910676812,0.5564102361930323,0.3137365581974989,0.29331515761680915,0.3503525506233513,-154.6999969482422,7,0.5806451612903226,2,ok
BX470251.1,3369603,3369926,0,324,42.5408885685504,3.611573935546427,0.08070921888447502,0.43393226765180193,0.6131724631043642,0.6406159627105493,-77.0999984741211,18,0.404320987654321,2,ok
CP058557.1,1389464,1389813,0,350,81.49066573838675,6.1415711039726455,0.5452375767005231,0.37675769958486643,0.01600635902265432,0.05781824520952275,-84.9000015258789,8,0.3942857142857143,2,ok
LIUT01000003.1,451165,450824,0,342,40.31822616100114,13.080388836971082,-0.12266654604030255,0.4297038322512233,0.12368798875365225,0.030886080101975633,-95.9000015258789,17,0.5175438596491229,2,ok
JACHXU010000013.1,55358,55676,0,319,94.99994594730906,5.803182016318269,0.2756893260383762,0.3404326960029357,0.40983489604459156,0.4198443866171845,-129.10000610351562,9,0.5830721003134797,2,ok
BIXY01000019.1,36546,36884,0,339,53.47895865042031,14.699358518684667,0.043769160998492596,0.37516696619446344,0.15279014458539028,0.17839665258907877,-111.9000015258789,12,0.5014749262536873,2,ok
CP011058.1,2830842,2831162,0,321,94.9999936641033,4.928838780762173,0.43042304732254544,0.39318573892431313,0.5265269530503037,0.5499308558682185,-115.4000015258789,11,0.5295950155763239,2,ok
CP117255.1,1731371,1730981,0,391,43.31062863119756,6.00932093064728,0.3201040563908308,0.3962908905268527,0.4160589464127451,0.5854661572929983,-145.1999969482422,11,0.59846547314578,2,ok
CP061336.1,123204,123524,0,321,42.76143510162127,14.392045597809618,-0.09658215339376053,0.34499218599072545,0.40418911117156214,0.3175259458811406,-86.0,10,0.37383177570093457,2,ok
JAPJZI010000001.1,1019972,1020317,0,346,56.42839418637413,19.999999999995918,0.021788373844939923,0.34418301884131913,0.4402909881646096,0.4481836074326713,-150.1999969482422,11,0.5924855491329479,2,ok
RHLK01000012.1,95651,95992,0,342,68.01315440391883,19.999999999999996,0.5078321122780621,0.37125965546144984,0.5983012214755805,0.5996628365645587,-136.60000610351562,15,0.5789473684210527,2,ok
OCMF01000005.1,87219,87539,0,321,58.46487956571132,5.417502059234667,0.4415556573771805,0.3760938527713264,0.27984045426508386,0.4302391434134137,-88.5,8,0.3925233644859813,2,ok
PGLV01000001.1,353481,353799,0,319,53.30242108408,7.079605895429402,0.22899296125825808,0.40173372695107845,0.3255477995874325,0.43659502620848833,-92.30000305175781,11,0.4169278996865204,2,ok
FOXR01000002.1,78017,77695,0,323,26.87459189472821,3.815395367929398,0.3091561549994203,0.41740420653267013,0.9030791315884097,0.9546399323029007,-113.0,13,0.5572755417956656,2,ok
LR590481.1,154508,154842,0,335,41.19053585387331,13.747902979909828,-0.16202886272466666,0.3515623537233815,0.6636905265716646,0.5312280734292191,-90.0999984741211,10,0.3701492537313433,2,ok
JYNH01000124.1,3209,3552,0,344,94.99999671278108,5.98718185015141,0.185117612162916,0.3948378145663349,0.0012436262513553676,0.007392301644588262,-103.9000015258789,14,0.4680232558139535,2,ok
CP061336.1,1482026,1482348,0,323,16.205114739989245,1.6152866963982888,0.6329413817440386,0.3941737413862288,0.4461181562623867,0.5038528134428885,-70.9000015258789,11,0.3622291021671827,2,ok
LSFN01000044.1,65530,65205,0,326,54.188371799602855,6.915291816418186,0.17356135211476942,0.4735611462058262,0.5178429621909176,0.597428643983096,-79.5999984741211,19,0.5061349693251533,2,ok
AQRA01000014.1,70404,70705,0,302,54.37047227246416,18.3276376994198,0.13058117969267477,0.44224322967120494,0.13804481398097151,0.2077620459239249,-75.4000015258789,18,0.38079470198675497,2,ok
FMJL01000075.1,7374,7023,0,352,94.99999637831723,4.808817119151559,0.01697423555131128,0.470916586998847,0.5003336296748444,0.5013031855164629,-71.5,28,0.39488636363636365,2,ok
BOPZ01000017.1,21328,21029,0,300,47.11650303577196,16.80893441375261,-0.028233955832739244,0.5335851940346745,0.4958331519791479,0.4672114542721474,-63.29999923706055,41,0.37666666666666665,2,ok
CP007161.1,437383,437074,0,310,44.75252731963329,15.592979740789314,-0.020803823180168143,0.4657498612988299,0.03275984661028472,0.012664914539590538,-71.80000305175781,13,0.4096774193548387,2,ok
FRAC01000009.1,92418,92062,0,357,36.35372525837401,19.999999999985594,0.03873514191248939,0.48884553165185024,0.8748581873943937,0.8876778029989248,-70.0999984741211,25,0.4117647058823529,2,ok
FR895143.1,102223,102547,0,325,78.0734341845584,1.745490662962712,0.7716654112468002,0.3460433085215879,0.3758846514646428,0.4828705793099832,-122.4000015258789,7,0.5507692307692308,2,ok
CP032509.1,1943406,1943786,0,381,53.674577152827915,19.999999999999996,-0.021538184188181653,0.32980350135797853,0.27335299995527507,0.26309633190490506,-182.89999389648438,8,0.6325459317585301,2,ok
JACHIK010000001.1,138076,137754,0,323,44.59887422838398,18.977451410728342,-0.01576386683904002,0.37231838259809946,0.48416500745085644,0.4694111220945521,-138.0,23,0.6501547987616099,2,ok
JAERQJ010000001.1,1091031,1091339,0,309,56.42862052906057,19.999999999999982,0.1169879849705209,0.4207257648966741,0.2533342182940487,0.29029229400616596,-75.19999694824219,18,0.37216828478964403,2,ok
LN907827.1,1556133,1555803,0,331,90.08901358531845,2.2389403266418495,0.15619469576859024,0.43776404717445605,0.3132427710190218,0.3335291299832265,-101.0999984741211,12,0.4984894259818731,2,ok
BMAQ01000021.1,9809,10168,0,360,94.00929354573574,3.8561001285031598,0.5500947989732654,0.35342524599919817,0.18608880175558226,0.23329479815576828,-137.6999969482422,11,0.5638888888888889,2,ok
AP014808.1,1442779,1442441,0,339,93.00605692273506,0.8088871023204482,0.40036415645060713,0.45985087112364564,0.17294689367340638,0.20318567108475433,-65.5,13,0.3805309734513274,2,ok
NTTM01000006.1,137065,137436,0,372,46.34758401176596,4.716594948326246,0.18716573630270383,0.408699027629028,0.5843875948880596,0.6656290266735718,-103.69999694824219,9,0.4596774193548387,2,ok
CP013023.1,5160259,5159942,0,318,80.91287252991505,6.690315040633395,0.5157834296672444,0.3749458780082328,0.25409631002872224,0.2877237158654755,-101.4000015258789,10,0.4591194968553459,2,ok
CP044011.1,3310403,3310039,0,365,53.95817714971173,6.661279895195839,0.2685037025428772,0.3756845759748307,0.27977313020851746,0.4024502658421019,-145.3000030517578,16,0.589041095890411,2,ok
LAQJ01000086.1,30058,29730,0,329,93.31363487093883,5.755893715785434,0.4696551279184798,0.40211822770644473,0.26210542430957373,0.28138671223822287,-103.5,19,0.49544072948328266,2,ok
WBOS01000001.1,150217,150533,0,317,38.41428495916514,19.999999999999993,-0.017331347464200397,0.37085041509676225,0.6142402004129802,0.6068878036034281,-111.9000015258789,10,0.45425867507886436,2,ok
CP006721.1,1692457,1692761,0,305,48.856076999784044,19.999999999996817,-0.17317058008529346,0.44085895334704717,0.4615104736745106,0.28401083059090726,-63.099998474121094,22,0.3344262295081967,2,ok
AP018449.1,1051241,1050919,0,323,58.2598301553505,11.46755457326196,0.19724217920573217,0.4473459402071465,0.002787169060295025,0.06888722173307196,-97.5,15,0.5108359133126935,2,ok
QSNL01000015.1,49914,50233,0,320,43.14992238053372,12.898533580441912,-0.20698040071412965,0.398492580711293,0.566051573959834,0.3821476545752116,-114.5,15,0.509375,2,ok
FPIU01000010.1,204664,204343,0,322,87.25819989654767,9.779483277605006,0.42092257312426284,0.3973657024372202,0.6641766671006545,0.668823404022407,-96.30000305175781,9,0.5714285714285714,2,ok
CP012365.1,1945765,1945445,0,321,94.99992697110956,4.224062882080911,0.33716488629268054,0.38929081044488517,0.2157654810338703,0.2403126827862161,-100.4000015258789,9,0.5202492211838006,2,ok
MZGV01000002.1,118196,117878,0,319,94.9978226039487,6.202207598062454,0.040341168682464734,0.567852468341462,0.7502087320260709,0.7514173824710291,-55.900001525878906,21,0.39184952978056425,2,ok
SLUO01000018.1,88141,87770,0,372,84.23814850626259,5.1523384653027025,0.5558774809919892,0.4472913641555597,0.34040607625893504,0.3886556159424906,-81.0999984741211,13,0.40053763440860213,2,ok
CP000141.1,916763,917086,0,324,57.65785656140462,7.607432393772654,0.5580243452327825,0.3592921474585831,0.4096170355643667,0.6206126891002803,-122.5,11,0.5246913580246914,2,ok
FPBY01000316.1,460,128,0,333,94.99998249971469,4.271287332483393,0.0986696064290607,0.533981756664552,0.005075394419154777,0.012121787000964057,-60.5,15,0.35135135135135137,2,ok
SORV01000061.1,30006,30329,0,324,94.99998281673287,4.048076483735169,0.09863181816296024,0.3867914594886159,0.004415772854270528,0.012068797856037613,-92.5999984741211,18,0.39197530864197533,2,ok
LFZW01000001.1,1519990,1520317,0,328,44.351719592763025,13.872238233183477,-0.03589866780601114,0.35070498349751283,0.32987462624467495,0.29609039061738235,-105.0999984741211,9,0.45121951219512196,2,ok
CP000885.1,3872903,3872583,0,321,44.38222204445859,17.901589714484384,-0.0323291432821482,0.5070706301004525,0.87576185112835,0.8447029683904521,-67.0999984741211,21,0.40498442367601245,2,ok
CP002028.1,74714,75031,0,318,72.81021328701978,9.865576223789805,0.5162069306673189,0.38561848424313816,0.03304618722835655,0.06335845210619377,-98.0999984741211,17,0.44654088050314467,2,ok
FRCP01000006.1,254352,254027,0,326,46.663064930424355,15.69956002669295,-0.07122062521754524,0.46412998110810855,0.949366865669196,0.877991213559312,-58.599998474121094,17,0.3834355828220859,2,ok
MRTK01000051.1,42207,41903,0,305,45.79981399526911,8.250958715186636,0.017823589366468367,0.3969189485679098,0.0021241348513178606,0.01413164886538205,-104.19999694824219,14,0.5377049180327869,2,ok
FOWD01000007.1,138485,138806,0,322,46.168081252015426,11.524059164154664,0.11047501322154296,0.3980816799144479,0.5861014436857227,0.6755400466694016,-87.4000015258789,8,0.41304347826086957,2,ok
AP024096.1,6638704,6639054,0,351,43.59486733937039,13.816132797206292,-0.07103241138030641,0.35999105362307693,0.34811944453205673,0.2829630484338783,-107.4000015258789,11,0.5014245014245015,2,ok
FNPG01000007.1,146073,146386,0,314,44.67426691225427,12.643876761743364,-0.11247363515509434,0.3890342573879694,0.43758483890748745,0.3327319177370901,-68.9000015258789,18,0.3503184713375796,2,ok
CP000884.1,4175082,4174764,0,319,94.99999999164507,4.4675568948971724,0.0556965179043755,0.35870352771544833,0.0016092400493261105,0.005279507268711736,-137.60000610351562,17,0.6300940438871473,2,ok
AYKS02000100.1,3639,3315,0,325,42.8861776421271,4.8599676875424755,0.2989651942519828,0.42767272498692327,0.4884889687113,0.6208520460332596,-84.0,12,0.5107692307692308,2,ok
AHKH01000025.1,3445,3760,0,316,44.36213006162641,9.238440720470447,0.5000535137496973,0.3563436773686327,0.38560395090710464,0.7453046978571883,-129.5,11,0.6075949367088608,2,ok
QHKO01000001.1,956319,955950,0,370,72.90219876399401,3.505437697835769,0.20871624479671336,0.36364326267247865,0.32266718466765426,0.3615804915251636,-168.6999969482422,13,0.6324324324324324,2,ok
CP003326.1,756770,757092,0,323,45.01314737197772,15.33604778481288,-0.047230950542983596,0.3816647007529568,0.5399913765524739,0.4940020660281025,-81.9000015258789,13,0.3746130030959752,2,ok
CP002272.1,2860109,2860446,0,338,94.99986752918616,4.321683256072492,0.33007233865312574,0.4077840961894299,0.04156240482715312,0.06464680897113056,-110.5,11,0.5059171597633136,2,ok
RHLK01000003.1,200059,199738,0,322,47.83915993915984,17.31918137879228,-0.055828040207353324,0.4218805098643441,0.9475026259786017,0.8902359982111505,-93.9000015258789,12,0.5248447204968945,2,ok
FR894372.1,12990,12660,0,331,27.932491671944288,19.999998947286354,0.296696074588965,0.4581834840478477,0.31615636114119017,0.3167528067136874,-94.4000015258789,23,0.5438066465256798,2,ok
AFGF01000019.1,13373,13057,0,317,46.31488748140437,8.582057173386708,0.6713565892288764,0.3622362715810985,0.3273762111941586,0.7883984524272755,-117.9000015258789,13,0.5772870662460567,2,ok
JAEEGC010000050.1,43644,43328,0,317,51.18580130734749,5.1217861642714855,0.17441752719179915,0.5334977310721104,0.5719273135310492,0.6471500604107249,-56.79999923706055,28,0.4037854889589905,2,ok
BMRG01000045.1,5086,4750,0,337,81.4928970905616,3.2874776942381057,0.08341288268330369,0.36012710906863443,0.20721922890281963,0.21941425961722832,-128.60000610351562,8,0.5103857566765578,2,ok
JFHN01000057.1,22575,22240,0,336,69.45226400955954,8.904328152435161,0.562973276874556,0.419338842331,0.5061045478490406,0.5673835400049977,-104.80000305175781,25,0.5,2,ok
CP000482.1,1330258,1330570,0,313,64.12127742276779,5.404699272490168,0.7180240868875001,0.38244888965316265,0.5749820499994945,0.7584873734846093,-119.9000015258789,10,0.5559105431309904,2,ok
FQVW01000019.1,7172,6859,0,314,47.419185867224456,17.30266529171872,-0.10290485953179307,0.4983007704229478,0.49984809782904593,0.3959494658091216,-57.400001525878906,12,0.37898089171974525,2,ok
FTMB01000001.1,984570,984189,0,382,94.99992083632554,3.2530611818238397,0.1142160532150433,0.35611736283860274,0.2643540305509967,0.27587267236488877,-160.60000610351562,7,0.6492146596858639,2,ok
CP024478.1,3746133,3746456,0,324,94.99999689285619,5.434980217932289,0.2949982059920158,0.342816928911238,0.005781600510284424,0.01881165305712798,-127.5999984741211,8,0.6234567901234568,2,ok
FR891000.1,10374,10690,0,317,44.44517066058454,11.99223412015489,0.13455786728782881,0.4274277278232517,0.27538283094573307,0.3887397470743924,-85.0,21,0.45425867507886436,2,ok
JAEEGC010000007.1,21846,22155,0,310,45.31113835269384,9.352318778991409,0.4999485862422293,0.36283355741613355,0.14783922678073294,0.5106905548428738,-96.5,11,0.4064516129032258,2,ok
BORO01000009.1,16222,16522,0,301,40.207223555122695,19.99999999999994,-0.010387401819232256,0.4067746707803918,0.5777090528116163,0.5711812876747354,-70.80000305175781,24,0.4019933554817276,2,ok
MRTH01000025.1,70915,70596,0,320,49.661040585509426,19.999999999999872,-0.013462398088692484,0.42596754054853897,0.49243643328916054,0.4784571964046268,-98.9000015258789,11,0.528125,2,ok
LJJC01000006.1,558515,558173,0,343,35.4666196388205,6.8667528715824195,0.23958906664915447,0.4763082780082865,0.8293740135699877,0.9205844166729117,-80.0,16,0.45481049562682213,2,ok
BA000016.3,883956,884297,0,342,48.59853590698266,9.703674405828474,0.17361861891537123,0.38961567376545325,0.041975404210771866,0.1638925722480326,-70.0,30,0.30701754385964913,2,ok
LGTO01000004.1,170197,170509,0,313,66.59014344066355,6.938984247573129,0.6265375662898152,0.45102370695157484,0.08025145164785003,0.2013470253201282,-71.80000305175781,16,0.3769968051118211,2,ok
JABXSS010000001.1,2424404,2424880,0,477,77.60334509584162,5.522192412098119,0.5725609560604794,0.3808522254901948,0.284263338217659,0.3494045540772099,-163.0,10,0.5136268343815513,2,ok
LT906462.1,2422994,2423305,0,312,81.08149617189646,6.124144646953965,0.5469644943769799,0.4139130028101502,0.12008692583707059,0.1634934237839408,-74.19999694824219,20,0.38461538461538464,2,ok
CABHNW010000071.1,4280,3960,0,321,56.75234807467949,11.173560062192168,0.23274385001971126,0.5151956704093149,0.09946722003257216,0.19332684937921973,-60.79999923706055,25,0.4392523364485981,2,ok
LT629764.1,1794938,1794610,0,329,30.55656835274313,19.999999999999996,0.5112652170134627,0.3851164428601483,0.9207122518717188,0.9262708928084755,-119.69999694824219,13,0.5775075987841946,2,ok
CP000822.1,1841575,1842026,0,452,49.51360801274626,19.999999999999996,-0.009932672804430276,0.38333115777063154,0.46888435910459414,0.4589616635521945,-151.39999389648438,10,0.5,2,ok
SMFK01000004.1,83811,84147,0,337,59.7188760076493,9.346003916195409,0.07186418700983982,0.4502825264442949,0.045727465266545655,0.06761018654191302,-69.4000015258789,17,0.3353115727002967,2,ok
SRYR01000002.1,344038,344367,0,330,94.99990254103948,4.354064864080368,0.5228896341006513,0.36832432687330285,0.4225167815654798,0.45848767993472545,-76.0999984741211,11,0.3181818181818182,2,ok
CP007739.1,890532,890193,0,340,66.50889582508061,2.578163671193532,0.8071688842864941,0.44138206291165566,0.24142216317320359,0.4030607220309952,-96.0999984741211,13,0.43823529411764706,2,ok
LACI01001634.1,7923,7604,0,320,51.611497942592976,16.50123067236185,0.11901285636376457,0.42098690531356364,0.7797883689246253,0.8666071030781035,-106.30000305175781,24,0.51875,2,ok
FQXP01000003.1,235380,235064,0,317,62.31860485924849,19.999999999999996,0.02057281388950962,0.4760660381519899,0.04228805933322741,0.043415629258358485,-62.099998474121094,13,0.334384858044164,2,ok
CP009288.1,1333224,1333567,0,344,61.965499158755996,7.087712225840066,0.716210289687045,0.3817948164376321,0.040732205449593745,0.23987837296340234,-119.19999694824219,8,0.5494186046511628,2,ok
BLZR01000001.1,3231405,3231104,0,302,79.92915206067957,4.0987493723860835,0.6082549663081515,0.5382983944365896,0.0825898464197721,0.1661902816831685,-36.0,24,0.347682119205298,2,ok
RBWE01000001.1,2803724,2803335,0,390,37.87812025100144,6.888751776592381,0.1555287566528798,0.4382724538274758,0.9093837913500327,0.9822856249098735,-138.0,14,0.5794871794871795,2,ok
FNJM01000006.1,164086,163770,0,317,45.77962567531172,7.405132107634922,0.04817193176068457,0.4643289640556577,0.7118168083514093,0.741804255838755,-57.0,14,0.3438485804416404,2,ok
OCND01000007.1,28905,29222,0,318,81.14066204346919,5.003635440410961,0.2170289759925891,0.3448205956158138,0.21414853295690825,0.237098014784299,-136.6999969482422,14,0.5817610062893082,2,ok
KE159611.1,738498,738806,0,309,46.26436233173257,16.523266688534555,-0.39805295148243924,0.42660326834648843,0.9366950359872179,0.5387332560299574,-95.5999984741211,15,0.511326860841424,2,ok
FR895002.1,5952,5615,0,338,53.94139099609026,19.999999999999986,0.03984509081390375,0.5201023017017619,0.7894954405277139,0.8094468542554782,-60.900001525878906,24,0.4408284023668639,2,ok
KE136354.1,2420375,2420688,0,314,44.55789437988903,7.831734343953172,0.34515898127301214,0.43935931876929146,0.18637793707107325,0.4101574985860423,-78.69999694824219,15,0.39490445859872614,2,ok
CP000885.1,3525364,3524998,0,367,94.99949924281786,2.2454961585887827,0.35342090188028863,0.48829357792775024,0.5301241768331881,0.5727339460278948,-63.900001525878906,16,0.3814713896457766,2,ok
FRAC01000025.1,71574,71235,0,340,46.3814944057055,7.375171733073216,0.25338292946356467,0.4885435948962631,0.6085733954521848,0.7656552167537737,-77.69999694824219,13,0.4676470588235294,2,ok
AWTC01000005.1,60356,59954,0,403,70.0215447340984,19.999999999998913,0.5051054544237139,0.44982752050205155,0.8770447764075812,0.8810401954291771,-98.9000015258789,15,0.4739454094292804,2,ok
PYJQ01000009.1,238569,238172,0,398,44.54026457193892,10.271096191946327,0.15635830983560517,0.3911049261569818,0.17899443283820765,0.29913712840914886,-163.60000610351562,17,0.6130653266331658,2,ok
ABLD01000004.1,370366,370018,0,349,94.99999659067831,4.181187126471392,0.513072704041657,0.37441829668323184,0.37539787264391344,0.4130693658919554,-147.0,11,0.6217765042979942,2,ok
AFCE01000164.1,25783,26140,0,358,49.79502893947756,19.999999999992248,-0.03463580584559278,0.3701056620461788,0.4901922021792374,0.45493472566848614,-126.9000015258789,11,0.5251396648044693,2,ok
ASZJ01000007.1,61542,61215,0,328,53.75982514555869,4.093977385541143,0.21356565152838697,0.4461775034512544,0.29804655451165984,0.37182007431738606,-66.19999694824219,16,0.3628048780487805,2,ok
LN650648.1,171109,171415,0,307,53.448719422878185,7.465331123639921,0.507049855143811,0.4128613559609215,0.06370064830259489,0.31353463805928017,-67.0,11,0.34527687296416937,2,ok
QUEE01000002.1,95605,95920,0,316,52.75636111058515,4.577046368267932,0.3923817138656704,0.41156607449116467,0.2690601178490302,0.4191089723766807,-92.80000305175781,12,0.49050632911392406,2,ok
QUQV01000003.1,183301,182960,0,342,40.33772997273955,6.719416881400368,0.05709561216605963,0.4121623521508244,0.6780269018230933,0.7083128173528468,-92.9000015258789,17,0.4152046783625731,2,ok
LJJC01000015.1,39488,39054,0,435,94.99982140926565,7.683735749397999,0.3223435375763735,0.4765068158949982,0.0006684804448684467,0.0052397771549694385,-114.4000015258789,17,0.45977011494252873,2,ok
FR894955.1,9941,10272,0,332,5.080258362376102,0.7066110389744791,0.6114985625390971,0.3871165618214671,0.3998193724332572,0.42477559597715997,-96.5999984741211,12,0.4307228915662651,2,ok
FQXP01000004.1,22670,22990,0,321,59.220122678310354,3.7666781547169457,0.10712631699423125,0.4337975390868916,0.7238211848181868,0.7544076274920839,-84.5,14,0.3894080996884735,2,ok
CP009268.1,4190898,4191253,0,356,59.04902089474918,19.999999999999996,0.0845875042854014,0.39727066421965906,0.6885006342322803,0.7000390616853548,-89.0999984741211,18,0.37359550561797755,2,ok
SJPN01000003.1,292390,292057,0,334,39.17465469137524,2.8337923400118132,0.410712024307466,0.40429802176956275,0.4013370676408261,0.5096613872031621,-106.9000015258789,17,0.562874251497006,2,ok
FRAG01000096.1,3308,2960,0,349,52.119072984966834,3.3962546253176096,0.15693874101264516,0.5202852062654686,0.8802113164637635,0.9284547746482141,-64.5999984741211,29,0.3553008595988539,2,ok
FWWT01000017.1,34165,34521,0,357,46.62520552389173,15.847262632127935,-0.13890410787689955,0.3775448303429022,0.6738018511115922,0.5345663099792002,-93.9000015258789,6,0.39775910364145656,2,ok
JRNT01000043.1,12743,12427,0,317,61.28099054626738,19.999999999999996,0.20037737142050155,0.4979632619763084,0.40544517364668503,0.42567789134284995,-59.599998474121094,12,0.416403785488959,2,ok
AP018254.1,2048743,2048439,0,305,29.853695373423882,1.9763888551610784,0.03854365843111207,0.42114186247228896,0.6961475525240466,0.7025246009403673,-77.80000305175781,14,0.4163934426229508,2,ok
FCNR01000022.1,60792,61107,0,316,63.49281346476204,5.397453681628058,0.722533900276042,0.4480448824616759,0.2985747484782992,0.48924893531492786,-72.5999984741211,11,0.47151898734177217,2,ok
CP003359.1,241436,241776,0,341,76.17939349244028,5.016727317734944,0.598916483488902,0.39986900525513636,0.06926590040781282,0.15337114766601984,-99.0,17,0.4046920821114369,2,ok
BKZW01000001.1,74691,75034,0,344,69.43039274487498,5.244293203827222,0.6469403595480017,0.3597867046941086,0.23932768477141578,0.36387411315984175,-102.9000015258789,9,0.5203488372093024,2,ok
PGLV01000001.1,317233,317556,0,324,88.20468267006311,4.635772194655931,0.5563554340092941,0.40126589579969063,0.2260589152545121,0.2730310054278317,-72.0,11,0.4012345679012346,2,ok
LSLL01000128.1,56152,55828,0,325,74.84363066078843,6.334744446213225,0.5711291399615973,0.36419355610282317,0.08121694104107971,0.14593472548675912,-113.5,20,0.48307692307692307,2,ok
QSNL01000028.1,6613,6946,0,334,48.52216478781079,8.181496724657173,0.20587557084131614,0.4087923846755913,0.5816892129649731,0.7127685169855562,-108.69999694824219,14,0.49700598802395207,2,ok
QTVG01000001.1,225848,225518,0,331,46.69588913349957,15.954837848089172,-0.016004503780265744,0.5721359159106084,0.4944601037216757,0.47834274494633344,-48.5,31,0.37462235649546827,2,ok
QSNL01000028.1,6613,6946,0,334,48.52216478781079,8.181496724657173,0.20587557084131614,0.4087923846755913,0.5816892129649731,0.7127685169855562,-108.69999694824219,14,0.49700598802395207,2,ok
BOPZ01000013.1,31253,30936,0,318,46.589188816914124,15.426288151522117,-0.012415610201383931,0.5272065196287489,0.9878972717963814,0.9754707097414563,-51.400001525878906,25,0.3584905660377358,2,ok
QTVG01000001.1,225848,225518,0,331,46.69588913349957,15.954837848089172,-0.016004503780265744,0.5721359159106084,0.4944601037216757,0.47834274494633344,-48.5,31,0.37462235649546827,2,ok
QFGA01000001.1,2142402,2142085,0,318,62.103340733038365,6.030961507526192,0.7406691671757284,0.4352421151835584,0.4352242731409012,0.645437977743005,-86.30000305175781,11,0.48742138364779874,2,ok
BOPZ01000013.1,31253,30936,0,318,46.589188816914124,15.426288151522117,-0.012415610201383931,0.5272065196287489,0.9878972717963814,0.9754707097414563,-51.400001525878906,25,0.3584905660377358,2,ok
ALXI01000003.1,59949,59648,0,302,48.504133273254695,4.525890851714641,0.4048103177167254,0.5355996310030311,0.17517691625763776,0.3418744075207718,-48.5,39,0.33112582781456956,2,ok
QFGA01000001.1,2142402,2142085,0,318,62.103340733038365,6.030961507526192,0.7406691671757284,0.4352421151835584,0.4352242731409012,0.645437977743005,-86.30000305175781,11,0.48742138364779874,2,ok
FZOJ01000016.1,16294,15971,0,324,37.23299968707204,19.99999999999982,0.008797798488598851,0.47710578926948716,0.9715967201529694,0.9757450281299407,-83.80000305175781,26,0.41358024691358025,2,ok
ALXI01000003.1,59949,59648,0,302,48.504133273254695,4.525890851714641,0.4048103177167254,0.5355996310030311,0.17517691625763776,0.3418744075207718,-48.5,39,0.33112582781456956,2,ok
FZOJ01000016.1,16294,15971,0,324,37.23299968707204,19.99999999999982,0.008797798488598851,0.47710578926948716,0.9715967201529694,0.9757450281299407,-83.80000305175781,26,0.41358024691358025,2,ok
JACDUU010000004.1,77769,77425,0,345,48.67789851779559,7.17657116973919,0.433808042049839,0.443300613669857,0.6229829234949235,0.8759367331646983,-93.0,13,0.4753623188405797,2,ok
JACDUU010000004.1,77769,77425,0,345,48.67789851779559,7.17657116973919,0.433808042049839,0.443300613669857,0.6229829234949235,0.8759367331646983,-93.0,13,0.4753623188405797,2,ok
BNJF01000001.1,1770812,1771169,0,358,40.98010145932447,17.57037656175038,-0.05710859343386976,0.36739368293013563,0.3760460267940674,0.3300720942957228,-109.30000305175781,14,0.49441340782122906,2,ok
NIOJ01000007.1,101382,101701,0,320,37.255722959983785,9.83182329320329,0.11595876136259547,0.4286048609437846,0.41725027552086547,0.47476736749906595,-78.4000015258789,11,0.41875,2,ok
BNJF01000001.1,1770812,1771169,0,358,40.98010145932447,17.57037656175038,-0.05710859343386976,0.36739368293013563,0.3760460267940674,0.3300720942957228,-109.30000305175781,14,0.49441340782122906,2,ok
NIOJ01000007.1,101382,101701,0,320,37.255722959983785,9.83182329320329,0.11595876136259547,0.4286048609437846,0.41725027552086547,0.47476736749906595,-78.4000015258789,11,0.41875,2,ok
LGTO01000007.1,259392,259745,0,354,38.34392655990877,19.999999999999996,-0.05021018549369832,0.3985088261163831,0.4173884243198442,0.393132130895551,-100.9000015258789,10,0.4632768361581921,2,ok
BHGK01000001.1,402886,402565,0,322,94.99999999999906,1.8890885737767935,0.34140367776224545,0.5322421525362404,0.18866154756251297,0.23273979491368108,-61.5,13,0.46273291925465837,2,ok
LGTO01000007.1,259392,259745,0,354,38.34392655990877,19.999999999999996,-0.05021018549369832,0.3985088261163831,0.4173884243198442,0.393132130895551,-100.9000015258789,10,0.4632768361581921,2,ok
BHGK01000001.1,402886,402565,0,322,94.99999999999906,1.8890885737767935,0.34140367776224545,0.5322421525362404,0.18866154756251297,0.23273979491368108,-61.5,13,0.46273291925465837,2,ok
CP063356.1,2915464,2915795,0,332,44.82652933391138,12.892957760855095,-0.1251826738407188,0.40217835126513474,0.478861917930059,0.36086993845464493,-81.9000015258789,13,0.4036144578313253,2,ok
FOJI01000013.1,18185,17861,0,325,50.59709514614026,5.556613857616327,0.6038284348950609,0.5523784979581449,0.3913101174773857,0.6717169465487611,-48.79999923706055,32,0.38153846153846155,2,ok
CP063356.1,2915464,2915795,0,332,44.82652933391138,12.892957760855095,-0.1251826738407188,0.40217835126513474,0.478861917930059,0.36086993845464493,-81.9000015258789,13,0.4036144578313253,2,ok
FOJI01000013.1,18185,17861,0,325,50.59709514614026,5.556613857616327,0.6038284348950609,0.5523784979581449,0.3913101174773857,0.6717169465487611,-48.79999923706055,32,0.38153846153846155,2,ok
RAYB01000021.1,26003,25656,0,348,94.99999999999999,4.588983598693658,0.45524401099881917,0.5082829187766399,0.01784141033348574,0.04649780755953764,-85.5,24,0.5028735632183908,2,ok
RAYB01000021.1,26003,25656,0,348,94.99999999999999,4.588983598693658,0.45524401099881917,0.5082829187766399,0.01784141033348574,0.04649780755953764,-85.5,24,0.5028735632183908,2,ok
CP019698.1,1833720,1834069,0,350,68.01317585521447,8.235013517763903,0.5851575469828505,0.3608554448568868,0.1471118550216655,0.23076772982762583,-113.5999984741211,9,0.4857142857142857,2,ok
CP020918.1,4024839,4024542,0,298,68.49669543024962,10.135039767645912,0.5544011621009524,0.4063017937385882,0.004592130683694101,0.058383492479075205,-58.79999923706055,11,0.3523489932885906,2,ok
CP019698.1,1833720,1834069,0,350,68.01317585521447,8.235013517763903,0.5851575469828505,0.3608554448568868,0.1471118550216655,0.23076772982762583,-113.5999984741211,9,0.4857142857142857,2,ok
CP058649.1,4764959,4764615,0,345,62.820768472631734,6.280940613582364,0.0883394493179334,0.5782759639075822,0.04733655923176219,0.07099908584224557,-48.5,49,0.3739130434782609,2,ok
CP020918.1,4024839,4024542,0,298,68.49669543024962,10.135039767645912,0.5544011621009524,0.4063017937385882,0.004592130683694101,0.058383492479075205,-58.79999923706055,11,0.3523489932885906,2,ok
CP058649.1,4764959,4764615,0,345,62.820768472631734,6.280940613582364,0.0883394493179334,0.5782759639075822,0.04733655923176219,0.07099908584224557,-48.5,49,0.3739130434782609,2,ok
CP036259.1,2333215,2332820,0,396,37.5736962690796,19.99999976043999,0.003693104651203205,0.37736117196199637,0.9872164726483028,0.9888582669873088,-140.1999969482422,16,0.5353535353535354,2,ok
CP042593.1,2898898,2898590,0,309,42.01078414093206,19.999999999999996,-0.010351927289536322,0.4556695370983519,0.3031114492671728,0.29631924079830146,-70.69999694824219,19,0.39805825242718446,2,ok
CP036259.1,2333215,2332820,0,396,37.5736962690796,19.99999976043999,0.003693104651203205,0.37736117196199637,0.9872164726483028,0.9888582669873088,-140.1999969482422,16,0.5353535353535354,2,ok
CP004121.1,3815441,3815143,0,299,74.96008846709321,4.993554903995959,0.6067324381937949,0.5719015254301499,0.032765282078512564,0.1223658300668713,-43.599998474121094,41,0.35785953177257523,2,ok
CP042593.1,2898898,2898590,0,309,42.01078414093206,19.999999999999996,-0.010351927289536322,0.4556695370983519,0.3031114492671728,0.29631924079830146,-70.69999694824219,19,0.39805825242718446,2,ok
CP004121.1,3815441,3815143,0,299,74.96008846709321,4.993554903995959,0.6067324381937949,0.5719015254301499,0.032765282078512564,0.1223658300668713,-43.599998474121094,41,0.35785953177257523,2,ok
SMGQ01000001.1,38456,38808,0,353,41.743418218998734,15.963599930820259,-0.25961192015548196,0.38511277393733273,0.7674824649966098,0.5528692054006316,-93.5,11,0.3909348441926346,2,ok
SMGQ01000001.1,38456,38808,0,353,41.743418218998734,15.963599930820259,-0.25961192015548196,0.38511277393733273,0.7674824649966098,0.5528692054006316,-93.5,11,0.3909348441926346,2,ok
CP006877.1,2249314,2248919,0,396,57.27990274390688,19.99999999999999,0.004221705959394084,0.3986792035424331,0.5675745780632235,0.5688046359366072,-152.89999389648438,13,0.6111111111111112,2,ok
CP006877.1,2249314,2248919,0,396,57.27990274390688,19.99999999999999,0.004221705959394084,0.3986792035424331,0.5675745780632235,0.5688046359366072,-152.89999389648438,13,0.6111111111111112,2,ok
SMSI01000002.1,141526,141889,0,364,93.35947829037774,3.685100596020069,0.5696827278894274,0.3643793226577076,0.377884667706494,0.4312503001080909,-162.0,9,0.6263736263736264,2,ok
WHOD01000113.1,60626,60922,0,297,42.28306943877783,11.552839199862357,0.11665369652240021,0.40216486635634935,0.7232200787146523,0.8128664964416716,-99.9000015258789,11,0.5387205387205387,2,ok
SMSI01000002.1,141526,141889,0,364,93.35947829037774,3.685100596020069,0.5696827278894274,0.3643793226577076,0.377884667706494,0.4312503001080909,-162.0,9,0.6263736263736264,2,ok
JH725147.1,719213,719285,0,73,46.980285789326935,5.611025260470657,0.25473613105983894,0.48184459141126307,0.7975119333572559,0.9249098117047696,-18.700000762939453,8,0.4246575342465753,2,ok
JH165054.1,1577791,1577733,0,59,73.59981256677399,3.8523143886893183,0.6631340358041802,0.45327584343001043,0.6114005708089143,0.7311260913915479,-17.299999237060547,10,0.576271186440678,2,ok
JAAKDE010000023.1,21123,21051,0,73,88.42866492783341,4.7951193060712045,0.5515679058851548,0.3365120657320436,0.35721870949788653,0.4006901752519788,-24.299999237060547,7,0.4657534246575342,2,ok
CACUVI010000026.1,109195,109272,0,78,54.88124788093343,7.240860167672466,0.34670006730638214,0.4953172453304495,0.4895779979860012,0.6454138864546817,-15.600000381469727,20,0.48717948717948717,2,ok
WHOD01000113.1,60626,60922,0,297,42.28306943877783,11.552839199862357,0.11665369652240021,0.40216486635634935,0.7232200787146523,0.8128664964416716,-99.9000015258789,11,0.5387205387205387,2,ok
LUUI01000047.1,12302,12378,0,77,40.301863124833744,19.999999999999936,-0.0061264047298150714,0.4694380008579892,0.41794384169153426,0.41369426972516854,-18.799999237060547,11,0.4155844155844156,2,ok
JH725147.1,719213,719285,0,73,46.980285789326935,5.611025260470657,0.25473613105983894,0.48184459141126307,0.7975119333572559,0.9249098117047696,-18.700000762939453,8,0.4246575342465753,2,ok
JH165054.1,1577791,1577733,0,59,73.59981256677399,3.8523143886893183,0.6631340358041802,0.45327584343001043,0.6114005708089143,0.7311260913915479,-17.299999237060547,10,0.576271186440678,2,ok
LT906462.1,1456074,1455985,0,90,65.30292293336505,6.1598313652043535,0.2852585078374481,0.6016155542565235,0.5960815965470856,0.6612354059568191,-7.699999809265137,10,0.37777777777777777,2,ok
JAAKDE010000023.1,21123,21051,0,73,88.42866492783341,4.7951193060712045,0.5515679058851548,0.3365120657320436,0.35721870949788653,0.4006901752519788,-24.299999237060547,7,0.4657534246575342,2,ok
CP049861.1,2282483,2282531,0,49,90.15311086309393,5.182253220075745,0.5385595265062924,0.5195065616342114,0.11130843508807331,0.14491920656124316,-9.800000190734863,15,0.4489795918367347,2,ok
AE003853.1,897781,897830,0,50,67.72641875782611,8.716891999758149,0.14178564911581493,0.502419811640874,0.09121776733223692,0.11033383269314645,-9.300000190734863,10,0.36,2,ok
CACUVI010000026.1,109195,109272,0,78,54.88124788093343,7.240860167672466,0.34670006730638214,0.4953172453304495,0.4895779979860012,0.6454138864546817,-15.600000381469727,20,0.48717948717948717,2,ok
FUXI01000021.1,20361,20294,0,68,49.453465886710966,19.999999999999968,-0.004945781041880815,0.5305645544711055,0.9622029427844874,0.9572026190324587,-19.700000762939453,16,0.5,2,ok
LUUI01000047.1,12302,12378,0,77,40.301863124833744,19.999999999999936,-0.0061264047298150714,0.4694380008579892,0.41794384169153426,0.41369426972516854,-18.799999237060547,11,0.4155844155844156,2,ok
CP049860.1,1176400,1176471,0,72,85.1931633086746,6.371431849860397,0.5303107153697575,0.40970485809724994,0.5053901273271452,0.533725088364007,-18.600000381469727,6,0.4444444444444444,2,ok
LT906462.1,1456074,1455985,0,90,65.30292293336505,6.1598313652043535,0.2852585078374481,0.6016155542565235,0.5960815965470856,0.6612354059568191,-7.699999809265137,10,0.37777777777777777,2,ok
QVQV01000011.1,66852,66919,0,68,56.442997062665434,13.856058868724162,0.0672675058683474,0.49397714694553524,0.43407811305634814,0.461448974048374,-19.200000762939453,9,0.5294117647058824,2,ok
CP049861.1,2282483,2282531,0,49,90.15311086309393,5.182253220075745,0.5385595265062924,0.5195065616342114,0.11130843508807331,0.14491920656124316,-9.800000190734863,15,0.4489795918367347,2,ok
CP018135.1,932940,932868,0,73,94.99999886569421,4.914950441058817,0.03142209824432838,0.3696828053242346,0.0007968627280478258,0.0025167491408547016,-29.399999618530273,5,0.5616438356164384,2,ok
AE003853.1,897781,897830,0,50,67.72641875782611,8.716891999758149,0.14178564911581493,0.502419811640874,0.09121776733223692,0.11033383269314645,-9.300000190734863,10,0.36,2,ok
FUXI01000021.1,20361,20294,0,68,49.453465886710966,19.999999999999968,-0.004945781041880815,0.5305645544711055,0.9622029427844874,0.9572026190324587,-19.700000762939453,16,0.5,2,ok
JACVDC010000034.1,2124,2058,0,67,27.22809631245682,0.8696739932317763,0.8273691374609077,0.5729024604252348,0.5481808114815686,0.6160363570081604,-12.199999809265137,10,0.5373134328358209,2,ok
SLZG01000013.1,139760,139693,0,68,61.55983641769631,3.209189431676992,0.4392546313635863,0.5303295970843437,0.5014858617842164,0.6101199843575962,-11.600000381469727,8,0.4852941176470588,2,ok
CP049860.1,1176400,1176471,0,72,85.1931633086746,6.371431849860397,0.5303107153697575,0.40970485809724994,0.5053901273271452,0.533725088364007,-18.600000381469727,6,0.4444444444444444,2,ok
QWEV01000002.1,47656,47722,0,67,38.55852898459478,19.999999999711346,0.016739835232025713,0.5799322073252445,0.7058053317034425,0.7149252500987471,-14.0,8,0.5074626865671642,2,ok
QVQV01000011.1,66852,66919,0,68,56.442997062665434,13.856058868724162,0.0672675058683474,0.49397714694553524,0.43407811305634814,0.461448974048374,-19.200000762939453,9,0.5294117647058824,2,ok
JACJPJ010000050.1,1563,1630,0,68,51.916106259901525,19.999999999999996,-0.002945323877814654,0.6044079955679029,0.981986664205324,0.9798804769741005,-18.299999237060547,19,0.5147058823529411,2,ok
CP018135.1,932940,932868,0,73,94.99999886569421,4.914950441058817,0.03142209824432838,0.3696828053242346,0.0007968627280478258,0.0025167491408547016,-29.399999618530273,5,0.5616438356164384,2,ok
QVFV01000002.1,1067466,1067399,0,68,40.85516149400905,19.006511547054643,-0.06991126958525784,0.443520216778448,0.484150642001605,0.4274599661281668,-17.399999618530273,6,0.5294117647058824,2,ok
JACVDC010000034.1,2124,2058,0,67,27.22809631245682,0.8696739932317763,0.8273691374609077,0.5729024604252348,0.5481808114815686,0.6160363570081604,-12.199999809265137,10,0.5373134328358209,2,ok
LEKT01000054.1,20510,20571,0,62,47.834250111019685,16.622900035786,-0.025072819534273982,0.5564435917473259,0.9714414208371887,0.9457517561519776,-15.699999809265137,19,0.41935483870967744,2,ok
SLZG01000013.1,139760,139693,0,68,61.55983641769631,3.209189431676992,0.4392546313635863,0.5303295970843437,0.5014858617842164,0.6101199843575962,-11.600000381469727,8,0.4852941176470588,2,ok
CP000783.1,2750412,2750348,0,65,53.6158052990914,18.529607013286533,0.11460664037809809,0.545718011014103,0.5703968584881889,0.6378121414448955,-22.899999618530273,20,0.6153846153846154,2,ok
QWEV01000002.1,47656,47722,0,67,38.55852898459478,19.999999999711346,0.016739835232025713,0.5799322073252445,0.7058053317034425,0.7149252500987471,-14.0,8,0.5074626865671642,2,ok
UAWT01000017.1,45439,45509,0,71,71.0519353698135,3.6834935537757874,0.6957009845253566,0.4142500977177893,0.36658630013570825,0.5051733702092859,-16.100000381469727,5,0.5211267605633803,2,ok
JACJPJ010000050.1,1563,1630,0,68,51.916106259901525,19.999999999999996,-0.002945323877814654,0.6044079955679029,0.981986664205324,0.9798804769741005,-18.299999237060547,19,0.5147058823529411,2,ok
QVQV01000011.1,126097,126034,0,64,94.99999999999774,4.702264990971374,0.32640194967351444,0.449724754880262,0.5831394770923282,0.6029960703417607,-16.600000381469727,9,0.515625,2,ok
QVFV01000002.1,1067466,1067399,0,68,40.85516149400905,19.006511547054643,-0.06991126958525784,0.443520216778448,0.484150642001605,0.4274599661281668,-17.399999618530273,6,0.5294117647058824,2,ok
LEKT01000054.1,20510,20571,0,62,47.834250111019685,16.622900035786,-0.025072819534273982,0.5564435917473259,0.9714414208371887,0.9457517561519776,-15.699999809265137,19,0.41935483870967744,2,ok
QGGI01000019.1,17515,17645,0,131,25.469170210573985,2.4444135950711914,0.7007893581916356,0.47370257432595747,0.7037094784115926,0.8121190148649207,-28.700000762939453,10,0.3435114503816794,2,ok
CP000783.1,2750412,2750348,0,65,53.6158052990914,18.529607013286533,0.11460664037809809,0.545718011014103,0.5703968584881889,0.6378121414448955,-22.899999618530273,20,0.6153846153846154,2,ok
NOJY02000009.1,85871,85929,0,59,54.64730146202779,9.811462599348898,0.017395825757915317,0.65061281822522,0.9558512972638182,0.9644461808962917,-10.100000381469727,19,0.423728813559322,2,ok
UAWT01000017.1,45439,45509,0,71,71.0519353698135,3.6834935537757874,0.6957009845253566,0.4142500977177893,0.36658630013570825,0.5051733702092859,-16.100000381469727,5,0.5211267605633803,2,ok
FMJP01000549.1,327,282,0,46,30.874717027897056,5.379285098451877,0.12314308745569627,0.48471255233150584,0.29134569675994115,0.3198532495035814,-11.0,7,0.32608695652173914,2,ok
QVQV01000011.1,126097,126034,0,64,94.99999999999774,4.702264990971374,0.32640194967351444,0.449724754880262,0.5831394770923282,0.6029960703417607,-16.600000381469727,9,0.515625,2,ok
CP001779.1,556051,556184,0,134,42.649621402227275,16.00345505072664,-0.022989329861787144,0.4928244865746242,0.6317821489042045,0.6114152032906955,-24.200000762939453,27,0.29850746268656714,2,ok
QGGI01000019.1,17515,17645,0,131,25.469170210573985,2.4444135950711914,0.7007893581916356,0.47370257432595747,0.7037094784115926,0.8121190148649207,-28.700000762939453,10,0.3435114503816794,2,ok
CP074575.1,1511707,1511777,0,71,47.92743006177798,17.05918937076831,-0.006767796205219612,0.5206069354512157,0.987015252946055,0.9800943399835373,-11.800000190734863,12,0.352112676056338,2,ok
NOJY02000009.1,85871,85929,0,59,54.64730146202779,9.811462599348898,0.017395825757915317,0.65061281822522,0.9558512972638182,0.9644461808962917,-10.100000381469727,19,0.423728813559322,2,ok
QPJY01000006.1,195902,195793,0,110,49.039288662603475,19.67966981539378,-0.03918305224862395,0.49980020596653435,0.9408560587118092,0.9002059649539135,-23.799999237060547,13,0.4909090909090909,2,ok
FMJP01000549.1,327,282,0,46,30.874717027897056,5.379285098451877,0.12314308745569627,0.48471255233150584,0.29134569675994115,0.3198532495035814,-11.0,7,0.32608695652173914,2,ok
PUGF01000020.1,75220,75111,0,110,94.99972185898676,4.2548785258640285,0.27727954596016113,0.40698627004949883,0.8103301115736337,0.830399316633261,-20.200000762939453,6,0.38181818181818183,2,ok
CP001779.1,556051,556184,0,134,42.649621402227275,16.00345505072664,-0.022989329861787144,0.4928244865746242,0.6317821489042045,0.6114152032906955,-24.200000762939453,27,0.29850746268656714,2,ok
CP074575.1,1511707,1511777,0,71,47.92743006177798,17.05918937076831,-0.006767796205219612,0.5206069354512157,0.987015252946055,0.9800943399835373,-11.800000190734863,12,0.352112676056338,2,ok
FR900673.1,1998,1772,0,227,40.655222389166816,17.982017084001576,0.07864594753825527,0.4704453455871311,0.5244651340224061,0.5870809036199864,-61.599998474121094,18,0.47577092511013214,2,ok
QPJY01000006.1,195902,195793,0,110,49.039288662603475,19.67966981539378,-0.03918305224862395,0.49980020596653435,0.9408560587118092,0.9002059649539135,-23.799999237060547,13,0.4909090909090909,2,ok
BBML01000007.1,35624,35735,0,112,69.71061119888051,9.67002417134915,0.5509307850115126,0.4931509800878686,0.01864947485527808,0.06890025097995608,-18.700000762939453,20,0.29464285714285715,2,ok
PUGF01000020.1,75220,75111,0,110,94.99972185898676,4.2548785258640285,0.27727954596016113,0.40698627004949883,0.8103301115736337,0.830399316633261,-20.200000762939453,6,0.38181818181818183,2,ok
NQMR01000069.1,15906,15818,0,89,57.57447383189107,4.394075814253531,0.3102746700033724,0.5031784490754843,0.7141706747815114,0.8148682125848721,-14.699999809265137,11,0.33707865168539325,2,ok
BDHH01000014.1,61754,61666,0,89,45.332597829436395,8.412006187893503,0.3868620408217067,0.47978081504108,0.31476660742294943,0.5790393327172182,-12.699999809265137,16,0.33707865168539325,2,ok
FR900673.1,1998,1772,0,227,40.655222389166816,17.982017084001576,0.07864594753825527,0.4704453455871311,0.5244651340224061,0.5870809036199864,-61.599998474121094,18,0.47577092511013214,2,ok
SCWB01000001.1,122163,122250,0,88,39.40535192665649,19.999999999999996,0.03721477831037123,0.530226197277018,0.9262963822658429,0.9526732510414906,-17.5,7,0.42045454545454547,2,ok
BBML01000007.1,35624,35735,0,112,69.71061119888051,9.67002417134915,0.5509307850115126,0.4931509800878686,0.01864947485527808,0.06890025097995608,-18.700000762939453,20,0.29464285714285715,2,ok
APLF01000013.1,27197,27285,0,89,69.30806899146518,9.517121813382115,0.554727720146937,0.4831035205167366,0.02274140407553895,0.07774769872206835,-17.899999618530273,11,0.38202247191011235,2,ok
NQMR01000069.1,15906,15818,0,89,57.57447383189107,4.394075814253531,0.3102746700033724,0.5031784490754843,0.7141706747815114,0.8148682125848721,-14.699999809265137,11,0.33707865168539325,2,ok
NGKC01000005.1,23115,23201,0,87,65.96492305148527,4.020126512139388,0.32579008121277064,0.4584361002369053,0.7279772542949751,0.8048257780701811,-16.100000381469727,9,0.41379310344827586,2,ok
BDHH01000014.1,61754,61666,0,89,45.332597829436395,8.412006187893503,0.3868620408217067,0.47978081504108,0.31476660742294943,0.5790393327172182,-12.699999809265137,16,0.33707865168539325,2,ok
CP018866.1,1371744,1371832,0,89,46.01239810274237,13.853981707993185,-0.01835237148143598,0.4285495890206265,0.9735015137436115,0.9554925221859814,-20.700000762939453,7,0.39325842696629215,2,ok
SCWB01000001.1,122163,122250,0,88,39.40535192665649,19.999999999999996,0.03721477831037123,0.530226197277018,0.9262963822658429,0.9526732510414906,-17.5,7,0.42045454545454547,2,ok
JACHEN010000017.1,51153,51040,0,114,53.191272047585485,13.268006136491545,0.07906217084532946,0.5305849771952229,0.36975329507723453,0.41659779689213106,-17.799999237060547,10,0.39473684210526316,2,ok
APLF01000013.1,27197,27285,0,89,69.30806899146518,9.517121813382115,0.554727720146937,0.4831035205167366,0.02274140407553895,0.07774769872206835,-17.899999618530273,11,0.38202247191011235,2,ok
BLAW01000001.1,938922,939008,0,87,76.70098360332844,6.176099662972619,0.5635708544117677,0.38511768748560593,0.22654702352299466,0.28508534156927995,-22.399999618530273,9,0.40229885057471265,2,ok
NGKC01000005.1,23115,23201,0,87,65.96492305148527,4.020126512139388,0.32579008121277064,0.4584361002369053,0.7279772542949751,0.8048257780701811,-16.100000381469727,9,0.41379310344827586,2,ok
CP002175.1,187732,187818,0,87,46.433931785819446,8.516757434237665,0.018475839079141076,0.5113178206843925,0.5986926249817498,0.6112411563273548,-16.399999618530273,11,0.28735632183908044,2,ok
CP018866.1,1371744,1371832,0,89,46.01239810274237,13.853981707993185,-0.01835237148143598,0.4285495890206265,0.9735015137436115,0.9554925221859814,-20.700000762939453,7,0.39325842696629215,2,ok
PKGZ01000003.1,156115,156029,0,87,38.145516042764406,19.999999999989345,-0.016945185053168,0.5354441395973671,0.36222584829945204,0.3584898867740825,-16.299999237060547,13,0.47126436781609193,2,ok
JACHEN010000017.1,51153,51040,0,114,53.191272047585485,13.268006136491545,0.07906217084532946,0.5305849771952229,0.36975329507723453,0.41659779689213106,-17.799999237060547,10,0.39473684210526316,2,ok
BORC01000009.1,95572,95422,0,151,49.96763425296059,19.999999999999996,-0.047023764927352274,0.4893302469860728,0.6750613187006669,0.629103450502933,-24.700000762939453,13,0.3841059602649007,2,ok
BLAW01000001.1,938922,939008,0,87,76.70098360332844,6.176099662972619,0.5635708544117677,0.38511768748560593,0.22654702352299466,0.28508534156927995,-22.399999618530273,9,0.40229885057471265,2,ok
CP026604.1,622630,622512,0,119,28.568949845121136,2.295908956038006,0.23610713377203832,0.4931871062569611,0.3916935133763476,0.432768172224531,-28.100000381469727,13,0.46218487394957986,2,ok
CP002175.1,187732,187818,0,87,46.433931785819446,8.516757434237665,0.018475839079141076,0.5113178206843925,0.5986926249817498,0.6112411563273548,-16.399999618530273,11,0.28735632183908044,2,ok
PETE01000002.1,3122450,3122359,0,92,66.6291473813883,7.221838895501045,0.6268023536983978,0.5586401961958672,0.26292926458868593,0.3822897215124793,-14.5,30,0.29347826086956524,2,ok
PKGZ01000003.1,156115,156029,0,87,38.145516042764406,19.999999999989345,-0.016945185053168,0.5354441395973671,0.36222584829945204,0.3584898867740825,-16.299999237060547,13,0.47126436781609193,2,ok
BORC01000009.1,95572,95422,0,151,49.96763425296059,19.999999999999996,-0.047023764927352274,0.4893302469860728,0.6750613187006669,0.629103450502933,-24.700000762939453,13,0.3841059602649007,2,ok
CP026604.1,622630,622512,0,119,28.568949845121136,2.295908956038006,0.23610713377203832,0.4931871062569611,0.3916935133763476,0.432768172224531,-28.100000381469727,13,0.46218487394957986,2,ok
PDCJ01000001.1,803705,804004,0,300,49.34482736635562,3.6084401844050324,0.6439993187048845,0.4467258154410065,0.42550681906906485,0.6414639157549932,-59.0,22,0.34,2,ok
PETE01000002.1,3122450,3122359,0,92,66.6291473813883,7.221838895501045,0.6268023536983978,0.5586401961958672,0.26292926458868593,0.3822897215124793,-14.5,30,0.29347826086956524,2,ok
JAGSOJ010000001.1,308003,308192,0,190,46.69674437493848,4.986422013847359,0.4066671993907923,0.4334758507200629,0.5974550062642636,0.7822797307908154,-51.400001525878906,9,0.4105263157894737,2,ok
CM001773.1,1779482,1779663,0,182,45.74473885045833,6.331077766732385,0.5029251910904133,0.3627807132617587,0.4558257797022886,0.7352411830189316,-60.20000076293945,8,0.4065934065934066,2,ok
PDCJ01000001.1,803705,804004,0,300,49.34482736635562,3.6084401844050324,0.6439993187048845,0.4467258154410065,0.42550681906906485,0.6414639157549932,-59.0,22,0.34,2,ok
WKKI01000007.1,94574,94753,0,180,5.0000292252310095,0.552178373841141,0.2153391893658843,0.36337641945150917,0.28132561133555767,0.28967623612695076,-57.599998474121094,8,0.45555555555555555,2,ok
JAGSOJ010000001.1,308003,308192,0,190,46.69674437493848,4.986422013847359,0.4066671993907923,0.4334758507200629,0.5974550062642636,0.7822797307908154,-51.400001525878906,9,0.4105263157894737,2,ok
SWLG01000018.1,41038,40862,0,177,33.851027751989896,5.001849944272314,0.2132084326486553,0.5079398346401669,0.7732667717024077,0.8393048636905034,-31.5,15,0.4406779661016949,2,ok
CM001773.1,1779482,1779663,0,182,45.74473885045833,6.331077766732385,0.5029251910904133,0.3627807132617587,0.4558257797022886,0.7352411830189316,-60.20000076293945,8,0.4065934065934066,2,ok
RAYR01000001.1,267495,267277,0,219,42.28612739024885,17.738397587386487,0.011013322237704681,0.47128942162677434,0.3403196805696647,0.349569215853631,-58.099998474121094,18,0.4657534246575342,2,ok
WKKI01000007.1,94574,94753,0,180,5.0000292252310095,0.552178373841141,0.2153391893658843,0.36337641945150917,0.28132561133555767,0.28967623612695076,-57.599998474121094,8,0.45555555555555555,2,ok
CM001441.1,1825919,1826053,0,135,48.58947774576555,18.041411729005908,-0.050362415111788184,0.39953874035205417,0.6840555774962724,0.6318876609362836,-35.900001525878906,7,0.48148148148148145,2,ok
SWLG01000018.1,41038,40862,0,177,33.851027751989896,5.001849944272314,0.2132084326486553,0.5079398346401669,0.7732667717024077,0.8393048636905034,-31.5,15,0.4406779661016949,2,ok
CP100350.1,3132224,3132361,0,138,84.58833800331206,6.372110813444112,0.5324062700355878,0.331344397197464,0.3147233815476301,0.3446448821360272,-47.29999923706055,6,0.47101449275362317,2,ok
AMYT01000017.1,180987,180916,0,72,52.38821163575882,8.666030907128773,0.1505555676988245,0.5269755828832466,0.6634978082866494,0.747363833628502,-13.5,17,0.4166666666666667,2,ok
RAYR01000001.1,267495,267277,0,219,42.28612739024885,17.738397587386487,0.011013322237704681,0.47128942162677434,0.3403196805696647,0.349569215853631,-58.099998474121094,18,0.4657534246575342,2,ok
BMLG01000028.1,7559,7675,0,117,91.49625760535689,5.140666995342756,0.5353435375156929,0.3724159784623806,0.009684236099955446,0.04131371196104042,-43.0,8,0.46153846153846156,2,ok
CM001441.1,1825919,1826053,0,135,48.58947774576555,18.041411729005908,-0.050362415111788184,0.39953874035205417,0.6840555774962724,0.6318876609362836,-35.900001525878906,7,0.48148148148148145,2,ok
JH165061.1,1113513,1113651,0,139,94.99999965973423,3.5777346334425872,0.47744643831905165,0.32592533025952547,0.1329863258354239,0.1767625081729581,-46.79999923706055,8,0.4244604316546763,2,ok
CP100350.1,3132224,3132361,0,138,84.58833800331206,6.372110813444112,0.5324062700355878,0.331344397197464,0.3147233815476301,0.3446448821360272,-47.29999923706055,6,0.47101449275362317,2,ok
AMYT01000017.1,180987,180916,0,72,52.38821163575882,8.666030907128773,0.1505555676988245,0.5269755828832466,0.6634978082866494,0.747363833628502,-13.5,17,0.4166666666666667,2,ok
CP001022.1,21601,21809,0,209,77.01081688827061,3.840971418084606,0.6375649209030407,0.3921395748622651,0.30172922002987174,0.4033798715127838,-58.70000076293945,14,0.49760765550239233,2,ok
BMLG01000028.1,7559,7675,0,117,91.49625760535689,5.140666995342756,0.5353435375156929,0.3724159784623806,0.009684236099955446,0.04131371196104042,-43.0,8,0.46153846153846156,2,ok
FNDU01000005.1,292770,292618,0,153,53.43799828862135,6.271630786987094,0.28073123472138395,0.5373093896398001,0.6747702915792847,0.8023220814653376,-26.899999618530273,9,0.48366013071895425,2,ok
JH165061.1,1113513,1113651,0,139,94.99999965973423,3.5777346334425872,0.47744643831905165,0.32592533025952547,0.1329863258354239,0.1767625081729581,-46.79999923706055,8,0.4244604316546763,2,ok
CP002696.1,802173,802315,0,143,89.25082246471389,0.7360889260705694,0.5421385245039205,0.49229364920457147,0.7790689290361248,0.8162575984473943,-32.79999923706055,14,0.4405594405594406,2,ok
CP001022.1,21601,21809,0,209,77.01081688827061,3.840971418084606,0.6375649209030407,0.3921395748622651,0.30172922002987174,0.4033798715127838,-58.70000076293945,14,0.49760765550239233,2,ok
KV786949.1,39525,39384,0,142,44.73816154794373,13.479814406740923,-0.07355200566925824,0.4617566010019926,0.8308940518489288,0.7612522477043773,-25.899999618530273,13,0.4507042253521127,2,ok
FNDU01000005.1,292770,292618,0,153,53.43799828862135,6.271630786987094,0.28073123472138395,0.5373093896398001,0.6747702915792847,0.8023220814653376,-26.899999618530273,9,0.48366013071895425,2,ok
QRCT01000051.1,68267,68130,0,138,42.48714051980415,5.6156419424510515,0.021516961792430345,0.44643245543487853,0.9748782554243656,0.985518724990418,-42.20000076293945,16,0.35507246376811596,2,ok
WVHT01000003.1,153730,153592,0,139,94.99999193100462,3.1435453944018183,0.4805014171288153,0.38573770423535036,0.23221675725821406,0.281919586656233,-35.099998474121094,7,0.4316546762589928,2,ok
CP002696.1,802173,802315,0,143,89.25082246471389,0.7360889260705694,0.5421385245039205,0.49229364920457147,0.7790689290361248,0.8162575984473943,-32.79999923706055,14,0.4405594405594406,2,ok
MAQX01000035.1,160596,160458,0,139,55.27921418920515,19.999999996043048,0.025376111934601014,0.48891008420045634,0.2338167189838128,0.24403859081309692,-29.5,9,0.45323741007194246,2,ok
KV786949.1,39525,39384,0,142,44.73816154794373,13.479814406740923,-0.07355200566925824,0.4617566010019926,0.8308940518489288,0.7612522477043773,-25.899999618530273,13,0.4507042253521127,2,ok
FNIF01000004.1,52349,52212,0,138,63.83398824877706,4.181230478271048,0.23802908740643441,0.4571425148832912,0.41402954428797567,0.47513293381156246,-32.0,8,0.39855072463768115,2,ok
QRCT01000051.1,68267,68130,0,138,42.48714051980415,5.6156419424510515,0.021516961792430345,0.44643245543487853,0.9748782554243656,0.985518724990418,-42.20000076293945,16,0.35507246376811596,2,ok
WVHT01000003.1,153730,153592,0,139,94.99999193100462,3.1435453944018183,0.4805014171288153,0.38573770423535036,0.23221675725821406,0.281919586656233,-35.099998474121094,7,0.4316546762589928,2,ok
JANCMU010000002.1,205567,205705,0,139,62.24619206602154,1.128764127658034,0.9350502888784191,0.4477580483417703,0.5254101614625287,0.626457080692801,-33.400001525878906,7,0.381294964028777,2,ok
MAQX01000035.1,160596,160458,0,139,55.27921418920515,19.999999996043048,0.025376111934601014,0.48891008420045634,0.2338167189838128,0.24403859081309692,-29.5,9,0.45323741007194246,2,ok
CP058559.1,208020,207869,0,152,71.13737424334734,10.157432955999807,0.4992334454292062,0.46067118838456295,0.4744401847466422,0.5081772448598013,-28.600000381469727,8,0.3881578947368421,2,ok
FNIF01000004.1,52349,52212,0,138,63.83398824877706,4.181230478271048,0.23802908740643441,0.4571425148832912,0.41402954428797567,0.47513293381156246,-32.0,8,0.39855072463768115,2,ok
JAGYPF010000009.1,47337,47193,0,145,94.9999484734884,5.543620141227568,0.3041049477055729,0.47332928618037917,0.0037964941632233906,0.016228910011117204,-33.20000076293945,12,0.36551724137931035,2,ok
JANCMU010000002.1,205567,205705,0,139,62.24619206602154,1.128764127658034,0.9350502888784191,0.4477580483417703,0.5254101614625287,0.626457080692801,-33.400001525878906,7,0.381294964028777,2,ok
WAGX01000008.1,150076,150214,0,139,47.74020085120829,6.835381957859468,0.3886077885178415,0.42967588831535136,0.2892998131902681,0.512885296487995,-30.200000762939453,9,0.33093525179856115,2,ok
CP058559.1,208020,207869,0,152,71.13737424334734,10.157432955999807,0.4992334454292062,0.46067118838456295,0.4744401847466422,0.5081772448598013,-28.600000381469727,8,0.3881578947368421,2,ok
QEQF01000009.1,48296,48132,0,165,55.73730975632511,10.463395979607974,0.13401601598381285,0.4537267273270253,0.29732075890784476,0.35768187699218906,-29.0,10,0.3575757575757576,2,ok
JAGYPF010000009.1,47337,47193,0,145,94.9999484734884,5.543620141227568,0.3041049477055729,0.47332928618037917,0.0037964941632233906,0.016228910011117204,-33.20000076293945,12,0.36551724137931035,2,ok
JAEVYN010000002.1,582676,582815,0,140,73.73708219054566,7.2248598678331195,0.5607178214830753,0.42506245390208036,0.24724139801630135,0.30484294215622126,-35.70000076293945,11,0.5,2,ok
WAGX01000008.1,150076,150214,0,139,47.74020085120829,6.835381957859468,0.3886077885178415,0.42967588831535136,0.2892998131902681,0.512885296487995,-30.200000762939453,9,0.33093525179856115,2,ok
JACHHV010000002.1,45221,45058,0,164,63.398848925272375,2.4908704396632926,0.2258862549405384,0.5218521140709073,0.28863848692590194,0.3350020640485042,-28.299999237060547,9,0.4634146341463415,2,ok
QEQF01000009.1,48296,48132,0,165,55.73730975632511,10.463395979607974,0.13401601598381285,0.4537267273270253,0.29732075890784476,0.35768187699218906,-29.0,10,0.3575757575757576,2,ok
CP058557.1,1310995,1311145,0,151,88.38590836438063,6.75144847828685,0.509989333241672,0.34168550166262607,0.0032631236752525663,0.021934808047386456,-52.400001525878906,12,0.37748344370860926,2,ok
JAEVYN010000002.1,582676,582815,0,140,73.73708219054566,7.2248598678331195,0.5607178214830753,0.42506245390208036,0.24724139801630135,0.30484294215622126,-35.70000076293945,11,0.5,2,ok
KB291615.1,77827,77671,0,157,62.40037227723312,7.504107692772185,0.1836585527713166,0.5081214173841274,0.3114573056144937,0.35919666353790414,-24.700000762939453,24,0.3184713375796178,2,ok
JACHHV010000002.1,45221,45058,0,164,63.398848925272375,2.4908704396632926,0.2258862549405384,0.5218521140709073,0.28863848692590194,0.3350020640485042,-28.299999237060547,9,0.4634146341463415,2,ok
AZKM01000016.1,9333,9198,0,136,35.061851117873786,5.144398275158523,0.1794014745240149,0.5607659137655611,0.89993780035551,0.9611400724198014,-21.299999237060547,21,0.375,2,ok
CP058557.1,1310995,1311145,0,151,88.38590836438063,6.75144847828685,0.509989333241672,0.34168550166262607,0.0032631236752525663,0.021934808047386456,-52.400001525878906,12,0.37748344370860926,2,ok
JACYMF010000020.1,3400,3545,0,146,67.90593455888828,8.674919736496333,0.5630723183180636,0.39915892160862654,0.2573228019175745,0.33262133188950105,-37.900001525878906,7,0.410958904109589,2,ok
KB291615.1,77827,77671,0,157,62.40037227723312,7.504107692772185,0.1836585527713166,0.5081214173841274,0.3114573056144937,0.35919666353790414,-24.700000762939453,24,0.3184713375796178,2,ok
MZGV01000022.1,21482,21330,0,153,45.448224692940144,14.394998072121634,-0.0707859879143462,0.521388776985266,0.7336315247338014,0.66473783097442,-29.0,16,0.42483660130718953,2,ok
AZKM01000016.1,9333,9198,0,136,35.061851117873786,5.144398275158523,0.1794014745240149,0.5607659137655611,0.89993780035551,0.9611400724198014,-21.299999237060547,21,0.375,2,ok
AP018794.1,3354557,3354419,0,139,50.42401088319437,19.999999995609166,-0.0035838096208256065,0.5194884486456744,0.9994696825032034,0.9958210198286133,-36.599998474121094,14,0.38848920863309355,2,ok
JACYMF010000020.1,3400,3545,0,146,67.90593455888828,8.674919736496333,0.5630723183180636,0.39915892160862654,0.2573228019175745,0.33262133188950105,-37.900001525878906,7,0.410958904109589,2,ok
ADAD01000161.1,21370,21523,0,154,44.80176746517988,5.005338397443404,0.2780302413899492,0.4641189345190156,0.5673784216069186,0.6950710006318342,-28.600000381469727,13,0.3181818181818182,2,ok
MZGV01000022.1,21482,21330,0,153,45.448224692940144,14.394998072121634,-0.0707859879143462,0.521388776985266,0.7336315247338014,0.66473783097442,-29.0,16,0.42483660130718953,2,ok
WHJC01000163.1,5778,5629,0,150,61.54872916152533,6.656023721927712,0.16449672629862844,0.3475478624301224,0.46637194500537804,0.5138057054365511,-33.599998474121094,6,0.36666666666666664,2,ok
AP018794.1,3354557,3354419,0,139,50.42401088319437,19.999999995609166,-0.0035838096208256065,0.5194884486456744,0.9994696825032034,0.9958210198286133,-36.599998474121094,14,0.38848920863309355,2,ok
AE003852.1,1198970,1199152,0,183,59.314139554910305,9.953108376280284,0.11895270097552646,0.3804670486933352,0.4891423261195638,0.52613955643387,-59.70000076293945,8,0.47540983606557374,2,ok
ADAD01000161.1,21370,21523,0,154,44.80176746517988,5.005338397443404,0.2780302413899492,0.4641189345190156,0.5673784216069186,0.6950710006318342,-28.600000381469727,13,0.3181818181818182,2,ok
FQYQ01000007.1,113762,113585,0,178,46.33221259376074,15.941740246264755,-0.2871409139108889,0.4966519494691473,0.9533673524048805,0.6672497163991936,-37.0,9,0.4157303370786517,2,ok
WHJC01000163.1,5778,5629,0,150,61.54872916152533,6.656023721927712,0.16449672629862844,0.3475478624301224,0.46637194500537804,0.5138057054365511,-33.599998474121094,6,0.36666666666666664,2,ok
CP038493.1,144824,145018,0,195,38.24668532102216,5.8354168833738305,0.1938078086556536,0.36449400996933173,0.7431999673932174,0.8286120648642108,-55.599998474121094,8,0.41025641025641024,2,ok
AE003852.1,1198970,1199152,0,183,59.314139554910305,9.953108376280284,0.11895270097552646,0.3804670486933352,0.4891423261195638,0.52613955643387,-59.70000076293945,8,0.47540983606557374,2,ok
JMCG01000002.1,202767,202586,0,182,50.72208321049349,19.999999999999996,-0.006272848215636895,0.49459242249189744,0.6049883360126874,0.6004503281161189,-36.70000076293945,14,0.4230769230769231,2,ok
FQYQ01000007.1,113762,113585,0,178,46.33221259376074,15.941740246264755,-0.2871409139108889,0.4966519494691473,0.9533673524048805,0.6672497163991936,-37.0,9,0.4157303370786517,2,ok
LVZN01000056.1,79990,79749,0,242,71.65286903717897,4.010172185459809,0.6738538539547786,0.5042712606077494,0.362842674437278,0.49282031213772665,-40.099998474121094,22,0.40082644628099173,2,ok
CP038493.1,144824,145018,0,195,38.24668532102216,5.8354168833738305,0.1938078086556536,0.36449400996933173,0.7431999673932174,0.8286120648642108,-55.599998474121094,8,0.41025641025641024,2,ok
LNTY01000034.1,342431,342612,0,182,38.03638885193921,4.492965692900723,0.26898871329818785,0.34831063066865725,0.7455073774590725,0.8452242028499828,-56.79999923706055,11,0.44505494505494503,2,ok
JMCG01000002.1,202767,202586,0,182,50.72208321049349,19.999999999999996,-0.006272848215636895,0.49459242249189744,0.6049883360126874,0.6004503281161189,-36.70000076293945,14,0.4230769230769231,2,ok
GL538353.1,456855,456665,0,191,69.49970112778219,1.9727690232799264,0.6579690947603438,0.4436061728180227,0.5975420446461117,0.7047455380907348,-43.099998474121094,10,0.47643979057591623,2,ok
LVZN01000056.1,79990,79749,0,242,71.65286903717897,4.010172185459809,0.6738538539547786,0.5042712606077494,0.362842674437278,0.49282031213772665,-40.099998474121094,22,0.40082644628099173,2,ok
KQ758674.1,10469,10302,0,168,41.320262194675855,16.450375600249174,-0.005527143723283556,0.3884602642542155,0.30269454276299335,0.2982929626285729,-51.79999923706055,9,0.44047619047619047,2,ok
LNTY01000034.1,342431,342612,0,182,38.03638885193921,4.492965692900723,0.26898871329818785,0.34831063066865725,0.7455073774590725,0.8452242028499828,-56.79999923706055,11,0.44505494505494503,2,ok
KB944511.1,790425,790238,0,188,44.264379130786914,13.742553181888907,-0.14027824484507367,0.47154206112749025,0.9155906589730126,0.7842881068071093,-48.900001525878906,16,0.4946808510638298,2,ok
GL538353.1,456855,456665,0,191,69.49970112778219,1.9727690232799264,0.6579690947603438,0.4436061728180227,0.5975420446461117,0.7047455380907348,-43.099998474121094,10,0.47643979057591623,2,ok
FR895977.1,47593,47764,0,172,45.83389718783989,7.585287174320295,0.02310062236412813,0.39358955561658787,0.5097666968139837,0.5243904169650084,-44.0,10,0.4418604651162791,2,ok
KQ758674.1,10469,10302,0,168,41.320262194675855,16.450375600249174,-0.005527143723283556,0.3884602642542155,0.30269454276299335,0.2982929626285729,-51.79999923706055,9,0.44047619047619047,2,ok
KB944511.1,790425,790238,0,188,44.264379130786914,13.742553181888907,-0.14027824484507367,0.47154206112749025,0.9155906589730126,0.7842881068071093,-48.900001525878906,16,0.4946808510638298,2,ok
NHPP01000002.1,379703,379979,0,277,44.697815255085544,2.6507659629302656,0.2264867085240332,0.3810789389702893,0.6732447249192045,0.7314046399477678,-82.0,7,0.4187725631768953,2,ok
FR895977.1,47593,47764,0,172,45.83389718783989,7.585287174320295,0.02310062236412813,0.39358955561658787,0.5097666968139837,0.5243904169650084,-44.0,10,0.4418604651162791,2,ok
FMDO01000007.1,298626,298813,0,188,39.13029828672534,19.99999999999988,-0.012432991240525104,0.4771714307916751,0.5561982540282191,0.5489747048924016,-49.900001525878906,20,0.4148936170212766,2,ok
BLAW01000001.1,531352,531150,0,203,52.15078066679712,19.999999999999996,-0.015460454150646785,0.4811922641339529,0.9309269450777146,0.9204103327029234,-49.0,12,0.43349753694581283,2,ok
NHPP01000002.1,379703,379979,0,277,44.697815255085544,2.6507659629302656,0.2264867085240332,0.3810789389702893,0.6732447249192045,0.7314046399477678,-82.0,7,0.4187725631768953,2,ok
CP002629.1,2484291,2484103,0,189,50.01207490621564,5.468869871683668,0.17876040045201735,0.4704736118981356,0.8336619999824286,0.9169022184318487,-62.400001525878906,11,0.5502645502645502,2,ok
FMDO01000007.1,298626,298813,0,188,39.13029828672534,19.99999999999988,-0.012432991240525104,0.4771714307916751,0.5561982540282191,0.5489747048924016,-49.900001525878906,20,0.4148936170212766,2,ok
JOJP01000001.1,3050891,3051005,0,115,83.66989645602797,4.578962625752556,0.5737421938423253,0.35175254580840176,0.14468134742703578,0.20548796673777048,-40.70000076293945,7,0.4782608695652174,2,ok
HF990865.1,106916,106844,0,73,39.474604383102815,1.8949929069855889,1.0670580714389741,0.4104846780657341,0.40333578813883725,0.6005439398430477,-14.199999809265137,7,0.3698630136986301,2,ok
BLAW01000001.1,531352,531150,0,203,52.15078066679712,19.999999999999996,-0.015460454150646785,0.4811922641339529,0.9309269450777146,0.9204103327029234,-49.0,12,0.43349753694581283,2,ok
CP014304.1,3975839,3975736,0,104,94.99965159531595,4.507447349722217,0.3865078304237894,0.4624774549678618,0.1810324229381141,0.20635816213940822,-30.899999618530273,8,0.5865384615384616,2,ok
CP002629.1,2484291,2484103,0,189,50.01207490621564,5.468869871683668,0.17876040045201735,0.4704736118981356,0.8336619999824286,0.9169022184318487,-62.400001525878906,11,0.5502645502645502,2,ok
MWWV01000004.1,215223,215118,0,106,43.84284542664834,4.719128009281831,0.4868993673380029,0.5148473633457004,0.24041680926084372,0.45225043643022483,-28.200000762939453,13,0.5660377358490566,2,ok
JOJP01000001.1,3050891,3051005,0,115,83.66989645602797,4.578962625752556,0.5737421938423253,0.35175254580840176,0.14468134742703578,0.20548796673777048,-40.70000076293945,7,0.4782608695652174,2,ok
HF990865.1,106916,106844,0,73,39.474604383102815,1.8949929069855889,1.0670580714389741,0.4104846780657341,0.40333578813883725,0.6005439398430477,-14.199999809265137,7,0.3698630136986301,2,ok
HF999800.1,77019,76820,0,200,53.32523188566944,19.999999999999996,-0.002375927161657354,0.585648206391301,0.9720868027240493,0.9721021698836261,-12.600000381469727,22,0.25,2,ok
CP014304.1,3975839,3975736,0,104,94.99965159531595,4.507447349722217,0.3865078304237894,0.4624774549678618,0.1810324229381141,0.20635816213940822,-30.899999618530273,8,0.5865384615384616,2,ok
WSFT01000019.1,127454,127238,0,217,81.74689930557373,8.050215614336945,0.5207806327487838,0.555855666757483,0.2777868039976363,0.29813751921863596,-31.600000381469727,15,0.31336405529953915,2,ok
MWWV01000004.1,215223,215118,0,106,43.84284542664834,4.719128009281831,0.4868993673380029,0.5148473633457004,0.24041680926084372,0.45225043643022483,-28.200000762939453,13,0.5660377358490566,2,ok
HF999800.1,77019,76820,0,200,53.32523188566944,19.999999999999996,-0.002375927161657354,0.585648206391301,0.9720868027240493,0.9721021698836261,-12.600000381469727,22,0.25,2,ok
WSFT01000019.1,127454,127238,0,217,81.74689930557373,8.050215614336945,0.5207806327487838,0.555855666757483,0.2777868039976363,0.29813751921863596,-31.600000381469727,15,0.31336405529953915,2,ok
LZZM01000187.1,26871,27195,0,325,38.027481991371246,4.897711554180706,0.389832716154847,0.4244116172854632,0.49858753033676806,0.6516401278009494,-63.5,16,0.3230769230769231,2,ok
LZZM01000187.1,26871,27195,0,325,38.027481991371246,4.897711554180706,0.389832716154847,0.4244116172854632,0.49858753033676806,0.6516401278009494,-63.5,16,0.3230769230769231,2,ok
JAGFPK010000001.1,2491111,2490733,0,379,51.9244853460642,11.494605765620493,0.07677723710497919,0.3580875761981681,0.6717092427847203,0.7207195880083056,-152.60000610351562,13,0.6358839050131926,2,ok
JAGFPK010000001.1,2491111,2490733,0,379,51.9244853460642,11.494605765620493,0.07677723710497919,0.3580875761981681,0.6717092427847203,0.7207195880083056,-152.60000610351562,13,0.6358839050131926,2,ok
QGTQ01000046.1,19613,19257,0,357,44.03376254027436,7.9427313124429215,0.12202342250663456,0.4160949448022879,0.8171386639630476,0.8969250212383278,-113.69999694824219,15,0.5182072829131653,2,ok
QGTQ01000046.1,19613,19257,0,357,44.03376254027436,7.9427313124429215,0.12202342250663456,0.4160949448022879,0.8171386639630476,0.8969250212383278,-113.69999694824219,15,0.5182072829131653,2,ok
AFDH01000100.1,64575,64227,0,349,89.07936870959787,5.814732636387165,0.530409487442808,0.3957789638737266,0.4003240314919608,0.4278579363752765,-118.30000305175781,13,0.5759312320916905,2,ok
AFDH01000100.1,64575,64227,0,349,89.07936870959787,5.814732636387165,0.530409487442808,0.3957789638737266,0.4003240314919608,0.4278579363752765,-118.30000305175781,13,0.5759312320916905,2,ok
LITU01000078.1,204585,204928,0,344,53.33413138211864,4.701192444920179,0.39131611907146024,0.37899163511379336,0.23133250309937758,0.3816350587259544,-124.9000015258789,7,0.5377906976744186,2,ok
CP016757.1,3007422,3007763,0,342,56.08820157113161,7.3927428362247705,0.5167065816472551,0.3890316541874443,0.3480989060112584,0.5649491095734758,-126.5,15,0.5175438596491229,2,ok
LITU01000078.1,204585,204928,0,344,53.33413138211864,4.701192444920179,0.39131611907146024,0.37899163511379336,0.23133250309937758,0.3816350587259544,-124.9000015258789,7,0.5377906976744186,2,ok
CP016757.1,3007422,3007763,0,342,56.08820157113161,7.3927428362247705,0.5167065816472551,0.3890316541874443,0.3480989060112584,0.5649491095734758,-126.5,15,0.5175438596491229,2,ok
ALJF01000023.1,172147,171774,0,374,67.72981099622017,19.999999999999996,0.5085011999612286,0.4091778321915318,0.3013923624889142,0.303751297519658,-145.60000610351562,13,0.6229946524064172,2,ok
ALJF01000023.1,172147,171774,0,374,67.72981099622017,19.999999999999996,0.5085011999612286,0.4091778321915318,0.3013923624889142,0.303751297519658,-145.60000610351562,13,0.6229946524064172,2,ok
CP010415.1,1777002,1777372,0,371,94.9999946374556,3.363834975179405,0.30570552246459665,0.27934095421390137,0.2752394401866479,0.3050075484414889,-185.0,10,0.6145552560646901,2,ok
CP010415.1,1777002,1777372,0,371,94.9999946374556,3.363834975179405,0.30570552246459665,0.27934095421390137,0.2752394401866479,0.3050075484414889,-185.0,10,0.6145552560646901,2,ok
FWXU01000007.1,189787,190155,0,369,59.28690834176258,6.343763715697446,0.3526401671550459,0.34592808406876735,0.2976258351963893,0.4158382687981895,-161.0,12,0.6178861788617886,2,ok
CM001240.1,5761585,5761266,0,320,42.61324512878171,5.048011710222758,0.3382099544858945,0.5565873949810483,0.7266893453555071,0.8804857448417163,-47.0,39,0.31875,2,ok
FWXU01000007.1,189787,190155,0,369,59.28690834176258,6.343763715697446,0.3526401671550459,0.34592808406876735,0.2976258351963893,0.4158382687981895,-161.0,12,0.6178861788617886,2,ok
CAJNBL010000007.1,24814,24471,0,344,42.03009290660103,12.11678947547622,-0.12884585623815098,0.45862607304837055,0.17516584556872333,0.06808386780205791,-86.0999984741211,9,0.4941860465116279,2,ok
CM001240.1,5761585,5761266,0,320,42.61324512878171,5.048011710222758,0.3382099544858945,0.5565873949810483,0.7266893453555071,0.8804857448417163,-47.0,39,0.31875,2,ok
CAJNBL010000007.1,24814,24471,0,344,42.03009290660103,12.11678947547622,-0.12884585623815098,0.45862607304837055,0.17516584556872333,0.06808386780205791,-86.0999984741211,9,0.4941860465116279,2,ok
UEYP01000004.1,95967,95591,0,377,28.226645121838086,5.1972962647472825,0.6226771001684501,0.3588390706116338,0.16778960982215727,0.2723835809816999,-166.0,10,0.6578249336870027,2,ok
UEYP01000004.1,95967,95591,0,377,28.226645121838086,5.1972962647472825,0.6226771001684501,0.3588390706116338,0.16778960982215727,0.2723835809816999,-166.0,10,0.6578249336870027,2,ok
VHLH01000023.1,18236,17865,0,372,72.99671282127882,2.4489938293549387,0.21754177294901045,0.33843629881562676,0.5780165399888708,0.6158817086807653,-167.0,6,0.6639784946236559,2,ok
VHLH01000023.1,18236,17865,0,372,72.99671282127882,2.4489938293549387,0.21754177294901045,0.33843629881562676,0.5780165399888708,0.6158817086807653,-167.0,6,0.6639784946236559,2,ok
