rfamseq_acc,seq_start,seq_end,label,seq_length,viennarna_Tm,viennarna_hill_coeff,viennarna_amplitude,viennarna_mean_unpaired_prob,viennarna_sd_pair_prob_10C,viennarna_sd_pair_prob_80C,viennarna_MFE,viennarna_max_loop_length,viennarna_gc_content,viennarna_dangles_model,viennarna_fit_status
GCF_000144695.1:NC_014378.1,422079,422208,0,130,70.9345079045734,19.999999999984972,0.5033612343400263,0.4036860232683802,0.7410740225286093,0.7425420672013124,-36.29999923706055,16,0.35384615384615387,2,ok
GCF_000024285.1:NC_013205.1,548300,548395,0,96,87.9363314424263,2.1327141908253058,0.12440832510739125,0.30675779007802856,0.1908117144095074,0.20744249307752594,-34.599998474121094,4,0.6041666666666666,2,ok
GCF_000024285.1:NC_013205.1,423753,423851,0,99,25.87960115355948,2.4180865056945757,0.7110161442677483,0.4097681889417823,0.5407335141672474,0.6535080527933137,-32.400001525878906,5,0.6464646464646465,2,ok
GCF_000024285.1:NC_013205.1,1770837,1770934,0,98,92.41480929325506,2.343312523376559,0.41707745364475396,0.39439639743494553,0.40991982182752124,0.4618266854417129,-31.100000381469727,6,0.5714285714285714,2,ok
GCF_000024285.1:NC_013205.1,2825248,2825341,0,94,47.00422041972659,15.388226502296142,-0.02426431564270959,0.3342576354811016,0.8196701128112004,0.7951910986876256,-41.400001525878906,5,0.6702127659574468,2,ok
GCF_000024285.1:NC_013205.1,1968378,1968475,0,98,57.849621111508874,3.950060579192002,0.9130159917818833,0.38710665158638446,0.27760753566914,0.5585759177428344,-35.0,5,0.6530612244897959,2,ok
GCF_000024285.1:NC_013205.1,643727,643825,0,99,40.21669966321477,18.829528028777368,0.020885061689682516,0.4807626946404219,0.9185125865064303,0.9348991344644969,-34.70000076293945,15,0.6666666666666666,2,ok
GCF_000024285.1:NC_013205.1,2776070,2776160,0,91,93.4834502342535,2.0297898101297744,0.6136751145312388,0.4781362809262876,0.45983032487530495,0.5350389318939905,-23.200000762939453,11,0.5604395604395604,2,ok
GCF_000024285.1:NC_013205.1,1462171,1462274,0,104,71.7257923669864,7.054095039879402,0.5772245166771557,0.3508995921894741,0.3426867227971204,0.41486069890504745,-37.099998474121094,5,0.625,2,ok
GCF_000024285.1:NC_013207.1,65846,65939,0,94,79.39525630806402,7.121185645483258,0.4948469996651562,0.3308136531833787,0.175238364590217,0.20706732063991096,-32.099998474121094,8,0.574468085106383,2,ok
GCF_000024285.1:NC_013205.1,322370,322464,0,95,40.349124113578966,13.659408820805348,-0.007988935403298824,0.39935279346799524,0.031787476993547926,0.025686961758408917,-36.5,6,0.6842105263157895,2,ok
GCF_000024285.1:NC_013205.1,328628,328724,0,97,49.907558092782104,5.784294397444548,0.5501006372145606,0.4083514949512381,0.1732604500996755,0.44075418333621763,-31.600000381469727,10,0.5670103092783505,2,ok
GCF_000024285.1:NC_013205.1,1468938,1469036,0,99,37.620673657691036,4.862826726950032,0.18662662609004765,0.4958752745340359,0.897928341602274,0.969567919099864,-32.0,23,0.6060606060606061,2,ok
GCF_000024285.1:NC_013206.1,48025,48115,0,91,90.59716076517026,3.153890863165167,0.6040681080776362,0.3487528976170552,0.2580825351166014,0.3286159707699999,-34.900001525878906,8,0.5604395604395604,2,ok
GCF_000024285.1:NC_013205.1,631635,631727,0,93,94.99988879648991,6.70251168486838,0.21719156281811414,0.37658952122401856,0.5007787120263733,0.505882425254453,-30.399999618530273,10,0.6021505376344086,2,ok
GCF_000024285.1:NC_013205.1,440110,440211,0,102,46.2912123673753,2.51255524946447,0.3163631462967225,0.42587950422904414,0.509680800286253,0.5868224966643967,-31.0,7,0.5392156862745098,2,ok
GCF_000024285.1:NC_013205.1,1527993,1528086,0,94,27.991661069182165,3.1043600193154295,0.25001169616785474,0.3924525283190253,0.3360536017042749,0.38279013870333867,-31.5,6,0.5851063829787234,2,ok
GCF_000024285.1:NC_013205.1,633939,634036,0,98,52.63988020259678,8.937872337013486,0.22335742248487545,0.4634451853969225,0.6120174081614218,0.7361396697449297,-28.299999237060547,10,0.5918367346938775,2,ok
GCF_000024285.1:NC_013205.1,2825817,2825912,0,96,59.501686009565795,2.2289111494069234,0.46637945142617665,0.4087552635168749,0.5843625688564884,0.6770859335752463,-25.600000381469727,7,0.5833333333333334,2,ok
GCF_000025305.1:NC_013740.1,1813491,1813588,0,98,93.43754822356613,4.759174862723248,0.4950282829476801,0.4455408247954097,0.2633197776275453,0.2943801222914866,-30.299999237060547,9,0.5918367346938775,2,ok
GCF_000024285.1:NC_013205.1,1616212,1616326,0,115,45.46619187397122,6.016536260981431,0.2767162862180369,0.42416166455099896,0.4572589235467731,0.6050276878166433,-38.20000076293945,6,0.6,2,ok
GCF_000024285.1:NC_013207.1,68155,68248,0,94,94.99998732606598,3.631664728893901,0.37974551292347525,0.48938569587868463,0.5791614762666323,0.6139932798406116,-26.600000381469727,9,0.574468085106383,2,ok
GCF_000024285.1:NC_013205.1,1485863,1485954,0,92,94.99997675991028,4.729694529891759,0.1859543145990764,0.3573819355717613,0.314569441267193,0.32556371652730975,-30.200000762939453,6,0.5978260869565217,2,ok
GCF_000024285.1:NC_013205.1,2232568,2232665,0,98,41.29461331985632,13.929364998393638,-0.02632441684049247,0.37198766815065704,0.5274701782592144,0.50589886339835,-39.099998474121094,7,0.6122448979591837,2,ok
GCF_000025305.1:NC_013740.1,441744,441840,0,97,39.9645043176321,5.455060936541446,0.41203710041512187,0.42813244905163206,0.6737135068052973,0.860908802039263,-30.200000762939453,8,0.5773195876288659,2,ok
GCF_025149125.1:NZ_CP102272.1,1238203,1238298,0,96,36.54391965565046,19.999999999999996,-0.2135918024489779,0.521196595112159,0.44731040290741597,0.36190446632199164,-28.0,21,0.59375,2,ok
GCF_000024285.1:NC_013205.1,424967,425061,0,95,56.252426407681305,5.374755625893641,0.2918237028114712,0.48255202544798065,0.6496371059729623,0.758946721080397,-27.600000381469727,8,0.6105263157894737,2,ok
GCF_000024285.1:NC_013205.1,2791543,2791629,0,87,75.4986731954289,3.3244596056935634,0.5520211604788814,0.36074135156641374,0.2834178886826773,0.3791135961838644,-33.099998474121094,8,0.6206896551724138,2,ok
GCF_000025305.1:NC_013740.1,51128,51222,0,95,45.98788345154928,7.2758510195611175,0.2678423989515992,0.4976450409383622,0.7624099170750629,0.9272846202581377,-28.5,14,0.5684210526315789,2,ok
GCF_025149125.1:NZ_CP102272.1,5377732,5377825,0,94,28.615468957501776,19.999999999999996,-0.391759813878436,0.38105161045065383,0.007720878081348581,0.006168313856607516,-40.400001525878906,6,0.6595744680851063,2,ok
GCF_000024285.1:NC_013205.1,2765097,2765206,0,110,66.5965087627192,10.887461137816961,0.563232974941098,0.37584051717252864,0.2410338284255335,0.30495314289552383,-38.599998474121094,10,0.6,2,ok
GCF_000025305.1:NC_013740.1,1338482,1338575,0,94,94.99999184226829,4.236362716041863,0.28407301233096516,0.3598611380510432,0.2077804087633326,0.2282224815254407,-40.400001525878906,6,0.6170212765957447,2,ok
GCF_000022305.1:NC_011992.1,1370840,1370935,0,96,29.033350005615645,19.427094353056397,-0.04014746866516128,0.6205598056202285,0.9957237821519269,0.9956757530513632,-24.399999618530273,12,0.6145833333333334,2,ok
GCF_000024285.1:NC_013205.1,1446994,1447089,0,96,80.93612934374289,7.1863654663541405,0.5111334221224804,0.34899462437787565,0.49188083617555406,0.5200685669370358,-44.400001525878906,8,0.6875,2,ok
GCF_047936785.1:NZ_CP176394.1,529188,529296,0,109,37.348964177219024,0.889281150021305,1.00434168140904,0.4718274903215844,0.5582520307199887,0.6462350447125114,-36.29999923706055,8,0.6605504587155964,2,ok
GCF_902729405.1:NZ_LR746496.1,880548,880674,0,127,50.26314253862382,19.999999999440288,-0.022212580793655845,0.38539340500962216,0.6014619630718642,0.5795277187270486,-47.0,9,0.6299212598425197,2,ok
GCF_000024285.1:NC_013207.1,81824,81915,0,92,50.18793371924107,4.558952304828666,0.26338496877262596,0.5245616556467435,0.5711412502710107,0.6774293704861873,-20.899999618530273,10,0.6847826086956522,2,ok
GCF_000021485.1:NC_011761.1,2239839,2239962,0,124,64.58286395375595,5.669236048928373,0.5216952394328433,0.3638565570564871,0.4245745468044303,0.5529626834083203,-50.20000076293945,10,0.6774193548387096,2,ok
GCF_000024285.1:NC_013206.1,10288,10381,0,94,94.99999999961227,2.8876073752204965,0.4989742423308535,0.4105561511125127,0.31366430171224585,0.36887564984949783,-33.0,10,0.6382978723404256,2,ok
GCF_000025305.1:NC_013740.1,1504393,1504485,0,93,50.89296981791657,6.311786543925762,0.30927395853941925,0.383119028836232,0.30273114358779984,0.4580446405990476,-34.900001525878906,9,0.5806451612903226,2,ok
GCF_000024285.1:NC_013205.1,116494,116582,0,89,31.87408891188515,19.999999999951783,0.5160891025729335,0.4905538902840596,0.7245649754929339,0.7420909814286036,-21.899999618530273,12,0.550561797752809,2,ok
GCF_000024285.1:NC_013205.1,3001511,3001603,0,93,72.79689171218145,4.804758939639879,0.6310974324207956,0.37418999951498966,0.11337539944009944,0.22180966131545254,-33.400001525878906,11,0.6129032258064516,2,ok
GCF_000164865.1:NC_014618.1,401267,401363,0,97,51.032089900832254,9.07750695838022,0.39262899242543314,0.3846008507186382,0.1883234847033004,0.4288363230063359,-30.5,10,0.6288659793814433,2,ok
GCF_000144625.1:NC_014376.1,4063347,4063436,0,90,51.32404088961797,19.999999999999996,-0.0380983236440966,0.5050007713929869,0.9489743235405088,0.9172608575275929,-27.0,23,0.4888888888888889,2,ok
GCF_000015865.1:NC_009012.1,200507,200611,0,105,67.50757880627131,5.926580696264965,0.6484919825467925,0.3434416748232255,0.31808594983104255,0.44880795039579713,-33.79999923706055,6,0.5142857142857142,2,ok
GCF_000025305.1:NC_013740.1,396313,396406,0,94,53.57124783506158,17.863862872594712,0.047366161562637454,0.4467408714121584,0.2858894134793252,0.31382729509206514,-25.899999618530273,8,0.5106382978723404,2,ok
GCF_025149125.1:NZ_CP102272.1,1238862,1238981,0,120,92.33749190207477,3.1801405177044924,0.08386570168489632,0.37580978449336244,0.3383227188533458,0.34752651950624136,-50.5,6,0.6583333333333333,2,ok
GCF_000144625.1:NC_014376.1,2204550,2204651,0,102,52.95951964801827,10.248448654835904,0.05589597546745095,0.562203018139803,0.5133296771657702,0.5450847707371923,-20.600000381469727,16,0.5882352941176471,2,ok
GCF_902729405.1:NZ_LR746496.1,1497540,1497637,0,98,39.30233548448801,19.99999999999985,0.009938970874075692,0.39129062483010696,0.9840470350979198,0.991043467915636,-37.400001525878906,6,0.6632653061224489,2,ok
GCF_000024285.1:NC_013205.1,1566016,1566101,0,86,24.942690885365906,4.296469320443553,0.5919429706298924,0.545312065718751,0.6105541031074687,0.6837297036744626,-16.5,7,0.5581395348837209,2,ok
GCF_025144545.1:NZ_CP102249.1,2056939,2057040,0,102,39.50152592330615,4.785300747415296,0.04074559168466832,0.4145436981792143,0.24402421422229187,0.2606129418398389,-36.20000076293945,8,0.5882352941176471,2,ok
GCF_040267475.1:NZ_CP125628.1,3433946,3434041,0,96,45.86381131792007,12.287865329488785,0.10400179604196008,0.500801075833362,0.4997050725054426,0.5865840408647062,-33.70000076293945,11,0.6354166666666666,2,ok
GCF_000025305.1:NC_013740.1,895631,895717,0,87,94.99999891287314,4.967852188314369,0.07505198651316644,0.38953364037331173,0.0015170488452217097,0.005527173197898416,-30.700000762939453,6,0.5632183908045977,2,ok
GCF_025149125.1:NZ_CP102272.1,6047854,6047958,0,105,94.99999999984574,2.8382283231586936,0.33277654952169144,0.4139468409107172,0.38592171797868463,0.42320878769776116,-37.0,12,0.6095238095238096,2,ok
GCF_000022305.1:NC_011992.1,2064370,2064464,0,95,94.99997626040297,4.758023468700158,0.43183840805027496,0.344946335730979,0.21032586613397627,0.23563519807960587,-43.099998474121094,5,0.7684210526315789,2,ok
GCF_000024285.1:NC_013205.1,1147404,1147502,0,99,94.9998066394452,3.890226435708944,0.2860560357823828,0.4380585939103249,0.23032397938845306,0.2540877414233285,-34.29999923706055,12,0.6363636363636364,2,ok
GCF_000024285.1:NC_013205.1,1545909,1545999,0,91,79.86334864694884,5.68753842225155,0.5593578990550985,0.36537570426800514,0.34717526982573227,0.4004341913522624,-37.599998474121094,6,0.6483516483516484,2,ok
GCF_902729405.1:NZ_LR746496.1,3494774,3494863,0,90,67.20449092139545,8.176943343880616,0.5971418162673068,0.5014652904106665,0.5551964129723282,0.6481381451395347,-30.200000762939453,18,0.6222222222222222,2,ok
GCF_000024285.1:NC_013207.1,80110,80214,0,105,41.343589618706034,9.337095675135915,0.2951093233247585,0.44652458678310836,0.674953382898723,0.8732601407597271,-33.099998474121094,9,0.638095238095238,2,ok
GCF_025149125.1:NZ_CP102272.1,2991753,2991859,0,107,44.81624252244096,14.662594208319412,-0.10108602707218128,0.40362066707008404,0.6724545439387689,0.5753670259344926,-36.599998474121094,6,0.6542056074766355,2,ok
GCF_000024285.1:NC_013205.1,2772836,2772928,0,93,77.85452968880897,4.1175669314446415,0.6197256710692302,0.41331620862991925,0.3175975818362795,0.4098743718934344,-28.399999618530273,11,0.6021505376344086,2,ok
GCF_000024285.1:NC_013205.1,273383,273473,0,91,94.99999996057461,2.820137416091285,0.15929402183541272,0.42676304363769035,0.15503766801120786,0.17325536162374816,-23.5,8,0.5274725274725275,2,ok
GCF_013267415.1:NZ_CP053988.1,1145583,1145680,0,98,50.84629813245506,19.999999999999996,-0.08290301927279031,0.4280548782770896,0.8583708340067163,0.7843393828882151,-36.599998474121094,10,0.6224489795918368,2,ok
GCF_047456285.1:NZ_CP174122.1,3040979,3041079,0,101,65.08245442932194,19.999999997647734,0.5183139182454357,0.3460980084005661,0.32036388289057055,0.3301174272424866,-35.599998474121094,11,0.5841584158415841,2,ok
GCF_000024285.1:NC_013205.1,1423020,1423114,0,95,71.9328790869706,8.265387936860202,0.5535780090181329,0.4366303705390469,0.1103026274776937,0.16310251939407894,-23.700000762939453,9,0.5473684210526316,2,ok
GCF_025149125.1:NZ_CP102272.1,3004637,3004737,0,101,47.74850580847177,16.544162919784174,-0.04116478088473852,0.454000503702452,0.8904927059235462,0.8484386964782488,-30.700000762939453,11,0.6039603960396039,2,ok
GCF_004295125.1:NZ_CP036170.1,124410,124501,0,92,31.4099637252725,19.999999999999996,0.519294001874508,0.4589361850202736,0.7246048233453454,0.7347415182889243,-30.600000381469727,12,0.5760869565217391,2,ok
GCF_000024285.1:NC_013205.1,561864,561970,0,107,37.56464676232265,5.797453356362437,0.02698825546093586,0.47570466331075706,0.976858995056934,0.9882493604912128,-25.399999618530273,12,0.5514018691588785,2,ok
GCF_000021485.1:NC_011761.1,1642758,1642854,0,97,35.390803690259375,2.9432183164099057,0.28554368208668446,0.40931602160201397,0.8566874527076085,0.9288412268767633,-43.099998474121094,17,0.6597938144329897,2,ok
GCF_000025305.1:NC_013740.1,2131213,2131304,0,92,54.30007102990949,9.01951526583515,0.24163236344951566,0.5706307341398345,0.6226342372503506,0.7429590336793612,-17.5,12,0.5652173913043478,2,ok
GCF_000024285.1:NC_013205.1,1656264,1656384,0,121,56.64999606851163,6.533052982209195,0.13517871390914937,0.35277050965079465,0.5144981486233982,0.5676981558993852,-46.20000076293945,8,0.6446280991735537,2,ok
GCF_047936785.1:NZ_CP176394.1,2305792,2305864,0,73,53.12883776736765,7.835488638138078,0.7475984181759474,0.5347806242161408,0.31166195633422145,0.694346842230427,-25.200000762939453,10,0.6438356164383562,2,ok
GCF_025149125.1:NZ_CP102272.1,5375280,5375377,0,98,45.760200290174666,5.987083045541057,0.10738409172018637,0.41843475212760695,0.6178158899822954,0.6749901821753741,-29.600000381469727,11,0.5918367346938775,2,ok
GCF_000021485.1:NC_011761.1,117515,117610,0,96,75.63367534813126,4.446010314188123,0.6216064575079165,0.44704656582484553,0.6308776031367116,0.7279218948055234,-31.100000381469727,11,0.6354166666666666,2,ok
GCF_000025305.1:NC_013740.1,2130494,2130598,0,105,79.80174576403179,6.36629803985888,0.5462320837475904,0.44181591883242166,0.17042396324623643,0.213424661197912,-32.29999923706055,17,0.5714285714285714,2,ok
GCF_000024285.1:NC_013205.1,2789700,2789792,0,93,42.821263341263325,4.517974035916182,0.14192443418972556,0.4190368015275948,0.2989825986024358,0.35800774408722535,-24.700000762939453,16,0.5591397849462365,2,ok
GCF_000024285.1:NC_013205.1,2841127,2841228,0,102,53.66355738272653,19.26505602655301,0.014886392050870667,0.42086155368965944,0.26259417630067333,0.27127992495577863,-28.700000762939453,6,0.5392156862745098,2,ok
GCF_000024285.1:NC_013205.1,645435,645526,0,92,53.954649305171976,4.376016315476679,0.2994047922443084,0.521468415588857,0.5672545017787562,0.6750482843775995,-20.899999618530273,10,0.6739130434782609,2,ok
GCF_040267475.1:NZ_CP125628.1,4840863,4840966,0,104,58.058664936607215,8.577908866112596,0.07814433626469464,0.4936434829912984,0.5921317303582804,0.6206835871378218,-31.700000762939453,8,0.6057692307692307,2,ok
GCF_000024285.1:NC_013205.1,1999109,1999200,0,92,50.808897360782886,9.192581459231029,0.35242044800904815,0.3746174322657382,0.4293716722409596,0.6489143316426919,-40.29999923706055,8,0.7391304347826086,2,ok
GCF_047936785.1:NZ_CP176394.1,1216434,1216539,0,106,31.804604034611508,19.99999999998737,0.5257489917204612,0.36538786624920055,0.8164985537319349,0.8209517847390584,-39.5,16,0.6037735849056604,2,ok
GCF_000024285.1:NC_013205.1,2846599,2846691,0,93,49.05837363967506,8.892797531412942,0.005256560553356215,0.5275647762533314,0.9495256243282393,0.9529910732521965,-22.399999618530273,11,0.5591397849462365,2,ok
GCF_000093085.1:NC_014219.1,153675,153768,0,94,68.35694221796629,6.413430959169071,0.6253251302639161,0.3838845015183288,0.05190347519002545,0.16634054662203085,-28.299999237060547,7,0.5638297872340425,2,ok
GCF_025149125.1:NZ_CP102272.1,2544922,2545012,0,91,37.44059301599437,6.748708809445162,0.17383343717364808,0.4693636559671516,0.9012242203752049,0.9795162741568167,-30.399999618530273,26,0.5714285714285714,2,ok
GCF_025149125.1:NZ_CP102272.1,3262000,3262090,0,91,46.20940862145592,2.7729482264433183,0.53128230292301,0.43916525253636496,0.5702058215014759,0.7126780908624386,-31.700000762939453,6,0.5714285714285714,2,ok
GCF_047936785.1:NZ_CP176394.1,2189869,2189964,0,96,54.18576687952101,5.98813359925828,0.135476100959823,0.43250783778034924,0.5094501893869632,0.5676948124737387,-36.29999923706055,11,0.59375,2,ok
GCF_000024285.1:NC_013205.1,1691038,1691148,0,111,61.2002427970201,8.52275221013501,0.25228466466095956,0.3630612179197678,0.7138820996851606,0.7829449640719008,-44.29999923706055,7,0.6756756756756757,2,ok
GCF_902729405.1:NZ_LR746496.1,1203805,1203910,0,106,45.94153872026387,14.200829223014733,-0.06044877256015896,0.379995167952651,0.4923074552804917,0.4328585306514303,-35.0,7,0.6037735849056604,2,ok
GCF_000144625.1:NC_014376.1,4052400,4052493,0,94,43.82493264019481,7.309778751330023,0.2808167691862683,0.45101065168245086,0.7257115662017003,0.8985173238472163,-29.700000762939453,14,0.574468085106383,2,ok
GCF_000021485.1:NC_011761.1,172857,172948,0,92,94.99999978249683,4.536050324121583,0.04600821796591559,0.4777180399937442,0.6008863974995352,0.6038224305846027,-31.5,8,0.6521739130434783,2,ok
GCF_000022305.1:NC_011992.1,1228912,1229004,0,93,55.0495321471432,15.691294830373591,0.0409649297124296,0.43918162844145187,0.27402616504659594,0.2939634219880628,-33.20000076293945,6,0.6666666666666666,2,ok
GCF_000024285.1:NC_013205.1,1485501,1485590,0,90,62.48790592959158,3.546010632224138,0.43366184809115077,0.37628993617970885,0.48506969422018387,0.5951448049763888,-34.0,5,0.6666666666666666,2,ok
GCF_902729405.1:NZ_LR746496.1,49454,49537,0,84,90.81000154664481,7.342751040449789,0.42234110395767943,0.3574038248905258,0.16797835911721734,0.17786849773537117,-34.70000076293945,8,0.5595238095238095,2,ok
GCF_000025305.1:NC_013740.1,465974,466068,0,95,67.3949378698528,3.525156901476329,0.3393346959523787,0.4236640449380627,0.3891803766175232,0.4639756181354674,-37.099998474121094,12,0.5157894736842106,2,ok
GCF_000024285.1:NC_013205.1,2777338,2777436,0,99,38.01860958154894,6.845146640989102,0.0817489504207517,0.4433263865987526,0.8835124895504247,0.9220177746246326,-33.20000076293945,16,0.5454545454545454,2,ok
GCF_000024285.1:NC_013205.1,3018648,3018755,0,108,94.99999999904786,2.531679381217018,0.5573811307398193,0.43253414896868364,0.4077012577119645,0.4738273922333446,-27.0,7,0.5462962962962963,2,ok
GCF_902729405.1:NZ_LR746496.1,2059822,2059927,0,106,43.069494822865785,8.421421570321744,0.19103571063082114,0.49712452919295713,0.6898797915195958,0.8173434362847594,-26.700000762939453,10,0.6037735849056604,2,ok
GCF_004295125.1:NZ_CP036170.1,125974,126070,0,97,94.9999315130298,3.9965419996074445,0.34614130388723996,0.47579378023550867,0.5116141493564105,0.5389085949986747,-27.0,10,0.5773195876288659,2,ok
GCF_000022305.1:NC_011992.1,1346576,1346669,0,94,83.221577090704,6.717537586179363,0.5154399391538437,0.41179648042582845,0.10444040377482308,0.13249260179311428,-35.5,16,0.6382978723404256,2,ok
GCF_025149125.1:NZ_CP102272.1,4657302,4657416,0,115,89.92374726068942,4.880033631109974,0.4107921817944451,0.36050910052988155,0.12516414653580749,0.15404064481598018,-46.70000076293945,6,0.6608695652173913,2,ok
GCF_902729405.1:NZ_LR746496.1,3332611,3332724,0,114,69.02109329640666,7.584521003310754,0.5895504914494436,0.43699033547243604,0.4520326789942509,0.5369452848503926,-40.29999923706055,11,0.6140350877192983,2,ok
GCF_022845755.1:NZ_AP025566.1,2656071,2656184,0,114,58.826391279858996,6.798992121340059,0.2174511979208532,0.3924024583192072,0.49660704537305395,0.5719879823610166,-34.0,5,0.5701754385964912,2,ok
GCF_902729405.1:NZ_LR746496.1,2839717,2839834,0,118,13.728919388781684,1.7230140636989284,0.5651041544462212,0.5542214496525417,0.8294366830460553,0.8693954287124475,-29.0,24,0.6186440677966102,2,ok
GCF_000022305.1:NC_011992.1,2897602,2897718,0,117,54.645191055433145,6.765035429871842,0.30165332900841546,0.36357710643855473,0.5512553486325884,0.6851918287998942,-49.29999923706055,6,0.6752136752136753,2,ok
GCF_000021485.1:NC_011761.1,1591260,1591370,0,111,75.30095410141902,8.31042147144021,0.5113710599948816,0.411330177095915,0.3806402290062948,0.4149457779365239,-38.900001525878906,6,0.6126126126126126,2,ok
GCF_000021485.1:NC_011761.1,1667,1783,0,117,64.8840919026568,3.996133676515348,0.7592542588706532,0.3908151128651126,0.43681941132735974,0.6239625388748419,-46.70000076293945,12,0.6153846153846154,2,ok
GCF_000021485.1:NC_011761.1,160091,160204,0,114,45.130269913949334,10.601279711227791,0.21016198448732948,0.4393806096179149,0.637231528977517,0.8015022687469375,-33.5,13,0.6403508771929824,2,ok
GCF_000025305.1:NC_013740.1,410969,411083,0,115,58.45614737997242,10.592626597410625,0.12224250711721496,0.4220773608538497,0.6084495363979391,0.6495554621292664,-50.5,7,0.6347826086956522,2,ok
GCF_000021485.1:NC_011761.1,2856408,2856520,0,113,14.997888768159257,0.8229476178044282,0.7354031512775092,0.4012781383567371,0.5613368528256506,0.6118422801970376,-41.599998474121094,6,0.6371681415929203,2,ok
GCF_025149125.1:NZ_CP102272.1,5655543,5655657,0,115,78.74942468738013,4.442447333227524,0.6017325731757839,0.3906122904916652,0.2891505575162155,0.3707769278764966,-54.900001525878906,10,0.6782608695652174,2,ok
GCF_000164865.1:NC_014618.1,3831945,3832062,0,118,82.50601568058008,6.667924723702483,0.510883714568559,0.416317991064197,0.23100250963298463,0.2607837416784894,-40.5,8,0.6271186440677966,2,ok
GCF_000022305.1:NC_011992.1,3468043,3468159,0,117,56.23271130543528,8.008862476302054,0.3376371460764374,0.3725540097002479,0.3092801176098624,0.4517373386105417,-41.0,7,0.6239316239316239,2,ok
GCF_000164865.1:NC_014618.1,4047259,4047372,0,114,94.99944912735216,2.300103861515001,0.4093052487850448,0.4230671953810294,0.4830998474992506,0.532393069284782,-41.20000076293945,8,0.6578947368421053,2,ok
GCF_025149125.1:NZ_CP102272.1,5842278,5842390,0,113,55.08638784138375,7.395763274067445,0.5966394754710203,0.457786256393619,0.2874500292198988,0.5542418548808059,-37.5,15,0.6106194690265486,2,ok
GCF_000022305.1:NC_011992.1,1316177,1316289,0,113,50.64224998843099,5.754000700068796,0.5600357229829501,0.37779507800444617,0.4596250719034818,0.7258043010888241,-54.20000076293945,6,0.6548672566371682,2,ok
GCF_000021485.1:NC_011761.1,1081804,1081914,0,111,41.65856920641253,13.345093869217802,-0.013864568295292257,0.4151641116999418,0.564911364696167,0.5533545525961882,-35.900001525878906,10,0.6396396396396397,2,ok
GCF_000022305.1:NC_011992.1,2016244,2016354,0,111,94.99999999999999,5.744896368952502,0.21551624597572927,0.44175787734330385,0.10864249691816603,0.11676672240526878,-32.099998474121094,14,0.6396396396396397,2,ok
GCF_000022305.1:NC_011992.1,645037,645152,0,116,65.85005187496772,19.999999999986517,0.5138056773450141,0.43416013461714253,0.5248238966790807,0.528863215708515,-51.0,10,0.646551724137931,2,ok
GCF_902729405.1:NZ_LR746496.1,538200,538316,0,117,49.23129922797248,19.999999999999996,-0.07480211331817971,0.46120950778353026,0.46596142982033345,0.39203839028612764,-37.599998474121094,11,0.5982905982905983,2,ok
GCF_025149125.1:NZ_CP102272.1,6166431,6166541,0,111,59.004250855241,5.8177561591442695,0.24452059039071172,0.40345499978688093,0.6714803697559057,0.7539131315732785,-31.799999237060547,5,0.5675675675675675,2,ok
GCF_000022305.1:NC_011992.1,748651,748763,0,113,60.413528408257584,16.85449496035404,0.15191664305265706,0.41455549739932085,0.44903414187479385,0.4746424481100706,-46.70000076293945,9,0.672566371681416,2,ok
GCF_000022305.1:NC_011992.1,616967,617083,0,117,64.18071086509856,6.870403568756991,0.6742612160022141,0.3769776769377531,0.34152827887966675,0.5016043120354449,-39.599998474121094,8,0.6410256410256411,2,ok
GCF_000022305.1:NC_011992.1,1806223,1806341,0,119,79.48508613632389,7.017667471579404,0.5349674737599587,0.40755043771792854,0.3264573516327687,0.3623737708031033,-48.400001525878906,7,0.680672268907563,2,ok
GCF_000022305.1:NC_011992.1,203307,203423,0,117,40.355412704144115,19.999999999999996,-0.024432806350738523,0.4073883664646073,0.4142110210248927,0.39672934597564224,-40.900001525878906,5,0.6666666666666666,2,ok
GCF_902729405.1:NZ_LR746496.1,48795,48954,0,160,46.15596611728424,19.999999999999993,-0.016340196812006602,0.35959297563199566,0.5467164883794956,0.5330809152874706,-66.4000015258789,6,0.6125,2,ok
GCF_040267475.1:NZ_CP125628.1,4433586,4433713,0,128,52.57664099866874,3.871005354012349,0.06056352730008718,0.38333772575136155,0.3654107218748662,0.3859810826136698,-44.5,9,0.578125,2,ok
GCF_000021485.1:NC_011761.1,2713925,2714037,0,113,55.752092107718376,5.470994938620194,0.6788851765610122,0.393798882546043,0.3441995251545321,0.6058583881891959,-38.900001525878906,9,0.6106194690265486,2,ok
GCF_000164865.1:NC_014618.1,2935033,2935144,0,112,62.05674709508197,7.977987437711972,0.43701236968099905,0.3705405299093075,0.06715832334441434,0.18096950736484727,-42.0,13,0.6339285714285714,2,ok
GCF_000164865.1:NC_014618.1,4290107,4290220,0,114,48.187074003088746,17.11362592751885,-0.01372862861335844,0.43647092502730134,0.3905251038437217,0.37634754538734133,-41.900001525878906,13,0.6403508771929824,2,ok
GCF_000022305.1:NC_011992.1,428871,428980,0,110,49.74480865547315,19.999999999999822,-0.05468763407230692,0.36050858222245163,0.9502082792417721,0.8937952157528788,-47.0,14,0.6818181818181818,2,ok
GCF_012317185.1:NZ_CP048838.1,764352,764468,0,117,26.728644335457652,1.3428376590804538,0.7981138003990221,0.44920047416916536,0.7876585200902372,0.881751302002044,-31.799999237060547,16,0.5470085470085471,2,ok
GCF_004295125.1:NZ_CP036170.1,231590,231689,0,100,30.738560835197,19.999999999999996,-0.5123582689847714,0.49063252546950337,0.3633194602836868,0.3595919906209277,-25.200000762939453,10,0.55,2,ok
GCF_000144625.1:NC_014376.1,2602674,2602801,0,128,51.368526583914935,5.726229743006343,0.434555307353834,0.4948750706322068,0.4380912033764839,0.6397707047618005,-25.5,8,0.53125,2,ok
GCF_000164865.1:NC_014618.1,1933906,1934021,0,116,68.57597244282341,6.734313881047155,0.34011780054646207,0.3958049163315571,0.40664453068116624,0.46417136645446744,-48.0,8,0.6810344827586207,2,ok
GCF_025144545.1:NZ_CP102249.1,2170475,2170589,0,115,75.45216111753543,4.962522426532072,0.6046452347931539,0.47878330372846917,0.36979250222002574,0.4577211087695899,-31.600000381469727,11,0.5739130434782609,2,ok
GCF_000024285.1:NC_013205.1,121920,122032,0,113,58.25466843394066,4.698647876869293,0.30103557394108893,0.3623258829097115,0.5228569761150184,0.6212439072624171,-51.099998474121094,8,0.7168141592920354,2,ok
GCF_000021485.1:NC_011761.1,1678626,1678734,0,109,43.81612384732729,14.248511051271729,-0.20269638965705516,0.4149368295414646,0.48402440512897044,0.29601442992822025,-33.099998474121094,10,0.6146788990825688,2,ok
GCF_000202835.1:NC_015186.1,486477,486593,0,117,87.90521893025281,2.1170358233490822,0.3476998246759838,0.47131722451656427,0.5817875930134556,0.6280346248506717,-46.29999923706055,8,0.6752136752136753,2,ok
GCF_008726475.3:NZ_CP145134.1,1212518,1212945,0,428,51.30769832673475,19.999999999999996,-0.040662074256704206,0.47252969711343695,0.33637314075269736,0.30044534400528133,-108.5,25,0.4439252336448598,2,ok
GCF_040267475.1:NZ_CP125628.1,4671447,4671885,0,439,53.386841326733034,11.79635837858918,0.0626854345545273,0.4495839112895697,0.3091525044792033,0.3449049027645067,-107.30000305175781,18,0.46697038724373574,2,ok
GCF_001647695.1:NZ_CP015425.1,737148,737589,0,442,61.737234512857995,6.34299547063594,0.3919281546999182,0.4263088529737557,0.4703769592557901,0.5829069218740337,-125.80000305175781,13,0.4298642533936652,2,ok
GCF_025152405.1:NZ_CP102292.1,1344532,1344975,0,444,66.52344873496062,5.7433031930046665,0.6691812506335846,0.4264307667079176,0.2720794342582954,0.42011083814190275,-123.69999694824219,23,0.4346846846846847,2,ok
GCF_001543245.1:NZ_CP014163.1,1098093,1098506,0,414,52.68384161106192,19.999999999999996,-0.017787172707401266,0.4040295115085953,0.5124094240517358,0.5005466888346308,-119.30000305175781,19,0.4420289855072464,2,ok
GCF_000144695.1:NC_014378.1,181081,181537,0,457,51.363211487087185,10.834572741827591,0.3663573452162723,0.4107081771840485,0.3302669483585443,0.568115226438202,-111.30000305175781,13,0.38074398249452956,2,ok
GCF_002844395.1:NZ_CP025197.1,305308,305742,0,435,38.25396885671678,10.222939554165984,-0.017646276418236503,0.51399757191795,0.114137511654817,0.10379720556464207,-75.5,20,0.32873563218390806,2,ok
GCF_047456285.1:NZ_CP174122.1,125265,125709,0,445,31.501985429341946,19.999999999999996,0.5201214444871676,0.4065812367394397,0.7814782756996349,0.7882261554561348,-124.30000305175781,12,0.43595505617977526,2,ok
GCF_013267415.1:NZ_CP053988.1,817568,817981,0,414,41.82183086588335,19.99999996810728,0.04907248101999806,0.37773386837812606,0.526477873997535,0.569628713224785,-135.6999969482422,17,0.45169082125603865,2,ok
GCF_047456285.1:NZ_CP174122.1,2686284,2686761,0,478,63.42760114386168,8.138162871523829,0.6569983110877948,0.36506780109905373,0.2125835424215964,0.36144992455555613,-153.3000030517578,16,0.48326359832635984,2,ok
GCF_001543145.1:NZ_CP014160.1,1216029,1216462,0,434,49.29726134895712,19.99999997324727,-0.01864992907702756,0.4101530711816275,0.49001502355913756,0.47175459765051464,-132.89999389648438,18,0.3986175115207373,2,ok
GCF_001543145.1:NZ_CP014160.1,670850,671343,0,494,40.87213208060591,17.50346398369117,-0.15734180480857984,0.35773912409361264,0.4912640665061466,0.3638836632918311,-152.5,12,0.4352226720647773,2,ok
GCF_000144695.1:NC_014378.1,2104667,2105132,0,466,66.94326096727904,7.514643588789461,0.3473018655236011,0.45414867651321034,0.5168902552126144,0.5774780101501089,-103.13999938964844,32,0.315450643776824,2,ok
GCF_965286365.1:NZ_OZ260903.1,2018542,2019023,0,482,62.64607625664047,11.544281845616116,0.6120151101490281,0.4430085849924247,0.010228772354248416,0.12174753802495934,-100.69999694824219,26,0.3360995850622407,2,ok
GCF_016592595.1:NZ_AP012977.1,1218587,1219075,0,489,53.15821683832273,11.552052725608512,0.2928455877961615,0.3589732225241346,0.05787979194871712,0.22845328384874966,-135.60000610351562,10,0.4233128834355828,2,ok
GCF_000144625.1:NC_014376.1,4061106,4061578,0,473,62.47797671746929,6.790059648065644,0.7106805089106485,0.38933592025808833,0.28661579756677563,0.4779708890639596,-118.0999984741211,15,0.45454545454545453,2,ok
GCF_000007745.1:NC_006300.1,2125968,2126448,0,481,72.5974887498451,19.999999999999996,0.5026002507123657,0.4677672171396036,0.4898815952115557,0.4915208664128746,-137.60000610351562,15,0.45322245322245325,2,ok
GCF_902729405.1:NZ_LR746496.1,2807571,2808044,0,474,11.566788343871197,1.0859568810703188,0.6304106510538441,0.4915649858752914,0.1949248913700153,0.2366495830321767,-114.5999984741211,22,0.4767932489451477,2,ok
GCF_030762805.1:NZ_CP129113.1,2153459,2153947,0,489,67.60867386754674,6.4616489265335195,0.6321593881447087,0.397324532009933,0.20880725968164865,0.3292663252886075,-154.89999389648438,14,0.4539877300613497,2,ok
GCF_001543175.1:NZ_CP014161.1,190942,191398,0,457,43.440498651276506,12.992734205909127,-0.006735916537454645,0.43781889925221296,0.5934703721670891,0.5874018398275851,-121.19999694824219,10,0.45076586433260396,2,ok
GCF_025144545.1:NZ_CP102249.1,529621,530048,0,428,48.54243498542181,19.999999999999996,-0.020837511700534272,0.43116832760239404,0.5739882631775229,0.5533042737633506,-112.30000305175781,18,0.4649532710280374,2,ok
GCF_000144625.1:NC_014376.1,812338,812766,0,429,34.47767501753329,19.999999999999986,-0.39351617711963033,0.4663374175154694,0.34173484175253355,0.30273814551531103,-93.9000015258789,14,0.38927738927738925,2,ok
GCF_047456275.1:NZ_CP173357.1,2894678,2895098,0,421,48.9307997815996,1.0658010563779612,1.0667180180693647,0.4273207493340904,0.4689373353007918,0.5811459203159343,-85.69999694824219,11,0.334916864608076,2,ok
GCF_022647505.1:NZ_CP071409.1,62060,62500,0,441,45.24451720863873,0.8706537286520318,1.1071625480859328,0.4269617508894059,0.36577903607976425,0.47294158427783517,-100.4000015258789,14,0.40589569160997735,2,ok
GCF_055386145.1:NZ_AP043913.1,1912253,1912703,0,451,52.919507489022656,8.520170625731282,0.04617427811594199,0.44280535315932423,0.36290223558214824,0.38766002799000193,-111.0999984741211,18,0.43458980044345896,2,ok
GCF_055386145.1:NZ_AP043913.1,1594456,1594878,0,423,69.72353187624063,11.16851271975374,0.5301912111492126,0.41602266972008745,0.5571653413549036,0.5918001694238433,-118.0,18,0.4515366430260047,2,ok
GCF_000015865.1:NC_009012.1,2625715,2626201,0,487,94.99737897933775,5.936822952298125,0.01469252628528191,0.42613707789695937,0.00015769524386114822,0.0006614196947051046,-128.1999969482422,19,0.4517453798767967,2,ok
GCF_022453685.1:NZ_CP092643.1,852519,852957,0,439,26.72672219753195,4.366127571434382,0.6208889614548955,0.5286782487422248,0.5033291185237313,0.5988755611653052,-55.099998474121094,27,0.3211845102505695,2,ok
GCF_025152405.1:NZ_CP102292.1,121053,121496,0,444,66.52344873496062,5.7433031930046665,0.6691812506335846,0.4264307667079176,0.2720794342582954,0.42011083814190275,-123.69999694824219,23,0.4346846846846847,2,ok
GCF_001543145.1:NZ_CP014160.1,347463,347924,0,462,73.02474415959406,7.265139363464471,0.5594610108505631,0.42297247935428495,0.3095507972723494,0.3689649312644474,-117.19999694824219,14,0.37662337662337664,2,ok
GCF_022845755.1:NZ_AP025566.1,949164,949601,0,438,37.79609071090775,19.999999999999996,0.2051638781374936,0.3414260267411694,0.5769596259433225,0.6923705594148141,-140.10000610351562,12,0.4246575342465753,2,ok
GCF_025152405.1:NZ_CP102292.1,364858,365301,0,444,59.41275287555641,5.594304719909614,0.48970464894598364,0.4247131596486058,0.04617789488959203,0.20669431151467457,-125.9000015258789,12,0.46621621621621623,2,ok
GCF_000144625.1:NC_014376.1,1044281,1044720,0,440,38.30942508718327,19.99999999999999,0.0756636013494168,0.44450033068909073,0.1688771010891861,0.2215228418964299,-103.4000015258789,11,0.4022727272727273,2,ok
GCF_000144695.1:NC_014378.1,1740269,1740697,0,429,42.56104860274818,14.840775571232347,-0.16188919390339618,0.469043589835266,0.8906979421932876,0.7457564092974347,-103.4000015258789,20,0.38461538461538464,2,ok
GCF_023700225.1:NZ_CP097897.1,355645,356094,0,450,40.06854284397334,5.894549413877692,0.19536642932984793,0.4111265042115929,0.8331964450173708,0.9271684061250488,-137.3000030517578,13,0.43333333333333335,2,ok
GCF_004295125.1:NZ_CP036170.1,1079257,1079689,0,433,46.18412530060312,8.004493616446869,0.605087655803221,0.4249380400980864,0.3464994894016515,0.7435327934050443,-116.9000015258789,21,0.4341801385681293,2,ok
GCF_047456275.1:NZ_CP173357.1,3072783,3073225,0,443,32.21097821919283,19.999999999999996,-0.532503761757678,0.4551016326748465,0.37214540976665966,0.3727335208638776,-85.69999694824219,18,0.3182844243792325,2,ok
GCF_025152405.1:NZ_CP102292.1,403467,403890,0,424,56.997414268556994,6.731298135320455,0.49182367503250224,0.4235812515897332,0.2808293937799403,0.4718914198441128,-113.19999694824219,18,0.4528301886792453,2,ok
GCF_012317185.1:NZ_CP048838.1,562848,563277,0,430,88.27922843729293,5.559739580741125,0.5357232359826538,0.4138813682050622,0.366687723457714,0.3992241142734028,-122.0999984741211,27,0.4558139534883721,2,ok
GCF_022647505.1:NZ_CP071409.1,1780230,1780680,0,451,47.13720485811818,15.643222408532171,-0.03019607597154461,0.48656914125354367,0.6160225633580962,0.5854712423302494,-96.9000015258789,30,0.4124168514412417,2,ok
GCF_018854495.2:NZ_CP130946.1,1938136,1938566,0,431,53.34571809058792,5.545331324735327,0.6086564644624497,0.393510349240337,0.4271429514719004,0.6864932008518159,-107.30000305175781,23,0.43387470997679817,2,ok
GCF_001543245.1:NZ_CP014163.1,475083,475515,0,433,89.83466194974413,8.701971864889238,0.3985000487779835,0.43460127713093616,0.8000531168982704,0.8053885968350636,-95.19999694824219,11,0.43187066974595845,2,ok
GCF_001543145.1:NZ_CP014160.1,789590,790048,0,459,76.39571737350381,3.8044167174211525,0.6437149900453665,0.3402648299174656,0.5680589851133605,0.6739168494640775,-166.6999969482422,12,0.4662309368191721,2,ok
GCF_000144695.1:NC_014378.1,656709,657174,0,466,94.99999936997091,4.439042942041202,0.029099596345451787,0.40637866863595434,0.0010416808577988583,0.0029861389067808255,-130.10000610351562,12,0.4184549356223176,2,ok
GCF_031760945.1:NZ_CP134501.1,1340829,1341258,0,430,46.20249773032802,12.927404406215576,0.4508611067176801,0.4456426545827811,0.14341364116994149,0.5275155430195302,-94.0999984741211,25,0.413953488372093,2,ok
GCF_000196455.1:NC_014614.1,1868208,1868648,0,441,52.606614348258674,6.991083446029594,0.8705526906424751,0.4900745250231375,0.15160485204782131,0.5853883945849362,-67.9000015258789,22,0.31746031746031744,2,ok
GCF_004295125.1:NZ_CP036170.1,324815,325261,0,447,35.71522412672652,6.417160925571657,0.0780058597882145,0.48315165664523774,0.9102351407855259,0.9401867048032274,-96.5999984741211,19,0.43400447427293065,2,ok
GCF_012317185.1:NZ_CP048838.1,3745242,3745664,0,423,48.14740173871626,19.99999999991829,-0.024331808908089614,0.45076755665826407,0.5569859471347768,0.5322022933593092,-105.5,18,0.4657210401891253,2,ok
GCF_030762805.1:NZ_CP129113.1,132507,132936,0,430,94.99980901386468,1.1890851207059552,0.48043873637043394,0.3943669846736869,0.5789808854873733,0.626511388666355,-114.0999984741211,8,0.44883720930232557,2,ok
GCF_000144625.1:NC_014376.1,4561691,4562140,0,450,94.99984683557145,5.018056056119927,0.433999977537087,0.4328857707689293,0.17467231979683787,0.19735769785848298,-116.69999694824219,19,0.4266666666666667,2,ok
GCF_009914215.2:NZ_CP039846.2,2653943,2654389,0,447,93.747217191179,1.1357840784551312,0.7071031524324254,0.4198367150639396,0.3530632317112866,0.4203451150863959,-117.4000015258789,18,0.41387024608501116,2,ok
GCF_000237085.1:NC_016627.1,2730954,2731406,0,453,51.49264277546462,19.999999999999996,-0.13307074652378326,0.43498798807688943,0.7686527949657502,0.645908944634803,-95.5999984741211,26,0.3686534216335541,2,ok
GCF_047456275.1:NZ_CP173357.1,3362195,3362617,0,423,49.86104252701023,4.789137760678408,0.4497029241191688,0.425528461803613,0.45185572473546776,0.641635771690266,-100.30000305175781,12,0.44208037825059104,2,ok
GCF_003966655.1:NZ_AP018795.1,358568,358997,0,430,50.87043491113287,9.275599238867715,0.32375886201109316,0.4522907283849878,0.1112796290969964,0.313267033377726,-122.0,14,0.44651162790697674,2,ok
GCF_009662475.1:NZ_CP045571.1,1410249,1410687,0,439,85.88595919357795,4.67110994478548,0.5630518191819466,0.4383588644079503,0.026476777663287727,0.07933107551223868,-118.19999694824219,18,0.4715261958997722,2,ok
GCF_000196455.1:NC_014614.1,2307882,2308304,0,423,29.874175016833753,19.999999999999382,-0.49482508048217394,0.432940635348972,0.27295205974371967,0.27371470627899513,-100.4000015258789,16,0.39243498817966904,2,ok
GCF_001543285.1:NZ_CP014164.1,1263840,1264279,0,440,45.96107084654016,19.999999490898926,0.006332585708709149,0.44717996322767684,0.4723812162570702,0.4777002522333328,-85.0,11,0.3568181818181818,2,ok
GCF_025149125.1:NZ_CP102272.1,202192,202670,0,479,73.71814013990704,2.381182562991082,0.6199194547206743,0.4146215016810221,0.6298182391032143,0.7352516263152757,-130.0,21,0.42588726513569936,2,ok
GCF_940677205.1:NZ_OW712331.1,1942137,1942522,0,386,51.564692364823856,9.356545283800264,0.1704068965374398,0.423333421805449,0.6186374843729464,0.7214920474163201,-67.30000305175781,11,0.3393782383419689,2,ok
GCF_940677205.1:NZ_OW712331.1,322710,323128,0,419,52.919066722744134,8.19913684056345,0.1763353917645272,0.390169411529807,0.22637705264450486,0.31987585011038105,-100.4000015258789,13,0.34844868735083534,2,ok
GCF_001543245.1:NZ_CP014163.1,1099284,1099708,0,425,73.33580191836246,5.407167769556651,0.4378233692661212,0.43368795562389423,0.5125798986401028,0.5783036960624471,-119.4000015258789,15,0.4447058823529412,2,ok
GCF_025152405.1:NZ_CP102292.1,402988,403398,0,411,85.53214291610813,4.332666552104809,0.5742135330129982,0.41525381093661995,0.5510579234663298,0.6106390912243242,-109.0,11,0.45985401459854014,2,ok
GCF_030864005.1:NZ_CP132976.1,2755820,2756265,0,446,46.16408355182997,6.782923615071132,0.10259149798411255,0.38002831420273986,0.34236492065998425,0.40223295779918544,-146.60000610351562,15,0.47533632286995514,2,ok
GCF_030762805.1:NZ_CP129113.1,1231156,1231618,0,463,43.53321110069641,12.065726858557735,-0.09793333263409904,0.4436778841978285,0.5180220166319833,0.4306919170225051,-104.0999984741211,24,0.42332613390928725,2,ok
GCF_001499615.1:NZ_LN606600.1,2438648,2439102,0,455,19.048744499732475,3.8857494623014164,0.5380313856000399,0.4433546216301947,0.37093462272193783,0.4010215891694644,-115.9000015258789,13,0.45054945054945056,2,ok
GCF_047456285.1:NZ_CP174122.1,2775585,2776017,0,433,78.74519871690123,6.923757400879642,0.5085402177189338,0.34972769682632454,0.3989880648289382,0.43546272584760815,-129.39999389648438,11,0.4780600461893764,2,ok
GCF_008726475.3:NZ_CP145134.1,379247,379688,0,442,54.610196841057544,11.272280103046784,0.052713169089760925,0.41434302863786426,0.40129765614693663,0.4280923205232664,-125.19999694824219,12,0.39819004524886875,2,ok
GCF_023700225.1:NZ_CP097897.1,1609159,1609602,0,444,45.1475217754779,6.2434908559024125,0.23647718830841807,0.41975893555460025,0.48595360297688506,0.6158580670106946,-94.5,13,0.33783783783783783,2,ok
GCF_000093085.1:NC_014219.1,590664,591037,0,374,44.82377350598455,5.289526467887893,0.2433835730866457,0.42922383900507327,0.6764968389578283,0.793545207958168,-120.5,26,0.4679144385026738,2,ok
GCF_000093085.1:NC_014219.1,2594342,2594761,0,420,44.41809228773452,16.82327865032846,-0.023250743937686585,0.45164597681475077,0.24506520973765653,0.2226389599016553,-93.69999694824219,26,0.4095238095238095,2,ok
GCF_001543105.1:NZ_CP014159.1,431597,432038,0,442,10.408996160525044,2.1457770194615944,0.5115885889162066,0.4283433280703815,0.6095816938766422,0.6275793917736726,-113.4000015258789,21,0.3914027149321267,2,ok
GCF_047456275.1:NZ_CP173357.1,2610728,2611110,0,383,59.025408476612405,7.618426945172341,0.38451859105443104,0.36757343248135615,0.18179427961800357,0.3128901731947756,-124.69999694824219,9,0.42036553524804177,2,ok
GCF_047456285.1:NZ_CP174122.1,1791771,1792218,0,448,71.2775054888721,6.491486105918322,0.5933684459015899,0.43048844179819923,0.016917131088226216,0.10237101823426946,-114.0999984741211,13,0.4263392857142857,2,ok
GCF_000237085.1:NC_016627.1,1202652,1203072,0,421,52.163159524381996,3.4639846699964836,0.28603028772549255,0.4235939542793741,0.6371005848620979,0.7264178482015314,-98.80000305175781,21,0.3847980997624703,2,ok
GCF_001543175.1:NZ_CP014161.1,1644864,1645291,0,428,54.63956142746563,13.614452235213843,0.10995944432397481,0.374577722826892,0.2533346645158343,0.30938456096812583,-120.80000305175781,31,0.3901869158878505,2,ok
GCF_000196455.1:NC_014614.1,2427889,2428331,0,443,93.53475685411486,3.768601949029167,0.5687733564691155,0.41117838781447985,0.252565384106998,0.305800543724975,-111.5999984741211,12,0.3905191873589165,2,ok
GCF_012317185.1:NZ_CP048838.1,1769094,1769514,0,421,39.923744995748415,19.99999999999999,-0.07946733997856881,0.45891260650168486,0.29922849319105127,0.24265401724462626,-103.19999694824219,25,0.40380047505938244,2,ok
GCF_022647505.1:NZ_CP071409.1,1088135,1088595,0,461,48.29536940398486,12.190088613858027,0.5035165237106127,0.4125873206800902,0.0810972805472073,0.4797000101497315,-110.9000015258789,27,0.41865509761388287,2,ok
GCF_000144625.1:NC_014376.1,2919054,2919478,0,425,51.013382082056204,10.586442033090568,0.20983406705532215,0.4275783831285763,0.4535038348071681,0.5913059451149824,-93.30000305175781,13,0.3905882352941176,2,ok
GCF_025149125.1:NZ_CP102272.1,5529404,5529765,0,362,78.42181034123855,2.152166980531473,0.7335718491631106,0.3447548738824921,0.6652062234342033,0.7774884534809582,-136.60000610351562,15,0.42265193370165743,2,ok
GCF_001543285.1:NZ_CP014164.1,1525454,1525899,0,446,45.39288441873366,5.425004227949822,0.3064419283983895,0.4339396469995418,0.41143523622127676,0.5623367598669423,-98.0,14,0.3789237668161435,2,ok
GCF_013267415.1:NZ_CP053988.1,759655,760048,0,394,54.372407221046814,16.439333885610413,0.07802227840106613,0.42026492394121234,0.403611496242581,0.4455571537999506,-114.30000305175781,18,0.44416243654822335,2,ok
GCF_017357865.1:NZ_CP060096.1,2029022,2029469,0,448,41.62450891423646,15.058336555313247,0.4974125471164046,0.4544517222590945,0.44416860719799484,0.859385347163192,-88.9000015258789,18,0.3236607142857143,2,ok
GCF_012317185.1:NZ_CP048838.1,1985756,1986217,0,462,30.618018310734833,19.999999999999996,-0.5130369384201374,0.3825765776480508,0.4428789380939614,0.44419416437357295,-135.60000610351562,11,0.4653679653679654,2,ok
GCF_025152405.1:NZ_CP102292.1,290140,290620,0,481,46.930333883349725,6.435369893175701,0.6243293768133986,0.4288576538853661,0.3240684301382363,0.6716469272925871,-128.60000610351562,13,0.4677754677754678,2,ok
GCF_000144625.1:NC_014376.1,4342425,4342893,0,469,52.147147029146936,19.999999999999996,-0.11690934629783689,0.4363034254099138,0.35039207727845273,0.241893562054838,-126.19999694824219,10,0.4626865671641791,2,ok
GCF_047456285.1:NZ_CP174122.1,3204384,3204833,0,450,41.043476104233434,19.999999999997915,-0.08428288424618069,0.4257877159340407,0.8147275223499152,0.7451920017096162,-120.0,17,0.44222222222222224,2,ok
GCF_001989575.1:NZ_CP019573.1,107827,108259,0,433,40.55219529013166,19.999999999999996,0.048948987332234184,0.43657952895291513,0.5913155488787395,0.6292322633194039,-99.5,20,0.38799076212471134,2,ok
GCF_000247605.1:NC_016894.1,3304144,3304594,0,451,45.65484122009845,6.487088510576224,0.20574615211432,0.42423367659971717,0.39816462169755285,0.5145323206529007,-105.4000015258789,25,0.3858093126385809,2,ok
GCF_023700225.1:NZ_CP097897.1,2954139,2954574,0,436,50.423424057099304,19.999999999999996,-0.013672714428392352,0.4139034463870361,0.7444634775827765,0.7355430536027902,-101.4000015258789,14,0.37844036697247707,2,ok
GCF_023700225.1:NZ_CP097897.1,437057,437492,0,436,38.13813932320969,7.4670403817630175,0.034608892615502485,0.41627731665255163,0.8546798664769875,0.8717861194508156,-104.69999694824219,13,0.37844036697247707,2,ok
GCF_001543285.1:NZ_CP014164.1,1591403,1591866,0,464,62.132234163711146,6.333835555616402,0.43496006172750845,0.34740722129569684,0.5174758094121804,0.6391902061151634,-131.60000610351562,14,0.3922413793103448,2,ok
GCF_000237085.1:NC_016627.1,4498149,4498574,0,426,41.91119315389447,8.815236844480209,0.35917093579178405,0.4491814899550062,0.5975886310015143,0.8366933425774028,-99.19999694824219,22,0.4225352112676056,2,ok
GCF_000144695.1:NC_014378.1,2397148,2397604,0,457,54.53770914696852,4.821160765601904,0.35981952357707825,0.4199290835933306,0.20767597183984493,0.3432353121756749,-109.80000305175781,17,0.3916849015317287,2,ok
GCF_001543145.1:NZ_CP014160.1,690996,691416,0,421,50.636019379344106,19.999999999999996,0.05479272474913399,0.4080878955406569,0.6203351046669681,0.6618882884471041,-113.69999694824219,11,0.4323040380047506,2,ok
GCF_001543145.1:NZ_CP014160.1,470142,470595,0,454,52.86437489351532,19.999999999999996,-0.0057654555812747255,0.4524157398261263,0.9837818805375735,0.9831557412344873,-136.5,15,0.45594713656387664,2,ok
GCF_000164865.1:NC_014618.1,847673,848051,0,379,42.852632281104114,18.49069563565128,-0.007881893739432544,0.422988974673427,0.49467499594631326,0.4879814701658096,-98.19999694824219,12,0.44854881266490765,2,ok
GCF_000007745.1:NC_006300.1,2002030,2002443,0,414,54.246829519073245,13.166424652153527,0.12932989709321557,0.4042249828902498,0.41979215504564465,0.4889360181581993,-113.19999694824219,18,0.4396135265700483,2,ok
GCF_030762805.1:NZ_CP129113.1,2191505,2191942,0,438,67.02861672641303,6.9200255653299365,0.4640012554834586,0.4283114389259748,0.058119496865904605,0.14474779079470396,-133.39999389648438,15,0.454337899543379,2,ok
GCF_001989575.1:NZ_CP019573.1,1614484,1614930,0,447,51.579597814525606,19.999999999999996,-0.00487367650490067,0.4095616871137425,0.9223553775231104,0.9214524412808434,-114.30000305175781,18,0.32662192393736017,2,ok
GCF_022453685.1:NZ_CP092643.1,387761,388189,0,429,45.537447258362995,14.78625576473242,-0.057748342783336515,0.4327301272630392,0.5474729733367794,0.4909116666771178,-107.4000015258789,17,0.42657342657342656,2,ok
GCF_000247605.1:NC_016894.1,3320159,3320463,0,305,52.06727158337011,19.999999999999996,-0.01676537853141069,0.40109095551863266,0.898552811772649,0.8886559074404881,-79.5999984741211,28,0.3737704918032787,2,ok
GCF_008726475.3:NZ_CP145134.1,1542679,1543098,0,420,55.114945751246765,19.999999999018236,0.07376373672992842,0.40335880738888064,0.4565857217123909,0.48856720457674346,-120.0,9,0.4523809523809524,2,ok
GCF_000093085.1:NC_014219.1,588572,588962,0,391,94.99999999991478,3.281464014455094,0.18529313272108233,0.3402461886828967,0.33481500537433895,0.35646724850871414,-146.6999969482422,7,0.5601023017902813,2,ok
GCF_031760945.1:NZ_CP134501.1,1164750,1165176,0,427,52.9556523645055,19.999999999992365,0.04259656710025167,0.4409025848749843,0.34057549414743005,0.36643896565481765,-85.30000305175781,15,0.3583138173302108,2,ok
GCF_000015865.1:NC_009012.1,1132821,1133207,0,387,40.139976271851395,19.999999999983554,-0.03793651419790828,0.40373801458627434,0.43570079892196345,0.41055712859213295,-101.19999694824219,16,0.39018087855297157,2,ok
GCF_000093085.1:NC_014219.1,140287,140695,0,409,94.6119384550258,2.4970848810483606,0.39385086536113206,0.39019567783080894,0.4806203383619336,0.5275103245726186,-120.9000015258789,15,0.4841075794621027,2,ok
GCF_001543105.1:NZ_CP014159.1,818873,819297,0,425,59.1644472905578,6.547556772539409,0.43010403899330807,0.4219898129516514,0.19480998675489264,0.3404314819848315,-99.80000305175781,17,0.38588235294117645,2,ok
GCF_001543105.1:NZ_CP014159.1,959304,959714,0,411,89.80964510459421,2.26265353802399,0.6655875544093789,0.400262832273612,0.5623529554142731,0.6494483186149157,-108.0999984741211,11,0.36982968369829683,2,ok
GCF_000021485.1:NC_011761.1,1985627,1985999,0,373,79.498898833894,5.251130323429294,0.5723504651283199,0.4093043935083048,0.0790147600131119,0.14141580246994812,-103.9000015258789,10,0.43967828418230565,2,ok
GCF_025149125.1:NZ_CP102272.1,5425294,5425687,0,394,81.72780947345927,5.683518133927308,0.5531339082629421,0.427919009864976,0.36578386552068526,0.4133344593506094,-114.5999984741211,14,0.44416243654822335,2,ok
GCF_001543205.1:NZ_CP014162.1,1300635,1301059,0,425,53.324136846768845,7.161904929186208,0.15674415267704866,0.43891390633067723,0.25385887066377366,0.3302707881469978,-94.4000015258789,18,0.3811764705882353,2,ok
GCF_056716105.1:NZ_CP197096.1,1495507,1495956,0,450,64.15935840136935,7.885926825438413,0.31523030923842027,0.4398490618573714,0.2051711720301636,0.2732794572137801,-127.4000015258789,18,0.4577777777777778,2,ok
GCF_000237085.1:NC_016627.1,1695475,1695893,0,419,77.74466751548643,2.859469544916537,0.1955472256530012,0.41278552278804503,0.6821405163176141,0.7141726769986929,-86.0999984741211,14,0.34844868735083534,2,ok
GCF_022647505.1:NZ_CP071409.1,3909416,3909839,0,424,58.37162416773899,7.8251572374164855,0.8132981956314544,0.4285785297869351,0.28969515577888405,0.581255917421838,-92.5,14,0.41037735849056606,2,ok
GCF_000093085.1:NC_014219.1,2030864,2031284,0,421,50.501129013009916,19.999999999999996,-0.11226405091210648,0.3871958226432515,0.35155927800228487,0.24282565779697896,-109.19999694824219,14,0.40617577197149646,2,ok
GCF_022453685.1:NZ_CP092643.1,2781003,2781439,0,437,64.99762044580709,9.033204936000116,0.13249372591165606,0.44125082224121526,0.2090961974294323,0.23222329457946364,-123.19999694824219,15,0.448512585812357,2,ok
GCF_022845755.1:NZ_AP025566.1,890915,891280,0,366,47.674296675210734,5.389713568129676,0.32288842873753126,0.31695794586395304,0.24033988191482916,0.39547293221445984,-122.0999984741211,12,0.3442622950819672,2,ok
GCF_047936785.1:NZ_CP176394.1,2148792,2149217,0,426,62.51955690887026,7.537675317155504,0.4502647744555196,0.39076489374907963,0.1199200339576314,0.23547714411686185,-118.69999694824219,13,0.4154929577464789,2,ok
GCF_004359375.1:NZ_CP034726.1,271618,272047,0,430,78.15018809154088,3.835971763689583,0.6302306687433507,0.3602908541514169,0.28046397556884245,0.37700957046190126,-119.5,10,0.43953488372093025,2,ok
GCF_000237085.1:NC_016627.1,1850001,1850443,0,443,48.35025452848276,4.556486032772431,0.2308641285205013,0.5608303959230494,0.5911680673948706,0.6867877708351926,-65.4000015258789,29,0.32505643340857787,2,ok
GCF_000144695.1:NC_014378.1,1616829,1617237,0,409,39.640666387654825,17.642359783864514,0.05661786498138821,0.4030167201578689,0.8810179779324375,0.9232326247095515,-93.0,11,0.3545232273838631,2,ok
GCF_000144625.1:NC_014376.1,4509971,4510364,0,394,73.65994214668892,4.377821347086327,0.6406736515524405,0.42033630107698994,0.3950945059387406,0.5072118358898705,-118.9000015258789,21,0.46446700507614214,2,ok
GCF_000237085.1:NC_016627.1,3449053,3449498,0,446,29.63113811763707,2.5102617081972687,0.7872837885610668,0.5441453049107707,0.6292247194514256,0.7801473131898339,-67.5,29,0.3273542600896861,2,ok
GCF_000196455.1:NC_014614.1,2222839,2223285,0,447,49.32270627447739,8.000530208859148,0.5916612620107798,0.43705523572040816,0.28060917122420015,0.6434850678991401,-88.0,16,0.31543624161073824,2,ok
GCF_004359375.1:NZ_CP034726.1,442114,442538,0,425,53.830497361728646,19.999999999999996,-0.0935420756002473,0.41907365571037836,0.5019629128071774,0.5211144003136041,-106.80000305175781,15,0.3788235294117647,2,ok
GCF_040267475.1:NZ_CP125628.1,615974,616414,0,441,44.87028217783485,4.858218599602233,0.23887244623806392,0.4411186218420442,0.7854919742193072,0.892273435263335,-105.30000305175781,21,0.40589569160997735,2,ok
GCF_001543145.1:NZ_CP014160.1,1102965,1103381,0,417,80.80275758314731,5.302165571424681,0.5659849508245457,0.3739818990531948,0.07509798305030731,0.1330873520959121,-115.0999984741211,14,0.37410071942446044,2,ok
GCF_013267415.1:NZ_CP053988.1,891941,892374,0,434,94.99999612069135,3.6638505175349443,0.5190220991671886,0.3696908797397075,0.2620708942498972,0.3082061832626698,-120.19999694824219,13,0.3663594470046083,2,ok
GCF_000237085.1:NC_016627.1,4465406,4465816,0,411,51.771193204547174,19.626931414683067,0.017101425679588167,0.43504574484688835,0.809984452393685,0.8224155933517704,-97.5999984741211,15,0.3844282238442822,2,ok
GCF_000237085.1:NC_016627.1,4409922,4410321,0,400,51.4121521944572,5.2303544100208486,0.07778613154829023,0.47558335750072744,0.16103886471314655,0.19497025690695646,-77.19999694824219,19,0.3975,2,ok
GCF_047943045.1:NZ_CP181347.1,1790823,1791277,0,455,49.68448512392779,19.999999999999996,-0.1221962506778288,0.3843890938626827,0.8056428599859384,0.6879589370520579,-127.9000015258789,11,0.4153846153846154,2,ok
GCF_022647505.1:NZ_CP071409.1,2530849,2531223,0,375,81.10869471642238,5.283891983664961,0.5413593868014067,0.4198964847069626,0.2926188771701817,0.34600645437862804,-106.4000015258789,19,0.4666666666666667,2,ok
GCF_022647505.1:NZ_CP071409.1,1152767,1153180,0,414,78.22538152766305,2.705083167922188,0.5869660703566061,0.45352509354587833,0.2714506555840547,0.36648794789991396,-101.30000305175781,12,0.427536231884058,2,ok
GCF_022845755.1:NZ_AP025566.1,2498454,2498873,0,420,41.025478300132946,19.999999999999996,-0.022030424242309943,0.41199150546090607,0.5319804026973529,0.519896692733713,-129.60000610351562,16,0.5261904761904762,2,ok
GCF_002844395.1:NZ_CP025197.1,3372875,3373315,0,441,40.366703538971294,15.63024984379884,-0.05030398199274988,0.4879742057625009,0.8428829688201145,0.8040441408233201,-93.80000305175781,21,0.36961451247165533,2,ok
GCF_000144625.1:NC_014376.1,3834711,3835078,0,368,61.88916413482783,5.458521884573276,0.44566467446503244,0.3891405650612136,0.05327124599193114,0.18135034151970966,-138.89999389648438,10,0.5217391304347826,2,ok
GCF_002812705.1:NZ_CP025030.1,5329788,5330167,0,380,37.08353996116224,4.027073302621357,0.8225245735411266,0.46119591697296675,0.24849269901236262,0.5231435963452374,-98.0999984741211,17,0.46842105263157896,2,ok
GCF_030762805.1:NZ_CP129113.1,2702962,2703403,0,442,79.90119230479186,7.589367433281156,0.522763963948883,0.3905083940871515,0.0049237243685210375,0.032737075389217246,-114.5999984741211,12,0.416289592760181,2,ok
GCF_004295125.1:NZ_CP036170.1,3419113,3419473,0,361,75.82483662679267,6.730449367662368,0.5432712049062262,0.33751664828347266,0.4053432360543778,0.4572174849376639,-119.9000015258789,16,0.33518005540166207,2,ok
GCF_012317185.1:NZ_CP048838.1,721546,721970,0,425,89.56414647057937,4.439800166224776,0.5574700992384775,0.4004516592965749,0.01628283740248987,0.06302066573157701,-111.80000305175781,21,0.3788235294117647,2,ok
GCF_025152405.1:NZ_CP102292.1,808968,809419,0,452,46.09832261638396,15.736669447333437,-0.09614691709278578,0.40727669001215977,0.7458951575845003,0.6505769733624871,-126.5,14,0.413716814159292,2,ok
GCF_025152405.1:NZ_CP102292.1,221439,221844,0,406,92.69789963544562,5.479766705575517,0.5289769479738007,0.3905045412695256,0.46306201579226336,0.4889687374376825,-107.4000015258789,18,0.41625615763546797,2,ok
GCF_004103715.1:NZ_CP035282.1,2981833,2982277,0,445,60.11015509008554,4.010960867326489,0.8463368422461631,0.4848223004723984,0.09310640773060888,0.3359488883456174,-87.5,12,0.35280898876404493,2,ok
GCF_001543175.1:NZ_CP014161.1,1527058,1527489,0,432,38.98444140394303,5.135281087725827,0.31922747397839224,0.4014256059613319,0.7035436796580333,0.8379672240513981,-112.0999984741211,19,0.41435185185185186,2,ok
GCF_025144545.1:NZ_CP102249.1,489854,490285,0,432,49.55459565792318,19.999999999993225,-0.05223949178443632,0.37643521708595695,0.3328817019629144,0.28007523281820806,-152.6999969482422,17,0.5185185185185185,2,ok
GCF_001543105.1:NZ_CP014159.1,963853,964273,0,421,55.783900213096906,19.999999999999996,0.022888517101778638,0.3663074486388693,0.8314182935370803,0.833630082716161,-111.5,7,0.4014251781472684,2,ok
GCF_001543145.1:NZ_CP014160.1,1769802,1770261,0,460,54.66733566336134,8.221610214458407,0.1281423651926355,0.44368737110533985,0.34471669401203087,0.40538129339781437,-104.30000305175781,15,0.38913043478260867,2,ok
GCF_047943045.1:NZ_CP181347.1,1300020,1300449,0,430,34.030596758843075,1.71558434805732,0.9332278594787041,0.4154531734373982,0.37371239171543164,0.5230655835669872,-87.4000015258789,11,0.36046511627906974,2,ok
GCF_000144695.1:NC_014378.1,2191761,2192192,0,432,72.66884569823807,19.999999999999996,0.44325294675912624,0.41417501274071883,0.0037099539661526125,0.004579563312317525,-115.5999984741211,22,0.39814814814814814,2,ok
GCF_001543205.1:NZ_CP014162.1,1379827,1380249,0,423,46.35272929791867,8.651188992048365,0.5748340119753329,0.3986596048192352,0.3172516087717431,0.7136196392536812,-116.9000015258789,12,0.3806146572104019,2,ok
GCF_017357865.1:NZ_CP060096.1,2189347,2189771,0,425,42.025693774515375,14.085070767987148,-0.08986625434879991,0.443195535764722,0.6788707640898577,0.6015217528059482,-94.30000305175781,10,0.4023529411764706,2,ok
GCF_004103715.1:NZ_CP035282.1,3597245,3597670,0,426,41.66072834285434,14.448157963171685,-0.001074949491700311,0.4503716409874596,0.16227049619100611,0.16139713289649568,-93.5999984741211,30,0.3474178403755869,2,ok
GCF_001543285.1:NZ_CP014164.1,262696,263110,0,415,94.99999580496572,5.079870176213725,0.0349211559691503,0.3836884383102847,0.0005164166236486523,0.00228701057168188,-124.0999984741211,14,0.38313253012048193,2,ok
GCF_002812705.1:NZ_CP025030.1,4665596,4665998,0,403,87.09688682662907,3.011186462288203,0.6254012659732442,0.48327911545571317,0.3242526790930536,0.40561617587753573,-94.30000305175781,33,0.43424317617866004,2,ok
GCF_013267415.1:NZ_CP053988.1,1146676,1147067,0,392,94.0641521080167,2.2627977773881156,0.5059932922223767,0.39371629093330024,0.4190817239990802,0.4809087325418481,-137.8000030517578,24,0.5408163265306123,2,ok
GCF_017357865.1:NZ_CP060096.1,1349100,1349471,0,372,85.77516651424928,5.56663903481077,0.5423835118690633,0.5244156923721768,0.2287127601007878,0.26626626346598303,-58.400001525878906,16,0.3387096774193548,2,ok
GCF_031760945.1:NZ_CP134501.1,388654,389020,0,367,69.32995116541021,6.97580943045535,0.59891663503618,0.419068845319897,0.019866082534655317,0.112195031231583,-84.19999694824219,8,0.4087193460490463,2,ok
GCF_001989575.1:NZ_CP019573.1,1088739,1089127,0,389,40.130801900269134,14.080619256983676,-0.07656923599521143,0.5017687125819938,0.5338357713878324,0.47675567222699466,-62.29999923706055,23,0.34704370179948585,2,ok
GCF_022647505.1:NZ_CP071409.1,2176339,2176767,0,429,55.62598264811396,19.999999999999996,0.18191428843202573,0.43032639212094986,0.3100012926425524,0.381482532358427,-96.5,19,0.38927738927738925,2,ok
GCF_022647505.1:NZ_CP071409.1,4076927,4077377,0,451,72.98673021352259,7.146736943650349,0.5556177325631741,0.4107576691849946,0.2284276765630687,0.28914886212994945,-108.30000305175781,20,0.36363636363636365,2,ok
GCF_002844395.1:NZ_CP025197.1,703532,703978,0,447,78.52740599018874,6.403874194086285,0.3314374828041079,0.45185317694957616,0.005289859384745688,0.03337128103194778,-102.30000305175781,17,0.39149888143176736,2,ok
GCF_022647505.1:NZ_CP071409.1,1677867,1678314,0,448,39.93777294949688,7.750168650360778,0.04882150318952527,0.3662804690326432,0.35653357539988584,0.38397740721937645,-117.30000305175781,20,0.37723214285714285,2,ok
GCF_025144545.1:NZ_CP102249.1,2169488,2169877,0,390,40.75955982883533,10.009470719196228,0.08396157750130034,0.35406476316922675,0.47644005046837345,0.5331959574249323,-131.60000610351562,17,0.5461538461538461,2,ok
GCF_047456285.1:NZ_CP174122.1,552204,552584,0,381,94.999840886243,4.364374280063774,0.40057623906306233,0.40852941176138763,0.26758337533868526,0.2951868117779053,-99.5,18,0.43832020997375326,2,ok
GCF_000015865.1:NC_009012.1,309837,310208,0,372,39.751867129868344,13.660084920243275,0.19712845586959402,0.45299402501141206,0.2863702897596855,0.4263904472799015,-78.19999694824219,12,0.3817204301075269,2,ok
GCF_047936785.1:NZ_CP176394.1,1359828,1360234,0,407,94.99984213318933,3.9075941532506553,0.1857554186498388,0.4277263535227475,0.5046835474876535,0.5200015002873098,-135.3000030517578,19,0.5356265356265356,2,ok
GCF_009662475.1:NZ_CP045571.1,69534,69960,0,427,48.42663811145223,8.922672639711276,0.22211231401969633,0.45687519094201673,0.5260676509930102,0.6757225108629801,-108.5,15,0.47306791569086654,2,ok
GCF_001647695.1:NZ_CP015425.1,904762,905182,0,421,47.490340445581715,5.534882465171932,0.14718134731289118,0.4108896016182349,0.22009383428266432,0.2926695893358356,-109.80000305175781,12,0.42280285035629456,2,ok
GCF_055386145.1:NZ_AP043913.1,421227,421658,0,432,39.35023943211508,17.169427906888405,0.12742929873303022,0.4533562199592878,0.46426168120680844,0.5597100729622537,-96.19999694824219,27,0.40046296296296297,2,ok
GCF_016250455.1:NZ_CP059488.1,402638,403008,0,371,51.261769166001145,18.884945224674745,0.04705626315505901,0.4966196996371973,0.29231567211695175,0.3279184334452336,-74.4000015258789,16,0.4420485175202156,2,ok
GCF_004014775.2:NZ_CP042808.1,1901677,1902069,0,393,62.79850101798962,6.244831507536326,0.38156969913078465,0.46082520182883635,0.6431209153191992,0.7456140201427144,-101.5999984741211,13,0.4681933842239186,2,ok
GCF_001705075.2:NZ_CP080624.1,508572,508874,0,303,60.11630268808458,7.597537189542727,0.2273750203364192,0.45939890565630015,0.44115255296762135,0.5123697815433076,-87.9000015258789,28,0.5247524752475248,2,ok
GCF_000247605.1:NC_016894.1,3167775,3168174,0,400,50.57653330815215,5.939233131758233,0.4853871439948626,0.4468843901806869,0.059662117430957895,0.2961348727007036,-86.69999694824219,21,0.38,2,ok
GCF_003721225.2:NZ_CP127527.1,874423,874786,0,364,63.34636122691987,11.43060170943515,0.6005256675096066,0.37792369925521707,0.007155110167980372,0.10765147743976186,-96.80000305175781,15,0.4478021978021978,2,ok
GCF_013267415.1:NZ_CP053988.1,755094,755518,0,425,81.35026437718241,1.446471774977246,0.784311255169039,0.4215167163503359,0.46602463027235663,0.5603415260701403,-106.30000305175781,15,0.43529411764705883,2,ok
GCF_002844395.1:NZ_CP025197.1,3043849,3044306,0,458,71.64229987483458,2.862173505154923,0.7354382564748558,0.43222451637655684,0.45961118446666915,0.5990293310903285,-132.5,10,0.4890829694323144,2,ok
GCF_022647505.1:NZ_CP071409.1,3539115,3539511,0,397,44.442758461475115,13.755917843477512,-0.07572346562811372,0.4177288444630154,0.4729685387394545,0.4016614739782312,-124.0999984741211,13,0.42317380352644834,2,ok
GCF_016592595.1:NZ_AP012977.1,1221597,1221989,0,393,40.38839659735328,5.618259105746552,0.5533832906043885,0.40591532316140144,0.4713207452700928,0.7319078474337309,-96.19999694824219,17,0.3944020356234097,2,ok
GCF_040267475.1:NZ_CP125628.1,3472812,3473243,0,432,49.394407933262684,19.999999999999996,-0.09473090233659875,0.4084414629207606,0.8099441192552851,0.7187002614973472,-110.4000015258789,33,0.4097222222222222,2,ok
GCF_023700225.1:NZ_CP097897.1,2079486,2079850,0,365,47.90859145935117,4.3669584635480625,0.33205487432798503,0.3163014963500153,0.24848125118217515,0.3819717610044979,-124.4000015258789,12,0.34794520547945207,2,ok
GCF_047936785.1:NZ_CP176394.1,820480,820797,0,318,60.77039928627861,19.999999999999996,0.07292678242639303,0.4319972948371918,0.22252498818849387,0.22822557550069286,-88.0999984741211,17,0.46855345911949686,2,ok
GCF_008726475.3:NZ_CP145134.1,1224911,1225254,0,344,94.99999925982962,4.241519600962858,0.2692957118469912,0.370420591984212,0.4739711606075024,0.4932593849992683,-85.0,11,0.3488372093023256,2,ok
GCF_040267475.1:NZ_CP125628.1,2461215,2461632,0,418,38.357406953987464,4.674508678031869,0.2549788249198951,0.3663403626649874,0.719713684360961,0.8179591372981365,-182.3000030517578,18,0.5454545454545454,2,ok
GCF_000247605.1:NC_016894.1,3315473,3315911,0,439,40.16152917584941,18.34611438718748,0.0852345945997493,0.468611016342266,0.33185738559637606,0.3987118428861738,-103.9000015258789,23,0.42596810933940776,2,ok
GCF_022453685.1:NZ_CP092643.1,3159,3584,0,426,79.7652986636186,2.1952772205643316,0.7228893196257111,0.4071998062870233,0.3866102308773589,0.49745851716782064,-110.9000015258789,12,0.43896713615023475,2,ok
GCF_001543285.1:NZ_CP014164.1,424227,424651,0,425,53.434602341705435,5.195746385887732,0.2434793389647344,0.434552758611667,0.2098622477030306,0.30934789926179956,-94.4000015258789,18,0.3811764705882353,2,ok
GCF_001989575.1:NZ_CP019573.1,288046,288479,0,434,94.99999999970682,2.8217343007393056,0.437367911281355,0.37512393152123163,0.23473262862082014,0.28491183686182475,-124.0,15,0.3824884792626728,2,ok
GCF_000025305.1:NC_013740.1,869487,869845,0,359,50.10714253023786,4.453487452313603,0.42022906187311776,0.3299866431632431,0.38812161700245534,0.5546806446013084,-132.3000030517578,13,0.46518105849582175,2,ok
GCF_000015865.1:NC_009012.1,2099661,2100037,0,377,55.123874314017414,7.286632036662999,0.3262076419275995,0.4184623430235019,0.03130095238364697,0.17616387150048332,-91.0,15,0.38726790450928383,2,ok
GCF_940677205.1:NZ_OW712331.1,323239,323643,0,405,49.50060561779008,19.999999999999567,-0.010280094428629982,0.37158427852001213,0.9911987397076828,0.9804071482066693,-106.19999694824219,15,0.3802469135802469,2,ok
GCF_013267415.1:NZ_CP053988.1,1718740,1719129,0,390,50.96929032992059,5.828426607646277,0.26053966156748487,0.4027634289476247,0.5776358890511325,0.7014780845932652,-106.0,25,0.3871794871794872,2,ok
GCF_000221025.1:NC_015850.1,141352,141726,0,375,53.446731784017935,19.999999999999996,-0.009670689738084048,0.39909653586126037,0.5158690146560654,0.5102909382148422,-102.5999984741211,17,0.4533333333333333,2,ok
GCF_008726475.3:NZ_CP145134.1,1225069,1225510,0,442,65.55251257488464,6.327212063990162,0.6652482065558465,0.47578730810194936,0.02097168145629122,0.16912709299052928,-87.9000015258789,20,0.39592760180995473,2,ok
GCF_001543175.1:NZ_CP014161.1,283712,284126,0,415,56.763525337864955,4.288067998801355,0.14620913059239982,0.38411568342268865,0.47134069020303615,0.519369039752915,-128.0,14,0.4602409638554217,2,ok
GCF_001543245.1:NZ_CP014163.1,1770442,1770848,0,407,94.99999858731199,4.373177451516801,0.087292591041367,0.36760267992496226,0.45155765245535895,0.45751043045191053,-140.39999389648438,17,0.42997542997543,2,ok
GCF_013267415.1:NZ_CP053988.1,1332679,1333108,0,430,66.1286039816274,19.999999999979924,0.5124576492191675,0.42477898353944493,0.4171860746033212,0.42348676104245875,-105.9000015258789,12,0.4116279069767442,2,ok
GCF_000196455.1:NC_014614.1,2304591,2305031,0,441,48.56857642773142,16.479592479170858,-0.014161908442100635,0.4699548393475961,0.47683806939977347,0.46129512297607045,-93.69999694824219,21,0.4126984126984127,2,ok
GCF_030762805.1:NZ_CP129113.1,1806452,1806901,0,450,78.06754433459201,8.364612308872763,0.5246820174121682,0.4514969518655945,0.0037107023294737475,0.02979492978650642,-113.80000305175781,18,0.43333333333333335,2,ok
GCF_000237085.1:NC_016627.1,3708370,3708814,0,445,30.6782581930004,19.999999999999982,-0.5126459408965457,0.44694040479415165,0.3136357267195611,0.307772106811602,-94.9000015258789,18,0.3865168539325843,2,ok
GCF_022647505.1:NZ_CP071409.1,2508914,2509328,0,415,80.52886588149894,5.902669398643506,0.5528247986562462,0.45043562678543536,0.3977564868443776,0.4452614687107286,-100.19999694824219,13,0.44096385542168676,2,ok
GCF_000015865.1:NC_009012.1,30593,31025,0,433,56.72068880231366,19.999999999999996,0.09008403966886058,0.4740962449452111,0.6037996450005332,0.6174487389654323,-84.19999694824219,18,0.3787528868360277,2,ok
GCF_000007745.1:NC_006300.1,1280349,1280798,0,450,75.36352631905798,7.114255818587258,0.5546062224190973,0.3987078599337937,0.3948309047143153,0.4482551722359912,-117.9000015258789,12,0.3977777777777778,2,ok
GCF_017357865.1:NZ_CP060096.1,2025923,2026349,0,427,60.43395908349158,19.999999999999996,0.5773302418380379,0.48576764948163176,0.5470280198080876,0.6075502255108141,-93.69999694824219,21,0.4028103044496487,2,ok
GCF_025144545.1:NZ_CP102249.1,1821716,1822154,0,439,52.335623329015604,5.573024969374912,0.27411197024842343,0.4200064196057791,0.22097241618815788,0.3422819447325498,-93.4000015258789,15,0.3690205011389522,2,ok
GCF_022453685.1:NZ_CP092643.1,339432,339841,0,410,62.16148229785434,1.7491269440448975,0.544855427609424,0.35485842560235265,0.42351649259889523,0.5102617298190696,-147.3000030517578,17,0.375609756097561,2,ok
GCF_000164865.1:NC_014618.1,493886,494285,0,400,41.28792194278638,7.258472909510605,0.25132080390413325,0.4071775884207923,0.7838385106234294,0.928998555128873,-107.5999984741211,27,0.3975,2,ok
GCF_047936785.1:NZ_CP176394.1,1586675,1587088,0,414,47.79409348400893,3.0522060221566942,0.464809643740686,0.4069352854619068,0.7432430270101366,0.8786365519773478,-115.9000015258789,13,0.46859903381642515,2,ok
GCF_002220195.1:NZ_CP022374.1,3023549,3023921,0,373,58.10744952025585,5.586934840392649,0.5795158325179439,0.460742129523194,0.42297591617814145,0.6255245787475017,-69.19999694824219,20,0.3163538873994638,2,ok
GCF_000093085.1:NC_014219.1,2677096,2677531,0,436,41.156085760759645,9.918611397946075,0.13574713613463874,0.4392325616395189,0.6398882975355843,0.7324688962114504,-119.0999984741211,17,0.44495412844036697,2,ok
GCF_000164865.1:NC_014618.1,1221171,1221591,0,421,71.28070121890163,6.59909058354718,0.2863139629542311,0.4181760551116717,0.2052457082114473,0.24533148745130803,-105.19999694824219,20,0.4156769596199525,2,ok
GCF_002844395.1:NZ_CP025197.1,626413,626858,0,446,43.644036600627516,5.160127385276492,0.12419644210992092,0.43576874421540357,0.2422225495501977,0.3004880627273872,-109.0999984741211,18,0.38565022421524664,2,ok
GCF_004014775.2:NZ_CP042808.1,2710081,2710454,0,374,48.692486330467815,19.999999999999996,-0.06782398456875399,0.4012177096515841,0.5539734932664924,0.49214803232736126,-82.69999694824219,10,0.3342245989304813,2,ok
GCF_055384605.1:NZ_AP043921.1,33917,34341,0,425,61.750570387242675,6.944468003702993,0.43794706688486074,0.4402981164995543,0.024885122698411522,0.14816085914268023,-108.5,19,0.47058823529411764,2,ok
GCF_012317185.1:NZ_CP048838.1,2958984,2959385,0,402,49.87180384141414,19.9996943309153,-0.000515731925682994,0.39922680139395855,0.9999372478734243,0.9994024988777104,-92.9000015258789,15,0.3805970149253731,2,ok
GCF_004103715.1:NZ_CP035282.1,2978682,2979123,0,442,83.35682071738528,8.335569081340049,0.4916984643622677,0.4544711195363657,0.5014632207155321,0.5159164359840936,-90.9000015258789,11,0.39819004524886875,2,ok
GCF_000237085.1:NC_016627.1,4498882,4499262,0,381,54.0861441728467,15.03639011661371,0.06144398690670544,0.4781119459077085,0.08481852844887822,0.11834879219961209,-71.80000305175781,12,0.37270341207349084,2,ok
GCF_047456285.1:NZ_CP174122.1,750247,750655,0,409,94.99999999969047,2.064196805837033,0.3158339242576298,0.39666616429271373,0.7154307031263487,0.7563778365260098,-116.19999694824219,10,0.4669926650366748,2,ok
GCF_047943045.1:NZ_CP181347.1,50345,50717,0,373,88.41752361485125,4.140087045485085,0.5704481665746834,0.36188116779187823,0.3278427333122673,0.3835326771402047,-100.5,30,0.34316353887399464,2,ok
GCF_004295125.1:NZ_CP036170.1,507474,507859,0,386,46.12460134569902,6.5579053526157125,0.2759741696716044,0.4439715967634351,0.555877616768546,0.7132381457239536,-96.19999694824219,13,0.4119170984455959,2,ok
GCF_022647505.1:NZ_CP071409.1,480911,481337,0,427,53.237380480702214,10.266013983531833,0.43547032184695694,0.37992475466467,0.3417332619504223,0.5853568739452758,-103.5999984741211,17,0.40046838407494145,2,ok
GCF_023700225.1:NZ_CP097897.1,2075360,2075819,0,460,59.585216065609764,6.693766825999946,0.7662070110912182,0.409195210942364,0.4021725596664605,0.6547096580953208,-122.9000015258789,26,0.4782608695652174,2,ok
GCF_000164865.1:NC_014618.1,3437936,3438354,0,419,37.420013074190415,19.99999999997922,-0.04941207739866249,0.3911436676611036,0.288730736911213,0.2680259805584944,-112.4000015258789,14,0.38663484486873506,2,ok
GCF_004359375.1:NZ_CP034726.1,1219944,1220262,0,319,49.08599710058223,5.254672932895691,0.27008847471149816,0.3662225289393356,0.47141617624673154,0.595934075258777,-90.5999984741211,16,0.38557993730407525,2,ok
GCF_000164865.1:NC_014618.1,2290271,2290754,0,484,55.7668250082897,6.256106603283498,0.32298816129247465,0.3936834094732366,0.4924603372812178,0.6239950493914418,-132.5,20,0.44214876033057854,2,ok
GCF_001543105.1:NZ_CP014159.1,471353,471665,0,313,53.20193223466645,17.558239839678432,0.1282116257937268,0.4197008999802544,0.6349646602907133,0.7172515996325374,-64.4000015258789,9,0.3738019169329074,2,ok
GCF_047456275.1:NZ_CP173357.1,2597264,2597716,0,453,51.000880718951315,19.999999999999996,-0.012862367582548995,0.41553544559351374,0.7082243380054757,0.6966503630867777,-122.0,15,0.4260485651214128,2,ok
GCF_001989575.1:NZ_CP019573.1,295195,295584,0,390,64.05222581572276,7.050141198092279,0.6728009370141437,0.39326193984286406,0.28358422713341114,0.444521908518894,-80.19999694824219,22,0.35128205128205126,2,ok
GCF_004295125.1:NZ_CP036170.1,66445,66838,0,394,40.15237931215619,7.352431330631821,0.03951271944127188,0.42113314819003206,0.33265506281716634,0.3549937324066811,-104.30000305175781,11,0.4949238578680203,2,ok
GCF_008726475.3:NZ_CP145134.1,1105019,1105354,0,336,38.61615743627275,19.999999999999996,-0.05231866154370124,0.39789183802351924,0.31750583841328744,0.2882940838781495,-87.30000305175781,15,0.37797619047619047,2,ok
GCF_001543205.1:NZ_CP014162.1,1303605,1304023,0,419,86.19163048530106,3.3405039415725875,0.6113374222793364,0.4247966555657593,0.5178564173346208,0.5951300641603792,-101.0,13,0.4033412887828162,2,ok
GCF_001989575.1:NZ_CP019573.1,1727491,1727863,0,373,58.473967995108254,5.848173875470267,0.2620598098287366,0.46306195896937935,0.35505243162424643,0.4460665490499542,-70.4000015258789,14,0.3699731903485255,2,ok
GCF_000144625.1:NC_014376.1,330120,330467,0,348,67.26984671297168,10.014412865189193,0.1481136484255446,0.41364992724636757,0.29869968551198767,0.3158023299748227,-104.4000015258789,16,0.48563218390804597,2,ok
GCF_040267475.1:NZ_CP125628.1,4670793,4671216,0,424,33.904089156208414,5.909924284095249,0.7982877899761697,0.4421969402647179,0.46230612752549866,0.7179646093539733,-111.9000015258789,33,0.4528301886792453,2,ok
GCF_004103715.1:NZ_CP035282.1,2609829,2610271,0,443,47.03433494957982,14.831533419446112,-0.018574745076257893,0.49902966697522716,0.9630260136750147,0.9442849840468184,-81.9000015258789,17,0.3905191873589165,2,ok
GCF_001543285.1:NZ_CP014164.1,203577,203992,0,416,88.78351116773861,5.378329110066924,0.5382978683344488,0.4589396588238728,0.011832249931948702,0.04551888651967731,-90.80000305175781,18,0.37740384615384615,2,ok
GCF_022647505.1:NZ_CP071409.1,3933622,3934069,0,448,62.45421710204401,12.118693757949847,0.24556579815517574,0.3621227510238784,0.19929260270719915,0.24215614657552517,-133.8000030517578,12,0.41964285714285715,2,ok
GCF_022453685.1:NZ_CP092643.1,384713,385102,0,390,38.9949784435692,19.997553899937,0.003870414853973436,0.44404920903889766,0.230547086901849,0.23330143760671018,-95.9000015258789,18,0.3923076923076923,2,ok
GCF_001543245.1:NZ_CP014163.1,1036341,1036758,0,418,41.01450137238208,18.86476188568813,0.04292852311697029,0.3443539384411866,0.24566228778654442,0.28198218628018656,-108.80000305175781,14,0.3373205741626794,2,ok
GCF_016592595.1:NZ_AP012977.1,978979,979395,0,417,94.99990166816079,5.079709258639944,0.24017178241987513,0.4516234605733539,0.7002820140114773,0.7124975448678225,-80.4000015258789,30,0.354916067146283,2,ok
GCF_000007745.1:NC_006300.1,1503133,1503577,0,445,48.89095973060208,5.219715300525825,0.16675894701602523,0.4075633293971944,0.7370548982404881,0.8137139054338961,-122.30000305175781,18,0.37303370786516854,2,ok
GCF_001543145.1:NZ_CP014160.1,98299,98688,0,390,39.9021553696845,17.39590236605715,0.021396049177885068,0.35838697386392826,0.9694740920178582,0.9854212971134796,-131.10000610351562,15,0.5205128205128206,2,ok
GCF_001543105.1:NZ_CP014159.1,66581,67011,0,431,60.042563629564896,6.208386123561984,0.7901647545320536,0.37683631639576537,0.2699773375340301,0.5232367745231634,-124.4000015258789,13,0.42923433874709976,2,ok
GCF_055386145.1:NZ_AP043913.1,976207,976648,0,442,39.43839407366303,17.08419864756036,0.12624001901463772,0.45119812528751674,0.46427797175824104,0.5596023681853757,-99.0,19,0.4004524886877828,2,ok
GCF_017357865.1:NZ_CP060096.1,2014989,2015369,0,381,54.76924474278708,13.360070989885559,0.22470452828308804,0.4609406606939094,0.18397223045434763,0.29712951947154637,-66.19999694824219,18,0.33858267716535434,2,ok
GCF_004014775.2:NZ_CP042808.1,785588,786045,0,458,48.47211749507785,4.773975351112532,0.17667041817155832,0.3386091651193794,0.11326793011353181,0.18917324701437288,-186.89999389648438,10,0.5829694323144105,2,ok
GCF_031760945.1:NZ_CP134501.1,1884986,1885408,0,423,56.31013923944441,15.686384172023008,0.6029494399852455,0.4498683660080465,0.013323217695989376,0.25928156166292415,-87.30999755859375,36,0.3806146572104019,2,ok
GCF_004295125.1:NZ_CP036170.1,3510529,3510931,0,403,54.30619877253934,7.053669191580094,0.3806481504159739,0.4244667812147554,0.4011815974838262,0.5762677401143491,-111.5,16,0.43424317617866004,2,ok
GCF_022845755.1:NZ_AP025566.1,822915,823301,0,387,72.85183533424426,4.75495963346808,0.6316260549886255,0.40540056214918035,0.2803988722695494,0.38798473599371763,-120.0,14,0.5452196382428941,2,ok
GCF_001543145.1:NZ_CP014160.1,576365,576802,0,438,58.12508854316237,9.182135426753455,0.0907272114132952,0.4094447872104597,0.44575427576915916,0.47836443222027913,-101.0,14,0.3607305936073059,2,ok
GCF_001543145.1:NZ_CP014160.1,1781852,1782252,0,401,54.162950536182265,7.415298770384601,0.3561023089714897,0.3993260007626267,0.23189510653127035,0.4002044420847568,-116.5999984741211,13,0.49875311720698257,2,ok
GCF_004295125.1:NZ_CP036170.1,504171,504594,0,424,72.7270654470697,4.73147042681664,0.302279598745146,0.4343047067823801,0.514701985822376,0.5664633270843212,-115.5999984741211,12,0.455188679245283,2,ok
GCF_008365315.1:NZ_CP043507.1,122529,122950,0,422,48.22244042261171,4.512522142297757,0.35632372362168335,0.469326968255868,0.42495044435071727,0.5716543062074699,-84.0,22,0.3886255924170616,2,ok
GCF_023700225.1:NZ_CP097897.1,673115,673553,0,439,54.012168885992715,6.760036835278215,0.1105197338542031,0.4394217733023496,0.7002478724520406,0.7509774344646604,-99.9000015258789,23,0.4191343963553531,2,ok
GCF_000015865.1:NC_009012.1,3434348,3434747,0,400,53.551890169434664,19.9999999999976,0.03101438820291358,0.4094306024261589,0.25881131642395155,0.27663781227329015,-96.0,11,0.3925,2,ok
GCF_017357865.1:NZ_CP060096.1,2005742,2006173,0,432,53.502191086050814,19.999999999999996,-0.023218851377797,0.42872554013032765,0.826195900943353,0.8221957676574353,-101.9000015258789,18,0.3425925925925926,2,ok
GCF_022647505.1:NZ_CP071409.1,4106965,4107390,0,426,70.94378599986752,3.0246727002096203,0.7325110900092097,0.44317836673444,0.3572266804889836,0.5005672332634591,-112.0999984741211,18,0.4647887323943662,2,ok
GCF_001543145.1:NZ_CP014160.1,1086573,1086974,0,402,61.53169411867686,6.593069423260956,0.19127045536381287,0.348231302667886,0.42048918691563364,0.4758184940228919,-167.5,9,0.5199004975124378,2,ok
GCF_017357865.1:NZ_CP060096.1,484837,485242,0,406,64.21431762059572,12.697839204741976,0.21438008542722092,0.4617277550754187,0.24186063246452438,0.26819922261783585,-76.69999694824219,17,0.3694581280788177,2,ok
GCF_016592595.1:NZ_AP012977.1,1004206,1004606,0,401,57.78495390898485,9.514135478826166,0.3781273960203829,0.4191745422998297,0.3028694070900742,0.44276072083916845,-110.5999984741211,30,0.42144638403990026,2,ok
GCF_012317185.1:NZ_CP048838.1,775688,776047,0,360,47.280933227332575,9.46751399650719,0.30076102878690886,0.4031908256393481,0.3697385033789972,0.5856918931569891,-111.19999694824219,16,0.4888888888888889,2,ok
GCF_025152405.1:NZ_CP102292.1,2481012,2481443,0,432,66.97105758978732,6.582250167693961,0.6376097154112512,0.4462449104183592,0.09708556519446372,0.22253669154513794,-102.0999984741211,14,0.3888888888888889,2,ok
GCF_025149125.1:NZ_CP102272.1,1873915,1874267,0,353,40.282154082022416,15.29308817025323,-0.06793650529663192,0.4210289940790647,0.42284268919260504,0.37164885279605964,-98.69999694824219,15,0.3937677053824363,2,ok
GCF_022647505.1:NZ_CP071409.1,2568536,2568951,0,416,76.28838705244561,6.556882988954632,0.5595785732322323,0.5327408839091731,0.23977664945273208,0.2962627082569024,-87.0,39,0.4423076923076923,2,ok
GCF_016250455.1:NZ_CP059488.1,536572,536987,0,416,45.40080778208986,13.553998479957821,-0.0733032008060272,0.4523265264418661,0.564128240292513,0.49340457624973855,-102.4000015258789,20,0.4567307692307692,2,ok
GCF_000237085.1:NC_016627.1,3472756,3473128,0,373,44.800395121433134,9.747513090454007,0.06779687234446835,0.39034991544143294,0.5049909578773498,0.5555944630361731,-81.80000305175781,25,0.3297587131367292,2,ok
GCF_000022305.1:NC_011992.1,291849,292290,0,442,65.51198539961452,7.87791474112864,0.6265915379944762,0.36890413990976784,0.25475251276975686,0.3749603339280604,-167.1999969482422,11,0.5656108597285068,2,ok
GCF_001543285.1:NZ_CP014164.1,253190,253588,0,399,52.42175516584485,19.999999999999996,-0.06283071879362939,0.40475054524089654,0.30496389517473205,0.2629558713463578,-92.69999694824219,14,0.3157894736842105,2,ok
GCF_000196455.1:NC_014614.1,1540537,1540970,0,434,67.24932666230109,4.316943693750493,0.7127744986081072,0.45970785972646605,0.41918044581426467,0.5836396787263682,-74.4000015258789,19,0.32027649769585254,2,ok
GCF_040267475.1:NZ_CP125628.1,567212,567561,0,350,65.57934962845118,19.999999999999996,0.5146624623076534,0.461958516426694,0.39556455807349017,0.4050727102944213,-98.5999984741211,20,0.4542857142857143,2,ok
GCF_047943045.1:NZ_CP181347.1,332802,333184,0,383,36.224339329460705,4.490038120390692,0.3718633056381726,0.4371569497023229,0.7835105202332595,0.9111245137115511,-81.0999984741211,12,0.3472584856396867,2,ok
GCF_000202835.1:NC_015187.1,15603,15987,0,385,63.76898871752006,19.999999999999996,0.5266236006957965,0.3412976958490273,0.09133591362877297,0.09919255953261198,-159.5,10,0.5974025974025974,2,ok
GCF_047456285.1:NZ_CP174122.1,1789683,1790130,0,448,50.83859188723695,19.999999999999996,-0.03750166909295627,0.4642275557014353,0.8804169417071996,0.8480071474520607,-119.80000305175781,23,0.4419642857142857,2,ok
GCF_022845755.1:NZ_AP025566.1,2051754,2052123,0,370,45.492111458592085,15.238893089231079,-0.15441189176146058,0.45342111672514057,0.5510734556502778,0.40029350930327723,-86.4000015258789,22,0.42702702702702705,2,ok
GCF_029866465.1:NZ_CP123364.1,5121395,5121740,0,346,77.63382220486875,1.6724096378500992,0.7832078442903165,0.40435783804756914,0.4006929776252819,0.5089279961616001,-94.9000015258789,13,0.430635838150289,2,ok
GCF_030762805.1:NZ_CP129113.1,1157362,1157782,0,421,7.428188986609906,1.8949269983278199,0.5227612285523174,0.474194531683954,0.6293813653457995,0.6425284647437574,-93.5,27,0.3847980997624703,2,ok
GCF_003721225.2:NZ_CP127527.1,573029,573423,0,395,23.54216204123245,5.64668927623802,0.5389884644229321,0.38862594795547484,0.4653920205669724,0.5002232849696294,-149.89999389648438,13,0.589873417721519,2,ok
GCF_047943045.1:NZ_CP181347.1,193975,194326,0,352,46.66023134826443,14.625066093362525,-0.04572699521666934,0.3648147566539183,0.9380889485781803,0.8923800013821689,-89.80000305175781,13,0.3664772727272727,2,ok
GCF_025152405.1:NZ_CP102292.1,1228361,1228810,0,450,51.075696205395296,6.828357457155607,0.13991558449659702,0.4373979059230572,0.5327459773227166,0.606083401981333,-108.19999694824219,19,0.4,2,ok
GCF_000144695.1:NC_014378.1,789892,790315,0,424,94.99999973815048,2.9269515781328255,0.22530804719165598,0.4092828715661234,0.6463060929117431,0.6718734139308735,-101.0999984741211,12,0.330188679245283,2,ok
GCF_000247605.1:NC_016894.1,1518095,1518478,0,384,46.74847135262781,19.99497399588779,-0.001080820916642855,0.40554255999221206,0.7451905251472901,0.747465226904372,-107.9000015258789,10,0.4427083333333333,2,ok
GCF_017357865.1:NZ_CP060096.1,1623178,1623577,0,400,44.40043584505696,12.901582227798038,0.21092708446481145,0.38222369712206083,0.48495152394392366,0.662537264063766,-109.5999984741211,12,0.375,2,ok
GCF_000015865.1:NC_009012.1,3243117,3243560,0,444,39.401287916957074,16.627113261210813,0.14079305402626296,0.4481541060971122,0.45471267795620074,0.5595733420283402,-99.0999984741211,19,0.39864864864864863,2,ok
GCF_047456275.1:NZ_CP173357.1,318935,319268,0,334,94.9999999972983,2.691627849271262,0.5351356830883603,0.3957598131765734,0.07268650111359971,0.13589772163774982,-89.30000305175781,14,0.36227544910179643,2,ok
GCF_008726475.3:NZ_CP145134.1,222772,223176,0,405,67.94774251587516,6.3351537421980435,0.631163234936079,0.4178816733283838,0.29192330807135614,0.4102477530086215,-117.5,14,0.4419753086419753,2,ok
GCF_023700225.1:NZ_CP097897.1,1125739,1126176,0,438,49.43588298071577,2.9720034353849814,0.34898276307829,0.32625349901836853,0.4694733404501902,0.5677088612017898,-141.5,10,0.3881278538812785,2,ok
GCF_000025305.1:NC_013740.1,530166,530523,0,358,59.69332936862531,19.99999999999997,0.08710303488293752,0.35891593601431815,0.44886287417276655,0.4541547643051643,-119.0,10,0.4134078212290503,2,ok
GCF_004295125.1:NZ_CP036170.1,441041,441376,0,336,90.54867220907495,5.726659365074174,0.5100090105950521,0.4152525011695336,0.2539542451523451,0.2789361138655355,-102.69999694824219,10,0.4880952380952381,2,ok
GCF_001543285.1:NZ_CP014164.1,428497,428866,0,370,41.14842312297726,4.569817320541445,0.22803260091141397,0.4828431055797149,0.6385777119322261,0.7318223848355037,-73.69999694824219,19,0.4135135135135135,2,ok
GCF_047456275.1:NZ_CP173357.1,2512324,2512779,0,456,86.32816091340985,3.8046218928858555,0.593185335716944,0.4190336848534041,0.6980630424623109,0.7717506955694563,-113.0999984741211,12,0.4144736842105263,2,ok
GCF_047943045.1:NZ_CP181347.1,884413,884764,0,352,43.548749905446144,7.281071799420462,0.09176579907201943,0.40665107141527324,0.6354635309136865,0.6915085235478328,-90.4000015258789,16,0.3721590909090909,2,ok
GCF_047456285.1:NZ_CP174122.1,735674,736103,0,430,45.14715774930786,15.315492308036049,-0.13593461647401717,0.42973749700336256,0.5388253368222284,0.40635115416013506,-100.19999694824219,11,0.4,2,ok
GCF_055386145.1:NZ_AP043913.1,2770519,2770988,0,470,48.161615487557796,7.147060964782164,0.3563361731037428,0.4534792384820522,0.4324603476254141,0.642268481247576,-106.0,29,0.42340425531914894,2,ok
GCF_000144625.1:NC_014376.1,945702,945990,0,289,39.94450421870227,1.1493449911861073,0.5785777821535625,0.42461112472498097,0.16224456080825173,0.2277860546203597,-64.4000015258789,11,0.3771626297577855,2,ok
GCF_001543145.1:NZ_CP014160.1,1288903,1289290,0,388,31.358644859070495,19.999999999999485,0.5185304464407464,0.43075267317920457,0.4324367559368795,0.44354461710597404,-114.0,15,0.520618556701031,2,ok
GCF_025152405.1:NZ_CP102292.1,125870,126292,0,423,73.56579750307503,19.999999999999996,0.4688058711221143,0.4039244309500741,0.5008415035608975,0.5014148689128648,-108.30000305175781,10,0.39243498817966904,2,ok
GCF_025152405.1:NZ_CP102292.1,2077854,2078292,0,439,49.80912213534936,5.999726766762369,0.19151219725737728,0.4182922533684621,0.37544050215636254,0.471445893377584,-131.5,13,0.3895216400911162,2,ok
GCF_047936785.1:NZ_CP176394.1,1600441,1600851,0,411,52.41100839628498,19.999999999980744,0.07171204297123335,0.38067192130344807,0.5318414207426825,0.5790395261430421,-119.69999694824219,13,0.3795620437956204,2,ok
GCF_004359375.1:NZ_CP034726.1,934002,934379,0,378,57.688690289405066,19.999999999999833,0.06697327466539138,0.4253398773982717,0.5040456292636675,0.5159851009312817,-90.19999694824219,18,0.328042328042328,2,ok
GCF_001753245.1:NZ_CP017415.1,2626751,2627144,0,394,52.2754865185604,19.99999999999932,0.046194886530066204,0.39584604300904375,0.5337707218222925,0.564110739532933,-133.1999969482422,23,0.5380710659898477,2,ok
GCF_001543245.1:NZ_CP014163.1,39433,39826,0,394,43.52418870639349,8.002640185516643,0.2529700123960183,0.4061659793261261,0.42906605156202543,0.5943171245406045,-120.5999984741211,15,0.467005076142132,2,ok
GCF_025152405.1:NZ_CP102292.1,2124550,2124965,0,416,42.14053553431485,19.326688707261333,-0.08606994175938892,0.4236274928867034,0.46189844204734753,0.38947016527122463,-133.1999969482422,20,0.5192307692307693,2,ok
GCF_022647505.1:NZ_CP071409.1,3810436,3810843,0,408,77.10669127403305,10.59778669408693,0.5075532934128821,0.3659086575778526,0.0020653144917070153,0.01580480581616388,-145.89999389648438,10,0.4534313725490196,2,ok
GCF_023700225.1:NZ_CP097897.1,684600,685007,0,408,94.67757728494682,3.003312094012299,0.5036414623570786,0.4269413732519848,0.6345755280568114,0.6887666531395286,-119.5999984741211,12,0.4950980392156863,2,ok
GCF_040267475.1:NZ_CP125628.1,3292727,3293118,0,392,41.44338940569466,14.469905247647523,-0.10124173045779873,0.43087805414755914,0.203934113201371,0.11979716630846579,-104.69999694824219,16,0.4260204081632653,2,ok
GCF_030762805.1:NZ_CP129113.1,2730058,2730420,0,363,90.83962819107002,1.3179144675475352,0.5494829517904535,0.4230184652072627,0.7409216183293037,0.7996471018251242,-85.9000015258789,16,0.3526170798898072,2,ok
GCF_000021485.1:NC_011761.1,2211376,2211782,0,407,55.129692242853594,7.139536862457433,0.4522640409996955,0.35452307218834156,0.08280818572187643,0.28222162963847547,-108.69999694824219,13,0.44717444717444715,2,ok
GCF_001647695.1:NZ_CP015425.1,889589,890016,0,428,31.283902351412884,19.999999999935085,0.5181460792748017,0.44780144659126253,0.6003862675254159,0.6088737738181298,-96.5,25,0.3855140186915888,2,ok
GCF_055386145.1:NZ_AP043913.1,1589581,1590001,0,421,45.70155723319846,14.755676163509364,-0.01148787930285533,0.3830779509558865,0.32483394999522447,0.31359394668975615,-107.69999694824219,15,0.35629453681710216,2,ok
GCF_902729405.1:NZ_LR746496.1,2668538,2668968,0,431,61.49781930237076,11.662563551639897,0.2704877780366995,0.3351183105289433,0.009029814191878816,0.06613042645196411,-181.1999969482422,8,0.6102088167053364,2,ok
GCF_002173775.1:NZ_CP021526.1,8401,8835,0,435,47.69727511932591,18.55573510020964,-0.19095479321337094,0.4046723464282442,0.40241966379389826,0.208076811179044,-111.80000305175781,12,0.42528735632183906,2,ok
GCF_000164865.1:NC_014618.1,3326467,3326819,0,353,51.26815871617511,19.543407953808934,0.03537614509495024,0.45266021221619746,0.5310581683782991,0.5582950649956685,-71.30000305175781,13,0.40226628895184136,2,ok
GCF_001543175.1:NZ_CP014161.1,192365,192769,0,405,51.26940884300134,5.025167287656447,0.042023201695233325,0.42470137203625796,0.44076475142945454,0.4585932319489127,-118.4000015258789,15,0.4666666666666667,2,ok
GCF_004103715.1:NZ_CP035282.1,1000368,1000795,0,428,36.91938536521127,19.999999999999996,0.08014574068001268,0.4353984318384093,0.8283392756913996,0.857934226310046,-101.19999694824219,25,0.4182242990654206,2,ok
GCF_000093085.1:NC_014219.1,587981,588358,0,378,59.23646731757887,6.071591253108462,0.1756087015202371,0.404744454626885,0.47310504345496796,0.5319495664231628,-108.4000015258789,21,0.49206349206349204,2,ok
GCF_000015865.1:NC_009012.1,3473090,3473476,0,387,39.475016593211635,19.999999999998284,-0.17819748771743937,0.4558022131140056,0.47058801547541795,0.34342317625845376,-67.0,20,0.3669250645994832,2,ok
GCF_000247605.1:NC_016894.1,3476622,3477036,0,415,40.40120903393235,9.228370290544579,0.26248480320983714,0.383963100427971,0.7700983230815551,0.9371009025505206,-119.0,12,0.4771084337349398,2,ok
GCF_047456275.1:NZ_CP173357.1,598931,599370,0,440,93.22179855923916,2.0925229619099643,0.49963138680091523,0.4285845545509468,0.8408280163543316,0.9026559801177626,-117.4000015258789,19,0.43863636363636366,2,ok
GCF_902729405.1:NZ_LR746496.1,3950044,3950375,0,332,35.730534886324676,3.001780984554982,0.19865802516042652,0.39760156861164514,0.832751268090243,0.8841440764707884,-124.69999694824219,12,0.608433734939759,2,ok
GCF_001543285.1:NZ_CP014164.1,1582418,1582852,0,435,46.86050877236944,6.233794185093884,0.3129386604382026,0.4114308853519552,0.6055559062375075,0.7758524837848808,-115.69999694824219,16,0.3931034482758621,2,ok
GCF_047456285.1:NZ_CP174122.1,293239,293566,0,328,86.93410062621595,6.752687623293305,0.45759898790239867,0.37898015557446596,0.005666990825920126,0.02414642679759278,-96.5,16,0.3719512195121951,2,ok
GCF_047943045.1:NZ_CP181347.1,2376931,2377323,0,393,83.9182508126865,1.3471126090577792,0.7834960441542763,0.45319049543745116,0.36729005665271525,0.45581071891711655,-92.30000305175781,21,0.4122137404580153,2,ok
GCF_023700225.1:NZ_CP097897.1,1500502,1500810,0,309,42.18527199269613,13.482306674879908,0.04641489500145046,0.44185677902725945,0.5896069634332891,0.6269792464799044,-93.5,13,0.49838187702265374,2,ok
GCF_022453685.1:NZ_CP092643.1,757509,757943,0,435,49.54734009959855,19.999999988802294,-0.018922100517709595,0.4277540641792246,0.829141940600792,0.8116156963737092,-119.4000015258789,19,0.42528735632183906,2,ok
GCF_000007745.1:NC_006300.1,1895855,1896232,0,378,94.9997854578739,3.4488752131875993,0.2232818072217857,0.4522839692906163,0.585055133713263,0.6063962831358872,-69.30000305175781,12,0.31746031746031744,2,ok
GCF_001499615.1:NZ_LN606600.1,2154871,2155260,0,390,63.29086311131227,19.999999999999996,0.27320826398378883,0.5022595063739935,0.10420044771657161,0.11414377585442642,-62.20000076293945,18,0.3282051282051282,2,ok
GCF_008365315.1:NZ_CP043506.1,1895963,1896403,0,441,59.818019416340064,19.999999999999986,0.14432283585551237,0.41955146862654463,0.2081457279207386,0.22842992831087347,-117.9000015258789,13,0.4557823129251701,2,ok
GCF_000237085.1:NC_016627.1,1474259,1474637,0,379,47.76749918686804,4.334923460723781,0.9555439221131696,0.4661515631058885,0.2544764126801285,0.637037500768804,-61.70000076293945,19,0.3403693931398417,2,ok
GCF_013267415.1:NZ_CP053988.1,970185,970547,0,363,31.406132656541747,19.999999999999872,0.5185274191754295,0.38122560266703104,0.5390631785295195,0.5478260107387728,-100.4000015258789,10,0.38016528925619836,2,ok
GCF_031760945.1:NZ_CP134501.1,2281345,2281813,0,469,37.702053193835425,19.999999999999993,0.11892437264815303,0.45375299449789946,0.6636011491993117,0.721103654487675,-89.4000015258789,27,0.3837953091684435,2,ok
GCF_001543175.1:NZ_CP014161.1,1862878,1863283,0,406,80.31847796091029,3.804701404164029,0.6191567549200783,0.43603689162926795,0.08147296881322474,0.17049990543722762,-78.19999694824219,20,0.3275862068965517,2,ok
GCF_047943045.1:NZ_CP181347.1,1687662,1688166,0,505,49.5258117227749,19.999999999999996,-0.04007438800112906,0.42521766266535976,0.1674964498226014,0.13116728984417578,-153.89999389648438,34,0.4297029702970297,2,ok
GCF_001543175.1:NZ_CP014161.1,1196233,1196661,0,429,94.99999746700529,4.450150415075984,0.07785084957850165,0.4396247041443766,0.0020536768223762547,0.007277871803027219,-123.0999984741211,14,0.4801864801864802,2,ok
GCF_001543175.1:NZ_CP014161.1,1522506,1522924,0,419,54.23283507039857,16.239409938682492,0.08921764118493153,0.40468873321040505,0.4447842821399718,0.4929938093210815,-120.0,9,0.45346062052505964,2,ok
GCF_000237085.1:NC_016627.1,4208347,4208743,0,397,65.3902316220234,6.79743581038207,0.6562427971954289,0.47709079961378953,0.06445410920854489,0.2088008866200624,-87.69999694824219,22,0.4005037783375315,2,ok
GCF_047456275.1:NZ_CP173357.1,1160374,1160786,0,413,52.68969304154338,19.99999999999999,0.0950733881634358,0.43708274844300693,0.5912573144549873,0.6467884078911368,-97.9000015258789,28,0.4406779661016949,2,ok
GCF_022453685.1:NZ_CP092643.1,1389997,1390435,0,439,72.57960972696159,5.5334818313602705,0.6078970156360967,0.42964871333023835,0.15385339472189757,0.24766595484267642,-104.30000305175781,21,0.4009111617312073,2,ok
GCF_025152405.1:NZ_CP102292.1,1113495,1113846,0,352,52.88333951079639,11.359797257372106,0.134454128720074,0.35411461784267845,0.35786458885852584,0.4371327133442949,-98.80000305175781,9,0.3409090909090909,2,ok
GCF_002844395.1:NZ_CP025197.1,805862,806320,0,459,63.677957592617524,4.049374625966406,0.46970039486079357,0.3971159203281496,0.10007833011868897,0.2203015829374409,-137.60000610351562,18,0.41830065359477125,2,ok
GCF_012317185.1:NZ_CP048838.1,942698,943136,0,439,43.748161884147144,9.063081937179035,0.5099207350007295,0.420679497149861,0.3650893237626121,0.7257927041920453,-120.69999694824219,27,0.4305239179954442,2,ok
GCF_025144545.1:NZ_CP102249.1,343672,343995,0,324,94.99994810030365,7.616863745624244,0.3725153576979258,0.44928014757142554,0.2506220190700178,0.25608864489189087,-94.9000015258789,27,0.3888888888888889,2,ok
GCF_000015865.1:NC_009012.1,3347969,3348398,0,430,70.19148282761721,7.282554698754589,0.585036897218358,0.5090768905156854,0.5149183226984511,0.5951296610809924,-70.0999984741211,17,0.4046511627906977,2,ok
GCF_016250455.1:NZ_CP059488.1,2627146,2627552,0,407,83.59922485925955,2.761064778910988,0.6575494367147374,0.44253599122144466,0.25231233263028524,0.3472876687595147,-108.0,13,0.4692874692874693,2,ok
GCF_004359375.1:NZ_CP034726.1,1373476,1373874,0,399,50.76184699070859,7.640569645561123,0.16582924290012124,0.43771104847437364,0.3043485514030053,0.39811931538204204,-98.30000305175781,14,0.38596491228070173,2,ok
GCF_025152405.1:NZ_CP102292.1,1373,1709,0,337,69.31302088052172,6.42166332528958,0.6139229727838594,0.42945377394289774,0.08597905362930443,0.18998978808292524,-73.80000305175781,16,0.34421364985163205,2,ok
GCF_004359375.1:NZ_CP034726.1,1356585,1356903,0,319,40.651677808709884,7.741043610586401,0.29592650058263625,0.4549051429797069,0.7071469176086301,0.880033912162103,-58.29999923706055,43,0.322884012539185,2,ok
GCF_902729405.1:NZ_LR746496.1,24584,25006,0,423,50.87928209715118,10.425371982316683,0.2124003360402888,0.36655912576234245,0.10815876377622771,0.24778521072482212,-142.0,11,0.491725768321513,2,ok
GCF_055386145.1:NZ_AP043913.1,843860,844261,0,402,61.138366052267294,5.691120562055896,0.5648789259349553,0.422658229283674,0.2387783784472693,0.40803676226420355,-86.30000305175781,11,0.31343283582089554,2,ok
GCF_004103715.1:NZ_CP035282.1,20113,20480,0,368,30.07268276977217,3.292792450565553,0.31480277704337584,0.47092190401338785,0.314294934197188,0.38200081376175443,-65.19999694824219,16,0.32065217391304346,2,ok
GCF_004295125.1:NZ_CP036170.1,1187879,1188253,0,375,44.972887470372605,15.779048648697607,-0.12111374239335698,0.3478031397170159,0.48880302095124123,0.3710203086783536,-120.5999984741211,8,0.41333333333333333,2,ok
GCF_003352165.1:NZ_CP029176.1,2024739,2025138,0,400,59.550123757934884,11.927486015083597,0.0568833952827672,0.4590481050277246,0.429623409729997,0.44533965880443793,-92.80000305175781,27,0.3875,2,ok
GCF_022647505.1:NZ_CP071409.1,2766764,2767092,0,329,44.12018833077659,7.606346636358172,0.26389888184875804,0.5111486926695991,0.16862841345780316,0.33637840208837233,-49.099998474121094,18,0.3951367781155015,2,ok
GCF_001499615.1:NZ_LN606600.1,1984903,1985318,0,416,48.08886394285033,17.619924234144932,-0.06488361245922314,0.34764600779576954,0.5754818944854868,0.5086683267988555,-176.8000030517578,10,0.6057692307692307,2,ok
GCF_001499615.1:NZ_LN606600.1,3200482,3200875,0,394,40.50749128788744,7.612561590103316,0.15814067467730475,0.39001992853615414,0.7573920619221333,0.8484075885421264,-143.39999389648438,16,0.5583756345177665,2,ok
GCF_012317185.1:NZ_CP048838.1,3678724,3679105,0,382,94.99999998680563,7.24237834743882,0.3269150213768417,0.3850408512851467,0.20163902990757848,0.2075887817833534,-104.80000305175781,11,0.4162303664921466,2,ok
GCF_004103715.1:NZ_CP035282.1,1016787,1017179,0,393,48.70277201161016,5.4788942751944925,0.25171169950133787,0.41113593346973465,0.3736979353906878,0.49431859781990334,-93.30000305175781,18,0.38676844783715014,2,ok
GCF_002844395.1:NZ_CP025197.1,811066,811450,0,385,70.28537818358004,5.147909904807493,0.6428545618483665,0.44043521231127797,0.5114217485747358,0.633066813363846,-88.5,16,0.4,2,ok
GCF_047456275.1:NZ_CP173357.1,3004373,3004783,0,411,67.46259934816592,10.980000430601654,0.4053546018448241,0.380612737683289,0.30490060459127966,0.34344582921341216,-129.3000030517578,13,0.46472019464720193,2,ok
GCF_001543105.1:NZ_CP014159.1,1330073,1330421,0,349,60.35878036125262,5.935365825025724,0.31247036868075967,0.40524366440901244,0.06790211675493994,0.16587345193352765,-79.30000305175781,6,0.3467048710601719,2,ok
GCF_055386145.1:NZ_AP043913.1,1213737,1214077,0,341,52.75760927195297,19.999999942793107,-0.0006536075226791782,0.35106597299823233,0.4002855718138938,0.39974567884663476,-100.30000305175781,10,0.3343108504398827,2,ok
GCF_001543205.1:NZ_CP014162.1,757780,758195,0,416,80.57473405924816,3.0434820180794,0.6566244139468411,0.390862668503621,0.10691527702566042,0.20742701925792073,-117.5999984741211,14,0.4230769230769231,2,ok
GCF_047456275.1:NZ_CP173357.1,4079213,4079672,0,460,54.963420575350504,9.668376034017705,0.39560279636094275,0.40590243543320886,0.16758107121014973,0.3571935537630343,-115.4000015258789,13,0.40217391304347827,2,ok
GCF_004103715.1:NZ_CP035282.1,423151,423543,0,393,53.46288124468091,6.312410212128063,0.31820203252184615,0.484227302754034,0.5264169201813304,0.6713456389855262,-79.5999984741211,16,0.37150127226463103,2,ok
GCF_047943045.1:NZ_CP181347.1,1635689,1636109,0,421,39.362315160180394,19.999999999999964,0.029801623457473725,0.4334274242602814,0.6384243963735978,0.6539846383488648,-95.9000015258789,18,0.3847980997624703,2,ok
GCF_000144625.1:NC_014376.1,3294131,3294502,0,372,40.11827273898283,7.307302382437254,0.265751113128019,0.4160163447313526,0.6880541513422005,0.8351037626748082,-104.5,12,0.3763440860215054,2,ok
GCF_000144625.1:NC_014376.1,4510495,4510935,0,441,60.46177060900912,4.351908137194462,0.021069993644824814,0.44920685021079165,0.49785605077421047,0.5040506432571022,-133.0,18,0.5011337868480725,2,ok
GCF_001543145.1:NZ_CP014160.1,1217459,1217850,0,392,58.365130282325886,15.528678733050645,0.07203543108934762,0.3796007985938529,0.3167613736523842,0.3372133693737444,-137.39999389648438,11,0.5153061224489796,2,ok
GCF_000144695.1:NC_014378.1,913563,913973,0,411,41.93932955531475,7.599656148034495,0.13084944211501218,0.38167090548903093,0.23481852979180368,0.31386248593410765,-98.69999694824219,11,0.3795620437956204,2,ok
GCF_023700225.1:NZ_CP097897.1,3293340,3293780,0,441,59.09840708857232,19.999999999996103,0.3114342896269853,0.44735729765971477,0.33616783889920177,0.3723698159280206,-92.0999984741211,8,0.41043083900226757,2,ok
GCF_031760945.1:NZ_CP134501.1,150661,151081,0,421,57.52907025204259,9.862138311917713,0.10259187064501296,0.42234454694356727,0.5259660125934916,0.56458054295547,-114.4000015258789,14,0.45605700712589076,2,ok
GCF_000007745.1:NC_006300.1,2005135,2005573,0,439,53.86476139808866,9.548648981193432,0.07895931888892405,0.35908156040183675,0.484424700087475,0.5255987375606257,-120.19999694824219,11,0.38496583143507973,2,ok
GCF_000247605.1:NC_016894.1,426758,427210,0,453,37.896691181878474,8.71169469766479,0.20057556889946027,0.39352553096627135,0.6049127906678227,0.7080206467629744,-134.0,11,0.45253863134657835,2,ok
GCF_013267415.1:NZ_CP053988.1,758302,758683,0,382,81.80127513560353,6.538762919064847,0.5370179392993853,0.46060197601575176,0.0356862490010236,0.07043368540090644,-83.9000015258789,21,0.42408376963350786,2,ok
GCF_000144625.1:NC_014376.1,2154119,2154517,0,399,93.02267985264501,1.8092036392692543,0.3268929451625406,0.45594566003996856,0.1683757737697874,0.20842355033853677,-85.5999984741211,18,0.37343358395989973,2,ok
GCF_018854495.2:NZ_CP130946.1,2036765,2037163,0,399,38.986509789975,9.620868805043933,0.031155899360954753,0.4437457362700505,0.3333207330519807,0.3520154573637715,-99.30000305175781,12,0.44360902255639095,2,ok
GCF_013267415.1:NZ_CP053988.1,1137385,1137712,0,328,38.40479845745801,9.506459712381671,0.1841776205814306,0.4055297493069354,0.8566659198847253,0.9585757012454824,-88.19999694824219,15,0.4878048780487805,2,ok
GCF_012317185.1:NZ_CP048838.1,2228950,2229284,0,335,94.99999999937886,2.9533319013598067,0.3313541743146883,0.3987065424619862,0.3355538829073015,0.3717697505111637,-103.4000015258789,9,0.47761194029850745,2,ok
GCF_016592595.1:NZ_AP012977.1,595642,596089,0,448,87.09000958360521,6.554418171570042,0.49469284014968773,0.42288224228093113,0.25386313616717676,0.27535557624844376,-95.4000015258789,16,0.38392857142857145,2,ok
GCF_000025305.1:NC_013740.1,2133409,2133765,0,357,54.5202103825913,19.999999999999606,0.15624208798568967,0.3977496601812985,0.3268203366732708,0.3987583237331881,-116.69999694824219,10,0.5574229691876751,2,ok
GCF_000247605.1:NC_016894.1,4029743,4030134,0,392,48.044033684740995,16.457888102762702,-0.04069525089246617,0.3955240594734843,0.822538106343576,0.7805475626251093,-88.30000305175781,10,0.35459183673469385,2,ok
GCF_022845755.1:NZ_AP025566.1,1791646,1792030,0,385,64.0433659757054,6.3936590609026345,0.2042631966326415,0.40818331266551616,0.028634999565951984,0.07874465430242385,-94.4000015258789,16,0.38701298701298703,2,ok
GCF_001543105.1:NZ_CP014159.1,1480078,1480477,0,400,85.36894540070047,5.622057829029745,0.5430964500913508,0.41038768752957894,0.30993254988287156,0.34888913106912045,-96.80000305175781,17,0.39,2,ok
GCF_047456275.1:NZ_CP173357.1,433470,433861,0,392,47.1078273025401,4.00479655186063,0.5164420588050129,0.3716314388222503,0.5766965005025855,0.7700994993763859,-131.89999389648438,17,0.5,2,ok
GCF_022453685.1:NZ_CP092643.1,3182729,3183159,0,431,18.94998260543132,4.058186283348257,0.5343125309937419,0.41982758682113336,0.7568781736004104,0.7874513672238435,-98.0,10,0.3689095127610209,2,ok
GCF_047456275.1:NZ_CP173357.1,3657301,3657677,0,377,39.221352802008816,19.99999999999813,0.018740332944144567,0.35398496437806787,0.9420032060831168,0.9550743655716649,-103.30000305175781,12,0.34748010610079577,2,ok
GCF_047943045.1:NZ_CP181347.1,1905904,1906283,0,380,44.15697751612157,13.65245317747421,-0.01400117252267763,0.4081992782172255,0.5448798917891275,0.5318057802813367,-98.5,26,0.4131578947368421,2,ok
GCF_022845755.1:NZ_AP025566.1,2186311,2186636,0,326,47.835347101630546,5.453286389427769,0.27356266771431514,0.4012611365087925,0.7740307498090859,0.9063797313196377,-79.19999694824219,11,0.35276073619631904,2,ok
GCF_031760945.1:NZ_CP134501.1,1432339,1432722,0,384,40.9185943334681,4.5187289259610095,0.5414612842592115,0.46483522599274046,0.5474091407010251,0.765940697822745,-85.69999694824219,22,0.3671875,2,ok
GCF_022647505.1:NZ_CP071409.1,2766791,2767181,0,391,54.39133625931217,19.999999999996295,0.04929098153487649,0.4941629285722262,0.41336425730192417,0.4357310791203218,-82.0999984741211,18,0.4040920716112532,2,ok
GCF_000144625.1:NC_014376.1,3854762,3855190,0,429,82.32126669924672,5.288226331886238,0.5590529891178846,0.4390497134426073,0.43628862784323996,0.48803027646506775,-112.19999694824219,15,0.45454545454545453,2,ok
GCF_023700225.1:NZ_CP097897.1,2995152,2995599,0,448,56.48262943064686,16.238352938180142,0.03335766431431325,0.366986896258335,0.21801724265971706,0.23070631443792805,-148.0,9,0.5,2,ok
GCF_025152405.1:NZ_CP102292.1,2344286,2344616,0,331,46.931623697644525,7.118501880762333,0.5215499107041899,0.402125862675499,0.28709635289111635,0.6002138886399565,-93.0,14,0.35347432024169184,2,ok
GCF_902729405.1:NZ_LR746496.1,529944,530329,0,386,77.02572969560136,8.21296898973066,0.5313230708820991,0.4045392154894053,0.004112983245067503,0.03471019975108038,-100.4000015258789,15,0.4015544041450777,2,ok
GCF_004295125.1:NZ_CP036170.1,509138,509555,0,418,5.973783254346518,1.0297542955676584,0.5710812295185506,0.4418076926202903,0.1805099180563019,0.20715724340191735,-102.69999694824219,14,0.38516746411483255,2,ok
GCF_012317185.1:NZ_CP048838.1,3678130,3678500,0,371,54.21047974564454,8.874134712374827,0.20454226609732645,0.3134493026842593,0.4163375059924832,0.518333867871962,-110.80000305175781,9,0.40970350404312667,2,ok
GCF_000007745.1:NC_006300.1,1791179,1791666,0,488,90.51963170600486,5.199303293059365,0.5384606616135441,0.4063032132243125,0.4277224422017508,0.4620329922864197,-118.0999984741211,25,0.4098360655737705,2,ok
GCF_001543205.1:NZ_CP014162.1,699343,699798,0,456,42.89969936122406,15.98479480254012,-0.14969208887412988,0.42286108303465053,0.7923413513954873,0.6562903254578781,-90.0,24,0.3530701754385965,2,ok
GCF_055386145.1:NZ_AP043913.1,852315,852756,0,442,39.43839407366303,17.08419864756036,0.12624001901463772,0.45119812528751674,0.46427797175824104,0.5596023681853757,-99.0,19,0.4004524886877828,2,ok
GCF_008365315.1:NZ_CP043506.1,1098716,1099100,0,385,49.402356957010774,19.999999999999943,-0.020390236385926852,0.41997681675354803,0.468899034692446,0.44823453743635455,-105.80000305175781,13,0.42857142857142855,2,ok
GCF_001543105.1:NZ_CP014159.1,324363,324747,0,385,49.34054501651384,7.355622175585497,0.32169626309915067,0.40151282688160994,0.5709830888558871,0.7581732907935197,-85.30000305175781,12,0.38701298701298703,2,ok
GCF_025149125.1:NZ_CP102272.1,3142318,3142717,0,400,57.99272586219574,4.674638021999862,0.1660194736562314,0.3630779919830233,0.24740750772919862,0.3020871020253004,-231.89999389648438,19,0.615,2,ok
GCF_000196455.1:NC_014614.1,878296,878698,0,403,94.99999999999972,6.355525490412484,0.4330698725032509,0.49735376552230265,0.2031516535329582,0.21528450277925107,-76.19999694824219,34,0.34987593052109184,2,ok
GCF_000025305.1:NC_013740.1,1961540,1961945,0,406,50.40081639356329,19.999999999999996,-0.0313547384144891,0.38862536585378554,0.4087657170997434,0.3796820728052091,-133.89999389648438,14,0.5049261083743842,2,ok
GCF_023700225.1:NZ_CP097897.1,490278,490657,0,380,54.94371470719814,9.357325837228393,0.1956671330706895,0.4428124072614742,0.45260874369297077,0.5461327705038405,-95.30000305175781,18,0.45263157894736844,2,ok
GCF_022453685.1:NZ_CP092643.1,1525149,1525622,0,474,67.02338554669647,10.487111399875022,0.17980660506875526,0.47302035338923126,0.17310954219832894,0.19269854934667086,-101.80000305175781,12,0.3670886075949367,2,ok
GCF_022453685.1:NZ_CP092643.1,3353501,3353852,0,352,55.807065600583236,11.267790619050828,0.17928989452112165,0.38653218567331743,0.3052185162829984,0.3858154081246479,-96.19999694824219,8,0.41761363636363635,2,ok
GCF_022845755.1:NZ_AP025566.1,2805937,2806329,0,393,39.67330815650865,3.85449504093896,0.04866377776754993,0.37363107331923073,0.43571454094349776,0.4524811557464288,-134.3000030517578,18,0.55470737913486,2,ok
GCF_000164865.1:NC_014618.1,2669527,2669910,0,384,41.08563110195907,13.978851087757226,-0.08995762069752794,0.40588562959567986,0.3156081689756476,0.2439990065467424,-153.6999969482422,11,0.6171875,2,ok
GCF_000164865.1:NC_014618.1,4778742,4779124,0,383,43.09597524266415,13.400085957435449,-0.04809250007929661,0.3809580498071196,0.1501426549708486,0.10699846463388958,-85.5999984741211,24,0.36553524804177545,2,ok
GCF_001989575.1:NZ_CP019573.1,520313,520622,0,310,46.30280350245067,7.138775539377616,0.39413117246568374,0.5137286171912694,0.5859937896389255,0.8247826566547369,-57.0,14,0.34516129032258064,2,ok
GCF_012317185.1:NZ_CP048838.1,2284158,2284602,0,445,32.20725131411457,4.203184145694897,0.24099034950896225,0.4742320572059175,0.12788631855993876,0.19141376933150947,-89.30000305175781,17,0.36629213483146067,2,ok
GCF_004295125.1:NZ_CP036170.1,124602,125037,0,436,40.570382670258134,14.96894938873894,0.06039382989110409,0.39255710032280333,0.4227564441256092,0.4690302400775962,-138.89999389648438,11,0.5229357798165137,2,ok
GCF_023700225.1:NZ_CP097897.1,870880,871335,0,456,72.32614998955077,6.195906517080153,0.5920329456205843,0.4635727667851565,0.20754600787950392,0.2912939746606878,-129.10000610351562,13,0.4517543859649123,2,ok
GCF_000015865.1:NC_009012.1,3437575,3437982,0,408,72.06715288473079,3.586352484561529,0.6906549235615961,0.44392918293098105,0.3062536170563576,0.4394802208651612,-110.4000015258789,12,0.4534313725490196,2,ok
GCF_001543105.1:NZ_CP014159.1,1633555,1634006,0,452,5.000012964211635,1.0329089429651055,0.490025528746625,0.3777457625367647,0.05696884504459413,0.07420179571104012,-127.0,22,0.3827433628318584,2,ok
GCF_000093085.1:NC_014219.1,2196570,2196993,0,424,57.59639722051858,8.823052686834417,0.19899133668406338,0.4210859527575259,0.26377176174473577,0.33926525070057645,-122.9000015258789,15,0.49528301886792453,2,ok
GCF_002173775.1:NZ_CP021524.1,1459389,1459820,0,432,68.85907492803038,12.899603102871446,0.5273446049937016,0.3162637344487996,0.3743057283778645,0.40185447145404557,-189.3000030517578,12,0.5879629629629629,2,ok
GCF_001543175.1:NZ_CP014161.1,1080434,1080770,0,337,69.58241644912349,8.02202585375502,0.22181832271072,0.4412759713737586,0.20618099278071506,0.23398280055630077,-85.9000015258789,13,0.36795252225519287,2,ok
GCF_025152405.1:NZ_CP102292.1,1057036,1057387,0,352,40.66639885173428,13.349231855362076,0.11665774016572228,0.4138759630836592,0.5658658722765821,0.654203010391542,-80.80000305175781,17,0.35511363636363635,2,ok
GCF_001499615.1:NZ_LN606600.1,43046,43462,0,417,84.10184603517749,2.3563011779364627,0.2916600386365461,0.3567840331014508,0.22074151851561127,0.2623377590102383,-176.39999389648438,11,0.565947242206235,2,ok
GCF_022453685.1:NZ_CP092643.1,3105058,3105464,0,407,53.93920880386765,14.42694775330893,0.043808607658862936,0.4031979279356689,0.24753247958940194,0.27178683880825144,-189.6999969482422,38,0.5036855036855037,2,ok
GCF_001989575.1:NZ_CP019573.1,1738182,1738592,0,411,44.44416931641813,9.790389451889055,0.5436758991565493,0.4105082332083645,0.19520655289613603,0.6027931070555503,-93.0999984741211,19,0.3795620437956204,2,ok
GCF_002844395.1:NZ_CP025197.1,67826,68214,0,389,43.85404376179481,6.4917571446604425,0.13235536428295835,0.41386158571555537,0.4065530493897575,0.48105032913415113,-83.9000015258789,8,0.3341902313624679,2,ok
GCF_022845755.1:NZ_AP025566.1,555351,555640,0,290,69.526663971426,7.785923014251732,0.5810749618513105,0.4514085021634099,0.36380743920203346,0.44142320726740203,-76.5999984741211,15,0.42758620689655175,2,ok
GCF_004295125.1:NZ_CP036170.1,3634609,3635043,0,435,36.701541138104396,19.999999999802125,0.016158317411378853,0.4506105346028947,0.7998270404118236,0.804833928008061,-87.19999694824219,29,0.3333333333333333,2,ok
GCF_001543205.1:NZ_CP014162.1,108059,108418,0,360,24.84698546739444,6.937918956205316,0.5310389269158369,0.4590091478647658,0.42307764950553345,0.45231491991700945,-68.19999694824219,17,0.3638888888888889,2,ok
GCF_000237085.1:NC_016627.1,4463456,4463881,0,426,44.18119108308161,9.48058391225599,0.22351350500225142,0.4181180106309747,0.3940175305680918,0.5573058488844713,-102.30000305175781,22,0.39906103286384975,2,ok
GCF_902729405.1:NZ_LR746496.1,4246861,4247289,0,429,57.75067583328384,14.548996236026712,0.05924769997995888,0.3933765515131656,0.4894326854056137,0.5086896081751651,-161.0,12,0.5687645687645687,2,ok
GCF_025149125.1:NZ_CP102272.1,157348,157747,0,400,57.51159843689943,4.795626859125982,0.27257552610354896,0.4302331096840241,0.45072952552657297,0.543110201005579,-107.0999984741211,32,0.4425,2,ok
GCF_030762805.1:NZ_CP129113.1,178898,179369,0,472,87.04315575898751,6.81287564624817,0.5220690955074767,0.4451652099995987,0.004859258332126304,0.025571268172560307,-148.6999969482422,23,0.4300847457627119,2,ok
GCF_025152405.1:NZ_CP102292.1,2582670,2583135,0,466,44.7546576223753,13.823527508129716,-0.0978889271620299,0.3905653978652495,0.6645863507463794,0.5715213621962054,-98.0,14,0.3540772532188841,2,ok
GCF_031760945.1:NZ_CP134501.1,2822521,2822863,0,343,39.031008463642166,19.999999999999996,0.040409635522764886,0.3629365284055937,0.37027803510215596,0.39646963538395363,-95.0,13,0.3877551020408163,2,ok
GCF_002220195.1:NZ_CP022374.1,1668903,1669337,0,435,28.658343859591987,4.386481375403765,0.2940945790352978,0.4238684586437409,0.3571154038225688,0.4137085181436685,-120.5999984741211,21,0.4942528735632184,2,ok
GCF_001543245.1:NZ_CP014163.1,486213,486617,0,405,62.319652919478905,3.249689964080739,0.59524739064553,0.4369978261403209,0.1477654908831271,0.29335637576299806,-90.19999694824219,10,0.34814814814814815,2,ok
GCF_025144545.1:NZ_CP102249.1,490493,490892,0,400,42.66228927079972,7.314181684546459,0.12787147505561255,0.3820824897925324,0.0968940947248758,0.17415364608233083,-130.89999389648438,10,0.5225,2,ok
GCF_000093085.1:NC_014219.1,2855541,2855982,0,442,83.86581959276789,5.06874878624232,0.5589714454510352,0.5247852161240204,0.01866033534922164,0.06901050323577602,-86.4000015258789,27,0.4095022624434389,2,ok
GCF_001543175.1:NZ_CP014161.1,1525675,1526066,0,392,62.275485170051795,19.99999999999998,0.2615080572757827,0.4252010958695445,0.3446797687422682,0.3571078191356265,-95.4000015258789,19,0.43112244897959184,2,ok
GCF_001543145.1:NZ_CP014160.1,1975749,1976200,0,452,37.171292766892115,10.14255981522276,0.26328715232971267,0.40892618314125667,0.4076615858021908,0.5375135766044169,-133.8000030517578,17,0.47345132743362833,2,ok
GCF_022845755.1:NZ_AP025566.1,3862881,3863358,0,478,70.41270905893784,7.789997752122491,0.5731483516976804,0.42673416280295257,0.010537758969926436,0.08075858289848029,-138.1999969482422,12,0.45397489539748953,2,ok
GCF_013267415.1:NZ_CP053988.1,1373364,1373748,0,385,41.503551857114054,14.45355616039931,0.24809228683577916,0.4290060884166348,0.11548069669107805,0.32016687569174246,-101.30000305175781,22,0.44415584415584414,2,ok
GCF_000007745.1:NC_006300.1,2006531,2006878,0,348,46.33158664195974,5.525739464993823,0.23092317180636282,0.36579276468714844,0.2790910941847343,0.3939131455596806,-103.9000015258789,12,0.34770114942528735,2,ok
GCF_000144625.1:NC_014376.1,33389,33796,0,408,53.729766704005726,19.999999999999552,0.07109758987941142,0.4300223275501742,0.15459381601871652,0.18653370138651185,-98.5999984741211,17,0.41911764705882354,2,ok
GCF_001989575.1:NZ_CP019573.1,110887,111311,0,425,52.35336661750037,19.999999999999996,-0.010543728655559526,0.44624781621263676,0.8878310529022765,0.8805559123619084,-97.30000305175781,14,0.41411764705882353,2,ok
GCF_025149125.1:NZ_CP102272.1,5423730,5424144,0,415,48.79061501536553,10.384016026569686,0.03388035480578366,0.4610568327043444,0.7236654233258215,0.748158706323463,-120.9000015258789,18,0.5228915662650603,2,ok
GCF_010378095.2:NZ_CP127523.1,2574707,2575128,0,422,54.0449226264402,15.188491472029066,0.06990867876790308,0.32603974545955905,0.6699035481532669,0.7088056630110308,-174.89999389648438,8,0.6018957345971564,2,ok
GCF_025144545.1:NZ_CP102249.1,1432957,1433329,0,373,63.54922366653376,7.2542485253459095,0.6758245346633476,0.48923314497411935,0.5067085663216495,0.6702129186243904,-83.9000015258789,29,0.38337801608579086,2,ok
GCF_008726475.3:NZ_CP145134.1,221890,222277,0,388,49.798716621315144,5.4939212092771115,0.13022100584118806,0.43046977358374855,0.4207188776129212,0.48181203558000546,-98.5,14,0.4484536082474227,2,ok
GCF_030762805.1:NZ_CP129113.1,127977,128389,0,413,47.06730498383595,6.042144452573704,0.7248628597783392,0.3981123658461239,0.1801939391153371,0.5642948423207189,-127.5,16,0.4043583535108959,2,ok
GCF_004295125.1:NZ_CP036170.1,3211904,3212240,0,337,40.052124900977475,5.329702917792471,0.17980469717391656,0.42114698610238044,0.8857388316136445,0.9663357525447033,-82.30000305175781,20,0.3560830860534125,2,ok
GCF_000022305.1:NC_011992.1,290923,291364,0,442,69.63621662811948,3.1200584836311887,0.47342866721655397,0.3354797893949983,0.47887423025234516,0.5744120599893321,-178.6999969482422,17,0.6244343891402715,2,ok
GCF_000247605.1:NC_016894.1,612671,613054,0,384,81.47643500245806,1.6318318417951827,0.008083973504526276,0.39026898918912417,0.9317604822189205,0.9328172547945814,-102.4000015258789,11,0.3802083333333333,2,ok
GCF_031760945.1:NZ_CP134501.1,389206,389640,0,435,50.95760548119095,9.758038046428654,0.21794328787261438,0.35425790902413684,0.01684320935404149,0.1554625498240115,-117.80000305175781,21,0.4206896551724138,2,ok
GCF_008726475.3:NZ_CP145134.1,1545845,1546240,0,396,58.47638145881531,19.999999999356973,0.1331622424338858,0.4161745713629468,0.438068656962398,0.45739638512497915,-98.80000305175781,25,0.43434343434343436,2,ok
GCF_000144625.1:NC_014376.1,1220459,1220920,0,462,53.90346478461507,9.969611738984357,0.2612623204527076,0.44400844318758115,0.20726277758420536,0.3448248318345999,-90.9000015258789,26,0.3787878787878788,2,ok
GCF_055386145.1:NZ_AP043913.1,2980282,2980681,0,400,66.08194093257396,9.569568084105093,0.15259332729329722,0.4833360930689758,0.4983434369398483,0.5201924030327707,-81.80000305175781,29,0.3525,2,ok
GCF_002173775.1:NZ_CP021524.1,2796785,2797222,0,438,43.66179591471076,19.99999999998342,0.13783365256294877,0.39995691604567457,0.6594413850542669,0.7849937878326857,-108.19999694824219,18,0.3926940639269406,2,ok
GCF_000144695.1:NC_014378.1,195201,195629,0,429,37.04781636482626,19.99999999999965,0.03385265152893635,0.382586344384011,0.35470756872558856,0.3692870952347948,-110.80000305175781,10,0.3939393939393939,2,ok
GCF_022845755.1:NZ_AP025566.1,886510,886934,0,425,71.54425069512284,3.3191583324234144,0.709817112492658,0.39732534068620506,0.3970826822608539,0.5359282872326415,-114.0,32,0.3811764705882353,2,ok
GCF_012317185.1:NZ_CP048838.1,263776,264213,0,438,44.19944493016107,11.947967893629766,-0.05591387048790472,0.44949966020848003,0.25408545467037313,0.20307735445649477,-127.5,16,0.4840182648401826,2,ok
GCF_040267475.1:NZ_CP125628.1,4543960,4544344,0,385,17.86952485803572,0.9420799406421901,0.7519341544624903,0.37069163229856605,0.5624784110464975,0.6211903531307217,-130.8000030517578,11,0.5402597402597402,2,ok
GCF_023700225.1:NZ_CP097897.1,2820184,2820615,0,432,89.59905559473266,3.69529579209124,0.580517571472471,0.39265212629928603,0.6086085532770917,0.6695319672910666,-133.10000610351562,22,0.4861111111111111,2,ok
GCF_022453685.1:NZ_CP092643.1,1576818,1577221,0,404,65.39667948240435,9.973898795553227,0.09830482915632244,0.41803953366942165,0.6540817550445875,0.6685591839275894,-102.0,16,0.41089108910891087,2,ok
GCF_001543105.1:NZ_CP014159.1,1137275,1137617,0,343,59.59119226220352,9.602746368068589,0.5161447468569106,0.41102947948653334,0.5357028532900284,0.6942223548598218,-74.4000015258789,16,0.39941690962099125,2,ok
GCF_001499615.1:NZ_LN606600.1,1680497,1680945,0,449,49.08096524283683,6.573377497528873,0.24771462803885957,0.4158562759276785,0.4288220368140904,0.5635824520982451,-110.5999984741211,13,0.37639198218262804,2,ok
GCF_001499615.1:NZ_LN606600.1,13617,14012,0,396,54.51363490526846,19.99999999992348,0.03602744145981854,0.40787197075105863,0.029661975774780885,0.0471249587127682,-142.8000030517578,11,0.5984848484848485,2,ok
GCF_000144625.1:NC_014376.1,3420284,3420644,0,361,94.99995205700625,4.099837722673685,0.2460373066578547,0.40139402547270436,0.19967118679041782,0.21859891033763573,-77.4000015258789,16,0.34349030470914127,2,ok
GCF_004103715.1:NZ_CP035282.1,2968164,2968590,0,427,50.66826183947114,19.99999962214688,-0.001545960217349318,0.46395470783466913,0.8328973325145962,0.8313189439215528,-95.0,18,0.39344262295081966,2,ok
GCF_040267475.1:NZ_CP125628.1,2696286,2696745,0,460,40.9291139036955,6.133713215908718,0.028911530215500414,0.4183036441174466,0.5664285546356372,0.5811175729942939,-115.5,18,0.3804347826086957,2,ok
GCF_040267475.1:NZ_CP125628.1,2875634,2876007,0,374,46.04239681930771,6.087044001069082,0.20308855642924467,0.43427523970296333,0.30332395443473176,0.4125455114400438,-91.9000015258789,18,0.45454545454545453,2,ok
GCF_001543145.1:NZ_CP014160.1,942188,942568,0,381,60.01934489429168,7.761159791017518,0.08605728567929422,0.4391144591052325,0.15859294140035932,0.18559340996745569,-91.69999694824219,20,0.3543307086614173,2,ok
GCF_023700225.1:NZ_CP097897.1,2629883,2630275,0,393,81.89032616358776,10.607510691534591,0.5010542743952787,0.3752166642516409,0.0009303623883351708,0.008186727390911109,-141.3000030517578,16,0.544529262086514,2,ok
GCF_940677205.1:NZ_OW712331.1,1237844,1238229,0,386,51.564692364823856,9.356545283800264,0.1704068965374398,0.423333421805449,0.6186374843729464,0.7214920474163201,-67.30000305175781,11,0.3393782383419689,2,ok
GCF_001543205.1:NZ_CP014162.1,1222627,1223099,0,473,44.371644285812245,16.43885374737733,0.05726580157322114,0.3417762554629901,0.2747546256958673,0.32805482564312144,-140.6999969482422,12,0.3974630021141649,2,ok
GCF_055384605.1:NZ_AP043921.1,2303890,2304321,0,432,44.5381840811638,13.82729256784005,-0.08468476403921205,0.39324335806244076,0.4371277014847692,0.357112671894659,-104.69999694824219,12,0.37962962962962965,2,ok
GCF_030762805.1:NZ_CP129113.1,2396451,2396851,0,401,76.46248605884168,3.0893689853180453,0.6828551344528113,0.4025454937702915,0.13701184219649581,0.2557142274781404,-97.5,11,0.38403990024937656,2,ok
GCF_025149125.1:NZ_CP102272.1,1546525,1546962,0,438,85.77321413752979,4.6991127018010515,0.5585039314555131,0.4152366359633832,0.4772872698226871,0.5285805610077067,-151.5,12,0.5776255707762558,2,ok
GCF_009914215.2:NZ_CP039846.2,1092859,1093223,0,365,43.68240511756184,14.523539428650253,-0.01752130478121755,0.4010422138170081,0.293676359190457,0.27737741544142797,-106.0999984741211,13,0.4383561643835616,2,ok
GCF_008365315.1:NZ_CP043506.1,372313,372764,0,452,56.98521460542808,8.378207726852336,0.17353994059765934,0.3495831868940129,0.1910145284123932,0.2604740685504969,-179.6999969482422,12,0.584070796460177,2,ok
GCF_040267475.1:NZ_CP125628.1,4692018,4692432,0,415,48.73073834411544,10.45284427931138,0.11479052962256187,0.388728246764227,0.788391685959912,0.8717628670206669,-139.3000030517578,9,0.472289156626506,2,ok
GCF_016250455.1:NZ_CP059488.1,1904072,1904510,0,439,42.3194831318983,14.530094319783213,-0.039567953784752044,0.4181263621579221,0.1548172012110714,0.12080165159587213,-125.69999694824219,17,0.47380410022779046,2,ok
GCF_047936785.1:NZ_CP176394.1,1982829,1983278,0,450,38.09322405929312,19.999999999995364,-0.011370100123191451,0.4469293861284173,0.3961606339713883,0.39388836461413285,-130.1999969482422,17,0.4866666666666667,2,ok
GCF_001543205.1:NZ_CP014162.1,1304907,1305274,0,368,86.70897334632218,4.075705632794148,0.5786366986162742,0.4698378501498698,0.6071609888947226,0.6692302143583592,-77.4000015258789,17,0.4048913043478261,2,ok
GCF_022845755.1:NZ_AP025566.1,556924,557313,0,390,46.08837943276559,13.69650270637812,-0.08390318738017111,0.46116927064182645,0.7553985665478283,0.6730008811654402,-97.9000015258789,18,0.4,2,ok
GCF_023700225.1:NZ_CP097897.1,897761,898142,0,382,43.873348152031724,12.33732523654964,0.023549594269668073,0.3588776656263005,0.8049893858017206,0.824345013791706,-112.0999984741211,17,0.3743455497382199,2,ok
GCF_000221025.1:NC_015850.1,2457670,2457995,0,326,22.501844600228928,2.644387091409003,0.617303451637347,0.3890139770378473,0.5882016886567492,0.6664603422444937,-82.30000305175781,11,0.4785276073619632,2,ok
GCF_000247605.1:NC_016894.1,318400,318744,0,345,45.95532712323552,4.866398683534391,0.31085183440196057,0.44060089216491094,0.07688384357933202,0.2161925088538331,-86.80000305175781,17,0.3739130434782609,2,ok
GCF_055386145.1:NZ_AP043913.1,1593924,1594364,0,441,58.889642042609836,19.999999999999996,0.6275849467869387,0.46377269715003694,0.22198894130941857,0.3233929151368614,-96.69999694824219,16,0.3786848072562358,2,ok
GCF_000021485.1:NC_011761.1,293783,294135,0,353,65.45911869577579,11.339622822724467,0.5665025085646946,0.39470902009364545,0.03123324233576581,0.09917086275564205,-117.30000305175781,15,0.546742209631728,2,ok
GCF_000221025.1:NC_015850.1,597220,597597,0,378,94.99698617796093,2.612013248542178,0.3187803049486885,0.39848546600168816,0.08882443677425472,0.12575607835194624,-131.8000030517578,14,0.5634920634920635,2,ok
GCF_047936785.1:NZ_CP176394.1,1830434,1830832,0,399,41.13320659340664,14.593253155751595,0.11838959261315923,0.3903408791806593,0.3121547356674495,0.40589431644297597,-129.89999389648438,11,0.48872180451127817,2,ok
GCF_022453685.1:NZ_CP092643.1,2780536,2780931,0,396,39.59253943555545,8.492982570463141,0.1841267702211582,0.46763584612252523,0.5462256192760324,0.6529722083747764,-92.30000305175781,20,0.4065656565656566,2,ok
GCF_004295125.1:NZ_CP036170.1,122903,123348,0,446,45.66692927045861,15.061044445764592,0.12710428731359014,0.39286663547093525,0.6460556748427403,0.7602003722619334,-127.69999694824219,19,0.4798206278026906,2,ok
GCF_000237085.1:NC_016627.1,4501585,4502023,0,439,60.30603191898033,10.584751954913518,0.1599067040558309,0.452715220056282,0.402068748003732,0.4450150296012906,-90.0999984741211,11,0.35990888382687924,2,ok
GCF_000007745.1:NC_006300.1,332906,333276,0,371,48.24058016412399,18.49453600043963,-0.016877822433498446,0.46528692638782304,0.2476265896348151,0.2302567191932516,-89.80000305175781,17,0.42318059299191374,2,ok
GCF_055386145.1:NZ_AP043913.1,2236527,2236891,0,365,94.99615616655338,1.435606187032105,0.7023270057575444,0.34677385560970153,0.436697706983807,0.5136427514882523,-94.80000305175781,16,0.3315068493150685,2,ok
GCF_040267475.1:NZ_CP125628.1,4674305,4674678,0,374,84.0369224501577,7.151642488082596,0.5244107518588124,0.48908591176520316,0.5136184465299434,0.5369683708775879,-75.19999694824219,14,0.39037433155080214,2,ok
GCF_022845755.1:NZ_AP025566.1,360495,360869,0,375,41.62457645794416,14.710499858025347,0.021925918586611304,0.4054418137381467,0.5077022343001475,0.5252353410535259,-127.5999984741211,23,0.49066666666666664,2,ok
GCF_025144545.1:NZ_CP102249.1,2253755,2254117,0,363,70.59762747881823,4.914970077757567,0.646896964355267,0.4423204303003285,0.24316830864977074,0.36435680681101834,-105.80000305175781,12,0.5179063360881543,2,ok
GCF_000093085.1:NC_014219.1,1330280,1330752,0,473,36.69826442139714,19.99999999999091,-0.03874054809009214,0.39877152868366,0.19731873635311556,0.18881482538166092,-124.30000305175781,14,0.3784355179704017,2,ok
GCF_000247605.1:NC_016894.1,1939139,1939521,0,383,53.312477645052326,19.999999999999996,0.11381154462628879,0.42998182772098476,0.3828154694715339,0.4513261072858848,-87.80000305175781,14,0.4046997389033943,2,ok
GCF_902729405.1:NZ_LR746496.1,3685130,3685529,0,400,42.16013250845513,12.367452146111361,-0.0923523403910788,0.3100874284625718,0.2017790841751755,0.12412195253502059,-175.0,7,0.625,2,ok
GCF_000093085.1:NC_014219.1,125311,125726,0,416,94.9999956608122,4.7688464910294215,0.36354311490733443,0.36928206635715316,0.0065661241893476,0.027585334173908738,-114.69999694824219,16,0.4182692307692308,2,ok
GCF_000144625.1:NC_014376.1,4457410,4457863,0,454,56.76449583515515,4.9273031477751905,0.3668812847915474,0.4234057350222329,0.0849856712602896,0.2144603701395565,-114.5,16,0.40748898678414097,2,ok
GCF_000237085.1:NC_016627.1,99823,100164,0,342,37.99372939798565,19.99999999993418,0.013856244795852457,0.43109602874396535,0.708740145797545,0.7172448247557093,-76.9000015258789,14,0.3654970760233918,2,ok
GCF_047943045.1:NZ_CP181347.1,1902729,1903133,0,405,42.91645097169635,12.954106511206028,0.059841723084719745,0.37354838852071054,0.38522565008005105,0.4337106210541501,-121.80000305175781,12,0.4567901234567901,2,ok
GCF_001499615.1:NZ_LN606600.1,453554,453965,0,412,78.10692205386154,6.066331052618085,0.5462721094473754,0.3684709446142166,0.013394562769173807,0.06607263985976425,-153.6999969482422,17,0.5655339805825242,2,ok
GCF_008726475.3:NZ_CP145134.1,1902968,1903354,0,387,44.47011818533877,7.725408370583985,0.2373984692662099,0.4162626994023377,0.18830084685734774,0.3412239064985756,-82.9000015258789,9,0.3359173126614987,2,ok
GCF_002220195.1:NZ_CP022374.1,2087739,2088134,0,396,60.28967532392285,9.287099132758001,0.715188744862935,0.4014152579757647,0.03616428888162193,0.2455817403359103,-124.4000015258789,9,0.5025252525252525,2,ok
GCF_002173775.1:NZ_CP021524.1,1348898,1349274,0,377,41.988671839735815,12.994527384974827,-0.057447860168696074,0.4048584514852158,0.4508824289522364,0.40664746770446136,-77.0999984741211,10,0.32891246684350134,2,ok
GCF_001543205.1:NZ_CP014162.1,890359,890667,0,309,94.99999934428678,4.646187401033704,0.03618444819093103,0.4495335510742807,0.20081194721048773,0.2030262459921212,-84.80000305175781,17,0.3818770226537217,2,ok
GCF_004295125.1:NZ_CP036170.1,504861,505262,0,402,55.52679518858042,16.623813243776443,0.08652903214211477,0.4108413293181418,0.32268073186462704,0.36178300843142797,-106.69999694824219,11,0.4577114427860697,2,ok
GCF_040267475.1:NZ_CP125628.1,2767355,2767803,0,449,42.42583007539504,14.461701248197803,-0.0063631309636782984,0.3882349506753466,0.29298505069780667,0.28753802865241485,-155.6999969482422,12,0.512249443207127,2,ok
GCF_047456285.1:NZ_CP174122.1,432977,433381,0,405,49.58183153532081,19.999999999999996,-0.018495237522278773,0.40074638749017216,0.9387881310362982,0.919735073530315,-94.9000015258789,12,0.3358024691358025,2,ok
GCF_000093085.1:NC_014219.1,1606811,1607243,0,433,67.39712221807225,4.225115289951257,0.5326494542553053,0.4147707805558044,0.6000035004244014,0.7193342568718603,-110.4000015258789,12,0.4295612009237875,2,ok
GCF_001543175.1:NZ_CP014161.1,1533533,1533849,0,317,71.11459054877486,19.999999999999996,0.5032888829981659,0.37757337868091084,0.20303080022607176,0.20370990910648015,-74.69999694824219,12,0.3312302839116719,2,ok
GCF_047456275.1:NZ_CP173357.1,948511,948900,0,390,94.99999998455591,3.046422677337373,0.1762810879588942,0.38441662988662606,0.4648958256726155,0.4838308577649714,-111.69999694824219,14,0.382051282051282,2,ok
GCF_902729405.1:NZ_LR746496.1,2066844,2067252,0,409,53.75567906057976,8.046326971613839,0.37245226552718463,0.4200286935452594,0.2173166210869301,0.40309858162355805,-118.5999984741211,17,0.4449877750611247,2,ok
GCF_047456285.1:NZ_CP174122.1,4124164,4124618,0,455,49.89948345650882,19.999999999999996,-0.00933801603795581,0.3986659901128373,0.3652199063950567,0.3618134375905882,-112.0,12,0.4065934065934066,2,ok
GCF_000144625.1:NC_014376.1,4045664,4046092,0,429,45.61774572112537,3.7844600820281307,0.310743245299908,0.42175039708993767,0.5178477475824351,0.6292206189920163,-115.0,18,0.41025641025641024,2,ok
GCF_902729405.1:NZ_LR746496.1,2827573,2827985,0,413,64.26444911320618,8.480610709457434,0.6336525655826213,0.4274879324057295,0.4165908122481515,0.5449154611825439,-118.0,28,0.4939467312348668,2,ok
GCF_023700225.1:NZ_CP097897.1,2847190,2847617,0,428,94.99986985110067,2.5959392482170025,0.46966185939714294,0.40471212702973847,0.39114476782361973,0.4458801283060917,-103.5999984741211,9,0.39953271028037385,2,ok
GCF_000144625.1:NC_014376.1,2018454,2018836,0,383,55.32298597755553,10.412797029634563,0.9595390491266083,0.43319010622988263,0.1134488619892233,0.5645989893626767,-102.19999694824219,12,0.370757180156658,2,ok
GCF_022453685.1:NZ_CP092643.1,2356088,2356448,0,361,13.398276581613898,1.79983851240042,0.5804106304964581,0.40881762779573066,0.45911296495258036,0.49872041982094495,-121.0999984741211,11,0.5235457063711911,2,ok
GCF_025149125.1:NZ_CP102272.1,5421231,5421529,0,299,28.013789454372244,5.012344336546412,0.6235630370079935,0.41964243331201717,0.5759269810893319,0.6800070866171272,-86.30000305175781,11,0.5484949832775919,2,ok
GCF_008726475.3:NZ_CP145134.1,710137,710563,0,427,41.574359495968494,7.277717093698561,0.26485662074126315,0.43231258036394377,0.7556779237020856,0.9105648417868197,-96.69999694824219,23,0.39344262295081966,2,ok
GCF_000164865.1:NC_014618.1,1887433,1887774,0,342,40.17359173380814,7.2142841541432965,0.08172450582509905,0.3539908775219946,0.27995721422100744,0.3248381219298534,-146.6999969482422,12,0.631578947368421,2,ok
GCF_000237085.1:NC_016627.1,3451398,3451797,0,400,78.43728407194587,6.5291468674133775,0.4241765685755069,0.3907545450531228,0.34030500614243087,0.375234939205454,-111.30000305175781,24,0.4175,2,ok
GCF_001543145.1:NZ_CP014160.1,380730,381167,0,438,57.59807895737595,7.718396227764676,0.13898398664923184,0.4185088573025062,0.6843659544756036,0.7373026923273477,-110.9000015258789,23,0.4429223744292237,2,ok
GCF_000237085.1:NC_016627.1,2820047,2820437,0,391,93.41801034677778,1.526012925622292,0.47840866576536806,0.4616107055096464,0.5330886577131795,0.5873286616132793,-67.4000015258789,17,0.3273657289002558,2,ok
GCF_016592595.1:NZ_AP012977.1,1254199,1254549,0,351,46.623526271223575,3.6979797053839367,0.1138180926076075,0.4549678150429694,0.5165517592077494,0.5564521489934061,-74.5,12,0.38461538461538464,2,ok
GCF_030762805.1:NZ_CP129113.1,206816,207262,0,447,94.9999876314874,3.9051480468608206,0.06596767459762443,0.3659276529368591,0.004500073772689961,0.009900642943915905,-129.0,10,0.37583892617449666,2,ok
GCF_004103715.1:NZ_CP035282.1,149160,149558,0,399,64.95087474283056,7.655065771841201,0.6412030951417969,0.4186002578097769,0.24082794350011716,0.3746627826090403,-80.30000305175781,22,0.3333333333333333,2,ok
GCF_016592595.1:NZ_AP012977.1,481274,481686,0,413,66.32905822903962,7.304848748731439,0.6249800449140327,0.46271177723996215,0.4245171505584091,0.542838955516062,-93.4000015258789,17,0.38256658595641646,2,ok
GCF_001543285.1:NZ_CP014164.1,422670,423038,0,369,75.04486699182002,6.910594539696413,0.5584768689978226,0.42618261734834545,0.5952894414794139,0.6498504003671649,-102.5999984741211,18,0.4010840108401084,2,ok
GCF_022453685.1:NZ_CP092643.1,758102,758544,0,443,33.00944442701529,19.999999999999996,0.5527557439241177,0.40235763751960224,0.7716321024565562,0.7832224078867702,-130.89999389648438,25,0.4604966139954853,2,ok
GCF_013267415.1:NZ_CP053988.1,1303956,1304285,0,330,54.16888490053599,6.833501670893478,0.03079934896416972,0.38476962202245335,0.2037364384615928,0.2178260180457916,-99.5,9,0.42424242424242425,2,ok
GCF_004295125.1:NZ_CP036170.1,2085487,2085858,0,372,43.77014597628004,12.733271302512945,-0.07147371294064381,0.3717603389973555,0.3710677305439582,0.3062050599714081,-118.0999984741211,13,0.4112903225806452,2,ok
GCF_022453685.1:NZ_CP092643.1,3178077,3178531,0,455,38.842074716112485,19.99999999999628,-0.11904933828917205,0.4055672207449749,0.33016515890803644,0.26276162073788584,-99.5999984741211,14,0.34065934065934067,2,ok
GCF_023700225.1:NZ_CP097897.1,670099,670459,0,361,59.97828979245732,5.1223563834295645,0.5704681876079252,0.4137420571552928,0.26937328166308144,0.44797284897371653,-82.30000305175781,16,0.3878116343490305,2,ok
GCF_016592595.1:NZ_AP012977.1,1222454,1222867,0,414,47.63642667773602,5.719651419034071,0.312964405653264,0.4207046117429598,0.54251831592412,0.7001718407916282,-98.30000305175781,10,0.39855072463768115,2,ok
GCF_047456275.1:NZ_CP173357.1,2825623,2826064,0,442,92.16212581741463,7.695199832445397,0.43124581328230516,0.3800598556878795,0.20355587326221075,0.21117664056392638,-162.10000610351562,15,0.5475113122171946,2,ok
GCF_001753245.1:NZ_CP017415.1,1872746,1873189,0,444,52.53044136337418,6.2254060224804855,0.0749703539531476,0.36971446583610695,0.5041603834427467,0.5393775997979985,-165.3000030517578,17,0.5675675675675675,2,ok
GCF_001499615.1:NZ_LN606600.1,3402439,3402797,0,359,38.22863447408764,19.301278924613058,0.013728707354890402,0.4183806498240321,0.48633611431183366,0.49518164578764384,-91.5999984741211,22,0.4568245125348189,2,ok
GCF_000144695.1:NC_014378.1,767078,767445,0,368,49.60093033049408,6.404733538704222,0.08321978803584551,0.4502884278124802,0.7725636649466243,0.8164012096674718,-83.5,17,0.375,2,ok
GCF_001543175.1:NZ_CP014161.1,191893,192297,0,405,78.69920961661944,6.392264477474929,0.551463511573693,0.4315802043453488,0.26610813966977953,0.31426288133459795,-121.5,14,0.45185185185185184,2,ok
GCF_000015865.1:NC_009012.1,3665013,3665495,0,483,58.02662496245478,19.999999999997257,0.01774612277953688,0.4153886584496572,0.029895441478506802,0.03262347226646019,-118.80000305175781,30,0.3333333333333333,2,ok
GCF_047456285.1:NZ_CP174122.1,498592,498970,0,379,57.765899320692775,5.520248248638184,0.3738243937529878,0.31280082458679187,0.6145446853840264,0.7468390380320267,-140.89999389648438,11,0.40369393139841686,2,ok
GCF_000093085.1:NC_014219.1,1165031,1165466,0,436,42.2059083766908,10.164206769990466,0.0429255895408939,0.40622363619779456,0.18575668479210314,0.21694914107665605,-115.5999984741211,18,0.4197247706422018,2,ok
GCF_001705075.2:NZ_CP080624.1,2358878,2359329,0,452,56.90458707289079,7.67820674956345,0.13078110007770707,0.4052919524886898,0.20930989407210668,0.2615831547372097,-146.10000610351562,15,0.5685840707964602,2,ok
GCF_047936785.1:NZ_CP176394.1,1664816,1665216,0,401,63.66726310326675,19.99999865063739,0.5005281380666144,0.3877330309730582,0.25028878194998283,0.27152829959649727,-138.89999389648438,11,0.5610972568578554,2,ok
GCF_000144625.1:NC_014376.1,2216060,2216404,0,345,5.00002542391211,1.012021567400805,0.0871286893891692,0.30987076450101647,0.31378117572356856,0.3169520244049808,-110.0999984741211,7,0.37681159420289856,2,ok
GCF_047943045.1:NZ_CP181347.1,1230271,1230721,0,451,58.44008040622995,6.627803280485783,0.1513417318060074,0.42880098305825093,0.44117706716456373,0.49487052500044876,-94.4000015258789,15,0.38137472283813745,2,ok
GCF_004103715.1:NZ_CP035282.1,2983301,2983633,0,333,34.42974302143982,5.374776957058218,0.18946050674784776,0.36186331242886616,0.44200186597430663,0.5045218291211966,-92.4000015258789,15,0.34534534534534533,2,ok
GCF_000015865.1:NC_009012.1,2098089,2098539,0,451,57.02748886663104,8.465140062658099,0.27731434879175626,0.4138978152059857,0.4881497629748603,0.5989371391441093,-106.0999984741211,20,0.4057649667405765,2,ok
GCF_022647505.1:NZ_CP071409.1,411166,411600,0,435,48.67203822989153,8.647973080959106,0.42678616234947286,0.4156513665903772,0.24463876956349584,0.5246269255179675,-131.1999969482422,9,0.4666666666666667,2,ok
GCF_025152405.1:NZ_CP102292.1,1143437,1143877,0,441,69.50378667686948,9.319011254631326,0.5566315211201477,0.3929970782789143,0.036026306381437466,0.09186219885025111,-125.5999984741211,9,0.48299319727891155,2,ok
GCF_025152405.1:NZ_CP102292.1,400335,400697,0,363,54.57857558383757,6.487721077036863,0.16316692701936014,0.44357281864470877,0.2925123992710153,0.36399070667164796,-82.9000015258789,17,0.40771349862258954,2,ok
GCF_013267415.1:NZ_CP053988.1,1546280,1546720,0,441,52.341395017521336,19.999999999999996,0.09234495990611302,0.40076767346949776,0.4340357058735087,0.4947659799756403,-106.30000305175781,12,0.3854875283446712,2,ok
GCF_000247605.1:NC_016894.1,1298143,1298550,0,408,90.57604623054029,0.34251590561825257,0.8650922829670201,0.4605630518180466,0.3160034971417222,0.34662399637215047,-98.0999984741211,27,0.41421568627450983,2,ok
GCF_000144695.1:NC_014378.1,2191258,2191628,0,371,47.79414924485192,12.361015358197053,0.0801979244954113,0.39164702819400654,0.556902281466521,0.6216208937985068,-104.80000305175781,17,0.4366576819407008,2,ok
GCF_004359375.1:NZ_CP034726.1,541958,542370,0,413,31.779997927424827,6.212555847248836,0.6944852424435168,0.36135202295976837,0.27957821915029835,0.4540873139156334,-124.4000015258789,9,0.387409200968523,2,ok
GCF_055386145.1:NZ_AP043913.1,3662248,3662651,0,404,51.995046777316354,5.4436763223124505,0.2408808527067844,0.3906577552891592,0.5548923800502703,0.6609407139108132,-91.9000015258789,14,0.34405940594059403,2,ok
GCF_965286225.1:NZ_OZ260804.1,2229898,2230299,0,402,94.99999988104182,3.2965766205910674,0.5725988320067337,0.37856648756228234,0.4083553452797382,0.4658525646444202,-126.9000015258789,10,0.4601990049751244,2,ok
GCF_001543205.1:NZ_CP014162.1,1895513,1895933,0,421,42.92231669003491,14.214662703387374,-0.09593812976060745,0.44163506639095457,0.5072341711737989,0.4209454134232808,-83.4000015258789,8,0.3681710213776722,2,ok
GCF_047936785.1:NZ_CP176394.1,972695,973083,0,389,56.828639072953,2.284990036824895,0.2534474499228735,0.4136132236712638,0.6243433401367413,0.6771958664282844,-118.5999984741211,14,0.44473007712082263,2,ok
GCF_001543105.1:NZ_CP014159.1,1462307,1462670,0,364,35.924491945563005,8.637041880738982,-0.06233192403790522,0.4456993795251363,0.863511907879165,0.8362289932124816,-84.30000305175781,17,0.4368131868131868,2,ok
GCF_047936785.1:NZ_CP176394.1,293660,294051,0,392,52.451143206864344,4.9497909929810415,0.4086284899186834,0.4377699695166903,0.5376400719981352,0.7041617263654368,-110.9000015258789,19,0.46683673469387754,2,ok
GCF_001647695.1:NZ_CP015425.1,901716,902227,0,512,62.23985645559547,19.999999999999883,0.2568411770717996,0.3585786219874008,0.08141627009795212,0.09303970799782679,-134.0,11,0.369140625,2,ok
GCF_023700225.1:NZ_CP097897.1,3620856,3621218,0,363,94.99999999912765,2.4311619692889783,0.47154685083510484,0.317807622185045,0.2867408163459291,0.3436942432197902,-123.5,12,0.34710743801652894,2,ok
GCF_025152405.1:NZ_CP102292.1,800205,800615,0,411,94.9999992732737,4.459542957154647,0.09817827762550307,0.4330016460916938,0.4021277696678098,0.4086540682731047,-99.30000305175781,16,0.45255474452554745,2,ok
GCF_022453685.1:NZ_CP092643.1,382949,383322,0,374,76.22938432099765,5.949825889023338,0.5723179990410725,0.4106939763864191,0.39451848794022215,0.4598579665472016,-92.5999984741211,9,0.36363636363636365,2,ok
GCF_000196455.1:NC_014614.1,2428712,2429104,0,393,53.00644140846966,13.577189690045705,0.3865963399659383,0.43137770706538975,0.31986637250590755,0.5566258863654837,-73.5,20,0.31806615776081426,2,ok
GCF_902729405.1:NZ_LR746496.1,877295,877724,0,430,40.03030891233961,19.999999999999996,0.02117990169983419,0.3575649433385006,0.8739785119161199,0.8833680592519721,-163.6999969482422,9,0.5744186046511628,2,ok
GCF_001543145.1:NZ_CP014160.1,1552816,1553206,0,391,44.18606060685743,6.739525247723538,0.04351582357899553,0.35949893374825953,0.5782271166478422,0.6032228034707585,-116.0,9,0.4219948849104859,2,ok
GCF_000196455.1:NC_014614.1,2292258,2292628,0,371,81.7935794343766,3.4874257415923866,0.625400417902759,0.44069678838826293,0.3328270349241749,0.42151824930600623,-71.4000015258789,20,0.353099730458221,2,ok
GCF_000196455.1:NC_014614.1,1256037,1256492,0,456,41.19620875644725,15.114725758440128,-0.10225727226295332,0.45614187864241934,0.19304075678240096,0.10900566118369592,-92.69999694824219,15,0.3618421052631579,2,ok
GCF_008365315.1:NZ_CP043507.1,126353,126701,0,349,48.41032001284037,16.552048215477758,-0.04302442176550336,0.47240525844106745,0.9784470390202723,0.9336492570162376,-81.4000015258789,13,0.4183381088825215,2,ok
GCF_001543245.1:NZ_CP014163.1,828997,829372,0,376,40.906378894765,7.128778366770695,0.43453325221846373,0.3952213842508053,0.642332095123403,0.8877379878886097,-101.5999984741211,15,0.3803191489361702,2,ok
GCF_012317185.1:NZ_CP048838.1,4171031,4171457,0,427,57.26515043617857,13.375155324380597,0.1761009552273085,0.44742079604158297,0.33533931175717824,0.3996861188268248,-99.4000015258789,14,0.3981264637002342,2,ok
GCF_000015865.1:NC_009012.1,380380,380736,0,357,49.935278278176284,19.999999999999996,-0.08088770368705184,0.3952819314065493,0.561744464192149,0.4872966573100368,-90.5999984741211,13,0.34173669467787116,2,ok
GCF_004295125.1:NZ_CP036170.1,1137550,1137915,0,366,47.67429836843069,5.389713070736421,0.3228884804887554,0.31694102156912585,0.2403398828477267,0.3954729431196146,-125.0999984741211,12,0.3469945355191257,2,ok
GCF_001753245.1:NZ_CP017415.1,53542,53934,0,393,80.10733277455965,3.2474453373322896,0.6482569505702068,0.45668119114163735,0.2736459976380539,0.3733404881076418,-105.5999984741211,17,0.5012722646310432,2,ok
GCF_022647505.1:NZ_CP071409.1,3815512,3815959,0,448,84.75223560384221,4.924171467166099,0.560446162609208,0.409567627997093,0.1741960902857153,0.22620051395171548,-125.30000305175781,19,0.43080357142857145,2,ok
GCF_000164865.1:NC_014618.1,367593,367913,0,321,94.99999601733742,4.7867196285787745,0.4567450703302828,0.4484740539934573,0.20656286876675933,0.23274487020213613,-80.69999694824219,14,0.43613707165109034,2,ok
GCF_001543145.1:NZ_CP014160.1,695596,695921,0,326,64.84077900587046,6.977344231978883,0.6590774436998319,0.41490391010348154,0.18339385198841887,0.33050611279375475,-93.69999694824219,17,0.4263803680981595,2,ok
GCF_018853465.2:NZ_CP127526.1,2040481,2040851,0,371,14.870226776619589,0.9907105745863412,0.6887732425677492,0.39152314499540913,0.20392955308174096,0.25515571858942726,-112.30000305175781,12,0.4555256064690027,2,ok
GCF_001705075.2:NZ_CP080624.1,2122259,2122622,0,364,54.57548044151392,14.836437343437527,0.10513321600254427,0.3615673522598202,0.275947497519026,0.3299285404744713,-124.80000305175781,10,0.5851648351648352,2,ok
GCF_055386145.1:NZ_AP043913.1,1591199,1591643,0,445,32.08039220288245,19.999999999999996,0.530936493626317,0.4212096431874535,0.39759589732369566,0.405742326592091,-97.4000015258789,18,0.3865168539325843,2,ok
GCF_000015865.1:NC_009012.1,2383702,2384170,0,469,94.99863254462613,6.4991200314789035,0.022664189062759913,0.4440856252899937,0.00016013974347550697,0.0007510248408454009,-122.30000305175781,12,0.44989339019189767,2,ok
GCF_000144625.1:NC_014376.1,4457415,4457863,0,449,59.66921331228584,4.243679347135605,0.41703483212078457,0.387135201812514,0.09532657512793263,0.21963605160148747,-129.8000030517578,9,0.40979955456570155,2,ok
GCF_000247605.1:NC_016894.1,538974,539418,0,445,48.78846933439859,19.999999999999996,-0.0835748674154354,0.46042564362704747,0.714301877208365,0.6286411298112796,-85.0999984741211,28,0.35280898876404493,2,ok
GCF_000247605.1:NC_016894.1,1813456,1813813,0,358,61.33202486188684,11.308417302808119,0.4399095539610917,0.38927265292550617,0.20974618269557124,0.3077744901481252,-99.5999984741211,15,0.30726256983240224,2,ok
GCF_002173775.1:NZ_CP021524.1,1496866,1497256,0,391,56.75161810154405,19.999999999999698,0.023868453783622456,0.3643232411410081,0.33473159050406703,0.34103796254847685,-134.6999969482422,9,0.5524296675191815,2,ok
GCF_001543205.1:NZ_CP014162.1,1299092,1299446,0,355,46.41893408694229,14.497087044696812,-0.04025329000413169,0.42965770213875165,0.977465579703806,0.9374765970577035,-94.4000015258789,12,0.38591549295774646,2,ok
GCF_047456275.1:NZ_CP173357.1,717863,718243,0,381,69.03972053586745,3.6004251627144237,0.7210487370820201,0.42666011355666017,0.4031166633235988,0.5553583324390327,-82.5999984741211,16,0.3884514435695538,2,ok
GCF_031760945.1:NZ_CP134501.1,935966,936441,0,476,61.980928586058354,4.28240818788688,0.8003828148552705,0.4132776780350575,0.14564671264479365,0.3672403264295995,-125.9000015258789,19,0.4222689075630252,2,ok
GCF_001705075.2:NZ_CP080624.1,3173729,3174161,0,433,94.99996017412212,4.093625035308125,0.14069181315998242,0.36894811842129516,0.20546618998818067,0.21618475713000268,-177.1999969482422,13,0.605080831408776,2,ok
GCF_001543245.1:NZ_CP014163.1,815128,815548,0,421,42.02566396059683,19.999999999954113,-0.03638389747326076,0.4038719147312522,0.4524263204853136,0.42599531282831044,-123.0999984741211,13,0.4418052256532066,2,ok
GCF_025149125.1:NZ_CP102272.1,5420463,5420861,0,399,92.2298204708566,2.4915273302702934,0.6387167434805867,0.39804540645097897,0.48863631024177956,0.5683910879825202,-128.39999389648438,13,0.518796992481203,2,ok
GCF_002844395.1:NZ_CP025197.1,2599640,2600064,0,425,45.054072038600054,12.556765696063799,0.3811622613514159,0.37700357447021215,0.04226671048162223,0.36585000401838175,-86.19999694824219,11,0.3247058823529412,2,ok
GCF_047456285.1:NZ_CP174122.1,11,373,0,363,49.71838168423024,3.1545226963255213,0.4737395395479413,0.47096929386118197,0.4505963102368665,0.59103875683822,-79.9000015258789,19,0.3856749311294766,2,ok
GCF_047456275.1:NZ_CP173357.1,3152026,3152387,0,362,57.23057754164468,19.999999996700573,0.016074054522205117,0.40102555166812487,0.4947838719811972,0.49959435064058255,-116.5,13,0.5138121546961326,2,ok
GCF_001543105.1:NZ_CP014159.1,960898,961309,0,412,91.56730891658539,5.610508365557112,0.4452588151569398,0.4181013660921568,0.005103075058551361,0.026695744890760303,-101.4000015258789,14,0.39563106796116504,2,ok
GCF_000021485.1:NC_011761.1,1409223,1409554,0,332,54.57750303295722,5.435406092396819,0.7095115241701528,0.4057003782119977,0.41280403765876633,0.6984127892816583,-127.69999694824219,16,0.5933734939759037,2,ok
GCF_003721225.2:NZ_CP127527.1,874410,874786,0,377,64.07002678431996,10.735177892513752,0.5978415865447547,0.4025242710732666,0.006152767821527766,0.10322968837833607,-101.4000015258789,19,0.46949602122015915,2,ok
GCF_000007745.1:NC_006300.1,182425,182812,0,388,42.691919898668765,12.069942868062808,0.13355024333203402,0.4069935449479934,0.0647418451669741,0.17133399129931434,-84.30000305175781,11,0.3247422680412371,2,ok
GCF_002220195.1:NZ_CP022374.1,1012981,1013320,0,340,40.842997956459826,6.935407923303089,0.26249285817287155,0.3683884175198717,0.4755092255314873,0.6203908977742292,-112.5,7,0.5411764705882353,2,ok
GCF_003966655.1:NZ_AP018795.1,1993340,1993736,0,397,40.294339768975185,19.999999931349052,-0.00901182337067552,0.33881638499726063,0.4763757138404392,0.4719413937849522,-162.1999969482422,9,0.5894206549118388,2,ok
GCF_012317185.1:NZ_CP048838.1,736683,737161,0,479,42.96899704269115,19.99999828177736,-0.01451110669098854,0.4207993752453648,0.49698290690599833,0.485209638403409,-111.4000015258789,15,0.36325678496868474,2,ok
GCF_965286225.1:NZ_OZ260804.1,1673485,1673839,0,355,74.86772410643225,6.602265204153857,0.5653426088302942,0.47632151367501585,0.27310505515356476,0.33320572418288186,-76.4000015258789,28,0.36338028169014086,2,ok
GCF_001705075.2:NZ_CP080624.1,531124,531509,0,386,56.65321499515127,11.038573818143808,0.28294401133414415,0.39679801598202996,0.202600711250224,0.31829765826699885,-137.10000610351562,10,0.5492227979274611,2,ok
GCF_000021485.1:NC_011761.1,274997,275371,0,375,94.99999999999976,4.366047401197561,0.28428826730874673,0.37931959388995584,0.01851708210829245,0.03829121210564032,-134.5,11,0.552,2,ok
GCF_001543145.1:NZ_CP014160.1,694179,694555,0,377,64.30650057331664,19.999999999999996,0.521966228544196,0.43230508267069756,0.5741028620315038,0.5910232213232494,-93.5,11,0.44297082228116713,2,ok
GCF_040267475.1:NZ_CP125628.1,4391021,4391437,0,417,85.30999985699258,3.6906581850482194,0.5991085810347804,0.4527070652661822,0.2530197491412886,0.3259320785446104,-106.19999694824219,23,0.3908872901678657,2,ok
GCF_047456285.1:NZ_CP174122.1,1921923,1922357,0,435,43.03082860110255,19.99999999999478,0.07631932035063382,0.40876445450826193,0.6373566421171036,0.7058865775878631,-97.5999984741211,13,0.42528735632183906,2,ok
GCF_022453685.1:NZ_CP092643.1,115372,115812,0,441,72.64331216075304,3.7850750846383336,0.6744800964733024,0.4488011261060945,0.4397535955863877,0.5655840081319665,-110.80000305175781,24,0.4489795918367347,2,ok
GCF_022647505.1:NZ_CP071409.1,1877006,1877345,0,340,67.90676684123373,5.71654937964372,0.6506653806552485,0.4231541419592709,0.29934841073357255,0.4312924034652821,-77.5999984741211,14,0.3941176470588235,2,ok
GCF_013267415.1:NZ_CP053988.1,1150639,1151112,0,474,70.4107074896478,5.9979496785644795,0.6143672463016008,0.4036844661120834,0.0842774609013644,0.18651610427989662,-154.0,19,0.4050632911392405,2,ok
GCF_000247605.1:NC_016894.1,3318730,3319150,0,421,92.64744890590146,8.66242143008286,0.36615055760092485,0.4600923179871602,0.5018915837403802,0.5057327863715539,-94.80000305175781,13,0.39667458432304037,2,ok
GCF_001543145.1:NZ_CP014160.1,782198,782571,0,374,58.630301752315106,13.504070957461252,0.1336918561331189,0.35867449262540674,0.3835499678502571,0.4227337169714807,-118.4000015258789,11,0.3877005347593583,2,ok
GCF_030762805.1:NZ_CP129113.1,1685827,1686150,0,324,38.89010071486294,19.99999995274838,-0.017889686866501414,0.36775566298068746,0.14217272511824747,0.13128029749385572,-98.5999984741211,16,0.4074074074074074,2,ok
GCF_047936785.1:NZ_CP176394.1,2010950,2011302,0,353,64.35584884990226,6.297870938120869,0.058474310604685775,0.4276253212993686,0.1697517364861095,0.18386698425527803,-123.80000305175781,18,0.5552407932011332,2,ok
GCF_012317185.1:NZ_CP048838.1,2017792,2018209,0,418,53.17501103367924,15.6097823835258,0.09403772255304652,0.4047924456409127,0.1769629692245258,0.23434394290198837,-99.80000305175781,22,0.3708133971291866,2,ok
GCF_000144625.1:NC_014376.1,2368921,2369272,0,352,41.695330188494815,18.879742284778683,-0.0043144348704872715,0.3958490477292749,0.3099439242791547,0.306450311556945,-83.5999984741211,15,0.34375,2,ok
GCF_016250455.1:NZ_CP059488.1,2485604,2486045,0,442,49.46301874451482,5.472979790298729,0.23015147134068092,0.4233248233070424,0.6084725221685026,0.7170491019586379,-114.9000015258789,22,0.4796380090497738,2,ok
GCF_047456285.1:NZ_CP174122.1,3757790,3758161,0,372,68.44694642909496,2.423357246043898,0.0058238957070051445,0.3913316631816784,0.9317607054321208,0.932869169513151,-98.69999694824219,11,0.3602150537634409,2,ok
GCF_047936785.1:NZ_CP176394.1,419131,419490,0,360,35.35458334376622,4.440242522885048,0.047749343800247535,0.4182569130587119,0.12141075246003914,0.13699077776453333,-99.9000015258789,9,0.44722222222222224,2,ok
GCF_004359375.1:NZ_CP034726.1,1374871,1375226,0,356,56.14314145982502,7.729476266607865,0.18622558448106302,0.37333710763340827,0.41711296813245513,0.4956997080212496,-88.4000015258789,15,0.34269662921348315,2,ok
GCF_030762805.1:NZ_CP129113.1,2394765,2395115,0,351,39.3679983505035,4.361054441101498,0.31583098362062645,0.36865399371906243,0.7494514191918752,0.8689528287322679,-114.5,12,0.4928774928774929,2,ok
GCF_023700225.1:NZ_CP097897.1,726934,727349,0,416,60.85306748574644,9.172957501553142,0.6983165005661943,0.4558428149111682,0.22500704391456,0.41705730961992105,-84.19999694824219,15,0.4014423076923077,2,ok
GCF_013267415.1:NZ_CP053988.1,888402,888816,0,415,63.335260107807834,7.44768822013016,0.23220498478175455,0.4212232286943925,0.2617871428590719,0.31779906375113026,-104.19999694824219,22,0.41927710843373495,2,ok
GCF_017357865.1:NZ_CP060096.1,1105783,1106205,0,423,37.56789295966385,3.0741742736283717,0.1904167931177414,0.4720076880590801,0.3702562876161328,0.42272125869040283,-82.5,20,0.34278959810874704,2,ok
GCF_000144625.1:NC_014376.1,40362,40671,0,310,62.59930702673459,19.999999999999996,0.5400534107292493,0.4431185920429562,0.6998259281192664,0.7116259859196857,-65.9000015258789,34,0.38387096774193546,2,ok
GCF_031760945.1:NZ_CP134501.1,147741,148100,0,360,38.27205842852137,2.016649758069139,0.11351752113977054,0.4672047817907519,0.4491456128769829,0.4709583193914222,-89.69999694824219,20,0.3972222222222222,2,ok
GCF_004295125.1:NZ_CP036170.1,769072,769375,0,304,52.32636390369285,19.999999999999996,-0.020121282727626255,0.3991963503170252,0.5149285403170452,0.49758686672536817,-71.9000015258789,10,0.375,2,ok
GCF_000025305.1:NC_013740.1,636891,637283,0,393,71.38487174430867,4.410880234368045,0.6586348490657624,0.38814288708298156,0.08133180354520093,0.20575582438852824,-152.0,15,0.5597964376590331,2,ok
GCF_040267475.1:NZ_CP125628.1,4676155,4676578,0,424,48.81348097585542,19.999999986838002,-0.0007521657325515463,0.4433603223713122,0.30694188299412595,0.30620370147724507,-147.10000610351562,23,0.5188679245283019,2,ok
GCF_000221025.1:NC_015851.1,88279,88723,0,445,58.41258251166141,10.679567501221772,0.3425238089046204,0.39762569584009083,0.18955437199612224,0.3049382911015542,-139.39999389648438,8,0.5370786516853933,2,ok
GCF_047456285.1:NZ_CP174122.1,2273690,2274123,0,434,72.77816337601423,4.162912386833207,0.6566812104112953,0.4293029512938102,0.3787904144844183,0.498938633010608,-96.69999694824219,20,0.3548387096774194,2,ok
GCF_001543145.1:NZ_CP014160.1,1708575,1708889,0,315,37.50687347852502,19.999999999988404,0.007924948561450207,0.35789404823459936,0.21615641392526178,0.21933662156258182,-105.9000015258789,24,0.4126984126984127,2,ok
GCF_012317185.1:NZ_CP048838.1,765711,766080,0,370,44.3634413228348,11.608030099447495,-0.09106006579300174,0.392084307283911,0.5812740512239066,0.4980718410893919,-94.4000015258789,11,0.4135135135135135,2,ok
GCF_047943045.1:NZ_CP181347.1,985093,985494,0,402,68.62585000748976,4.230443502504387,0.6971824013446142,0.38209079375842886,0.2714240461936588,0.4216202051159508,-103.5,30,0.3805970149253731,2,ok
GCF_000025305.1:NC_013740.1,311127,311591,0,465,91.43925820005956,2.4639352805828705,0.29282602124529067,0.4407597634224773,0.0888538455011812,0.1256205384738491,-158.10000610351562,22,0.5032258064516129,2,ok
GCF_000021485.1:NC_011761.1,748571,748921,0,351,56.933833880920744,4.950275825970179,0.20173478735040956,0.44422047037191204,0.4974283030751914,0.5682092407618998,-129.1999969482422,16,0.5527065527065527,2,ok
GCF_004359375.1:NZ_CP034726.1,128,600,0,473,69.99775768307212,6.884556730141282,0.595362290518568,0.48160983820168246,0.44536079584799565,0.5336712457790869,-98.5999984741211,28,0.3572938689217759,2,ok
GCF_047936785.1:NZ_CP176394.1,186196,186605,0,410,45.265853186118335,14.574220651950794,-0.5962563544900358,0.38605251480476316,0.8153641629690563,0.23790555066016036,-165.3000030517578,8,0.6,2,ok
GCF_012317185.1:NZ_CP048838.1,560009,560441,0,433,50.18166892128132,19.999999999999996,-0.012002046975610081,0.4562282110079617,0.0939778703579423,0.08426100858467629,-98.80000305175781,18,0.3903002309468822,2,ok
GCF_003352165.1:NZ_CP029176.1,336674,337000,0,327,49.04304800958741,0.7722483047848953,-0.0011898165060514302,0.3888203339939768,0.0035845052452234405,0.003585931457252556,-122.5999984741211,13,0.6452599388379205,2,ok
GCF_001543105.1:NZ_CP014159.1,979243,979569,0,327,52.75388744670674,14.774695430272818,0.16495560737555603,0.43277156269678835,0.6017583649658801,0.7062073414804446,-65.5,17,0.37920489296636084,2,ok
GCF_023700225.1:NZ_CP097897.1,3616832,3617187,0,356,58.22787922370858,7.098477255651368,0.5741580550403425,0.4095537244716976,0.4118551942317665,0.6194977738129209,-93.69999694824219,14,0.4747191011235955,2,ok
GCF_040267475.1:NZ_CP125628.1,4661989,4662425,0,437,37.972825336717186,4.789775579237203,0.02819729466375598,0.3708832498455812,0.8272113877658663,0.8380302666831237,-164.5,24,0.4851258581235698,2,ok
GCF_025144545.1:NZ_CP102249.1,2172652,2173050,0,399,60.588453014466715,7.846158186000533,0.23082521494621955,0.3941242774292997,0.727945260957345,0.7968633815597688,-123.69999694824219,14,0.5263157894736842,2,ok
GCF_047456275.1:NZ_CP173357.1,3170041,3170462,0,422,49.85171339245396,4.802116439549459,0.44836923629709835,0.4245232251054787,0.4520311467969169,0.6416863530977768,-100.30000305175781,12,0.4431279620853081,2,ok
GCF_012317185.1:NZ_CP048838.1,2033310,2033640,0,331,57.46100873796593,6.993839762539392,0.8697809748889005,0.47020253187237787,0.19879543412725006,0.5314999404692969,-73.5999984741211,15,0.36253776435045315,2,ok
GCF_002844395.1:NZ_CP025197.1,2985750,2986162,0,413,19.786182011610837,2.4644553014843833,0.6083325119931526,0.4459042753638229,0.6773920469852988,0.7419176720513263,-91.9000015258789,19,0.38256658595641646,2,ok
GCF_055384605.1:NZ_AP043921.1,471156,471582,0,427,62.98705386360648,8.176654785923219,0.5299871912124907,0.3437201638327882,0.2793898759992361,0.4041302266804703,-145.8000030517578,19,0.49414519906323184,2,ok
GCF_000015865.1:NC_009012.1,2375428,2375817,0,390,88.80164899575365,5.13062910946364,0.54309984508568,0.41734225273626174,0.5536194422350522,0.5909665987340198,-107.0,9,0.45897435897435895,2,ok
GCF_001543245.1:NZ_CP014163.1,1392163,1392518,0,356,44.4519139885995,11.42849049783975,-0.10087440690177873,0.4499501157417648,0.9309742253029979,0.8390178597176241,-76.9000015258789,14,0.37359550561797755,2,ok
GCF_017357865.1:NZ_CP060096.1,1337057,1337428,0,372,55.98406958889838,19.999999999999964,0.0942650935763989,0.5316908116108364,0.27970384969278783,0.3118674041565173,-57.29999923706055,19,0.34408602150537637,2,ok
GCF_016250455.1:NZ_CP059488.1,997797,998174,0,378,57.0986791642484,8.074966973367362,0.41287536763120647,0.4888315735352786,0.19523043877361262,0.35850043130620973,-77.0999984741211,28,0.455026455026455,2,ok
GCF_025149125.1:NZ_CP102272.1,133537,133950,0,414,72.42087897812173,11.523863321060363,0.519488633769237,0.3597259295511501,0.16798567899559588,0.1888288993205065,-115.30000305175781,13,0.4033816425120773,2,ok
GCF_008726475.3:NZ_CP145134.1,223318,223648,0,331,36.92346859815028,3.4259585833756483,0.9964482352639525,0.43765031688876493,0.36446012231756053,0.6587595510033941,-94.0,21,0.4652567975830816,2,ok
GCF_002173775.1:NZ_CP021524.1,2142846,2143251,0,406,40.97310232481905,7.002100691101199,0.08868571992325858,0.37192875849485646,0.25640820950703713,0.30591590497537124,-140.1999969482422,12,0.5443349753694581,2,ok
GCF_000144695.1:NC_014378.1,754013,754411,0,399,48.04564579652717,14.55881465419677,0.04085193291137246,0.47344958973747103,0.8672335259865683,0.9020360145190317,-75.19999694824219,27,0.3533834586466165,2,ok
GCF_025144545.1:NZ_CP102249.1,1978701,1979097,0,397,35.90226700259365,19.999999999999932,-0.11830026694201282,0.3752863462846464,0.09720758999371541,0.061846244843921226,-141.0,11,0.5415617128463476,2,ok
GCF_030762805.1:NZ_CP129113.1,511802,512223,0,422,46.32744246905307,15.839023780266759,-0.09709734979398799,0.37974187201429244,0.7380272329667743,0.6413891426675873,-122.69999694824219,15,0.41232227488151657,2,ok
GCF_030762805.1:NZ_CP129113.1,511232,511622,0,391,20.480949819695272,4.086496584954925,0.5452044838089071,0.41699341055004485,0.5433055121894903,0.5816593951238281,-107.0999984741211,14,0.4398976982097187,2,ok
GCF_047456285.1:NZ_CP174122.1,396786,397135,0,350,44.57626453055707,8.183847122283327,0.20739671889132993,0.39418318759865056,0.73425420941024,0.8728190170400545,-112.0999984741211,15,0.47714285714285715,2,ok
GCF_000015865.1:NC_009012.1,2968250,2968640,0,391,94.99999999182066,2.689321061543285,0.58161959287712,0.36351013918643305,0.19652181488412263,0.26570468986970797,-106.9000015258789,23,0.36828644501278773,2,ok
GCF_008726475.3:NZ_CP145134.1,1883860,1884294,0,435,48.133785741021576,6.0197422645712395,0.4530423138667076,0.3732545433642811,0.26509480348835135,0.5007411748375851,-137.60000610351562,25,0.3954022988505747,2,ok
GCF_030864005.1:NZ_CP132976.1,4901874,4902214,0,341,40.69394187200744,13.900760469017325,-0.025686186871437977,0.3500254848668985,0.3227054963197574,0.30248856381224676,-114.69999694824219,15,0.4662756598240469,2,ok
GCF_001705075.2:NZ_CP080624.1,885041,885451,0,411,43.09127617359177,12.523403535681611,-0.1257883966039698,0.3777870848382943,0.45416696003199364,0.34329940772098216,-164.89999389648438,14,0.610705596107056,2,ok
GCF_016592595.1:NZ_AP012977.1,1055726,1056128,0,403,47.77886150099745,5.135281530593668,0.1542022449089388,0.39530697414967997,0.3632841320752822,0.4345504438338723,-96.0999984741211,18,0.3771712158808933,2,ok
GCF_001543285.1:NZ_CP014164.1,983404,983821,0,418,88.78481654912115,5.3782135582801365,0.5382969539606934,0.44464546160055557,0.011832196133365558,0.04551780369112868,-94.5999984741211,18,0.37799043062200954,2,ok
GCF_004103715.1:NZ_CP035282.1,1632121,1632517,0,397,51.71481131444047,6.08152502048888,0.2237319785033965,0.40343687890894786,0.46637531323770787,0.5729747369653474,-86.0,11,0.3425692695214106,2,ok
GCF_004103715.1:NZ_CP035282.1,3553464,3553898,0,435,41.32252624599609,13.368328650004848,-0.0011290730586379638,0.4578964848727865,0.16226378662177707,0.1613851547426632,-96.80000305175781,12,0.3586206896551724,2,ok
GCF_009662475.1:NZ_CP045571.1,96549,96924,0,376,76.00692450089349,4.160746221795736,0.6310897140953837,0.41675489616535166,0.2802902240041185,0.38172275610562334,-96.5999984741211,13,0.4308510638297872,2,ok
GCF_000144625.1:NC_014376.1,2934759,2935197,0,439,38.812717929374216,12.023547864978731,0.14318838749856477,0.4028618037908113,0.6406189886515379,0.7293920841412687,-101.0999984741211,14,0.357630979498861,2,ok
GCF_016592595.1:NZ_AP012977.1,1253540,1253941,0,402,75.36728418635033,7.571156496938212,0.5045290677320795,0.43107450485006144,0.3175613690467451,0.3578593804788591,-91.9000015258789,20,0.39303482587064675,2,ok
GCF_001543285.1:NZ_CP014164.1,1447290,1447629,0,340,58.584119031499924,12.243465262231728,0.05882503632075235,0.3962359553176649,0.10932992515991291,0.12779791105938354,-75.5999984741211,11,0.3323529411764706,2,ok
GCF_031760945.1:NZ_CP134501.1,3576496,3576888,0,393,33.70073080641173,5.790823480024398,0.13385077815917035,0.44011612807797434,0.6803869778461311,0.7221083197836383,-106.5,24,0.4631043256997455,2,ok
GCF_000093085.1:NC_014219.1,143363,143688,0,326,60.32103482040521,8.159065096971796,0.1310105674815627,0.4246515377585418,0.512002387229873,0.5515402843762862,-90.5999984741211,12,0.5030674846625767,2,ok
GCF_000144625.1:NC_014376.1,3068512,3068943,0,432,66.3002242189291,6.7214021696363755,0.6431638983498611,0.45012363972618236,0.43314401699596317,0.5645743019927657,-114.4000015258789,16,0.4375,2,ok
GCF_031760945.1:NZ_CP134501.1,1882737,1883157,0,421,94.99995554953028,4.988060138648765,0.1051015822543881,0.3802058780575793,0.0020557047877685273,0.007599266328879417,-114.0999984741211,16,0.32066508313539194,2,ok
GCF_000025305.1:NC_013740.1,1769534,1769852,0,319,56.73137207732382,6.8198235310652136,0.3349124932405039,0.3305814472943576,0.03147731875620152,0.164079064769971,-137.0,10,0.5047021943573667,2,ok
GCF_001499615.1:NZ_LN606600.1,165063,165411,0,349,76.40648652578109,5.0200102764178025,0.2869041876942258,0.33134381355047493,0.007791390281246757,0.04667119677423717,-129.3000030517578,8,0.5730659025787965,2,ok
GCF_047936785.1:NZ_CP176394.1,529654,530003,0,350,51.495987326370766,5.4865851412029265,0.30281707551492376,0.3872315757490252,0.5575854542442034,0.6935738703511978,-125.19999694824219,11,0.5228571428571429,2,ok
GCF_040267475.1:NZ_CP125628.1,5086808,5087152,0,345,40.28680669489065,15.405827656593495,0.037351701397398296,0.472880802944857,0.8148471950313141,0.8434614036477471,-72.30000305175781,18,0.3826086956521739,2,ok
GCF_016250455.1:NZ_CP059488.1,2145078,2145448,0,371,39.759535802667905,15.220257814349155,0.053407836921613105,0.38770863772620023,0.16812717397384422,0.20765587747620237,-101.69999694824219,15,0.4123989218328841,2,ok
GCF_012317185.1:NZ_CP048838.1,3679159,3679570,0,412,48.90928813803734,18.976875224788824,-0.0888021701340479,0.40069967752784125,0.5780266289191053,0.48544813621061705,-104.30000305175781,11,0.4029126213592233,2,ok
GCF_025149125.1:NZ_CP102272.1,3297391,3297768,0,378,45.52335376740326,15.096449584813039,-0.015169005757991072,0.4149394707624731,0.8637152471092329,0.8489101012652593,-125.69999694824219,13,0.43915343915343913,2,ok
GCF_040267475.1:NZ_CP125628.1,3778581,3778931,0,351,68.53779436349211,3.4007240347495133,0.5493359755844551,0.45659486038344566,0.4745833051354957,0.5908229138925293,-112.19999694824219,35,0.5242165242165242,2,ok
GCF_012317185.1:NZ_CP048838.1,3858748,3859172,0,425,67.49688241459235,3.8346178830672613,0.7311666107036958,0.4174308199224229,0.42562870968719496,0.5920311206567588,-92.0999984741211,15,0.3411764705882353,2,ok
GCF_025144545.1:NZ_CP102249.1,725799,726148,0,350,43.18320196160057,7.75257627866964,0.057043786093262216,0.3399022875703013,0.6170793262617528,0.6531512046538092,-115.0999984741211,9,0.34285714285714286,2,ok
GCF_001543175.1:NZ_CP014161.1,691857,692306,0,450,42.722486564494545,7.276454876056309,0.5583780734742291,0.4468317448708484,0.3326560604062275,0.6694632824298633,-102.9000015258789,15,0.3977777777777778,2,ok
GCF_012317185.1:NZ_CP048838.1,858537,858892,0,356,43.70439295668815,16.47696410965185,-0.19005573479101368,0.44278681278403265,0.6872098465300487,0.5064858162816273,-80.19999694824219,16,0.3792134831460674,2,ok
GCF_047456275.1:NZ_CP173357.1,720899,721338,0,440,81.43009883780299,2.4251707590412233,0.6931951992394789,0.4157250404660578,0.5168237047269533,0.6210288040192892,-114.30000305175781,23,0.43636363636363634,2,ok
GCF_003966655.1:NZ_AP018795.1,358550,358908,0,359,47.3601109914792,17.549523737878925,-0.2464418911370902,0.4416586299451282,0.4894815211034978,0.23941341535973584,-97.80000305175781,14,0.4401114206128134,2,ok
GCF_016250455.1:NZ_CP059488.1,964840,965270,0,431,44.78561857930311,9.649428088529028,0.38968521622514635,0.3582068352885984,0.31800551837507174,0.6072547695944459,-153.8000030517578,11,0.5498839907192575,2,ok
GCF_055386145.1:NZ_AP043913.1,128437,128869,0,433,62.985814069112244,11.371961225792731,0.6078220434429862,0.46461870040180386,0.25506035133917304,0.36246156846077526,-112.19999694824219,16,0.39260969976905313,2,ok
GCF_031760945.1:NZ_CP134501.1,3832806,3833198,0,393,71.55792290930283,3.153022998796617,0.7181466598246509,0.41326550356778413,0.12049921081964526,0.2589285873101975,-76.80000305175781,12,0.3104325699745547,2,ok
GCF_022845755.1:NZ_AP025566.1,3569600,3569943,0,344,93.7124767688027,4.9085802016691895,0.5363361675793703,0.4208301306961666,0.511043420554823,0.5422659694088791,-78.5,22,0.39244186046511625,2,ok
GCF_055386145.1:NZ_AP043913.1,3787915,3788257,0,343,40.55101334490041,19.999999999953886,0.01997965854610939,0.41755381716637463,0.8461793069495478,0.8616385970370057,-89.80000305175781,16,0.43440233236151604,2,ok
GCF_009914215.2:NZ_CP039845.2,387505,387958,0,454,38.31600601047599,14.721379597922972,-0.12925136147405228,0.44117971423489954,0.09288066430604938,0.011973426836383722,-104.19999694824219,20,0.381057268722467,2,ok
GCF_001543245.1:NZ_CP014163.1,819684,820021,0,338,62.978937796277165,19.999999998737167,0.5341527624324554,0.42675776396528176,0.5439317082446374,0.5631887666358878,-75.19999694824219,17,0.39349112426035504,2,ok
GCF_031760945.1:NZ_CP134501.1,3818255,3818642,0,388,73.62604232163054,3.2118025880584486,0.6987741607312505,0.3927753197590638,0.5022595512966971,0.6336282025163251,-80.69999694824219,18,0.34536082474226804,2,ok
GCF_022453685.1:NZ_CP092643.1,716395,716697,0,303,50.62224292067909,4.189993467580513,0.4979088297880292,0.40137182798276705,0.6787599087797072,0.8647928903255242,-103.5999984741211,13,0.5346534653465347,2,ok
GCF_001543285.1:NZ_CP014164.1,427195,427615,0,421,53.844971274393714,8.267170391093135,0.1911468784999515,0.4373623564454921,0.5101229813220602,0.6058105652657787,-98.9000015258789,17,0.4014251781472684,2,ok
GCF_000144625.1:NC_014376.1,4041900,4042243,0,344,44.69552608971332,5.227516850421411,0.18381993609665692,0.3753278309474508,0.6932736325540735,0.7807948152384996,-95.19999694824219,11,0.40406976744186046,2,ok
GCF_025149125.1:NZ_CP102272.1,3988933,3989310,0,378,39.3628995646482,6.057762640234692,0.42864094960904314,0.4028772329511762,0.5575792901442513,0.7615207382676907,-121.4000015258789,16,0.49206349206349204,2,ok
GCF_000237085.1:NC_016627.1,4211633,4212078,0,446,87.01080226248267,2.9332654778860077,0.6307140932157926,0.3988050864140531,0.5391481201576015,0.6226441002822642,-121.69999694824219,9,0.4080717488789238,2,ok
GCF_001543205.1:NZ_CP014162.1,890289,890667,0,379,60.72135571950602,8.347489529465298,0.29745559476972405,0.48258278726449244,0.3526634721575339,0.43847562604983664,-86.80000305175781,29,0.43271767810026385,2,ok
GCF_000015865.1:NC_009012.1,2700633,2700974,0,342,64.18484316865228,4.629267615174154,0.08678488744394341,0.33832809099454825,0.21617138070848174,0.23839463249859222,-114.4000015258789,22,0.3508771929824561,2,ok
GCF_055386145.1:NZ_AP043913.1,4010711,4011137,0,427,51.868380419016695,5.791422549055169,0.36402441391597823,0.43570344061213995,0.4303314017889779,0.5978872460478197,-97.4000015258789,25,0.39344262295081966,2,ok
GCF_001543175.1:NZ_CP014161.1,340409,340843,0,435,44.39332594242612,19.246877526412813,0.019571593946538346,0.4234479833061383,0.40372505354069493,0.4207009725714926,-118.5,12,0.39770114942528734,2,ok
GCF_000202835.1:NC_015186.1,2405811,2406141,0,331,40.45939989762556,14.498327146281968,-0.0355491055627396,0.3592200435706385,0.6424131771726711,0.615230291771276,-143.5,11,0.6314199395770392,2,ok
GCF_013267415.1:NZ_CP053988.1,1726414,1726842,0,429,77.82938489962615,19.999999999999996,0.49643875952638983,0.4135927434588948,0.39876606433517425,0.39894556735594017,-122.19999694824219,15,0.4405594405594406,2,ok
GCF_040267475.1:NZ_CP125628.1,2903336,2903690,0,355,54.31600978975296,19.999999999999996,0.05152610341710284,0.4545074875448069,0.5824222153825459,0.6062114857288357,-93.80000305175781,16,0.504225352112676,2,ok
GCF_023700225.1:NZ_CP097897.1,1902247,1902625,0,379,80.29167848440594,6.9366985514559865,0.48239550024997896,0.5305379756316111,0.27655933284127004,0.3072009077506654,-72.69999694824219,20,0.38522427440633245,2,ok
GCF_000164865.1:NC_014618.1,1380172,1380511,0,340,45.98055262530522,17.691891606067436,-0.10772397092691899,0.3902625115599939,0.4024023226156275,0.29520216384749653,-127.0,11,0.6058823529411764,2,ok
GCF_000221025.1:NC_015850.1,625174,625575,0,402,66.34088797837029,19.999999999999996,0.511615808283274,0.3372070009709541,0.48026857108167,0.4872874775413987,-150.10000610351562,8,0.5845771144278606,2,ok
GCF_000025305.1:NC_013740.1,1263348,1263709,0,362,48.03434433590813,19.999999999999986,-0.09826494959279869,0.42101032628745544,0.4624203150256805,0.36336238750240196,-81.30000305175781,16,0.35911602209944754,2,ok
GCF_902729405.1:NZ_LR746496.1,4494932,4495333,0,402,71.75413067015714,6.009470607341115,0.08312117353079486,0.3660706703363561,0.006304283517762854,0.018768725727494162,-133.1999969482422,16,0.5199004975124378,2,ok
GCF_902729405.1:NZ_LR746496.1,3420742,3421104,0,363,72.96599966327618,3.2619889772793007,0.6991744964147726,0.35533103754246603,0.421786999239967,0.5523642063588985,-125.69999694824219,15,0.5013774104683195,2,ok
GCF_009662475.1:NZ_CP045571.1,229917,230268,0,352,50.273953013879144,19.999999999999996,-0.00867336731879026,0.38617978376664347,0.4423528235854482,0.4355857347675608,-120.69999694824219,14,0.5426136363636364,2,ok
GCF_004103715.1:NZ_CP035282.1,2856807,2857203,0,397,55.170054638137664,4.395804060840333,0.5243787163445687,0.4539164344516361,0.4908997759094152,0.6740248493646571,-83.0,12,0.380352644836272,2,ok
GCF_000093085.1:NC_014219.1,2721603,2722038,0,436,94.9999998198407,4.922960232277311,0.16657551812418042,0.37324292398993125,0.0075599058422919805,0.016563822629397505,-136.60000610351562,9,0.46559633027522934,2,ok
GCF_031760945.1:NZ_CP134501.1,1338417,1338813,0,397,28.277302969867954,2.379076517677997,0.7636670094664108,0.43989806306520135,0.6255919669521119,0.7592626554667141,-104.69999694824219,24,0.44836272040302266,2,ok
GCF_008726475.3:NZ_CP145134.1,1547243,1547660,0,418,43.81329320617403,4.634275601938765,0.1707086460763696,0.4080971229253886,0.8264674881835147,0.8994545676074902,-112.0,25,0.39712918660287083,2,ok
GCF_001499615.1:NZ_LN606600.1,1429386,1429800,0,415,40.884889120077425,7.868642752840001,0.1586810547457971,0.4082745313939454,0.2702745260512957,0.36526711595936584,-136.5,13,0.5325301204819277,2,ok
GCF_000196455.1:NC_014614.1,1125740,1126121,0,382,53.85133251119712,7.171560898946147,0.29114283898897064,0.4354528744905388,0.03614096935835104,0.1743554178323451,-73.0999984741211,12,0.35602094240837695,2,ok
GCF_001543105.1:NZ_CP014159.1,78960,79377,0,418,63.62328943350771,7.451614963979564,0.47156428394030037,0.48303428774417895,0.29429461739176943,0.4052148908385145,-79.4000015258789,20,0.37559808612440193,2,ok
GCF_001647695.1:NZ_CP015425.1,815376,815792,0,417,55.152384417634245,4.945190957904007,0.6051342500234582,0.3971716521703263,0.24423949335087577,0.4710865063260147,-100.4000015258789,7,0.3261390887290168,2,ok
GCF_000164865.1:NC_014618.1,425655,426021,0,367,86.62819326121327,5.7582096049238025,0.534693049571173,0.38627133966393035,0.21019945406891924,0.2430443681676416,-111.5999984741211,15,0.5313351498637602,2,ok
GCF_902729405.1:NZ_LR746496.1,3819564,3819909,0,346,23.06443962942184,1.4322482018461344,0.7531754586461182,0.37757127121737133,0.7751578639560424,0.8627853734482619,-129.60000610351562,16,0.5780346820809249,2,ok
GCF_008365315.1:NZ_CP043506.1,1972460,1972866,0,407,64.86525732328752,6.329480107828299,0.6767367052422826,0.45485339895876387,0.24779072718694817,0.40626625776866837,-113.30000305175781,19,0.5061425061425061,2,ok
GCF_047936785.1:NZ_CP176394.1,1978091,1978526,0,436,30.34841473080928,19.99999999995209,-0.500363717682228,0.3739225634767547,0.670866647706768,0.6669466870082661,-146.39999389648438,10,0.5389908256880734,2,ok
GCF_004295125.1:NZ_CP036170.1,3130956,3131361,0,406,43.32722750110803,12.151456250642404,-0.11755662815814849,0.4814514574922231,0.7736016046986117,0.6696572553270441,-94.19999694824219,13,0.4630541871921182,2,ok
GCF_047456285.1:NZ_CP174122.1,2968011,2968340,0,330,49.145609154526895,12.412821175692226,0.5095182085966147,0.45649652193925444,0.023364032603727214,0.4175579548779602,-81.30000305175781,16,0.38484848484848483,2,ok
GCF_002173775.1:NZ_CP021524.1,1673702,1674077,0,376,53.85572609230163,8.859924375865882,0.23453706553151124,0.3532583555754602,0.19391990854211572,0.3138822940876427,-125.30000305175781,15,0.5026595744680851,2,ok
GCF_004103715.1:NZ_CP035282.1,34946,35393,0,448,47.51971604997494,7.750374573983813,0.27432960767340775,0.4163085503906836,0.5032086364119863,0.6760269200142303,-97.80000305175781,18,0.3705357142857143,2,ok
GCF_004295125.1:NZ_CP036170.1,2551544,2552004,0,461,28.128008675318476,4.177475909982078,0.6591212556102893,0.4436771466937317,0.6121664626763351,0.7335715221379411,-88.5999984741211,11,0.3297180043383948,2,ok
GCF_047456275.1:NZ_CP173357.1,1202746,1203116,0,371,87.45307561432907,2.5395098628222836,0.06087040373566338,0.28013915478162904,0.31742181547257164,0.32564055590442254,-138.39999389648438,9,0.39622641509433965,2,ok
GCF_040267475.1:NZ_CP125628.1,876463,876822,0,360,77.40378796487542,8.710565845215074,0.4933182589966657,0.3737017593225035,0.16993931116240293,0.1935097447081123,-124.5999984741211,16,0.4861111111111111,2,ok
GCF_000015865.1:NC_009012.1,3437051,3437469,0,419,55.03784602711236,13.872593420186975,0.44135612659467294,0.4982247702948208,0.22527490820694807,0.44190440919885005,-94.0999984741211,18,0.4200477326968974,2,ok
GCF_000024285.1:NC_013205.1,3002760,3003069,0,310,72.59752254618056,4.4499202971230885,0.6455040811756875,0.39169708830590966,0.3104946285000382,0.4254984721154059,-109.5,15,0.5548387096774193,2,ok
GCF_000237085.1:NC_016627.1,2714757,2715141,0,385,45.49476038110115,17.082545135037844,-0.04135507911255776,0.423602132230563,0.7808358587338367,0.7398011503623991,-81.4000015258789,13,0.3220779220779221,2,ok
GCF_047456285.1:NZ_CP174122.1,549507,549949,0,443,42.14641502026261,6.9094128184474375,0.04107175657241846,0.44171231724660664,0.9311790458818674,0.954718232279334,-121.4000015258789,17,0.46275395033860045,2,ok
GCF_002220195.1:NZ_CP022374.1,12577,13029,0,453,48.64712119131541,9.654517818445424,0.056201911838878384,0.35244684590946096,0.007432115553629326,0.04666473195948548,-161.1999969482422,15,0.5298013245033113,2,ok
GCF_047943045.1:NZ_CP181347.1,2086902,2087306,0,405,49.32628685192896,19.99999999992748,-0.07312898275050073,0.4248981465713544,0.7643476427983803,0.6916060260788044,-95.69999694824219,20,0.37037037037037035,2,ok
GCF_000221025.1:NC_015850.1,1899851,1900232,0,382,62.28335750027938,6.964968839878861,0.23302072688325326,0.36889955544766473,0.5116393371116464,0.5745993258421205,-134.3000030517578,14,0.5732984293193717,2,ok
GCF_040267475.1:NZ_CP125628.1,3400052,3400388,0,337,53.35318731904426,2.9710112969123386,0.2903300635993381,0.42181406926027515,0.5900324247195025,0.6686145363249182,-95.0999984741211,27,0.3827893175074184,2,ok
GCF_001543285.1:NZ_CP014164.1,55050,55485,0,436,61.22693859572574,4.128710561989505,0.38696266208623503,0.35483396022894614,0.5172898989068789,0.6255573047018607,-101.0,10,0.31422018348623854,2,ok
GCF_001543105.1:NZ_CP014159.1,547091,547517,0,427,28.81695150451796,2.6532130247076497,0.7574908617284444,0.38422356454510836,0.272088029120598,0.4148017993785437,-115.0,10,0.4379391100702576,2,ok
GCF_055386145.1:NZ_AP043913.1,1910938,1911409,0,472,43.91619451943195,5.884620413638008,0.38096513135898397,0.40344550558816444,0.3627710089428518,0.5622008677244311,-128.10000610351562,17,0.4385593220338983,2,ok
GCF_047456275.1:NZ_CP173357.1,441184,441555,0,372,61.968200584087825,19.999999999999996,0.5442229014239635,0.4235041641271079,0.7382179136167413,0.7668180965302109,-95.9000015258789,27,0.3790322580645161,2,ok
GCF_000247605.1:NC_016894.1,3201159,3201539,0,381,29.25139214304131,3.0362688108602773,0.7453080377577277,0.4810648919155747,0.4461722022722405,0.5971155839840387,-63.599998474121094,22,0.33858267716535434,2,ok
GCF_000144695.1:NC_014378.1,654659,655032,0,374,45.6721457102047,5.470934745309068,0.2587326214889432,0.45025481414176477,0.33417077834115483,0.46205235947618417,-95.19999694824219,15,0.42513368983957217,2,ok
GCF_030762805.1:NZ_CP129113.1,967187,967636,0,450,55.32888376905316,11.396528805520973,0.3730914127245165,0.4093355421462578,0.008300393331590217,0.1847718315112525,-105.69999694824219,16,0.40444444444444444,2,ok
GCF_001543175.1:NZ_CP014161.1,1208878,1209327,0,450,58.63596187440308,7.8061728629148215,0.3721476112807507,0.48526447904463044,0.01863937707625582,0.14915953926510064,-90.4000015258789,16,0.39111111111111113,2,ok
GCF_001499615.1:NZ_LN606600.1,719133,719549,0,417,37.707348959564506,10.74454850551731,0.2888258497662141,0.4413901856242351,0.47872110162149306,0.6331423001590653,-143.3000030517578,16,0.60431654676259,2,ok
GCF_004359375.1:NZ_CP034726.1,1210980,1211394,0,415,61.94040766884088,10.534727677293128,0.43514938112964946,0.44973124319372587,0.37041532957801565,0.4652116555460381,-95.69999694824219,12,0.39518072289156625,2,ok
GCF_000164865.1:NC_014618.1,3793074,3793400,0,327,45.99111492439296,15.48563251214138,-0.1787974536250188,0.4571815223235765,0.47259009371266314,0.29571026867874484,-103.4000015258789,11,0.6238532110091743,2,ok
GCF_000015865.1:NC_009012.1,200935,201269,0,335,35.49938390405335,19.999999999999996,-0.054543280868940114,0.43698724806030537,0.704689022481605,0.6952343227110093,-92.5999984741211,13,0.44776119402985076,2,ok
GCF_010378095.2:NZ_CP127523.1,1627648,1628043,0,396,48.37774189928652,19.999999999994923,0.08452214367298097,0.3980562589691749,0.14958685461931603,0.22079424859027696,-108.0,14,0.4444444444444444,2,ok
GCF_040267475.1:NZ_CP125628.1,2928784,2929198,0,415,39.142020160096415,4.484403730130243,0.4420078791338685,0.4297428267074873,0.40697912531059377,0.5769857632437819,-90.5999984741211,17,0.39036144578313253,2,ok
GCF_047943045.1:NZ_CP181347.1,69467,69858,0,392,54.2907496570419,6.8790213152297115,0.4420660377231399,0.44012645641638765,0.1094351404205118,0.31079442310185273,-86.69999694824219,18,0.32142857142857145,2,ok
GCF_047936785.1:NZ_CP176394.1,1080411,1080736,0,326,94.999999966724,3.3988324341758873,0.32207328128532214,0.3927292512676886,0.42670288635299813,0.45905561219441726,-81.80000305175781,12,0.3987730061349693,2,ok
GCF_001989575.1:NZ_CP019573.1,607625,608011,0,387,24.512387668682695,5.28527683923046,0.5572222192440401,0.4073056009821533,0.8265054254977985,0.8773624918270493,-86.80000305175781,19,0.3178294573643411,2,ok
GCF_000144625.1:NC_014376.1,2753121,2753420,0,300,74.7674863728844,6.307343354142023,0.5702537901355388,0.48885829234472966,0.019417221403051133,0.08519270571866464,-75.9000015258789,22,0.4,2,ok
GCF_002844395.1:NZ_CP025197.1,3369473,3369882,0,410,42.192933004239244,17.166829644041236,-0.008812411234034812,0.4542176763547654,0.4543479024661645,0.44735997097032965,-105.30000305175781,17,0.4292682926829268,2,ok
GCF_000164865.1:NC_014618.1,276267,276699,0,433,43.482753882430806,7.832876882744354,0.20989507806533525,0.3776348226394416,0.36176448597719985,0.4967213787929634,-144.60000610351562,12,0.558891454965358,2,ok
GCF_000022305.1:NC_011992.1,3473157,3473495,0,339,94.999999992512,3.1217196767239264,0.27249521914398567,0.3525204222682603,0.03714293264767081,0.06555643932389946,-132.3000030517578,9,0.5309734513274337,2,ok
GCF_000196455.1:NC_014614.1,2309430,2309793,0,364,62.634883778825994,10.865415043621232,0.6243542941618934,0.3794006833020746,0.1997027545033868,0.3250580490447419,-98.5,17,0.32967032967032966,2,ok
GCF_040267475.1:NZ_CP125628.1,5075076,5075477,0,402,84.31110871757015,6.17890223982322,0.08765039112683953,0.43837939238674867,0.5001942254510523,0.5054982717871871,-128.89999389648438,21,0.4527363184079602,2,ok
GCF_004014775.2:NZ_CP042808.1,2604031,2604467,0,437,59.4923771226338,13.171118730670395,0.158073386393203,0.46311370189503737,0.4985625272565365,0.5403834557935664,-128.8000030517578,43,0.5240274599542334,2,ok
GCF_012317185.1:NZ_CP048838.1,799839,800206,0,368,78.11487968857564,7.21176862885374,0.5388518211249491,0.44516118203926763,0.28025996491981764,0.31820815115277323,-93.80000305175781,19,0.4375,2,ok
GCF_022845755.1:NZ_AP025566.1,861350,861731,0,382,59.47461388424878,6.577182502615764,0.15557796672027513,0.4254740675905601,0.5538424467435861,0.605488637697747,-115.9000015258789,14,0.5209424083769634,2,ok
GCF_047456285.1:NZ_CP174122.1,3844655,3845015,0,361,54.32433571585134,6.476562959408324,0.19201833314160976,0.4914408831164025,0.5722205812943519,0.6573605395420201,-61.599998474121094,15,0.32409972299168976,2,ok
GCF_000144625.1:NC_014376.1,4063997,4064385,0,389,25.707331421010984,2.2499362320235496,0.7206815022593748,0.4214552621686661,0.47338160254486017,0.5842442499730709,-96.9000015258789,9,0.42930591259640105,2,ok
GCF_002844395.1:NZ_CP025197.1,3379947,3380383,0,437,39.01688825484186,19.999999999987637,0.03527007497696444,0.3628905287935935,0.6717143292090115,0.6947094541649812,-138.39999389648438,18,0.40045766590389015,2,ok
GCF_009914215.2:NZ_CP039845.2,262406,262792,0,387,83.31215343978593,2.3080286941790065,0.6923274649624808,0.4315706238395241,0.5265370636501924,0.626931053794231,-95.5999984741211,11,0.3772609819121447,2,ok
GCF_001543245.1:NZ_CP014163.1,997118,997450,0,333,94.99999999999328,1.754409450306831,0.33089854153926435,0.3871549443254362,0.5559311708597398,0.5973208395077177,-94.80000305175781,18,0.3633633633633634,2,ok
GCF_000237085.1:NC_016627.1,2052858,2053246,0,389,65.97372423432721,6.631223784193541,0.649551179894899,0.469937231073884,0.39499243622940095,0.5310021864120633,-66.80000305175781,22,0.32390745501285345,2,ok
GCF_055386145.1:NZ_AP043913.1,1709157,1709567,0,411,73.54697681917543,9.095996892125566,0.2945203448407496,0.48925938261503016,0.4963556828785234,0.5153350584123574,-82.5,29,0.34793187347931875,2,ok
GCF_047456285.1:NZ_CP174122.1,120411,120897,0,487,54.721844933956085,13.614262335740852,0.1906479588131879,0.4482084774643194,0.33469169026750356,0.4313943309799857,-156.3000030517578,20,0.5133470225872689,2,ok
GCF_023700225.1:NZ_CP097897.1,257925,258257,0,333,40.99493290127963,14.642560069968736,0.07266424471403576,0.41015729869097467,0.6983547042777205,0.7555643947280204,-96.80000305175781,14,0.38738738738738737,2,ok
GCF_000164865.1:NC_014618.1,1902023,1902406,0,384,51.69292331914013,19.999999999999954,-0.0031639546775563687,0.36485431010179314,0.749197500382675,0.746232107423426,-160.6999969482422,9,0.6119791666666666,2,ok
GCF_001499615.1:NZ_LN606600.1,3481057,3481529,0,473,57.03788757567051,7.426000946889839,0.46373106364459227,0.43272870855295287,0.20806356408737364,0.39081752645150125,-132.39999389648438,13,0.4439746300211416,2,ok
GCF_055386145.1:NZ_AP043913.1,2105754,2106135,0,382,32.16294738771606,6.232521615856435,0.07937990219179969,0.44344438433991035,0.8481688394071777,0.8690514062041025,-66.5999984741211,12,0.31675392670157065,2,ok
GCF_028215975.1:NZ_CP116458.1,805098,805447,0,350,39.98372498739022,19.999999999977756,-0.026665459469401243,0.4214553269669176,0.17327879422915515,0.1533766511993562,-90.19999694824219,20,0.4342857142857143,2,ok
GCF_001499615.1:NZ_LN606600.1,3350221,3350586,0,366,71.98854159757231,4.7863572663250675,0.6378888644168609,0.44350858922025366,0.22679534031367216,0.3394671540134306,-115.5,18,0.5546448087431693,2,ok
GCF_002844395.1:NZ_CP025197.1,1973988,1974411,0,424,57.65965559335544,10.109780048991245,0.1107033329054356,0.43161804667107556,0.0017786016159391516,0.042931963535612155,-106.69999694824219,20,0.37735849056603776,2,ok
GCF_000237085.1:NC_016627.1,4089590,4089977,0,388,53.13634491367693,19.99999999999863,0.02234858906831938,0.44287193339327807,0.06596768219546184,0.07953514138542123,-75.0999984741211,24,0.3247422680412371,2,ok
GCF_902729405.1:NZ_LR746496.1,4007020,4007473,0,454,45.05670461967168,8.881685559715566,0.17257274767211603,0.3979036695309566,0.019141258251245297,0.14167840291925995,-141.5,15,0.5,2,ok
GCF_001543105.1:NZ_CP014159.1,951766,952130,0,365,46.24428829678251,4.761330060741133,0.4735256255411572,0.3874702371028438,0.24319992638742263,0.4507165886224816,-86.80000305175781,11,0.32602739726027397,2,ok
GCF_047456285.1:NZ_CP174122.1,3163270,3163718,0,449,52.404133589385516,8.83342090515831,0.13372849213433247,0.4039808474269704,0.48698880274253753,0.5620229031122055,-119.5,15,0.39643652561247217,2,ok
GCF_001543245.1:NZ_CP014163.1,805425,805862,0,438,61.38330229846374,2.68590588200249,0.8781373346641829,0.4240984828172338,0.22544288036980475,0.42653270002485905,-99.30000305175781,10,0.3949771689497717,2,ok
GCF_001543145.1:NZ_CP014160.1,1082466,1082821,0,356,40.221240413150824,15.855914137846211,-0.11184047462815239,0.3754850115284088,0.37293079908967336,0.28731618214191756,-83.9000015258789,14,0.3342696629213483,2,ok
GCF_002173775.1:NZ_CP021524.1,1159525,1159896,0,372,37.443617784638555,19.999999999999247,0.03843653430377292,0.4030508516347167,0.25395921114259873,0.275176223658935,-110.5,13,0.43548387096774194,2,ok
GCF_001543285.1:NZ_CP014164.1,266785,267182,0,398,53.35882456928433,18.78473036141338,0.02324974585570272,0.4244458371940048,0.5020394865931748,0.516071546767172,-104.0,16,0.32914572864321606,2,ok
GCF_018854495.2:NZ_CP130946.1,1803469,1803855,0,387,65.82952540243075,19.999999999999996,0.5145077597808602,0.39233399589176954,0.2977277451260713,0.30615209145466765,-109.4000015258789,16,0.4315245478036176,2,ok
GCF_902729405.1:NZ_LR746496.1,909446,909779,0,334,69.80944427101862,4.316237672233564,0.6792918852820482,0.42669690858941606,0.4844139106628912,0.6229971719187174,-110.69999694824219,24,0.5179640718562875,2,ok
GCF_001543105.1:NZ_CP014159.1,1603960,1604308,0,349,94.99999995230704,3.176767320015,0.4564867288986724,0.46470611828934244,0.0150071830121275,0.06192716443448165,-76.9000015258789,13,0.33810888252148996,2,ok
GCF_001499615.1:NZ_LN606600.1,546059,546427,0,369,51.174468690704586,3.8845704091118245,0.31495088129388693,0.3908950258082021,0.41312729900607065,0.5229098336013338,-129.39999389648438,17,0.5338753387533876,2,ok
GCF_001989575.1:NZ_CP019573.1,865612,865935,0,324,76.50304556914054,9.885888013536968,0.5158120924077604,0.42215801492767,0.5401044009192473,0.5588529360549597,-63.20000076293945,12,0.345679012345679,2,ok
GCF_047936785.1:NZ_CP176394.1,526368,526777,0,410,39.56301547478999,19.999999999959506,-0.03529481575502352,0.4119779487440204,0.3669982431860736,0.3448619200448458,-132.6999969482422,15,0.5439024390243903,2,ok
GCF_001543145.1:NZ_CP014160.1,79316,79683,0,368,94.99999717075116,3.730781366002271,0.42208318858743477,0.42684034307835655,0.17730399276432657,0.21419614359643085,-89.5999984741211,24,0.3532608695652174,2,ok
GCF_002220195.1:NZ_CP022374.1,2547991,2548413,0,423,41.35384615076374,12.999864245412253,-0.053840788288696956,0.42957871919180973,0.18323446849735495,0.1394515434548394,-127.9000015258789,15,0.524822695035461,2,ok
GCF_001647695.1:NZ_CP015425.1,1544247,1544663,0,417,30.266960940565955,19.999999999999996,-0.5082168184423482,0.4333178055205237,0.833945318338227,0.8305912647935114,-95.80000305175781,18,0.38848920863309355,2,ok
GCF_002844395.1:NZ_CP025197.1,810083,810518,0,436,47.49094338757829,3.6518761020737434,0.20686344090276798,0.42507065203760336,0.7608619423841093,0.8320572777807728,-101.4000015258789,10,0.40825688073394495,2,ok
GCF_001543205.1:NZ_CP014162.1,63540,63887,0,348,94.99999914882599,5.223801465403925,0.06295161642753744,0.37278694479538155,0.0009095086473651648,0.003904818050711678,-102.4000015258789,20,0.3505747126436782,2,ok
GCF_025152405.1:NZ_CP102292.1,398410,398831,0,422,94.99999999999989,3.836869989009201,0.36520577141833993,0.425725524700396,0.3617936253202087,0.39247327032763724,-112.80000305175781,27,0.3862559241706161,2,ok
GCF_025144545.1:NZ_CP102249.1,2178789,2179199,0,411,52.29761227087886,19.999999739849205,0.06731548132574816,0.44901881421542533,0.33823797978377057,0.38432874706301423,-91.5999984741211,12,0.39659367396593675,2,ok
GCF_025144545.1:NZ_CP102249.1,446501,446888,0,388,53.24734312316583,12.941267262863159,0.11692055160819148,0.4209649917920475,0.047538452331649855,0.11652545258041572,-93.5999984741211,11,0.42010309278350516,2,ok
GCF_001499615.1:NZ_LN606600.1,1107629,1107975,0,347,68.86523064966347,4.176732410563129,0.6955977290384978,0.3379036115715422,0.41319122532585373,0.560589377902037,-135.10000610351562,10,0.5965417867435159,2,ok
GCF_025152405.1:NZ_CP102292.1,2733456,2733858,0,403,86.6975046858323,4.642766989187621,0.5608417192505333,0.37167850117675166,0.3817109878879056,0.4323055851410037,-103.4000015258789,15,0.315136476426799,2,ok
GCF_001499615.1:NZ_LN606600.1,3768262,3768571,0,310,50.80010819521534,4.862700210766524,0.3476651892011131,0.3269583650509029,0.09805716877697805,0.2437649200155283,-103.5,12,0.5129032258064516,2,ok
GCF_001989575.1:NZ_CP019573.1,1562130,1562511,0,382,53.004563603364495,19.999999999999996,-0.018077401364375523,0.4554358172219681,0.801084717352594,0.795996177067267,-73.69999694824219,19,0.32722513089005234,2,ok
GCF_030762805.1:NZ_CP129113.1,129584,129956,0,373,94.99999999984587,4.605064333520299,0.20107954848708054,0.38202198164839607,0.008072203136052215,0.020667804925240497,-101.30000305175781,13,0.4262734584450402,2,ok
GCF_000015865.1:NC_009012.1,2726542,2727004,0,463,94.99632735450483,6.572132549986019,0.023922957386252643,0.45001418504507534,0.00016022620886393021,0.0007618377969707731,-121.9000015258789,22,0.4514038876889849,2,ok
GCF_000093085.1:NC_014219.1,1382359,1382686,0,328,20.357863135610696,1.177921747895831,0.7486168433317588,0.41286247817589555,0.08430682195037349,0.15705984936076287,-67.5,7,0.38109756097560976,2,ok
GCF_016592595.1:NZ_AP012977.1,1488190,1488586,0,397,57.06959455076957,19.999999999998487,0.018470892063446542,0.3708008343659252,0.24052478330745136,0.24524803152552552,-99.69999694824219,11,0.3677581863979849,2,ok
GCF_001543245.1:NZ_CP014163.1,818300,818675,0,376,40.48489059451191,8.285284654387207,0.2975309941611527,0.378300749624604,0.17160078843502855,0.3529701364606592,-98.30000305175781,13,0.39893617021276595,2,ok
GCF_000247605.1:NC_016894.1,1054913,1055283,0,371,62.98691729297152,5.791441071711126,0.6252944758044292,0.43279177569166577,0.38264411788008423,0.5511806815829019,-92.80000305175781,11,0.38544474393531,2,ok
GCF_025149125.1:NZ_CP102272.1,4494630,4494992,0,363,94.99492619781608,5.739273775801848,0.08188425560665254,0.4213205675886794,0.0009977596774793484,0.004070513850670832,-114.80000305175781,21,0.4380165289256198,2,ok
GCF_004295125.1:NZ_CP036170.1,1103385,1103793,0,409,50.676209690258524,19.999999999999996,-0.006775371780937123,0.4285785469703514,0.5838615552157483,0.5800725687849743,-110.0,19,0.46943765281173594,2,ok
GCF_000221025.1:NC_015850.1,149861,150274,0,414,43.98579127416625,16.911585410162473,-0.08563541092467454,0.36088299510523936,0.1731466350470399,0.09231118169240789,-152.0,17,0.5942028985507246,2,ok
GCF_016592595.1:NZ_AP012977.1,697139,697526,0,388,48.948137727343926,17.988357610887714,-0.005993155280065943,0.37634682455558005,0.6651404795954887,0.6588728734081138,-95.0,8,0.38917525773195877,2,ok
GCF_047936785.1:NZ_CP176394.1,1830883,1831268,0,386,87.66898897980951,4.421106776293689,0.5640531976536202,0.36539682063969503,0.5197277119322081,0.5719318627368707,-143.1999969482422,14,0.5751295336787565,2,ok
GCF_004014775.2:NZ_CP042808.1,56464,56846,0,383,90.60883684977848,4.234637590489171,0.5606862125768086,0.3872631796563821,0.022984640488370928,0.07156464944308988,-124.5,10,0.5274151436031331,2,ok
GCF_047456285.1:NZ_CP174122.1,3318728,3319100,0,373,54.288637936168676,19.99999999994958,0.03564133142480269,0.39636782924878267,0.1404114907857965,0.1583124406620015,-121.80000305175781,16,0.5227882037533512,2,ok
GCF_001543175.1:NZ_CP014161.1,1208728,1209071,0,344,94.9999999989948,3.5947598428988443,0.3208101342172759,0.39522671626443373,0.060412236194594536,0.09163077531024744,-90.0999984741211,21,0.36046511627906974,2,ok
GCF_040267475.1:NZ_CP125628.1,1951713,1952044,0,332,68.54568979686846,8.093334833086558,0.5841548527809364,0.41975320566930385,0.17411968079098133,0.254443737593028,-70.30000305175781,10,0.3493975903614458,2,ok
GCF_025144545.1:NZ_CP102249.1,1615488,1615909,0,422,53.91685121367596,19.999999999999904,0.11678088153718025,0.4226574047811056,0.6319731035892818,0.6939306730419094,-122.4000015258789,9,0.518957345971564,2,ok
GCF_012317185.1:NZ_CP048838.1,1690447,1690837,0,391,94.99999998184171,2.983769230241929,0.48501520041899304,0.4064029117693593,0.14249613220756602,0.19637114707300193,-76.30000305175781,17,0.3248081841432225,2,ok
GCF_025149125.1:NZ_CP102272.1,972346,972674,0,329,39.643125886654815,11.01927013201513,0.28878111477889146,0.3864013829879476,0.5506999122026269,0.7395263673442661,-103.4000015258789,17,0.47720364741641336,2,ok
GCF_000144695.1:NC_014378.1,184090,184539,0,450,43.084357276779926,7.833653870851029,0.35555706170193546,0.4212627407792263,0.6441528410261634,0.8710134115373798,-119.4000015258789,8,0.43333333333333335,2,ok
GCF_001499615.1:NZ_LN606600.1,158750,159182,0,433,84.72650010815411,7.656724773238149,0.48163893850532574,0.3592718923767379,0.004933962164652528,0.021346802675214938,-157.1999969482422,11,0.5681293302540416,2,ok
GCF_013267415.1:NZ_CP053988.1,1431689,1432073,0,385,50.589271103708185,8.527901944317618,0.4016022205926539,0.45584026176298087,0.35019536025116943,0.5936701538886077,-74.0,14,0.34285714285714286,2,ok
GCF_016592595.1:NZ_AP012977.1,551834,552241,0,408,41.19593562121461,7.753951949745171,0.11116416466147927,0.42584420055333183,0.8704982103457791,0.9370772391195036,-94.0999984741211,24,0.3897058823529412,2,ok
GCF_000025305.1:NC_013740.1,2139486,2139845,0,360,40.877851899313356,15.343502060819548,-0.021324928156003675,0.3922986284347396,0.4283652566860147,0.41147993053142423,-101.0999984741211,18,0.4222222222222222,2,ok
GCF_001543105.1:NZ_CP014159.1,817968,818401,0,434,94.99987859808509,6.463248999232814,0.25982726381233323,0.36175686921380584,0.0015572868395541395,0.008448974554715827,-128.8000030517578,12,0.46774193548387094,2,ok
GCF_002173775.1:NZ_CP021524.1,311988,312437,0,450,44.89623672161892,8.955326620529272,0.20530822734507048,0.3479666418574675,0.6143155431753582,0.7600513397765762,-167.3000030517578,7,0.58,2,ok
GCF_016250455.1:NZ_CP059488.1,2145000,2145359,0,360,60.30523571826037,7.330325834360396,0.09857275078545888,0.4182311899085812,0.18029130551746517,0.2108678588274573,-95.80000305175781,15,0.42777777777777776,2,ok
GCF_013267415.1:NZ_CP053988.1,192403,192771,0,369,46.0352174756777,4.6487478275746446,0.07748591854284359,0.4107284582700471,0.585349265594136,0.618720166878482,-86.5999984741211,11,0.3956639566395664,2,ok
GCF_001543285.1:NZ_CP014164.1,2116680,2117020,0,341,94.99999914826604,4.665589832055466,0.03666152494138683,0.4111211015335724,0.20080723615393675,0.2030323139454257,-99.19999694824219,20,0.3870967741935484,2,ok
GCF_040267475.1:NZ_CP125628.1,1813346,1813703,0,358,55.54484151789313,19.99999999999915,0.2609650142522577,0.43627285752441736,0.5251578181449951,0.6226814048634576,-67.69999694824219,14,0.3659217877094972,2,ok
GCF_902729405.1:NZ_LR746496.1,863328,863765,0,438,40.76685636282065,16.763645914674125,-0.013151996629272245,0.3640569606477861,0.40658080132557445,0.3962526041124079,-154.1999969482422,13,0.4589041095890411,2,ok
GCF_016592595.1:NZ_AP012977.1,1527171,1527542,0,372,57.720568547921296,9.072920729118671,0.4085725251280231,0.401845360573104,0.1450977824102964,0.2985056081255522,-75.4000015258789,18,0.34408602150537637,2,ok
GCF_031760945.1:NZ_CP134501.1,389762,390164,0,403,53.98988870675577,8.549551133900883,0.03191489555924221,0.44896712632733726,0.4325904657138421,0.44859363262408414,-90.0999984741211,15,0.37220843672456577,2,ok
GCF_013267415.1:NZ_CP053988.1,877644,878105,0,462,70.74910545632873,6.34361525038371,0.6014349658999326,0.406609526797243,0.2563331381905911,0.3483237446328187,-112.19999694824219,14,0.3917748917748918,2,ok
GCF_025149125.1:NZ_CP102272.1,101720,102082,0,363,69.95767871160699,4.821550981876758,0.6571158494271601,0.37510584578203787,0.2717672369576188,0.40013498334810266,-131.8000030517578,11,0.5371900826446281,2,ok
GCF_040267475.1:NZ_CP125628.1,4647170,4647602,0,433,85.51345431789646,4.848862484828528,0.5590626280949109,0.38423944922782344,0.02028521926055223,0.07009641322529192,-138.6999969482422,18,0.44341801385681295,2,ok
GCF_010378095.2:NZ_CP127523.1,1105763,1106183,0,421,44.65893472504274,16.152502744043513,0.09609097861341234,0.43090426864465675,0.022993971778191048,0.1129771400058172,-117.30000305175781,18,0.4584323040380047,2,ok
GCF_040267475.1:NZ_CP125628.1,93958,94312,0,355,43.865409630954495,6.420774045293411,0.4614842349071854,0.4549532382446759,0.29678920534679143,0.5550657005606883,-78.5,16,0.3436619718309859,2,ok
GCF_031760945.1:NZ_CP134501.1,381144,381535,0,392,42.0919270627177,5.002008218042234,0.12374603092118014,0.42956698077250216,0.21642106541258777,0.27180442397057203,-88.19999694824219,14,0.3852040816326531,2,ok
GCF_023700225.1:NZ_CP097897.1,3284246,3284645,0,400,81.08898542216977,2.039932666066455,0.007499480074209974,0.3497643910085195,0.9317453699058296,0.9328443111421965,-111.4000015258789,23,0.3825,2,ok
GCF_001543145.1:NZ_CP014160.1,707501,707911,0,411,63.070447817128496,6.1797759368397704,0.6858571268247786,0.3847335870708797,0.3998835806686724,0.581291246948807,-120.80000305175781,17,0.38929440389294406,2,ok
GCF_001543105.1:NZ_CP014159.1,700517,700916,0,400,42.61831838454226,15.150854924800411,-0.049149468721826406,0.3808010375958627,0.14325393469573283,0.09908564392787127,-84.19999694824219,16,0.3325,2,ok
GCF_025144545.1:NZ_CP102249.1,1426577,1426966,0,390,57.98548739428183,7.967285060949896,0.5567567860190697,0.3937680035498069,0.22574777406282107,0.4313852842841849,-136.3000030517578,11,0.558974358974359,2,ok
GCF_012317185.1:NZ_CP048838.1,1171871,1172272,0,402,48.51241633788982,7.806553912274331,0.43944558043940907,0.39883193400730055,0.3453819851503507,0.6175308787405227,-88.30000305175781,10,0.3308457711442786,2,ok
GCF_000164865.1:NC_014618.1,1221172,1221535,0,364,62.69075915947368,7.690291129106803,0.4553012710990343,0.449565193033072,0.35111266983747724,0.46526549348305385,-85.19999694824219,20,0.4065934065934066,2,ok
GCF_016250455.1:NZ_CP059488.1,3076856,3077239,0,384,87.40618769039281,7.594899087488738,0.46354743209878607,0.44418570336083696,0.4018739789277701,0.4146225569624976,-98.0999984741211,16,0.453125,2,ok
GCF_047936785.1:NZ_CP176394.1,1221524,1221894,0,371,48.194831744007175,10.914968824184475,0.5087438876664477,0.3823662045609268,0.10036713538262995,0.4846962219604097,-128.8000030517578,11,0.555256064690027,2,ok
GCF_004103715.1:NZ_CP035282.1,3221192,3221604,0,413,40.99575189960734,12.37524133891764,0.00581432572776075,0.4964586104169865,0.9599220609220077,0.9642062216436449,-81.9000015258789,17,0.3946731234866828,2,ok
GCF_001989575.1:NZ_CP019573.1,294657,295092,0,436,56.94587631468488,9.190830104740904,0.04692343536102833,0.36880344129423714,0.48435412255386534,0.5031802041381819,-112.0,9,0.35091743119266056,2,ok
GCF_055386145.1:NZ_AP043913.1,1149051,1149430,0,380,40.62226372271216,16.671314223927613,0.050792636888542186,0.3807904817552832,0.7955584383360071,0.8354105455928517,-85.9000015258789,16,0.33421052631578946,2,ok
GCF_000237085.1:NC_016627.1,2754693,2755067,0,375,51.217643225764895,6.569560539430408,0.4006746751110791,0.44831042832946444,0.2299244701283873,0.43405852581258736,-94.5,19,0.37066666666666664,2,ok
GCF_000144695.1:NC_014378.1,618316,618637,0,322,51.54740019418434,6.351207660734504,0.2533273685794379,0.4151123213292765,0.5185683856447245,0.6435469146211451,-81.5,19,0.41304347826086957,2,ok
GCF_047456285.1:NZ_CP174122.1,1707464,1707910,0,447,59.08544012755503,19.999999999999968,0.0981370367274847,0.3530985088083167,0.1805521256673686,0.19701241233013092,-161.1999969482422,9,0.5123042505592841,2,ok
GCF_000144625.1:NC_014376.1,1988432,1988737,0,306,51.65836434580885,5.597867477532748,0.14139957586733348,0.48090112104517097,0.2803798471176519,0.3446294558627238,-79.0,20,0.4150326797385621,2,ok
GCF_047456285.1:NZ_CP174122.1,3270254,3270691,0,438,63.959722991542854,10.51095340455618,0.0884659886868927,0.4562823779057618,0.021789723905866754,0.03647887978662301,-92.80000305175781,24,0.317351598173516,2,ok
GCF_002844395.1:NZ_CP025197.1,3370130,3370583,0,454,50.94180531761275,19.999999999999996,-0.05288577115080728,0.4725881847745991,0.6059291219251256,0.560447968084657,-91.0,26,0.3920704845814978,2,ok
GCF_004103715.1:NZ_CP035282.1,2685987,2686407,0,421,67.77186609623486,4.523442185124507,0.27639128903989485,0.3966593443483461,0.5838954217576877,0.6444651163409569,-116.69999694824219,23,0.3824228028503563,2,ok
GCF_022647505.1:NZ_CP071409.1,3274048,3274367,0,320,40.716024160151804,12.301973395699605,0.06364067958149244,0.37813113478825133,0.8450958966982471,0.8915763393441802,-115.9000015258789,13,0.471875,2,ok
GCF_047456285.1:NZ_CP174122.1,3115393,3115818,0,426,61.32844962278145,19.999999999999996,0.24049464871287896,0.4450145411843239,0.28516928334320035,0.303207966414685,-128.39999389648438,20,0.5211267605633803,2,ok
GCF_028215975.1:NZ_CP116458.1,805087,805447,0,361,12.283499050384835,1.8831580029790185,0.5583382373289554,0.38963337269466103,0.39967856144646685,0.43116576315351157,-89.19999694824219,11,0.41274238227146814,2,ok
GCF_016592595.1:NZ_AP012977.1,1113500,1113935,0,436,66.04260033122577,3.1821566057828408,0.7794080385427969,0.39428540734520967,0.3740355146181865,0.5469921123792969,-109.80000305175781,11,0.41284403669724773,2,ok
GCF_022453685.1:NZ_CP092643.1,115963,116375,0,413,65.32148897640204,10.098743094827444,0.15098330468671575,0.4239935019546794,0.01640429537501651,0.03852774986296272,-99.69999694824219,13,0.423728813559322,2,ok
GCF_001499615.1:NZ_LN606600.1,2011971,2012343,0,373,60.412007412382955,7.739359987223658,0.4047118299449713,0.36293270595594324,0.17490212598069035,0.2979660538639349,-132.89999389648438,17,0.5201072386058981,2,ok
GCF_001543245.1:NZ_CP014163.1,1021164,1021517,0,354,94.99986535170888,1.901973863809776,0.6380631371992537,0.43306758442121335,0.2644892635880513,0.3418982543788136,-79.9000015258789,10,0.384180790960452,2,ok
GCF_047936785.1:NZ_CP176394.1,1956064,1956410,0,347,65.80198844574983,6.490575803045452,0.3550257176182682,0.5119774619827613,0.30839089898455135,0.3845356430106923,-77.80000305175781,22,0.4697406340057637,2,ok
GCF_017357865.1:NZ_CP060096.1,917333,917741,0,409,57.96095712935967,9.041650433683824,0.42171744349403545,0.4633285370538872,0.13164040920709577,0.28610677364864845,-72.0,13,0.33496332518337407,2,ok
GCF_009662475.1:NZ_CP045571.1,3206972,3207431,0,460,94.99999946763731,7.996728381408326,0.3351754377124731,0.39839003979429327,0.3180639106158146,0.3222802075459196,-152.89999389648438,19,0.5021739130434782,2,ok
GCF_001543285.1:NZ_CP014164.1,1918279,1918654,0,376,78.28524797002963,7.870566953631443,0.531262142230428,0.4365372420805971,0.31766336007120133,0.34818867699404765,-85.69999694824219,11,0.3670212765957447,2,ok
GCF_022845755.1:NZ_AP025566.1,559499,559913,0,415,58.045721892768526,8.371120608543443,0.6784418655262994,0.46676479108134283,0.08513622200519799,0.33371846193974963,-101.5999984741211,21,0.4433734939759036,2,ok
GCF_016250455.1:NZ_CP059488.1,1254143,1254550,0,408,47.180405231994015,15.266758279033878,0.05262877233996543,0.4154832620595157,0.04145983827051769,0.088066267269165,-124.9000015258789,8,0.5,2,ok
GCF_013267415.1:NZ_CP053988.1,420835,421200,0,366,47.182014596298345,5.337723202020399,0.25898640359459535,0.4290064540948275,0.317813385260734,0.44207829756553085,-88.0999984741211,19,0.4644808743169399,2,ok
GCF_000015865.1:NC_009012.1,1002032,1002381,0,350,94.99998672902812,4.127282258987664,0.025232593308938567,0.430201046438477,0.15568361453565122,0.15762565971538064,-82.19999694824219,22,0.3742857142857143,2,ok
GCF_001543285.1:NZ_CP014164.1,1050317,1050737,0,421,47.301054925077715,15.211091155200881,-0.12176379788347669,0.44121113611381496,0.9447546736948238,0.8207641277372015,-86.30000305175781,20,0.37292161520190026,2,ok
GCF_000093085.1:NC_014219.1,3576288,3576709,0,422,66.13330107933558,4.276500801284849,0.17700838611587696,0.3857854086071832,0.017367903151192833,0.059065187759305915,-115.9000015258789,20,0.42417061611374407,2,ok
GCF_008726475.3:NZ_CP145134.1,316830,317225,0,396,94.97217315742398,2.441545752485761,0.3883107725399707,0.37473345459840796,0.31969066456716627,0.366238384900021,-127.4000015258789,13,0.45707070707070707,2,ok
GCF_022453685.1:NZ_CP092643.1,3101875,3102332,0,458,51.514029587437896,17.457621934431824,0.05931495385171204,0.38163929752873454,0.5812698368500592,0.6248970594068733,-135.10000610351562,13,0.4366812227074236,2,ok
GCF_001543285.1:NZ_CP014164.1,1221378,1221723,0,346,94.99999914883499,5.223801467199467,0.06295161647847142,0.3702819629955783,0.0009095086473651648,0.003904818050729353,-102.4000015258789,20,0.34971098265895956,2,ok
GCF_965286225.1:NZ_OZ260804.1,1468901,1469229,0,329,40.46707837993596,19.999999999997545,-0.019535448703892955,0.38138442718589,0.3377573310474136,0.3233275640520203,-104.0,10,0.47720364741641336,2,ok
GCF_023700225.1:NZ_CP097897.1,3694630,3695063,0,434,48.92239202810662,9.421167437155262,0.10832235919970547,0.41253353725613867,0.022266315194844594,0.09635218339347168,-94.69999694824219,18,0.3870967741935484,2,ok
GCF_002844395.1:NZ_CP025197.1,2335039,2335350,0,312,35.70773280250082,10.75178384863337,-0.0834894748799736,0.5311778726639561,0.7989745212517276,0.7650625839607633,-45.0,22,0.33653846153846156,2,ok
GCF_017357865.1:NZ_CP060096.1,2190423,2190814,0,392,41.98732928057877,15.963884862482022,0.08018611616048832,0.5063172520999439,0.6894871134775175,0.7584006229103687,-64.9000015258789,17,0.33418367346938777,2,ok
GCF_047943045.1:NZ_CP181347.1,1831771,1832185,0,415,52.34115856763172,5.575437512473265,0.24213893546961496,0.4015955397446425,0.18412126731835232,0.2912498233234443,-96.30000305175781,17,0.39759036144578314,2,ok
GCF_047936785.1:NZ_CP176394.1,2193651,2194004,0,354,51.41473631270837,7.90310310704364,0.22617919522982427,0.4924892515489121,0.3074785047104063,0.4344425158828994,-79.30000305175781,12,0.4180790960451977,2,ok
GCF_025152405.1:NZ_CP102292.1,411717,412081,0,365,30.16821766134812,19.999999999999986,-0.5089223412167364,0.3955391760485052,0.524449571305691,0.5223151239989196,-105.0,20,0.4465753424657534,2,ok
GCF_040267475.1:NZ_CP125628.1,346479,346883,0,405,53.55159329876948,10.426517453636267,0.4226069506151932,0.4305922994592572,0.25489194904569396,0.48636891276197536,-110.30000305175781,30,0.45925925925925926,2,ok
GCF_000221025.1:NC_015850.1,2487257,2487668,0,412,38.907688314850944,19.99999999180647,-0.0035721031709949336,0.33534094360497907,0.3692018320961465,0.3676900811713415,-172.1999969482422,12,0.6262135922330098,2,ok
GCF_902729405.1:NZ_LR746496.1,2622698,2623092,0,395,49.269782178360444,19.999999999998664,-0.1299135289431984,0.3950064416561218,0.927190019501443,0.7946443112938575,-119.0,16,0.47848101265822784,2,ok
GCF_030762805.1:NZ_CP129113.1,115374,115816,0,443,50.73473340320159,19.99999999985144,0.07078328549876212,0.343521546996687,0.538470826045714,0.5908979208018228,-138.60000610351562,13,0.3860045146726862,2,ok
GCF_000144625.1:NC_014376.1,3899242,3899579,0,338,40.584959061429196,15.982728082406206,0.1553311938646475,0.4529934854371951,0.4794382701671898,0.601835395118068,-80.5999984741211,19,0.3994082840236686,2,ok
GCF_047943045.1:NZ_CP181347.1,1790075,1790458,0,384,69.11837304279942,5.822321307654231,0.6445341534662639,0.3966894719667182,0.20203267447666917,0.3411766962379105,-96.5,17,0.3984375,2,ok
GCF_016592595.1:NZ_AP012977.1,1225556,1225954,0,399,44.0455713994298,2.2047599042360004,1.237188795856275,0.3832689852538951,0.3659626308645023,0.6346518759357973,-102.4000015258789,11,0.38847117794486213,2,ok
GCF_004295125.1:NZ_CP036170.1,3431341,3431714,0,374,40.17740019679339,5.712317849516557,0.08493436065104043,0.4034425241831848,0.646617004395193,0.687043355711736,-106.30000305175781,15,0.44919786096256686,2,ok
GCF_022453685.1:NZ_CP092643.1,1627556,1627955,0,400,27.356430611718114,17.22597723026017,0.013099570922361026,0.393949959833195,0.6002221114131506,0.6002290230990067,-113.19999694824219,14,0.4575,2,ok
GCF_031760945.1:NZ_CP134501.1,2885321,2885704,0,384,40.30820644301048,19.99999999998679,-0.008137747415250585,0.3692896548927514,0.485470508502631,0.48027540733251906,-96.4000015258789,15,0.3333333333333333,2,ok
GCF_000021485.1:NC_011761.1,1985559,1985910,0,352,52.402028911983706,19.999999999999996,-0.00166911913763243,0.41587094201211366,0.16731044795000014,0.1664413085625452,-105.0999984741211,17,0.45738636363636365,2,ok
GCF_000144625.1:NC_014376.1,2469303,2469670,0,368,94.99999999997587,2.306015304111784,0.2951385922556474,0.4299167589952218,0.3238888453375476,0.36240235815768007,-91.4000015258789,18,0.39402173913043476,2,ok
GCF_000144625.1:NC_014376.1,3421951,3422426,0,476,63.38045176088468,4.937083900768805,0.7491769939872645,0.34107357741549316,0.0756517793108786,0.27628180823275106,-144.89999389648438,9,0.35084033613445376,2,ok
GCF_025152405.1:NZ_CP102292.1,2345665,2346089,0,425,46.73087505009684,15.311170634569002,-0.2559661807030237,0.43492610802331483,0.9046520055469154,0.6478464470738601,-130.0,45,0.38588235294117645,2,ok
GCF_902729405.1:NZ_LR746496.1,3425916,3426320,0,405,52.73473704129638,7.5413891086459035,0.17934495741194462,0.3855592054013971,0.3148073079979832,0.4069874275982876,-122.69999694824219,15,0.5037037037037037,2,ok
GCF_055386145.1:NZ_AP043913.1,2719638,2720015,0,378,38.080281897768586,19.99999999999854,0.017457749764322517,0.40401654530788145,0.29215521028155894,0.3005412218135704,-91.0999984741211,20,0.3862433862433862,2,ok
GCF_047936785.1:NZ_CP176394.1,1638215,1638641,0,427,51.671619327714794,19.999999999999996,-0.01515925610836033,0.4361212138185057,0.4190404395928714,0.4109022571875148,-145.5,15,0.5199063231850117,2,ok
GCF_000144695.1:NC_014378.1,32152,32543,0,392,43.61345721469559,13.492534869108841,-0.08869514369798648,0.38615221625586954,0.4488920431349914,0.3678668067640969,-128.6999969482422,10,0.4642857142857143,2,ok
GCF_001543245.1:NZ_CP014163.1,700418,700794,0,377,63.13905742774416,5.631774291083043,0.24871917600048785,0.4203216863860483,0.20208638176626628,0.2687508683794613,-86.69999694824219,12,0.3687002652519894,2,ok
GCF_002220195.1:NZ_CP022374.1,2552962,2553449,0,488,27.313807883503173,5.918496687804158,0.42997734158856904,0.3437881644414428,0.18535092500203276,0.24024356444116704,-189.39999389648438,11,0.5389344262295082,2,ok
GCF_002844395.1:NZ_CP025197.1,2121976,2122412,0,437,52.86705142712344,19.999999999921066,0.01005384758708927,0.4197554448104242,0.5155402274725809,0.5216828350925797,-95.9000015258789,13,0.35697940503432496,2,ok
GCF_040267475.1:NZ_CP125628.1,4936765,4937167,0,403,41.86688592315856,14.40116176423655,-0.061747644940391186,0.47822736821233264,0.08158505195144883,0.028458785749130612,-98.0,52,0.4143920595533499,2,ok
GCF_055386145.1:NZ_AP043913.1,2748361,2748780,0,420,43.28302491164708,11.112274060066081,0.2920621583932317,0.3969585851320899,0.06647382999304374,0.2968171011210371,-89.69999694824219,10,0.3261904761904762,2,ok
GCF_017357865.1:NZ_CP060096.1,1845525,1845933,0,409,47.65279487671885,10.711056509471272,0.5976989944398358,0.40392875564883973,0.18924526660838317,0.6438040997232131,-84.69999694824219,20,0.3643031784841076,2,ok
GCF_047936785.1:NZ_CP176394.1,1082156,1082553,0,398,65.67030216430312,3.988273733891499,0.7475145482791045,0.39353350632581685,0.38463415460777295,0.563804441839636,-129.6999969482422,20,0.41959798994974873,2,ok
GCF_022845755.1:NZ_AP025566.1,568586,569032,0,447,65.99087936931475,11.1346866960479,0.5668894632055463,0.4445039739066344,0.2614700162226459,0.32902048736183087,-142.1999969482422,22,0.5011185682326622,2,ok
GCF_000093085.1:NC_014219.1,3406254,3406658,0,405,84.8444026248739,5.2571866928679265,0.5439390150196037,0.4065883639391612,0.26573869777970777,0.30963371413839225,-130.39999389648438,15,0.508641975308642,2,ok
GCF_001543175.1:NZ_CP014161.1,1607687,1608024,0,338,93.76529563423179,9.877479573074234,0.39621947867712015,0.3619833424095408,0.00028478434267337205,0.0023186689498903568,-105.30000305175781,8,0.39349112426035504,2,ok
GCF_047936785.1:NZ_CP176394.1,2250211,2250574,0,364,67.46177954866506,9.247839150741596,0.5765554955597954,0.3951873586406392,0.25277639475777514,0.3284971384939257,-126.19999694824219,27,0.49725274725274726,2,ok
GCF_004103715.1:NZ_CP035282.1,196049,196447,0,399,70.52156174320862,6.421847064742211,0.6025022533978475,0.479829601360619,0.14693168049076474,0.24120178259032576,-80.30000305175781,17,0.3684210526315789,2,ok
GCF_000021485.1:NC_011761.1,2209208,2209588,0,381,65.66616060875957,5.327146895327189,0.701977100111488,0.35040489332380276,0.2643733933658973,0.4399637431594254,-116.5999984741211,10,0.45931758530183725,2,ok
GCF_013267415.1:NZ_CP053988.1,879233,879616,0,384,53.7570762474219,15.31326488353173,0.06410221933601412,0.391038866783097,0.08761125111157463,0.12410149368055061,-104.80000305175781,11,0.4114583333333333,2,ok
GCF_030762805.1:NZ_CP129113.1,177,600,0,424,52.36125110106418,19.99999999998227,0.08124187844341557,0.4889843884125384,0.3803130948193165,0.4341974405082467,-77.69999694824219,18,0.37971698113207547,2,ok
GCF_965286365.1:NZ_OZ260903.1,1001281,1001721,0,441,49.20682650029227,18.13355774746259,-0.014017051505499256,0.3957801171549915,0.7754542849710981,0.7607378401535152,-124.69999694824219,12,0.4217687074829932,2,ok
GCF_004103715.1:NZ_CP035282.1,3577285,3577655,0,371,51.343404066573555,15.885934871383897,0.027033499317824262,0.3877756804678391,0.041798199934128054,0.06158746150308456,-74.19999694824219,17,0.33153638814016173,2,ok
GCF_000015865.1:NC_009012.1,2605512,2605815,0,304,63.14514076409764,7.648422393184186,0.6739629074572048,0.3975466305909925,0.1968638362728863,0.3599903810507468,-82.69999694824219,12,0.34539473684210525,2,ok
GCF_000015865.1:NC_009012.1,1187424,1187768,0,345,56.16154373772061,19.99999999999982,0.11536319878900092,0.4854657330471792,0.3199770559453936,0.34918834623626616,-71.69999694824219,16,0.3739130434782609,2,ok
GCF_016250455.1:NZ_CP059488.1,502984,503387,0,404,93.193624823754,1.7312042818031042,0.3220421556693654,0.38412341105132247,0.0840729756371166,0.12228069178119472,-144.5,11,0.5297029702970297,2,ok
GCF_001543105.1:NZ_CP014159.1,868399,868786,0,388,94.99999573837619,4.672612571045446,0.17384761313824687,0.4500346723945855,0.17456546928383201,0.18511589219286653,-93.30000305175781,15,0.34536082474226804,2,ok
GCF_010378095.2:NZ_CP127523.1,2600167,2600574,0,408,90.84037756800736,2.2597601196449286,0.2738508998956286,0.38228268960789735,0.09010496778302585,0.12500853422100008,-148.1999969482422,17,0.5441176470588235,2,ok
GCF_000164865.1:NC_014618.1,4617464,4617790,0,327,51.163567200828496,4.936187352693522,0.5633722826761361,0.5195836795058965,0.16062642831559673,0.3974635683627901,-58.900001525878906,21,0.40061162079510704,2,ok
GCF_047943045.1:NZ_CP181347.1,2562020,2562399,0,380,51.163052541575716,19.999999999999996,0.2017575059264573,0.37820632601985177,0.4397448604388589,0.5777923721250483,-86.0,15,0.3394736842105263,2,ok
GCF_002844395.1:NZ_CP025197.1,2996039,2996476,0,438,69.2255025901945,6.8333311640970615,0.6043985672166071,0.4954599131109128,0.2230154206565477,0.3196369937421672,-100.5,19,0.4360730593607306,2,ok
GCF_023700225.1:NZ_CP097897.1,487628,488049,0,422,51.967485671851236,19.99999999997603,0.0925289567563421,0.44126404483346265,0.41883684599416343,0.4776484399382439,-124.0,23,0.46919431279620855,2,ok
GCF_016592595.1:NZ_AP012977.1,711589,711977,0,389,30.229847466751746,19.999999999999996,0.508483538668653,0.42007282737152263,0.6402726219068903,0.6457149396153512,-85.19999694824219,18,0.33676092544987146,2,ok
GCF_965286365.1:NZ_OZ260903.1,2987690,2988125,0,436,28.5351555982137,19.999999999863117,0.413950397775267,0.46302050004922557,0.967262842855433,0.96756313695996,-90.0,18,0.3967889908256881,2,ok
GCF_001543175.1:NZ_CP014161.1,1950624,1950934,0,311,89.16530078521903,6.018788656722736,0.4687759655566082,0.40013790993295545,0.004986688907943977,0.027143317519090215,-72.9000015258789,15,0.3504823151125402,2,ok
GCF_030762805.1:NZ_CP129113.1,1106592,1107027,0,436,50.32532807574947,19.999999999998444,-0.051247053701921064,0.3666522060976245,0.9679065698382203,0.9175314254887084,-121.5,13,0.4380733944954128,2,ok
GCF_040267475.1:NZ_CP125628.1,2713862,2714242,0,381,39.78947666299345,17.026668766615305,-0.0666182198524824,0.42965910311529554,0.6782998768327472,0.6278956497039958,-77.5,15,0.3543307086614173,2,ok
GCF_002173775.1:NZ_CP021524.1,2114494,2114856,0,363,57.93513961149205,5.422721111624221,0.5262819363209683,0.4700081184594476,0.49270764835248865,0.6764614425191808,-81.80000305175781,24,0.38292011019283745,2,ok
GCF_002220195.1:NZ_CP022374.1,2426183,2426566,0,384,55.73613683903999,15.95766257242909,0.03601249426711112,0.4554729705531346,0.4945401215026945,0.510357905124331,-96.5999984741211,21,0.5,2,ok
GCF_000021485.1:NC_011761.1,291546,291966,0,421,55.1777035080074,19.999999999999996,0.6668899276164271,0.34192506117977517,0.4335248360036412,0.7061962188604274,-160.3000030517578,13,0.5771971496437055,2,ok
GCF_902729405.1:NZ_LR746496.1,502870,503277,0,408,50.19477065420713,8.035420924925823,0.28272129947198715,0.3968481201288651,0.44837502926350203,0.6169913708788799,-123.5999984741211,12,0.4632352941176471,2,ok
GCF_001753245.1:NZ_CP017415.1,2629802,2630199,0,398,43.92337670964873,4.794670509902707,0.36986571655081185,0.3430824841033367,0.4445806352716084,0.607568395772303,-150.1999969482422,11,0.5829145728643216,2,ok
GCF_902729405.1:NZ_LR746496.1,638072,638369,0,298,52.46997979271587,8.268328934459442,0.19130183178302573,0.4772383936006015,0.6097881800861137,0.713796436726483,-79.30000305175781,21,0.5369127516778524,2,ok
GCF_002220195.1:NZ_CP022374.1,123141,123586,0,446,48.3016120627484,8.830044536451169,0.06475982225620633,0.37254065918676543,0.20322942134720448,0.24676102777249317,-136.0,18,0.45964125560538116,2,ok
GCF_001543145.1:NZ_CP014160.1,368750,369171,0,422,78.41282825379392,4.328469664852735,0.6083304309091712,0.3733848853464631,0.08998856446483353,0.17593378433628398,-114.0,12,0.4004739336492891,2,ok
GCF_047456285.1:NZ_CP174122.1,738762,739198,0,437,40.18191780320723,19.99999999999994,-0.005070319495467102,0.4532261284567914,0.733713161266087,0.7298295443984995,-99.4000015258789,23,0.41418764302059496,2,ok
GCF_008365315.1:NZ_CP043506.1,188598,189016,0,419,29.66764776348947,19.999999999999996,-0.4837421202869592,0.36788340623200266,0.20820263247113607,0.20525967174804866,-138.1999969482422,16,0.4988066825775656,2,ok
GCF_004103715.1:NZ_CP035282.1,3577249,3577655,0,407,42.61358239442939,11.942371136277744,0.05888210919128335,0.38019877164543336,0.05960224916953265,0.10663812342077535,-79.4000015258789,12,0.32923832923832924,2,ok
GCF_000144695.1:NC_014378.1,2336313,2336729,0,417,75.42388089873114,4.889330378690284,0.47654712837575763,0.5483853086926358,0.5447350247240944,0.6143761787182321,-55.70000076293945,21,0.3645083932853717,2,ok
GCF_000093085.1:NC_014219.1,123560,123632,0,73,70.18091850909411,4.883503433358209,0.2785718312301908,0.4859086710170863,0.6140096387780566,0.6672682607547752,-12.600000381469727,10,0.4246575342465753,2,ok
GCF_022845755.1:NZ_AP025566.1,1847321,1847379,0,59,94.99999007467115,2.821406877253638,0.08019080885941088,0.611669558792615,0.9169908402633438,0.9269361976431689,-13.5,18,0.576271186440678,2,ok
GCF_000015865.1:NC_009012.1,1203319,1203391,0,73,52.560514483025784,3.482503050198888,0.684420672329648,0.44703340369441646,0.4442881517094312,0.6578005906893124,-16.0,5,0.4657534246575342,2,ok
GCF_000093085.1:NC_014219.1,3579050,3579127,0,78,47.66696792479689,7.275873236214034,0.1499928845410931,0.45662017686432615,0.4367759889249641,0.5269592823283175,-18.899999618530273,10,0.48717948717948717,2,ok
GCF_000093085.1:NC_014219.1,2075911,2075987,0,77,48.892756324255096,7.730588401945622,0.18773004013356553,0.4825663603849758,0.7905766214031741,0.9049383374330782,-16.5,8,0.4155844155844156,2,ok
GCF_000025305.1:NC_013740.1,48427,48516,0,90,41.13087819490443,15.498888614854197,-0.11469065218869434,0.43093040720300174,0.667340020730533,0.5750079514077545,-20.799999237060547,10,0.37777777777777777,2,ok
GCF_000015865.1:NC_009012.1,3722809,3722857,0,49,49.630337000591524,6.4495742599659955,0.2851409556548572,0.5902862559777869,0.7226098103134876,0.8734685261001165,-3.5999999046325684,5,0.4489795918367347,2,ok
GCF_000015865.1:NC_009012.1,1466701,1466747,0,47,48.196432032946674,5.588965193970422,0.3612803312877887,0.5902944752892818,0.6650719742853125,0.842375252805674,-4.400000095367432,12,0.3617021276595745,2,ok
GCF_000144625.1:NC_014376.1,315702,315769,0,68,64.71897757699416,9.597390241242849,0.1437469442326486,0.5998037921925573,0.3398238708988031,0.3640365846704605,-8.899999618530273,8,0.5,2,ok
GCF_000024285.1:NC_013205.1,2271923,2271994,0,72,48.00275966592536,6.195852801708955,0.2656663790349606,0.446467004365273,0.6102651519316714,0.7518850414271633,-14.600000381469727,6,0.4444444444444444,2,ok
GCF_000144625.1:NC_014376.1,2790450,2790517,0,68,47.301174653506074,5.673479994170543,0.4716013021441843,0.5220629256395659,0.6455952218567,0.882672873071782,-19.200000762939453,15,0.5294117647058824,2,ok
GCF_000025305.1:NC_013740.1,541587,541659,0,73,69.94079792762481,9.072098511111157,0.5330522336739474,0.468793779945674,0.3982423140895544,0.450806235086992,-20.399999618530273,9,0.5616438356164384,2,ok
GCF_025149125.1:NZ_CP102272.1,2338758,2338824,0,67,47.61796265172408,13.46843182753601,-0.002750197538613275,0.4331690920023813,0.7679095061738677,0.7650910900745059,-16.600000381469727,7,0.5373134328358209,2,ok
GCF_000025305.1:NC_013740.1,90210,90277,0,68,55.06029940827032,7.6905167189244565,0.11856476294488394,0.4963234739104081,0.5604837435971622,0.6141912585575435,-10.199999809265137,6,0.4852941176470588,2,ok
GCF_004295125.1:NZ_CP036170.1,495867,495933,0,67,41.695126172377776,5.332752546408145,0.2878053278019992,0.629580969820269,0.807227247191578,0.9419370663053654,-12.199999809265137,35,0.5074626865671642,2,ok
GCF_000024285.1:NC_013205.1,1863334,1863401,0,68,42.78714560339039,6.674411966085553,0.31646251529431446,0.5717476953973997,0.6921001551494966,0.871664279341187,-12.399999618530273,11,0.5147058823529411,2,ok
GCF_002844395.1:NZ_CP025197.1,237985,238052,0,68,62.478216363756864,2.91026178078648,0.48109706685652265,0.45566525731378893,0.11318684340578071,0.22362078163269392,-27.100000381469727,8,0.5294117647058824,2,ok
GCF_000015865.1:NC_009012.1,1187346,1187407,0,62,28.52293449611104,1.3678457654675558,0.8503162642204964,0.6313383776507182,0.7283948009899739,0.8326657380995925,-5.0,14,0.41935483870967744,2,ok
GCF_902729405.1:NZ_LR746496.1,3909339,3909403,0,65,49.2288130974185,19.99999999252499,-0.016824462167646215,0.4829808930057168,0.8866353736130521,0.8705973185274268,-15.399999618530273,8,0.6153846153846154,2,ok
GCF_022845755.1:NZ_AP025566.1,1721455,1721525,0,71,64.25105114207462,19.999999999999996,0.5260398196362773,0.5276173697421759,0.66769159893384,0.6647257918459377,-13.699999809265137,12,0.5211267605633803,2,ok
GCF_025144545.1:NZ_CP102249.1,1981540,1981603,0,64,72.68309422890955,7.077906894785,0.2071430813036998,0.4687303082188381,0.39912449819625734,0.4226820870348297,-15.699999809265137,6,0.515625,2,ok
GCF_000015865.1:NC_009012.1,524582,524712,0,131,46.16094144268532,6.194946896098216,0.4543884629773215,0.44160409633153325,0.2555328829045434,0.5030745034376317,-28.100000381469727,11,0.3435114503816794,2,ok
GCF_000093085.1:NC_014219.1,1887454,1887512,0,59,48.09630456408139,6.15628847030096,0.2542632692967116,0.474863084960527,0.5795860007588445,0.7140335166015677,-13.600000381469727,7,0.423728813559322,2,ok
GCF_000015865.1:NC_009012.1,1555642,1555687,0,46,54.079929136548486,19.393527032277262,0.048274213963782175,0.682976946727571,0.4271568643627033,0.4539429373135759,-5.199999809265137,10,0.32608695652173914,2,ok
GCF_000015865.1:NC_009012.1,2060522,2060654,0,133,47.573714309530104,19.474150460374155,-0.049375462986482765,0.5350095210902983,0.8032823165114286,0.7537357250965534,-16.0,11,0.3007518796992481,2,ok
GCF_000015865.1:NC_009012.1,1242715,1242785,0,71,41.44752515842296,13.319511972385762,-0.043352227076627864,0.44842612130814047,0.25758651618220557,0.2218484324402994,-11.199999809265137,5,0.352112676056338,2,ok
GCF_001989575.1:NZ_CP019573.1,106552,106661,0,110,49.9311370531161,19.999999771029373,-0.02193750044777454,0.49956753086422456,0.9681536514490086,0.9459649241397815,-25.700000762939453,17,0.4909090909090909,2,ok
GCF_000015865.1:NC_009012.1,2102924,2103033,0,110,45.25814603072897,7.357684989522255,0.16968727186401616,0.4492314852436082,0.5250350200628946,0.630855602587733,-16.399999618530273,10,0.38181818181818183,2,ok
GCF_030762805.1:NZ_CP129113.1,139594,139820,0,227,41.985928775872985,7.09155740510073,0.21957145285084956,0.39005419398213315,0.6310845973813469,0.75882444461339,-69.0,9,0.47577092511013214,2,ok
GCF_000015865.1:NC_009012.1,1383984,1384095,0,112,34.71932350749598,7.468590708906809,0.1685367974105213,0.726079318189995,0.9007384912300989,0.9599981923399064,-8.600000381469727,33,0.29464285714285715,2,ok
GCF_000015865.1:NC_009012.1,3148362,3148450,0,89,43.142471909332215,14.902304083689918,-0.027811682691752104,0.5856459717328142,0.4845869397755962,0.4590561511534159,-10.899999618530273,16,0.33707865168539325,2,ok
GCF_000144625.1:NC_014376.1,1628,1716,0,89,66.55443282872017,5.404332715073359,0.6797855548429114,0.5490538279504789,0.2892218765950485,0.44266014402260667,-7.800000190734863,14,0.33707865168539325,2,ok
GCF_000015865.1:NC_009012.1,1641855,1641942,0,88,81.4454426944519,3.14212665562998,0.6458972425225357,0.5220630888904355,0.3713839372266322,0.4675359414603739,-13.800000190734863,11,0.42045454545454547,2,ok
GCF_000025305.1:NC_013740.1,397997,398085,0,89,60.38705162419063,8.330261015091766,0.19601371555511368,0.3882656599399665,0.20474087644428418,0.2631780848250986,-15.199999809265137,11,0.38202247191011235,2,ok
GCF_000093085.1:NC_014219.1,1836664,1836750,0,87,69.69683445950308,4.955277007122055,0.49938991270381566,0.4821496544092732,0.46333774987463283,0.5605463413271634,-14.5,5,0.41379310344827586,2,ok
GCF_000025305.1:NC_013740.1,1745674,1745762,0,89,58.4312488637831,3.9262852963620034,0.3886065365589523,0.4376739327221967,0.5028747036915067,0.6188127000855275,-27.600000381469727,14,0.39325842696629215,2,ok
GCF_000144625.1:NC_014376.1,4093834,4093947,0,114,67.40402340929825,7.530633158555628,0.6090203116886662,0.5311096548808961,0.4296129599048933,0.5332082931811921,-24.100000381469727,11,0.39473684210526316,2,ok
GCF_000025305.1:NC_013740.1,4300,4386,0,87,58.93834394566133,19.999999999610736,0.05868645773628123,0.5236148120951016,0.5634517247110474,0.5702369166623025,-11.199999809265137,18,0.40229885057471265,2,ok
GCF_000015865.1:NC_009012.1,1155128,1155215,0,88,89.04635568871346,2.20665025236157,0.6728051695073698,0.5286003083409194,0.7494765901417665,0.8377539815693511,-7.699999809265137,15,0.2840909090909091,2,ok
GCF_000025305.1:NC_013740.1,1532404,1532490,0,87,26.348330460330235,3.0404265619885753,0.11619452601233793,0.5621261926321686,0.9701091669296463,0.989421169821377,-22.899999618530273,20,0.47126436781609193,2,ok
GCF_000015865.1:NC_009012.1,3209772,3209922,0,151,66.04647042437638,19.999999999999954,0.5129455915785549,0.44431978268720523,0.29219789449598427,0.29983811222464785,-34.70000076293945,8,0.3841059602649007,2,ok
GCF_000196455.1:NC_014614.1,2331684,2331802,0,119,61.18789398517608,13.192879094068426,0.23653413942173776,0.4013806543028364,0.12853839386273483,0.17459924396124826,-37.79999923706055,14,0.46218487394957986,2,ok
GCF_000015865.1:NC_009012.1,2104729,2104821,0,93,40.50245489606258,12.112909699094581,0.10474781445239811,0.48498347341074355,0.7293983885037821,0.8042929382077313,-15.199999809265137,10,0.2903225806451613,2,ok
GCF_001543105.1:NZ_CP014159.1,606426,606729,0,304,38.258899724999395,10.829972189987924,-0.059226377042828376,0.462393643480017,0.1857680577512278,0.15078548768627542,-55.900001525878906,20,0.34210526315789475,2,ok
GCF_000093085.1:NC_014219.1,3211526,3211715,0,190,53.20227989372419,17.539983648863192,0.11909954630822073,0.49726135105368163,0.6433783502357623,0.7173834758158271,-36.599998474121094,10,0.4105263157894737,2,ok
GCF_000144695.1:NC_014378.1,163445,163626,0,182,68.5439915932103,5.384543514405113,0.6532867327014813,0.44919881419458585,0.36341234740743467,0.4943194127595932,-46.900001525878906,18,0.4065934065934066,2,ok
GCF_000025305.1:NC_013740.1,1982909,1983088,0,180,62.2307229749735,19.999999999999996,0.5446788474992577,0.45580693695269137,0.5840611620400191,0.5820883130695289,-57.20000076293945,13,0.45555555555555555,2,ok
GCF_000025305.1:NC_013740.1,1344603,1344779,0,177,41.616930178142304,8.45835017463145,0.012387017824448288,0.6545310446813433,0.9415579174904412,0.9494391605110358,-26.200000762939453,58,0.4406779661016949,2,ok
GCF_025149125.1:NZ_CP102272.1,5706566,5706784,0,219,39.8126849490956,19.999999999999996,0.02458605019861615,0.37030399280088333,0.9167016702515609,0.933922068610085,-71.80000305175781,12,0.4657534246575342,2,ok
GCF_012317185.1:NZ_CP048838.1,2295356,2295490,0,135,44.562212866070375,7.365090017661838,0.18678993086446571,0.4676517533562412,0.5553595850076816,0.6717962492298153,-30.200000762939453,7,0.48148148148148145,2,ok
GCF_000025305.1:NC_013740.1,1121095,1121232,0,138,88.87729848215507,1.5978525683809655,0.20962821516846497,0.36455320360470683,0.46857213901923156,0.4941428840887383,-36.400001525878906,8,0.47101449275362317,2,ok
GCF_000093085.1:NC_014219.1,1569632,1569703,0,72,94.99999186129081,4.9536692314836985,0.1362415555498458,0.36530133042144,0.002526458538642612,0.009846719629419104,-22.5,7,0.4166666666666667,2,ok
GCF_013267415.1:NZ_CP053988.1,926560,926676,0,117,45.490434334925624,13.357753872938293,-0.007557019733450687,0.5142222162214295,0.31136876663491847,0.30407479827165057,-29.5,32,0.46153846153846156,2,ok
GCF_000025305.1:NC_013740.1,410690,410828,0,139,29.5215866143668,0.9148775268685543,0.9085014385435629,0.35777883145246747,0.3879726503777051,0.4692994199542885,-48.29999923706055,10,0.4244604316546763,2,ok
GCF_002173775.1:NZ_CP021524.1,1226399,1226607,0,209,50.137535412466704,19.9999999999987,-0.0346291442519967,0.37962541904305525,0.5207078912917076,0.48517334273880747,-73.0,9,0.49760765550239233,2,ok
GCF_000093085.1:NC_014219.1,3179171,3179323,0,153,94.99998521891729,4.0494176831123445,0.29872700683473247,0.34671190713394323,0.4306550749117313,0.4537664785764045,-46.400001525878906,6,0.48366013071895425,2,ok
GCF_001543145.1:NZ_CP014160.1,265548,265690,0,143,49.264086360486964,19.757124245313936,-0.007541111039952586,0.4629719238708967,0.9895215390370472,0.9816407467001337,-31.399999618530273,12,0.4405594405594406,2,ok
GCF_001543245.1:NZ_CP014163.1,1428681,1428822,0,142,78.45017983318212,5.3644293143410895,0.14421889873621796,0.4114537238117711,0.007641844329197484,0.023808950687531028,-38.70000076293945,10,0.4507042253521127,2,ok
GCF_000093085.1:NC_014219.1,1316264,1316401,0,138,71.63073759984675,7.872188948373983,0.56259309600626,0.4553609575376448,0.38427110188379093,0.4442173924259571,-26.700000762939453,30,0.35507246376811596,2,ok
GCF_000144625.1:NC_014376.1,812258,812396,0,139,50.16555603839636,19.999999999999996,-0.079657129549905,0.5397097067109644,0.5385875167479339,0.46405485001095476,-29.899999618530273,14,0.4316546762589928,2,ok
GCF_004103715.1:NZ_CP035282.1,44842,44980,0,139,47.9045842388055,16.65800657886936,-0.18316691381091255,0.41540857451151864,0.8968490243379559,0.7082051608009197,-44.400001525878906,15,0.45323741007194246,2,ok
GCF_000237085.1:NC_016627.1,771458,771595,0,138,39.56127909310653,19.999999999999975,-0.05869096815942154,0.44413990634306355,0.5736255436451808,0.5407552983780183,-27.5,19,0.39855072463768115,2,ok
GCF_000093085.1:NC_014219.1,2079,2217,0,139,35.43799016246523,19.999999995586215,-0.015586013272530841,0.5208501577362351,0.5099549580862718,0.5051576939416114,-18.5,12,0.381294964028777,2,ok
GCF_000144625.1:NC_014376.1,2900505,2900657,0,153,60.43286763762515,2.324477840044341,0.35654026914516124,0.44707344663390247,0.8271617190342884,0.8995110673622007,-39.20000076293945,21,0.38562091503267976,2,ok
GCF_000015865.1:NC_009012.1,3446243,3446387,0,145,88.97410759084289,9.97268985079673,0.4388768083643111,0.42566666408033627,0.8653556019614281,0.8692159087864237,-33.70000076293945,10,0.36551724137931035,2,ok
GCF_000015865.1:NC_009012.1,2119663,2119800,0,138,50.24867433637547,7.8028429845521154,0.2918810785903741,0.41539666854768703,0.45590706592048225,0.6267320244762531,-26.899999618530273,11,0.3333333333333333,2,ok
GCF_000144625.1:NC_014376.1,4045928,4046092,0,165,94.99943716674768,1.5169751619648728,0.20744054841044035,0.444868682164826,0.01570317489413428,0.039485579666273335,-31.0,17,0.3575757575757576,2,ok
GCF_022845755.1:NZ_AP025566.1,560268,560407,0,140,78.63120087410385,6.8978845031847715,0.5425654254590949,0.366945850591884,0.2230136075074162,0.26269708613703774,-43.0,8,0.5,2,ok
GCF_000144625.1:NC_014376.1,4065128,4065291,0,164,42.36339051605849,8.838470347390347,0.44434780388438017,0.3978688822549818,0.4835354071461919,0.7842882648571671,-45.0,8,0.4634146341463415,2,ok
GCF_000144625.1:NC_014376.1,763146,763296,0,151,54.32737644660512,15.022504352470886,0.0503476374409893,0.43653111430062913,0.45288945083653165,0.4796930454643068,-34.29999923706055,19,0.37748344370860926,2,ok
GCF_000196455.1:NC_014614.1,1281619,1281775,0,157,60.65713176027429,11.33299896471794,0.23070817479508207,0.3756594940820882,0.16921000122356827,0.22531466377124423,-45.099998474121094,10,0.3184713375796178,2,ok
GCF_000144625.1:NC_014376.1,2643481,2643616,0,136,42.601960082092425,6.173985563061758,0.31064254524252777,0.49228092411054497,0.6503043018687081,0.815868816072929,-27.399999618530273,23,0.375,2,ok
GCF_000144695.1:NC_014378.1,175494,175639,0,146,53.66792118634858,7.272218588545145,0.3018304074773565,0.34855621718140245,0.5109191420452908,0.6562936395914059,-44.400001525878906,6,0.410958904109589,2,ok
GCF_001543175.1:NZ_CP014161.1,1627982,1628134,0,153,68.26380995502711,4.861158386692933,0.6774246449724844,0.44690361889011676,0.09008610180308935,0.23644496941590953,-30.600000381469727,8,0.42483660130718953,2,ok
GCF_000093085.1:NC_014219.1,1899753,1899891,0,139,45.59412970584055,11.669455763033946,-0.0013319958244856211,0.4496917950743482,0.3205488856908468,0.31928288215269235,-32.29999923706055,19,0.38848920863309355,2,ok
GCF_001543175.1:NZ_CP014161.1,1631925,1632078,0,154,41.410713950052106,14.82167737964517,-0.05312032312729231,0.4233444902540624,0.5479879598343611,0.5043387517736819,-33.79999923706055,19,0.3181818181818182,2,ok
GCF_000025305.1:NC_013740.1,387286,387435,0,150,64.57001960185403,4.737400967423429,0.7351822478757961,0.47817978900477914,0.25827056998696074,0.44543789425804564,-23.100000381469727,9,0.36666666666666664,2,ok
GCF_000144625.1:NC_014376.1,3225011,3225193,0,183,47.95717877827007,18.672977214458943,-0.022745949516880692,0.4363090123282876,0.5684083923680601,0.5450999811856976,-45.29999923706055,21,0.47540983606557374,2,ok
GCF_001543175.1:NZ_CP014161.1,902295,902472,0,178,70.74101399472973,6.929621810384007,0.5874864408555966,0.45681877430391693,0.0632695705217559,0.14437208847996338,-37.29999923706055,8,0.4157303370786517,2,ok
GCF_004295125.1:NZ_CP036170.1,784605,784799,0,195,43.97929894827417,4.4379852037560354,0.565391561927251,0.40777489960876634,0.5783723040885193,0.8115307831662478,-53.0,9,0.41025641025641024,2,ok
GCF_004295125.1:NZ_CP036170.1,787900,788081,0,182,58.45198656690045,8.830611274481749,0.09624209680206228,0.4141334684467235,0.015283477991381106,0.04906907105392014,-42.5,9,0.4230769230769231,2,ok
GCF_000144625.1:NC_014376.1,447807,448048,0,242,47.45376638651877,10.62790153398569,0.1061526021327105,0.3619435550310457,0.760175051947694,0.8409309729875324,-77.19999694824219,8,0.40082644628099173,2,ok
GCF_000144625.1:NC_014376.1,2569914,2570095,0,182,77.4629079084429,3.7146870089159454,0.5030818734037216,0.3406299210501236,0.20606870085244786,0.28580999387648814,-67.4000015258789,11,0.44505494505494503,2,ok
GCF_025149125.1:NZ_CP102272.1,2338956,2339146,0,191,84.60748392145636,7.211160665537059,0.5022998853953244,0.4169438285266558,0.19856381487469227,0.2188166191104505,-46.79999923706055,15,0.47643979057591623,2,ok
GCF_001543105.1:NZ_CP014159.1,297010,297177,0,168,57.05332096006833,19.999999999985427,0.04792386666117687,0.3808480981571095,0.3564327503351571,0.3692169914690883,-52.599998474121094,14,0.44047619047619047,2,ok
GCF_012317185.1:NZ_CP048838.1,262493,262680,0,188,94.99999910517907,3.7062885364199873,0.32801947590325675,0.4099785954963311,0.1849973468939925,0.21378030653765814,-69.69999694824219,9,0.4946808510638298,2,ok
GCF_001543245.1:NZ_CP014163.1,1369246,1369417,0,172,72.3563431270592,8.606186467827124,0.5482670818525146,0.43029542870317117,0.6893130009593108,0.73724011969215,-50.79999923706055,12,0.4418604651162791,2,ok
GCF_012317185.1:NZ_CP048838.1,1697052,1697329,0,278,46.344722416734086,12.457374094735435,0.08314486596518272,0.39488982769555053,0.3587420018270872,0.4280526358624124,-76.5999984741211,12,0.4172661870503597,2,ok
GCF_000247605.1:NC_016894.1,646218,646405,0,188,46.23669606421093,11.198998119900628,0.1849023595819813,0.41048114902094357,0.6560992279896886,0.8038761453224195,-38.900001525878906,15,0.4148936170212766,2,ok
GCF_008726475.3:NZ_CP145134.1,600142,600344,0,203,50.195382562193515,19.999999999999833,-0.003561834747352055,0.3816192826545159,0.9996161139212476,0.9959456969627348,-69.30000305175781,13,0.43349753694581283,2,ok
GCF_000022305.1:NC_011992.1,1465910,1466098,0,189,57.78451686704995,13.920305425037848,0.03751511265400151,0.4326965524786192,0.24416695261585955,0.2565217585307845,-51.900001525878906,6,0.5502645502645502,2,ok
GCF_000093085.1:NC_014219.1,139000,139114,0,115,49.41667879746893,19.99999999999987,-0.037460617841434174,0.4433613290198901,0.8923211238273162,0.8572416105726622,-34.5,18,0.4782608695652174,2,ok
GCF_000015865.1:NC_009012.1,569361,569433,0,73,50.678089771183046,19.999999999999996,-0.010887422913711697,0.47647930522874604,0.9839843155478633,0.9736881188935079,-9.300000190734863,16,0.3698630136986301,2,ok
GCF_902729405.1:NZ_LR746496.1,875847,875950,0,104,82.26699009156998,3.3677511004720015,0.6289305459055823,0.37763544090986323,0.6283620196548677,0.7174859309233135,-39.0,10,0.5865384615384616,2,ok
GCF_000021485.1:NC_011761.1,300696,300801,0,106,59.31929178085414,4.511149168340089,0.3940297533408924,0.46159568675414764,0.25296779343303905,0.37481791840918977,-25.899999618530273,9,0.5660377358490566,2,ok
GCF_000015865.1:NC_009012.1,2267142,2267346,0,205,67.12994486359355,5.462522890558015,0.6712595100626867,0.40525063235066744,0.26754240687722974,0.41558433887243523,-31.799999237060547,15,0.24878048780487805,2,ok
GCF_000247605.1:NC_016894.1,1254319,1254535,0,217,60.39737198542303,7.850912192212373,0.3386900314883298,0.4553936105740363,0.31205114121996136,0.4147090652468563,-43.5,23,0.31336405529953915,2,ok
