rfamseq_acc,seq_start,seq_end,label,viennarna_mfe_zscore,viennarna_delta_P_RBS,viennarna_delta_delta_G,viennarna_ensemble_diversity,viennarna_mean_positional_entropy,viennarna_mfe_zscore_shuffle_mode,viennarna_P_open_RBS_37,viennarna_P_open_RBS_55
AAMY01000002.1,59728,59826,1,-3.944670948989954,0.1046250132987755,17.710002899169922,9.576107571478078,0.4407153198555161,dinuc,0.4348420090324438,0.5394670223312193
AB255436.1,46891,46833,1,-0.8934174233808001,0.0286174508050202,8.329998970031738,7.478844224601992,0.5182155182172781,dinuc,0.3829745869651461,0.4115920377701663
ABCK01000003.1,13674,13304,1,-1.84035069362198,0.0973958574975532,38.67999649047851,79.768081335497,0.977244358306998,dinuc,0.4185082168219777,0.515904074319531
ABCT01000014.1,56762,56369,1,-1.882383017906105,0.0158317481935304,47.27000427246094,61.75175796007005,0.6668715681728532,dinuc,0.3213598551241864,0.3371916033177168
ACJM01000011.1,72232,72680,1,-3.7155517606778345,0.0636514779023751,59.3900032043457,58.12593436292749,0.5575264321330126,dinuc,0.318895247295144,0.3825467251975192
ADAQ01000008.1,236786,236326,1,-0.2801941838883759,0.1189297347315904,49.65999984741211,137.35777980245317,1.3140646564004292,dinuc,0.3805576508826427,0.4994873856142332
ADBS01000002.1,98637,99077,1,-4.568745556627068,0.0181666803918915,52.36000061035156,60.674286540520065,0.5944353102001816,dinuc,0.1843135709725491,0.2024802513644407
AE002098.2,1975310,1975382,1,1.6012348885113563,0.0829604262817496,4.1000001430511475,24.26823467364295,1.6354753725085505,dinuc,0.5630498787688424,0.646010305050592
AE003852.1,899828,899898,1,-0.0887548486416589,0.0613837460960666,7.450000286102295,14.506662158239472,0.905621440006714,dinuc,0.5532082633364251,0.6145920094324918
AE003853.1,184100,184520,1,-2.162190831280696,0.012742536698642,46.62999725341797,120.01129921161996,1.2584137386632614,dinuc,0.1433528599273711,0.1560953966260131
AE003853.1,885898,886318,1,-3.167143297101319,-0.0127256344675831,47.83000183105469,57.149528323011126,0.6486044758641608,dinuc,0.2962957228281103,0.2835700883605272
AE004091.2,1559151,1559260,1,-1.9408288437547896,0.0079375417753114,11.989998817443848,17.577916527828567,0.6960489719251048,dinuc,0.3939369153038532,0.4018744570791646
AE004091.2,3893111,3893002,1,-1.6774066937588308,0.0539280700174766,11.630000114440918,10.26238402831164,0.4374335343931778,dinuc,0.4248297145635605,0.4787577845810372
AE004091.2,4917616,4917502,1,-1.940055333906067,0.0164573481862533,18.96999740600586,12.221876298140549,0.4324151210529577,dinuc,0.4515881186773963,0.4680454668636497
AE004091.2,5847084,5847187,1,-0.1525889526494178,0.0212253907500665,15.209999084472656,5.8899567535722275,0.2599568854839457,dinuc,0.4224779213874628,0.4437033121375293
AE004969.1,1040064,1039950,1,-0.2443550171865706,0.082332805156239,11.1899995803833,29.405205675062724,1.0187539760279094,dinuc,0.4142571899878053,0.4965899951440444
AE005176.1,172821,172454,1,-5.803254400410989,0.0606062155695535,47.54000473022461,49.82246508651324,0.5853449687657833,dinuc,0.2410867219177051,0.3016929374872586
AE007869.2,109596,109822,1,-1.284946359040095,0.0111086655218863,23.920000076293945,26.413999920006457,0.5731686696734236,dinuc,0.5307842708622932,0.5418929363841796
AE010300.2,3440039,3440255,1,-0.539631704545464,0.1065477227324764,21.80000114440918,55.19030689503776,1.1620496024571692,dinuc,0.4573015551284392,0.5638492778609157
AE014075.1,3052509,3052070,1,-1.0669174332865203,0.1474554892788168,41.22999954223633,93.34622382051262,0.9483970198939428,dinuc,0.4715070247907586,0.6189625140695755
AE014299.2,1734797,1734364,1,-3.4320445656771787,0.0931382397854751,52.34000015258789,106.92202519064448,1.0815926828390434,dinuc,0.2083121632584259,0.3014504030439011
AE015451.2,1549110,1549227,1,-4.087992544119888,0.0282734323902371,17.380001068115234,8.569152945327913,0.3205391317085449,dinuc,0.4988230011603607,0.5270964335505979
AE015451.2,2245706,2245773,1,-1.8632413000044583,0.0954185823838876,7.850000381469727,7.728921920234906,0.530570128229286,dinuc,0.5454430260291209,0.6408616084130085
AE016827.1,672984,673140,1,-0.6483463511940019,0.089346688933633,14.1899995803833,39.87151548542349,1.1141348912835038,dinuc,0.561772768815025,0.6511194577486581
AE016853.1,2388894,2388957,1,-1.1889769266189043,0.0574111095273577,6.869999885559082,3.744223192334649,0.3024975714474109,dinuc,0.5722644051948899,0.6296755147222476
AE017143.1,1485548,1485395,1,-5.567362270947681,0.0234807517291218,19.0,15.39005277326592,0.4899329971494933,dinuc,0.4374986621932925,0.4609794139224143
AE017180.2,2083369,2083721,1,-5.344454433864191,0.0614657870003517,52.849998474121094,34.84038599660564,0.3929671211499691,dinuc,0.3126568862656592,0.3741226732660109
AE017334.2,1108779,1109134,1,-2.1004887084404325,0.1330352544847207,40.05999755859375,80.2986575715626,1.1124597807939425,dinuc,0.5230695790351543,0.656104833519875
AE017340.1,37222,36798,1,-2.3573971435113132,0.0554474806470434,45.26000213623047,105.46363183500864,1.0969071799205776,dinuc,0.2844769561871325,0.339924436834176
AE017340.1,2672893,2672478,1,-3.088189505880309,0.0253249462631747,51.18000030517578,91.855728641778,0.9613583151456786,dinuc,0.3985966287287889,0.4239215749919636
AEDD01000015.1,87396,87765,1,-5.495107998572036,0.0115792213820518,48.30999755859375,76.90664744593104,0.9248382219380472,dinuc,0.1417420023549566,0.1533212237370085
AEVK01000026.1,18681,18269,1,-5.281691291392169,-0.0038686332687908,55.18000030517578,46.8563471320986,0.5253446756228345,dinuc,0.3732151697151534,0.3693465364463625
AFDH01000112.1,106685,106294,1,-3.347193077048509,0.0256769462221241,42.189998626708984,104.63362490207844,1.2059818250038132,dinuc,0.4118876736575601,0.4375646198796843
AFHG01000045.1,14959,14657,1,-2.6068751287596603,0.043335317957468,38.839996337890625,49.53477655165277,0.7489216638128842,dinuc,0.5600448731879404,0.6033801911454084
AFJL02000053.1,59426,59630,1,-3.2549060124961144,0.073913760103122,21.940000534057617,19.94303918173686,0.4452285064928423,dinuc,0.4314249898952447,0.5053387499983668
AFPO01000013.1,58839,59267,1,-1.9308641245823424,0.0760547428379415,53.589996337890625,60.29007927455372,0.6408178952442914,dinuc,0.5097000228432538,0.5857547656811953
AGIF02000001.1,2381658,2382051,1,-3.4776846883441688,0.1304619199450098,51.910003662109375,47.4002121327075,0.5589895648808259,dinuc,0.2929825239200631,0.4234444438650729
AHBZ03000014.1,63826,63384,1,-5.211421304834916,0.0588456714525612,53.439998626708984,61.15468831183986,0.6166212065716385,dinuc,0.444376434186106,0.5032221056386672
AHBZ03000027.1,1112248,1112668,1,-2.3599224462947763,0.0707562590381962,49.32000350952149,97.3553030447748,0.979562340113105,dinuc,0.4153305809128437,0.4860868399510399
AJYK02000024.1,43040,42640,1,-2.379889295963335,0.0972763849395221,44.060001373291016,65.31489565060178,0.7539593349194148,dinuc,0.3757733809243245,0.4730497658638467
AJYK02000032.1,19960,20433,1,-3.2346680001764043,-0.0027003678737003,54.04999542236328,133.77511880791135,1.245877157681109,dinuc,0.2635134892887793,0.260813121415079
AJYW02000097.1,11211,10778,1,-4.3709865001107575,0.0408005126979368,52.769996643066406,63.42892479209276,0.6847647857332606,dinuc,0.5522085266468647,0.5930090393448015
AKGD01000003.1,412475,412405,1,0.695742420795593,0.0209734717741879,7.589999675750732,21.793535098445854,1.2352181630418202,dinuc,0.4979674426243684,0.5189409143985563
AKJA01000100.1,13609,14013,1,-3.726973489176858,0.0162904871991992,52.83000183105469,113.35568886618952,1.172696119550073,dinuc,0.1398152866533467,0.156105773852546
AKJA01000153.1,2005,2385,1,-1.5366274632615664,0.0242541201376772,51.01000213623047,75.89700114917979,0.8948496031123652,dinuc,0.160548881084384,0.1848030012220612
AKKV01000019.1,142187,142549,1,-3.1629037034211267,0.0593733018457476,44.349998474121094,84.74251789142522,1.000317427379062,dinuc,0.5458227177471678,0.6051960195929155
AKKV01000021.1,55287,55685,1,-3.7114094216250577,0.173697212760206,49.0099983215332,95.43611472016912,1.046380139005741,dinuc,0.4291762822978242,0.6028734950580302
AL117189.1,35989,36121,1,-0.3162275737648048,0.115890854714888,13.699999809265137,21.32135821160922,0.7652173860642043,dinuc,0.3356215789794248,0.4515124336943129
AL590842.1,1360742,1360592,1,-1.2000266964555188,0.0370790176717727,17.240001678466797,24.335224790768823,0.5850404907242821,dinuc,0.6555641381554637,0.6926431558272365
AL590842.1,1604240,1604374,1,-1.5315172831822783,0.0881548296477031,13.709999084472656,21.66502059593292,0.7150872525233315,dinuc,0.6844790176972683,0.7726338473449714
AL590842.1,1640745,1640856,1,0.3231569049472336,0.1534594087937679,10.929999828338625,24.409304248638477,0.9505762973376372,dinuc,0.3688446739944332,0.5223040827882012
AL590842.1,2098677,2098606,1,-0.8086187393928368,0.020540459782427,6.37000036239624,7.322609588960506,0.4898153431819689,dinuc,0.5452725706890621,0.5658130304714891
AL590842.1,2457295,2457598,1,-0.9056547087790268,0.1544394861543646,33.91999816894531,55.03006806188253,0.8090903474965632,dinuc,0.5468530322114007,0.7012925183657653
AL590842.1,2679841,2679959,1,-2.180992949215599,0.0602234392198336,12.0,13.957993257227791,0.5125988353211072,dinuc,0.5495907553312248,0.6098141945510585
AL590842.1,2984138,2984599,1,-3.726553039043855,0.0568183033871124,55.6199951171875,85.76829643051859,0.7908816078353916,dinuc,0.4585261551588739,0.5153444585459863
AL590842.1,3240329,3240147,1,-1.6739490704934523,0.0574025985271956,21.040000915527344,28.748747593798253,0.6797385617468511,dinuc,0.4616913028050209,0.5190939013322166
AL590842.1,3248678,3248590,1,-1.3050841460897713,0.0385184974837803,8.200000286102295,8.88260314850161,0.4621756192035998,dinuc,0.6609247619570227,0.699443259440803
AL590842.1,3764130,3764038,1,-0.507212843319053,0.1160127183454065,10.579999923706056,11.655579575207184,0.6413998747087059,dinuc,0.3891052798213205,0.5051179981667271
AL590842.1,4065469,4065056,1,-3.3672490428587,0.0416301163616146,48.12000274658203,57.70406914347906,0.6468106262750296,dinuc,0.3077157947602889,0.3493459111219035
AL590842.1,4578870,4578681,1,-4.098511274946225,0.0462621827151435,22.94999885559082,8.780533685990708,0.2395490563542228,dinuc,0.4937904187714638,0.5400526014866074
AL591824.1,204468,204339,1,-0.1621864774429669,0.1578215193917229,10.93000078201294,30.650056824928843,1.0629624988257915,dinuc,0.5126207704024488,0.6704422897941718
AL935263.2,1058791,1059118,1,-1.1072203384286805,0.1005358482731144,38.53999710083008,65.76932870729867,0.8728979759248685,dinuc,0.412110417712222,0.5126462659853365
ALXG01000030.1,22374,21992,1,-1.3415882840956612,0.0639579480818448,36.37999725341797,63.546218875138585,0.7875803048849698,dinuc,0.6779866516828837,0.7419445997647286
AM260480.1,2176004,2175574,1,-3.724346105820422,0.0342351250649728,62.64000701904297,87.77507560469299,0.8081311731385938,dinuc,0.2829356254006686,0.3171707504656414
AMRG01000008.1,50931,50476,1,-4.927061234917752,0.0321126539981,56.32999420166016,61.80378408564713,0.6304364096691257,dinuc,0.5532027400265237,0.5853153940246237
AMRI01000019.1,19291,18867,1,-3.2613240531466823,0.0077979604428808,57.37999725341797,43.241260140789464,0.489500863444669,dinuc,0.2902559030008558,0.2980538634437367
ANBP01000006.1,105256,105621,1,-4.692325852517567,0.0435345855585956,53.970001220703125,33.85444833154907,0.4285497060418637,dinuc,0.3422005059530464,0.385735091511642
AODH01000019.1,46935,47319,1,-3.343623931186623,0.0518910608299826,50.560001373291016,62.62709807123221,0.7143342995885699,dinuc,0.4000738511332774,0.45196491196326
AOFT01000003.1,63230,63642,1,-5.647270839633818,0.1423380975894903,56.350006103515625,72.13222994531732,0.7369262549329362,dinuc,0.5647764658730972,0.7071145634625875
AOFT01000005.1,94911,94541,1,-6.135388262886216,0.0536081426960538,49.709999084472656,69.01292050406425,0.7924896399155541,dinuc,0.3073984446891798,0.3610065873852336
AP008955.1,903194,902733,1,-1.3188441371588653,0.1343918926568831,45.91999816894531,111.5621690798316,1.111014344994572,dinuc,0.3050090234364119,0.439400916093295
AP009333.1,91828,91480,1,-3.227582365493788,0.0716318480092278,40.22999572753906,63.306631388234656,0.8080708041897272,dinuc,0.3781119037727108,0.4497437517819387
AP010872.1,579466,579094,1,-3.996455385300967,0.0765398632035968,44.03000259399414,73.73416613428903,0.8737412645428851,dinuc,0.3399886793834012,0.4165285425869981
AP011177.1,2813333,2813777,1,-1.961282617633956,0.0335623917742983,47.52000045776367,105.51993622051982,1.1167451535848434,dinuc,0.516846707861452,0.5504090996357504
AP011177.1,2892852,2892441,1,-3.081410903188285,0.1883892177177894,46.029998779296875,94.87061915750732,1.011597888277546,dinuc,0.4494640999786958,0.6378533176964852
AP012551.1,1189904,1190328,1,0.3945991536893789,0.0093603237244914,46.2599983215332,124.84415441278256,1.2973397063392047,dinuc,0.4050697449558858,0.4144300686803773
AP013066.1,2217055,2217444,1,-3.4175817262541623,0.0332670753603032,54.74000549316406,57.90536205914426,0.5894621915603103,dinuc,0.2080372808642527,0.241304356224556
AP013066.1,2398899,2399217,1,-1.1880959712724195,0.001311727707558,38.060001373291016,89.55125115764164,1.130329033077937,dinuc,0.2104265396355007,0.2117382673430588
AP013068.1,5191178,5191066,1,-1.601085842465059,0.0100543736417798,18.36000061035156,6.263915348558469,0.2257719017436414,dinuc,0.5547544728731854,0.5648088465149652
AP014546.1,2339916,2339480,1,-0.6361574651646253,0.0738557010835931,47.48999786376953,90.7204053663498,0.9306215596202614,dinuc,0.5247395668714562,0.5985952679550494
AP014683.1,116865,117196,1,-1.1084092794758238,0.0885252793443828,45.959999084472656,81.31024582318273,1.0914763238626732,dinuc,0.4076594785667201,0.4961847579111029
AP014879.1,863622,864003,1,-2.251452257842225,-0.0011555565006935,48.25,86.76162449662047,0.9857555039441628,dinuc,0.3548829391114264,0.3537273826107328
AP014879.1,2524925,2524534,1,-4.877954912272611,0.0073891027082365,54.959999084472656,44.93046789819432,0.4967776955999998,dinuc,0.4283010569920913,0.4356901597003279
AP014936.1,949670,950054,1,-5.064662830971218,0.0184711938270757,56.6199951171875,54.94800686800474,0.5793157824258398,dinuc,0.3978056418600401,0.4162768356871159
AP014936.1,2578309,2578739,1,-3.439735468356211,0.053050736297424,64.66999816894531,39.35596813321184,0.3887659530856412,dinuc,0.315590522314947,0.368641258612371
AP017312.1,1395356,1395030,1,-2.248039354064696,0.0394972640577802,36.67000198364258,85.73550196434165,1.13053801183813,dinuc,0.5365956240920674,0.5760928881498476
AP017312.1,3542205,3542621,1,-3.287393643623222,0.130796390313459,50.20999526977539,90.87961543002989,0.8759181835959511,dinuc,0.2504403166449025,0.3812367069583616
AP017372.2,89016,89469,1,-4.706441336928826,0.0110424181123049,61.350006103515625,110.93685111313606,0.9542054506845842,dinuc,0.1706434500145329,0.1816858681268378
AP017656.1,166250,166343,1,-2.973428388142467,0.0892754774763632,15.469999313354492,17.98755296832844,0.7277219706381816,dinuc,0.3906489565170974,0.4799244339934607
AP018052.1,429129,428737,1,-1.5134232681182231,0.0052994576100905,49.55999755859375,79.61156369232921,0.8909189214564828,dinuc,0.2890285362434217,0.2943279938535122
AP018439.1,1998453,1997966,1,-4.674640208485722,0.0598355097413791,57.93000030517578,56.09954041783113,0.5261119436622341,dinuc,0.5853070257138797,0.6451425354552589
AP018738.1,775115,774790,1,-2.728684653682381,0.053485906044991,42.53999710083008,77.7702213215193,1.06420251553873,dinuc,0.3539495854494263,0.4074354914944173
AP018933.1,164178,163750,1,-4.807460044191568,0.0171047273414034,55.910003662109375,84.64920559801955,0.7968795735838007,dinuc,0.3209773368631415,0.3380820642045449
AP019400.1,6247155,6246772,1,-0.4015280460652849,0.1565239423426772,41.810001373291016,64.01956502116968,0.7227671989857458,dinuc,0.5294354407894327,0.6859593831321099
AP021875.1,4682562,4682141,1,-3.0191083727163184,0.0998384400232672,45.6300048828125,112.76438996294516,1.171728783820572,dinuc,0.6030921818297375,0.7029306218530047
AP021881.1,665328,665678,1,-3.829315312351718,0.0506959523699164,44.41999816894531,60.482834931107334,0.7210078621128808,dinuc,0.2565858628380461,0.3072818152079625
AP022853.1,1241044,1240657,1,-2.274022907080824,0.0746134807651621,43.31999969482422,101.4302543646712,1.1255006635978402,dinuc,0.4716515756263811,0.5462650563915432
AP022853.1,1657426,1657067,1,-1.6728607519407173,0.0523393290449539,39.480003356933594,109.22330556782576,1.3017346160228045,dinuc,0.3109210637047004,0.3632603927496544
AP023240.1,3788906,3789295,1,0.9188824523019103,0.1205587438957684,40.029998779296875,105.11726783889983,1.3055683729596637,dinuc,0.3403888360968772,0.4609475799926457
AP024233.1,1105191,1104844,1,-2.2080767002853823,0.0661814977197332,36.16999816894531,74.87396006112982,0.891508282681475,dinuc,0.4441866265273962,0.5103681242471294
AP024233.1,1906808,1906462,1,-6.506603053755496,-0.0093757265370921,41.6199951171875,48.623361472488554,0.6706716717899509,dinuc,0.4743288876386932,0.4649531611016011
AP024601.1,2986016,2985575,1,-3.301345125653084,0.0280125027387989,48.43999481201172,93.856942592119,0.8624685918104484,dinuc,0.3669566988125003,0.3949692015512992
APHR01000037.1,54191,53786,1,-2.506474641687263,0.0718035341784767,50.44999694824219,134.45895471421437,1.3682627833814889,dinuc,0.3651890417016724,0.4369925758801491
AQQO01000221.1,335,246,1,1.1455064507829422,0.1174508191657868,5.970000147819519,16.084140513457598,0.7966386860294034,dinuc,0.6586289633352789,0.7760797825010657
AQQV01000002.1,680955,680622,1,-3.3289526824049593,0.0035807927105607,40.22999572753906,46.97151179848505,0.6644578051639848,dinuc,0.5025182513356469,0.5060990440462076
ARZY01000010.1,97477,97902,1,-2.684401450747756,0.0733597446035774,48.04999923706055,85.89993901916408,0.8999710894748327,dinuc,0.3317096223262628,0.4050693669298403
ASWO01000001.1,330078,329691,1,-0.6386650627135709,0.166489334372951,35.13999938964844,112.22116065797972,1.3337965053886085,dinuc,0.5905886412307021,0.7570779756036531
ASWO01000007.1,179840,179450,1,-2.7777340151526553,0.0860173002746725,43.019996643066406,75.22828333442709,0.8297329662748029,dinuc,0.3661246720834137,0.4521419723580863
ASXJ01000337.1,18923,18816,1,-2.5584129017922788,0.082134807512081,14.709999084472656,18.07313416509208,0.6775761012384278,dinuc,0.3228951231216367,0.4050299306337177
ATCL01000009.1,10950,11270,1,-2.37725826766139,0.140687893675822,37.369998931884766,73.82505921343177,1.0136167089824843,dinuc,0.4981270738370578,0.6388149675128799
ATJV01000013.1,33846,33414,1,-4.315038432910236,0.039116959076304,66.36000061035156,47.471134054321354,0.4153553255228746,dinuc,0.3200783200058471,0.3591952790821511
AUYB01000133.1,17412,17752,1,-2.594215025370017,0.011483517667912,38.38999938964844,51.01658077358939,0.7018276611364963,dinuc,0.247966392187061,0.2594499098549731
AUYT01000001.1,1671509,1671048,1,-4.226709167471884,0.0544268524725573,49.08000183105469,52.38919555764864,0.540968423572631,dinuc,0.3308429170256805,0.3852697694982378
AVBG01000001.1,364220,364612,1,-5.444153159992015,0.1341326567298154,48.459999084472656,53.95163947700354,0.6512835179200214,dinuc,0.3996018680370755,0.533734524766891
AVPF01000014.1,16286,15957,1,-3.7139962975927863,0.0276671510136025,36.65999984741211,79.38154010028869,0.9163420833571816,dinuc,0.1531947812019033,0.1808619322155059
AVPT01000001.1,119263,118937,1,-2.909838509571838,0.0413907664062954,52.18999481201172,85.93376686990196,1.1305358567683177,dinuc,0.3175705950580131,0.3589613614643085
AWGA01000011.1,91954,92371,1,-1.9750170682221757,0.1060236460852998,52.310001373291016,122.25327530777945,1.2801324223682529,dinuc,0.1856018352878797,0.2916254813731795
AWTT01000047.1,11899,11497,1,-2.232413396214082,0.0310654382170237,41.29999542236328,70.22346289865838,0.7844438188863253,dinuc,0.2561159627024006,0.2871814009194244
AWWH01000164.1,40874,41227,1,-2.309866171262208,0.0478986232041946,43.660003662109375,61.93884533376752,0.776737105136343,dinuc,0.3208944163785112,0.3687930395827059
AYKS02000077.1,19743,20186,1,-3.980166633702313,0.079761063645454,57.94999694824219,74.19225782175047,0.7095866321968007,dinuc,0.2920369801775789,0.371798043823033
AYKS02000100.1,61453,61235,1,-2.680174036209885,0.2029354582051505,26.580001831054688,34.231194952776974,0.7078356418282233,dinuc,0.4524378678683562,0.6553733260735067
AYKS02000108.1,54356,54185,1,0.4259609051621436,0.0996152350641799,17.350000381469727,38.49129589074049,1.0000705928260754,dinuc,0.5722003172589569,0.6718155523231368
AYKS02000112.1,27157,26732,1,-6.242340854027508,0.1141893575121262,51.339996337890625,59.71021932858075,0.6274641547101775,dinuc,0.4568902535408849,0.5710796110530112
AYYO01000017.1,37348,36999,1,-1.614781380484308,0.0546601548832518,40.79000473022461,53.07237315703727,0.6703935975384945,dinuc,0.3430349424807588,0.3976950973640106
AYYS01000016.1,16170,15796,1,-1.010405604478699,0.1145628108226652,34.51000213623047,77.20355771293218,0.9088655002461522,dinuc,0.539155412532151,0.6537182233548163
AYYX01000033.1,10222,9812,1,-1.8438742097023284,0.139163323005615,41.33000183105469,102.48935367368368,1.1919311291128312,dinuc,0.6230655740285541,0.7622288970341692
AYZJ01000050.1,45426,45836,1,-2.189512858509141,0.0133537536762898,52.61000061035156,81.39335086348487,0.8493776870898588,dinuc,0.2776637919409176,0.2910175456172075
AYZK01000001.1,110710,111088,1,-6.506650407450444,0.0563812038221121,48.099998474121094,61.026980209662526,0.6675953756406319,dinuc,0.2747157900628266,0.3310969938849388
AZCX01000002.1,40968,41408,1,-4.528279649736402,0.0410310442424229,57.989990234375,47.79888083214301,0.5397344622393041,dinuc,0.1796739339769932,0.2207049782194161
AZDA01000046.1,92517,92091,1,0.7712987815196318,0.0738388783466689,43.269996643066406,133.03869984813915,1.3476530103537947,dinuc,0.472853259664336,0.5466921380110049
AZDG01000004.1,94290,93909,1,-2.161675705488918,0.0863647896895478,37.32000350952149,106.13995358346446,1.281167148924906,dinuc,0.654250510865264,0.7406153005548118
AZEC01000008.1,70276,70621,1,-4.14793117658118,0.0142741474166091,47.19999694824219,60.53225159392306,0.7202581055014201,dinuc,0.146789335805524,0.1610634832221331
AZEU01000240.1,5254,4873,1,-2.2645291765877245,0.0486798227399388,44.529998779296875,80.91665829698023,0.9269548086329932,dinuc,0.3904462933771105,0.4391261161170493
AZEU01000244.1,1066,660,1,-3.923904973518076,0.0078610982773549,48.68000793457031,87.72945796330222,0.9979749909529476,dinuc,0.4795961377168077,0.4874572359941627
AZFF01000001.1,316837,316445,1,-4.188629039216972,0.0515721975303034,44.839996337890625,81.96337921285776,0.9143225520682612,dinuc,0.4185008342244317,0.4700730317547352
AZFT01000006.1,76107,76493,1,-2.824065794373862,0.1121618860265302,48.86000061035156,53.59872001277123,0.6634277124419696,dinuc,0.3672249038890643,0.4793867899155946
AZFX01000072.1,32981,32606,1,-0.8570165332023212,0.0231418932511762,38.14999771118164,88.17121290111324,1.0980011815752635,dinuc,0.3554436421137458,0.3785855353649221
AZGA01000006.1,57791,57405,1,-2.35973927389148,0.0230896942286004,39.32000350952149,101.02169235919676,1.1462784768608938,dinuc,0.4597812452360691,0.4828709394646695
AZGA01000065.1,19195,18824,1,-3.0006856640848327,0.0399130375443271,41.459999084472656,59.99380825631974,0.710644471727283,dinuc,0.5898283844167721,0.6297414219610993
AZSV01000003.1,100792,100725,1,-0.5467807542942578,0.0294099659526437,6.890000343322754,8.66564294172007,0.6053428814013241,dinuc,0.3771609898647388,0.4065709558173825
BA000019.2,323243,323301,1,-0.76963811714321,0.1395264947757782,5.820000171661377,8.63289270259922,0.6749881655155187,dinuc,0.546045801748074,0.6855722965238523
BA000019.2,2174165,2174295,1,-0.2135626160867842,0.1392500396298399,13.460000038146973,42.33949224089411,1.3129130607136392,dinuc,0.3453134375908914,0.4845634772207313
BA000022.2,460734,460688,1,-0.1611922651044802,0.0787334439839443,3.6399999856948857,6.046540571748669,0.6291691164034808,dinuc,0.6753091603770927,0.754042604361037
BA000028.3,606090,606478,1,-2.2277274639390954,0.071798097965208,46.37000274658203,113.13884848002702,1.2271223927597212,dinuc,0.4405156538826339,0.512313751847842
BA000032.2,551875,551443,1,-3.671186167079906,0.0460365358614515,51.61000061035156,44.37443984717445,0.4828301880975768,dinuc,0.2823022637205162,0.3283387995819678
BA000032.2,1368413,1368823,1,-0.8103925970672144,0.0176310921979878,42.47999572753906,99.47975480662936,1.0756534969863352,dinuc,0.2314579654605426,0.2490890576585304
BA000039.2,889417,889465,1,1.6642671820736514,0.0489495016425298,3.2099999487400055,9.569533772903968,0.897642238140569,dinuc,0.7650388752220288,0.8139883768645587
BA000040.2,5775907,5775809,1,-1.7971542516172825,0.0335772498447775,14.299999237060549,11.722258654318686,0.496315485361845,dinuc,0.4233452481430249,0.4569224979878025
BA000040.2,5776213,5776303,1,-0.6616213630865015,0.071271018469923,14.25,7.057541529725655,0.352165206244944,dinuc,0.3047752056731261,0.3760462241430492
BAEN01000026.1,468,53,1,-0.5936264357128395,0.0665120953385212,43.14999771118164,126.38036270410667,1.2614218046916046,dinuc,0.4431751000964629,0.5096871954349841
BAEN01000068.1,162599,163054,1,-2.4784321252097548,0.0426099063084087,53.19000244140625,84.0762671875413,0.7937556042397237,dinuc,0.4562065600283159,0.4988164663367246
BAEO01000013.1,37458,37896,1,-3.0959042630662843,0.0577984137852888,53.349998474121094,72.60167192522871,0.7402867340149322,dinuc,0.3510693486310239,0.4088677624163128
BAFF01000001.1,43347,42925,1,-1.3437027392001046,0.040400283353148,49.5,91.21138794791658,1.006804781187765,dinuc,0.3547696329918891,0.3951699163450371
BAFF01000006.1,91054,90592,1,-3.669165452919539,0.0950380263017268,53.599998474121094,110.67303106037008,1.0830304876695382,dinuc,0.4526889320748973,0.5477269583766241
BAFF01000015.1,22097,22510,1,-2.154918565080901,0.0468795017361666,48.519996643066406,65.12097993940341,0.6730684332234889,dinuc,0.2319999039543546,0.2788794056905213
BARX01000001.1,290513,290825,1,-2.038835878796502,0.1004722630875769,36.08000183105469,54.928731496611896,0.776946195087862,dinuc,0.3425555395100449,0.4430278025976218
BATJ01000001.1,425288,424859,1,0.6796278883699162,-0.0140480004422194,45.779998779296875,87.1072743934252,0.9442957634026288,dinuc,0.4308163549274695,0.41676835448525
BATJ01000011.1,97631,98071,1,-4.946224118793921,0.0441135452319642,54.40999603271485,81.5909773710331,0.7882765681745604,dinuc,0.3206174672837754,0.3647310125157396
BATL01000025.1,91752,92177,1,-1.884629746306638,0.0418426076494468,45.20000457763672,75.37909580013383,0.7662390325857465,dinuc,0.2753855104372116,0.3172281180866584
BATL01000100.1,1215,1623,1,-0.4221514945734557,0.0145111017880486,43.1099967956543,104.741577828464,1.15349302738556,dinuc,0.1773452922901534,0.1918563940782021
BATM01000044.1,35298,35730,1,-3.60588480153664,0.0503124769406281,49.95000457763672,85.71374762073162,0.8161981010098049,dinuc,0.4627357803789083,0.5130482573195364
BATM01000049.1,10974,11412,1,-2.997762971210561,0.0608698942286587,48.1400032043457,82.63663471729247,0.905732271544376,dinuc,0.3916823530802421,0.4525522473089009
BAUW01000001.1,160033,159616,1,-2.033517825359128,0.0704025609756082,42.1199951171875,122.14021540699532,1.307680578388788,dinuc,0.4477292039176684,0.5181317648932766
BAUW01000014.1,13810,14233,1,-0.4568712332300895,0.0966251386361436,48.07999801635742,137.09590004625105,1.4953714512325178,dinuc,0.4050633215996219,0.5016884602357655
BAXA01000011.1,72794,73149,1,-2.045918786456107,0.0943138283177346,41.13999938964844,93.71230574407416,1.070524109814073,dinuc,0.6029013980627421,0.6972152263804767
BAXA01000011.1,124496,124875,1,-3.409758357172465,0.0946606760947671,47.81999969482422,70.94762643108363,0.8204237844897242,dinuc,0.5168920057436694,0.6115526818384366
BAZF01000024.1,33445,33095,1,-0.95543887497421,-0.0061718792457904,40.58000183105469,66.7711348265979,0.8541067233037266,dinuc,0.2745375781028185,0.2683656988570281
BBMT01000012.1,103071,103500,1,-2.8946496419918333,0.0078208053903526,50.5,90.15197449302346,0.8893480241679722,dinuc,0.2624665742267708,0.2702873796171235
BBMZ01000010.1,77418,76957,1,-2.009245323073252,0.091306905599233,57.68000030517578,65.46166695512191,0.6008774083290681,dinuc,0.3657740644473504,0.4570809700465835
BBRZ01000065.1,23208,22804,1,-2.426923597684802,0.0711480075262226,44.96999740600586,69.20314209607409,0.6848191697428779,dinuc,0.4284741740647144,0.4996221815909371
BBSY01000002.1,1102135,1102227,1,-1.7591769561381276,0.0672165356408286,16.280000686645508,15.336879801278382,0.6356010007661095,dinuc,0.2690800934383363,0.3362966290791649
BCMF01000004.1,215262,215703,1,-3.5183529888495753,0.0143286023554496,53.05000305175781,52.39850325424096,0.5525093654043923,dinuc,0.172481433038758,0.1868100353942077
BDGM02000020.1,14828,14442,1,-2.6226736956430248,0.1158872083998996,36.92000198364258,107.62698344735828,1.1752664412245493,dinuc,0.4266845258121557,0.5425717342120554
BDUF01000020.1,52785,52455,1,-1.531794163591513,0.0481482976406734,36.38999938964844,64.11780526000751,0.8837748863694999,dinuc,0.4026323901387044,0.4507806877793778
BFFO01000005.1,62942,62543,1,-0.4386983835958319,0.0629351925520069,39.42000198364258,83.62012040915059,0.9969954443507808,dinuc,0.4525702763600208,0.5155054689120278
BJCC01000007.1,95681,95285,1,-2.2401846237256926,0.0725079199717462,44.46999740600586,65.3559185326992,0.765350334624765,dinuc,0.3838465006392143,0.4563544206109606
BJLL01000011.1,61016,61401,1,-3.2824697138740357,0.0324093870426516,45.78000259399414,85.3929172732478,0.9823009273201287,dinuc,0.3905839524327266,0.4229933394753783
BJMD01000008.1,170157,169752,1,-5.267251461006607,0.0172161414658992,59.5,54.497244212117835,0.5681268486175788,dinuc,0.3720996423133039,0.3893157837792031
BJYL01000012.1,45785,46148,1,-5.689185904014752,0.0029801077709826,47.8800048828125,43.19417077391109,0.5522776108598036,dinuc,0.4647521375768889,0.4677322453478716
BJYU01000449.1,1144,1052,1,-2.0312155370845204,-0.0006616905427094,12.459999084472656,16.814969979764815,0.6907694552065342,dinuc,0.3413470749231614,0.340685384380452
BJZV01000007.1,3229,3323,1,-3.612427829180241,0.0486523028307964,15.260002136230469,3.397332249174847,0.1550956969319554,dinuc,0.196203114778423,0.2448554176092195
BLLH01000009.1,31759,31369,1,-1.984732982001365,0.0907521827973112,44.08000183105469,96.25131095341162,1.051400516596845,dinuc,0.4258007141206053,0.5165528969179166
BMDT01000001.1,136709,137098,1,-2.708125092584915,0.0682589588303934,44.65999603271485,80.52781561307123,0.9062888625838624,dinuc,0.2409192709447487,0.3091782297751422
BMFK01000002.1,530424,530081,1,-2.090853386935588,0.1059833344967938,31.11999893188477,48.035354866959665,0.6818539596283301,dinuc,0.3864212864011793,0.4924046208979731
BMGB01000001.1,786956,787307,1,-3.5555797835711247,0.0556857801265624,47.850006103515625,68.91108849917343,0.8162005089026024,dinuc,0.4808796059027856,0.5365653860293481
BMGG01000011.1,206409,206315,1,-1.97457889480872,0.0628938685030036,11.940000534057615,11.432499257154056,0.5279148764817343,dinuc,0.3381453754625961,0.4010392439655997
BMGH01000001.1,445635,445974,1,-3.568700469112358,0.0420085304032676,44.83000183105469,64.68669256744653,0.8042098508259232,dinuc,0.322124339849504,0.3641328702527716
BMGP01000005.1,90619,90267,1,-5.710050346236179,0.1163421361089239,52.900001525878906,50.029825451957926,0.5875223534693006,dinuc,0.3491176894471216,0.4654598255560455
BMIR01000002.1,108586,108226,1,-3.538072197359342,-0.0249630057167968,37.48999786376953,53.60001565036345,0.6843214957501509,dinuc,0.7048768276914961,0.6799138219746992
BMIY01000014.1,48097,48546,1,-5.346531115268299,0.0453717464093966,58.649993896484375,78.88244661653412,0.7533812261009941,dinuc,0.5082930258425472,0.5536647722519439
BMJD01000057.1,626,1042,1,-3.855193903162432,0.0628747100998764,52.45000076293945,59.7881483514924,0.631300301266956,dinuc,0.7603874825184405,0.8232621926183169
BMLS01000002.1,390212,390625,1,-2.5807105949376883,0.0547438021119995,49.480003356933594,95.35114215341632,1.0313614822620814,dinuc,0.2295518839194056,0.2842956860314052
BMPO01000001.1,641569,641459,1,-1.1932763429797326,-0.038645412408593,17.360000610351562,32.51335013655495,0.9804206584193976,dinuc,0.3999138660375101,0.3612684536289171
BMTP01000030.1,14581,14240,1,-2.7465290455168985,0.0181142085343744,47.150001525878906,69.01601355629839,0.8028850157063502,dinuc,0.5914607563099026,0.609574964844277
BMYM01000001.1,1375425,1375865,1,-4.9035630157282615,0.0557394463818772,56.81000518798828,55.94650013820673,0.5666375320410917,dinuc,0.3727338156610548,0.428473262042932
BMYM01000002.1,505426,504995,1,-4.638961705418371,0.0251369949435251,56.69999694824219,79.2287380553343,0.8030863062812278,dinuc,0.5375662104518734,0.5627032053953985
BNAP01000004.1,39177,39278,1,-2.7795065635513643,0.0780463527332453,17.200000762939453,6.112034656120384,0.2439094977020151,dinuc,0.2808765991754358,0.3589229519086811
BNBA01000004.1,164286,164717,1,-2.220443609311761,0.0247107368139523,64.85000610351562,80.14025695680999,0.8088728033177238,dinuc,0.3260769008874783,0.3507876377014306
BNCK01000009.1,99479,99820,1,-2.153684570406047,0.0958657976516406,36.37999725341797,66.23151913098769,0.9024773837836224,dinuc,0.3823002042933709,0.4781660019450115
BORC01000001.1,826260,825913,1,-3.109838274569775,0.0219832582853937,34.099998474121094,64.66943365701522,0.8423254373993575,dinuc,0.5237596647874594,0.5457429230728531
BORO01000024.1,50426,50787,1,-4.460493720669019,0.066692413578715,44.39999771118164,83.23618584763372,0.9869614013814426,dinuc,0.2194952756176304,0.2861876891963454
BOSE01000012.1,125511,125923,1,-3.2550789153152833,0.0859468632682379,49.529998779296875,72.64589408054904,0.7640890436573283,dinuc,0.5137661841126469,0.5997130473808848
BOSH01000002.1,320491,320870,1,-5.372992759044761,0.0620272717468246,49.400001525878906,68.01502091307019,0.7902539537274023,dinuc,0.4655038652505894,0.527531136997414
BOSI01000006.1,94812,95232,1,-4.05601198292641,0.0732131507449979,56.469993591308594,59.5456782719905,0.5911778725324058,dinuc,0.405348234164132,0.47856138490913
BSEC01000006.1,79283,79389,1,-0.9946100682357488,0.0274959933559892,15.540000915527344,16.471894551810124,0.6395108031258806,dinuc,0.293963831356161,0.3214598247121503
BSFI01000007.1,617435,617528,1,-1.7276278816239956,0.0776154978980982,15.530000686645508,4.535387954719963,0.2154768576284117,dinuc,0.2095878497482207,0.287203347646319
BSNC01000001.1,591433,591871,1,-2.816409838620596,0.0847239726246599,52.21999740600586,53.13103327074642,0.5639093277564572,dinuc,0.2676714279212667,0.3523954005459266
BSNM01000027.1,185098,184661,1,-3.0615859755012713,0.0972477450050467,53.279998779296875,71.73253184762163,0.7016103360175077,dinuc,0.4565631526237498,0.5538108976287965
BX470251.1,3898998,3898821,1,0.4116489808083191,0.0741680059561618,16.200000762939453,50.92278543264041,1.2301416957199884,dinuc,0.4801488116382127,0.5543168175943746
BX470251.1,4453113,4452673,1,-1.4814560885509125,0.0123018093955464,42.8900032043457,88.19502008428249,0.8925510020141674,dinuc,0.2357040133641308,0.2480058227596772
BX470251.1,5438229,5438142,1,1.4938992775972224,0.167428775666927,4.75,20.445652694177333,1.1403202974340434,dinuc,0.4108445711866915,0.5782733468536185
CAADFC020000016.1,477792,477886,1,-3.051566676794957,0.055974847957897,16.010000228881836,6.048910862066104,0.2615182812909322,dinuc,0.2611621937093388,0.3171370416672358
CAADJD010000020.1,50235,50159,1,-1.574182778168312,0.0328786826605894,7.920000076293945,8.49606898699516,0.5379306259337662,dinuc,0.4424825002091163,0.4753611828697057
CADIJQ010000001.1,1890634,1891037,1,-2.8367531462033844,0.0554425715800282,50.61000061035156,73.42157032339604,0.7974357955367634,dinuc,0.173409206312221,0.2288517778922492
CADIKH010000015.1,130728,130303,1,-1.3171270146650091,-0.2255179128699865,54.12999725341797,79.48976580918597,0.8260644755718702,dinuc,0.4880648392247117,0.2625469263547252
CAFK01000229.1,45252,45129,1,-2.8366852201244637,0.0206305673380011,19.759998321533203,14.462664049744951,0.473710429591838,dinuc,0.3393707161624679,0.360001283500469
CAJFCI010000042.1,26925,26809,1,-2.006349306812494,0.0229213683379324,15.139999389648438,12.395254613023743,0.4428971000375766,dinuc,0.3258797319763243,0.3488011003142567
CAJPFU010000622.1,1830,1471,1,-4.301286030016353,0.023660842217346,46.209999084472656,105.96204061793888,1.223006214326518,dinuc,0.4508058876218938,0.4744667298392398
CAJPFU010000642.1,14178,14569,1,-5.032237665588264,0.0627411660292353,52.36000061035156,68.70676742222442,0.8008324771026789,dinuc,0.4369419191751171,0.4996830852043524
CAJQUM010000001.1,1527801,1528202,1,-1.9530798876246165,0.0437586886580804,53.3800048828125,98.41404058871558,1.016363186510556,dinuc,0.4402129850029969,0.4839716736610774
CAKJTG010000014.1,65743,65406,1,-2.889911698344405,0.0948058633421672,35.040000915527344,62.722987951045766,0.8235590807877265,dinuc,0.2973106957773188,0.392116559119486
CBXF010000013.1,50711,50470,1,0.2980955706506777,0.0722498093088332,22.250001907348633,60.29128829217183,1.1295912640513155,dinuc,0.606606872394183,0.6788566817030163
CBXF010000089.1,13141,13561,1,-1.6308312125014175,0.0923901524034024,48.59000396728515,118.32662074603914,1.1643958962823675,dinuc,0.3070551148743127,0.3994452672777152
CBXF010000132.1,1571,2020,1,-0.2903939380747399,0.1511130463128374,51.29999542236328,68.32679910453061,0.6996357548719081,dinuc,0.3616848260869146,0.512797872399752
CCSE01000001.1,1095928,1095581,1,-2.481414719719285,0.0852705572347474,36.45000457763672,64.63661105659693,0.8598150046540863,dinuc,0.4770179311268336,0.5622884883615811
CCSF01000001.1,48108,48224,1,-2.6209940994947827,-0.0026397010127032,15.540000915527344,18.303828352802626,0.5677489003196756,dinuc,0.4922200784717512,0.489580377459048
CCXS01000001.1,3016508,3016926,1,-4.315031231655343,0.0420073627977654,51.630001068115234,111.90466651032716,1.1100375097684023,dinuc,0.569651466303571,0.6116588291013364
CDGG01000001.1,3341675,3341251,1,-1.3366253777667845,0.0793472334648321,38.099998474121094,113.65187628463406,1.2609155564090009,dinuc,0.4573336346871936,0.5366808681520258
CGIG01000001.1,835093,834644,1,-4.042380134155395,0.0703013355235313,57.209999084472656,61.20315277445833,0.5899112930814747,dinuc,0.0819584304037785,0.1522597659273099
CGIG01000001.1,3764693,3764765,1,-2.4201040669642087,-0.009975590583711,11.929999351501465,6.178422915092445,0.3702490144501045,dinuc,0.3869231141326704,0.3769475235489594
CH724120.1,59839,60271,1,-6.665974125074811,0.0306624375302068,53.589996337890625,67.78144567425221,0.6468679504449114,dinuc,0.3065124139102283,0.3371748514404352
CH724127.1,530596,531032,1,-3.648418328265827,0.0093476473428887,53.67000579833984,71.43150257066074,0.7203745394760532,dinuc,0.6054633923943068,0.6148110397371955
CH724127.1,533282,533645,1,-4.868825954802768,0.0326759449849357,48.5,46.10111029211901,0.5171709231131946,dinuc,0.2694118739948932,0.3020878189798289
CH724156.1,1160367,1160816,1,-2.587040937400584,0.0443276101858197,59.529998779296875,94.81759389477142,0.9165889209373366,dinuc,0.361497759758188,0.4058253699440078
CM001398.1,1729854,1729478,1,-1.0699526697716293,0.1658677367423585,35.709999084472656,76.48851424610348,0.9630421974739608,dinuc,0.5142668105021586,0.6801345472445172
CM001773.1,1501509,1501661,1,-0.756876426528702,0.147876153448381,16.84999942779541,35.4144489284863,0.98058464605615,dinuc,0.4487760548971877,0.5966522083455688
CP000020.2,2883971,2884415,1,-4.540985119213955,0.1343947315064325,52.150001525878906,72.76705265426011,0.7652844724173113,dinuc,0.2864754491614173,0.4208701806678498
CP000115.1,1226107,1226007,1,0.3449559904875868,0.0184949406683274,12.010000228881836,18.15261449822289,0.7550220679120336,dinuc,0.3838541363613301,0.4023490770296575
CP000115.1,3174760,3174853,1,-2.5046151277651196,0.2147101853062781,14.690000534057615,20.48029279731456,0.8250694905181882,dinuc,0.3179866519843208,0.5326968372905989
CP000133.1,1298546,1298647,1,-2.8723047435703357,0.0838906921424612,15.579999923706056,20.734510818379036,0.7398047801803151,dinuc,0.4056826094748725,0.4895733016173337
CP000138.1,533135,533039,1,-1.120004975309019,0.0185286329874695,12.479999542236328,13.826696443020472,0.5475820330680953,dinuc,0.3927479563139643,0.4112765893014339
CP000238.1,275889,275456,1,-7.011232760835549,0.0619526683616383,48.79999923706055,68.32542487047276,0.74172761985352,dinuc,0.4595761438438634,0.5215288122055017
CP000282.1,4759595,4759169,1,-2.116293252257109,0.0998222622654319,50.12000274658203,91.37686125084372,0.9003398294471076,dinuc,0.39519751274659,0.4950197750120219
CP000447.1,861042,861484,1,-3.643924261978771,0.0051732975734233,52.220001220703125,77.31651650875467,0.7826605519226273,dinuc,0.1903630369564154,0.1955363345298387
CP000462.1,4392693,4393138,1,-0.6942774216920922,0.0765283220377493,51.75999450683594,132.56345149237703,1.2606582951182737,dinuc,0.3766569704517516,0.4531852924895009
CP000471.1,3850736,3850296,1,-2.869993645749001,0.0610327255251114,54.92999267578125,91.95261275868891,0.8807894191800094,dinuc,0.3656162287000714,0.4266489542251828
CP000507.1,2399081,2398667,1,-3.8889180277822657,0.0165041933874995,52.38999938964844,107.41084459225002,1.050458797087805,dinuc,0.3428170706926852,0.3593212640801848
CP000507.1,3527485,3527111,1,-4.279820636534097,0.076537000065008,47.93000411987305,47.314456773643805,0.5794487106471217,dinuc,0.4761575303064864,0.5526945303714944
CP000510.1,2635337,2635783,1,-2.9611752008465495,0.0886448567015015,47.849998474121094,101.0334933711136,0.9833686114006984,dinuc,0.4626490136240079,0.5512938703255095
CP000606.1,1341497,1341066,1,-2.3649188567260797,0.0053546784888486,49.15999984741211,76.46975571542524,0.7829887814479422,dinuc,0.5261785260910996,0.5315332045799482
CP000653.1,14627,14699,1,-0.0405872229222211,0.0828912706667646,6.960000038146973,14.556512266536185,0.8697002405532324,dinuc,0.5692921106560589,0.6521833813228235
CP000653.1,4342563,4342450,1,-0.0459875813713873,0.0432211360945348,10.469999313354492,29.955429325734915,1.1814405158403811,dinuc,0.4493519819117196,0.4925731180062545
CP000698.1,5078005,5077546,1,-0.1620891330805566,0.0112688093299031,54.339996337890625,101.93087974698788,0.9896536753611896,dinuc,0.3751954158157425,0.3864642251456456
CP000748.1,107201,107107,1,-1.2085480478283326,0.0010301553359718,14.920000076293944,6.484841034106842,0.309816500503965,dinuc,0.3825607810300869,0.3835909363660588
CP000783.1,2132721,2132283,1,-1.1911712512680448,0.0492386406392076,50.040000915527344,102.16977546659288,1.048542004691034,dinuc,0.3873302577955571,0.4365688984347647
CP000783.1,4293340,4293817,1,-1.3414185586143543,0.0327944071061908,59.08000183105469,114.11531523091918,0.9789410485483836,dinuc,0.4210911302423081,0.4538855373484989
CP000822.1,2972562,2972517,1,-0.123947751714583,0.060675335961677,3.730000138282776,8.64063152369228,0.7852154325253574,dinuc,0.570302270692812,0.6309776066544891
CP000961.1,1710534,1710980,1,-1.807931003137912,0.033452522872748,50.96999740600586,88.17771290170792,0.8988483136759584,dinuc,0.3451177872383389,0.3785703101110869
CP001022.1,1644118,1644565,1,-2.051258473880343,0.0226141996182626,53.30000305175781,122.26612538263336,1.1842481031665872,dinuc,0.4544656453290672,0.4770798449473298
CP001063.1,2115802,2115380,1,-4.13025656885425,0.156086244389126,53.48999786376953,73.07657818492366,0.7335498150557249,dinuc,0.3639992158833446,0.5200854602724706
CP001154.1,893915,894277,1,-1.969178367752985,-0.0035515688459048,48.75,59.53677725877356,0.7393410782936295,dinuc,0.3578378050833548,0.35428623623745
CP001322.1,3194731,3195139,1,-4.095780855553626,0.0739613493221366,54.81999969482422,91.28184378760513,0.8919582091106972,dinuc,0.3510807330235074,0.4250420823456441
CP001339.1,539427,539775,1,-3.642597793862123,0.0084493384376405,51.51000213623047,91.2491348214312,1.0454837721870232,dinuc,0.1036829363202171,0.1121322747578576
CP001349.1,2453017,2453107,1,-3.661566532214018,0.0372189999016246,16.280000686645508,10.491296790286798,0.4171796386779454,dinuc,0.2291056354217296,0.2663246353233542
CP001614.2,4187691,4187263,1,-1.4280300182062593,0.0730338897929511,50.91999816894531,105.4027392974646,1.0729163884887634,dinuc,0.5603216475797486,0.6333555373726997
CP001616.1,637791,638238,1,-4.5688768111560965,0.0185925006381476,54.93000030517578,64.8623077924842,0.6517678177025876,dinuc,0.3626854231998587,0.3812779238380063
CP001616.1,1408231,1408615,1,-3.518860526431246,0.0460707746029065,50.92999649047851,84.56122795033103,0.9353440206559624,dinuc,0.5169807087875262,0.5630514833904328
CP001634.1,2191361,2191710,1,-6.022792906788836,0.0616752112156181,48.499996185302734,61.29225263963259,0.7820884532167082,dinuc,0.4036436495207479,0.465318860736366
CP001707.1,1188307,1188727,1,-1.2448678035368224,0.0189961946666352,46.8599967956543,141.94189881704366,1.4864602723331055,dinuc,0.1833718571085318,0.2023680517751671
CP001720.1,3147826,3147469,1,-2.8073957671824123,0.0268809740292123,32.410003662109375,93.89755725616196,1.1250130970127006,dinuc,0.5588003432174531,0.5856813172466654
CP001878.2,575036,575418,1,-2.3946996057935683,0.1166086356882543,47.28999710083008,69.53525452022632,0.7883163062862584,dinuc,0.4611468024922687,0.577755438180523
CP001983.1,963223,962882,1,-3.9061875768862167,0.143830267326854,35.86000442504883,66.75172302958643,0.8532138478410585,dinuc,0.4575211430152863,0.6013514103421403
CP001983.1,1443413,1442989,1,-1.4146985815755502,0.0183500738005795,41.790000915527344,95.6459320180087,1.0564903003061512,dinuc,0.4958417832705135,0.514191857071093
CP001997.1,1822541,1822101,1,-2.951605304421201,0.1821327222950086,48.37000274658203,69.49992076794763,0.733488972802997,dinuc,0.4705954916850995,0.6527282139801082
CP002028.1,2886507,2886117,1,-3.6701782317330744,0.1231779006988986,37.31999969482422,54.25553491556143,0.663034649107524,dinuc,0.380996684845241,0.5041745855441396
CP002038.1,4500569,4500137,1,-1.04955371826042,0.0365045251556366,49.73999786376953,91.29001404652308,0.900303820013067,dinuc,0.4265014556449401,0.4630059808005768
CP002159.1,465670,466067,1,-4.200220910960573,0.0168442346604971,50.089996337890625,37.765954356151454,0.4452279422811924,dinuc,0.2909037495422095,0.3077479842027066
CP002209.1,1808267,1807875,1,-2.0744414939365137,0.0960741136358604,49.06999969482422,75.31592927850195,0.8048497992608497,dinuc,0.2455144388008824,0.3415885524367429
CP002243.1,53010,53415,1,-2.6160190314101457,0.078042460329082,49.529998779296875,73.77804323637439,0.7777025791044333,dinuc,0.5524534528735736,0.6304959132026556
CP002394.1,320941,321267,1,-1.934686111665865,0.1092773267977937,36.970001220703125,82.54645764858225,1.1712792717724454,dinuc,0.4426775761144104,0.5519549029122042
CP002582.1,3377873,3377525,1,-3.643594658958037,0.3047532806777364,35.880001068115234,77.92485409211004,1.0045394136473225,dinuc,0.5462434771012855,0.850996757779022
CP002583.1,2973493,2973053,1,-2.591340594636835,0.0376714018640608,48.749996185302734,116.34348694675498,1.113153941925746,dinuc,0.4942954212395319,0.5319668231035928
CP002583.1,3280582,3280190,1,-3.746587719845045,0.0004582497836229,47.81999969482422,73.08990066630815,0.7726099538804742,dinuc,0.4859139139973045,0.4863721637809274
CP002727.1,3297127,3297060,1,-1.1376277363438845,0.0109425233850533,8.40999984741211,9.059749224378027,0.5962688654492173,dinuc,0.4596542620557604,0.4705967854408138
CP002780.1,3685318,3684884,1,-0.8772031183406859,0.1289653196063662,43.83000183105469,88.94986839632803,0.9388268686131388,dinuc,0.3758554345956472,0.5048207542020134
CP003032.1,258403,258823,1,-4.062478530818406,0.0208797404638181,53.290000915527344,95.26762107380564,0.971479223465216,dinuc,0.4464828611105352,0.4673626015743534
CP003154.1,1873689,1874098,1,-3.948378911847287,0.0882878239338009,55.95000457763672,91.08163095129368,0.922487962212752,dinuc,0.2943752751869116,0.3826630991207125
CP003169.1,993955,993605,1,-4.379818331042908,0.1200432301782111,47.30999755859375,86.49899588606927,1.013272900877453,dinuc,0.3009948003241123,0.4210380305023234
CP003171.1,984491,984087,1,-4.384216007501128,0.0154434705484983,50.30999755859375,45.00406804112494,0.5296328363518479,dinuc,0.3264945088794824,0.3419379794279807
CP003230.1,610790,611216,1,-2.052349398507603,0.1365500067748404,52.529998779296875,96.91148656451536,0.9515929970442129,dinuc,0.360193763066498,0.4967437698413384
CP003235.1,111631,112099,1,-1.702975444954124,0.0398086358678759,60.28999328613281,86.66905716351144,0.7948754244863909,dinuc,0.544048850338123,0.583857486205999
CP003244.1,1113766,1114206,1,-0.1568474169949609,0.1260961040253649,50.06999969482422,106.29111982319252,1.009585515667028,dinuc,0.4431406859410837,0.5692367899664487
CP003244.1,1658496,1658979,1,-2.5273665140826074,0.0421648615101938,62.07000732421875,118.78975690304884,1.0621072812165258,dinuc,0.4727564287429592,0.5149212902531531
CP003244.1,3475797,3475391,1,-3.318899095344348,0.0739461651473516,48.6300048828125,82.10735420822687,0.9239779448567896,dinuc,0.2994009262629207,0.3733470914102724
CP003350.1,810701,811142,1,-4.577267716108074,0.01628198816965,65.44000244140625,127.20059184039276,1.0541572331163718,dinuc,0.315495070284346,0.3317770584539961
CP003355.1,297742,297391,1,-1.7415959594304602,0.0294299107286153,35.32999801635742,71.51291620550882,0.9085684257542864,dinuc,0.3260213065284609,0.3554512172570762
CP003380.1,2526783,2526368,1,-1.8994474053189905,0.0435560331055994,47.83000183105469,74.25094272319211,0.8126324416472103,dinuc,0.5960772529133637,0.6396332860189631
CP003504.1,1775498,1775881,1,-3.6331422667995046,0.0428771700394347,45.810001373291016,72.64077171459967,0.8264029194079855,dinuc,0.2168892599281127,0.2597664299675475
CP003532.1,2784167,2783805,1,-2.13010839378505,0.0255963941328675,34.77000045776367,85.67949429181003,1.02317604392355,dinuc,0.350893434294895,0.3764898284277626
CP003735.1,2478262,2478624,1,-5.951463311861552,0.0122838295081884,50.66999053955078,38.464702844726425,0.4703312038144598,dinuc,0.58487563821023,0.5971594677184184
CP003735.1,3759637,3759223,1,-2.4184480025179464,0.0264804298583279,47.06999969482422,56.048466377243706,0.6346025770777011,dinuc,0.4649203261592604,0.4914007560175884
CP003923.1,3226800,3227171,1,-3.073129541949535,0.1012604340312423,49.150001525878906,121.13238296811949,1.3918347107626972,dinuc,0.6583755362796809,0.7596359703109232
CP003924.1,333335,333786,1,-3.852423247862728,0.0422748213924312,66.22000122070312,131.15984922291238,1.1785041354403565,dinuc,0.3148303556604175,0.3571051770528488
CP003985.1,428177,428506,1,-2.591722821000769,0.0796778212687612,44.279998779296875,69.35775799002546,0.8775212806309032,dinuc,0.5762774101923511,0.6559552314611123
CP004345.1,1526077,1526438,1,-4.19084572391985,0.0158925534896451,48.959999084472656,59.52074960497376,0.7041484993292091,dinuc,0.2530958231149285,0.2689883766045736
CP004345.1,1984190,1984612,1,-0.5644674704837518,0.0699928212387437,49.26000213623047,125.72886183014306,1.2851657743296068,dinuc,0.5014260135044942,0.571418834743238
CP004345.1,2767131,2766842,1,-1.3199419279215627,0.0275244080789613,32.34000015258789,61.350033567280505,0.9568136320739364,dinuc,0.4061318380994034,0.4336562461783648
CP004345.1,3010965,3010524,1,-3.785159084006929,0.0260866466845054,54.33000183105469,77.7495478140289,0.8064676678235633,dinuc,0.2822882033088932,0.3083748499933986
CP004387.1,4126799,4127198,1,-0.1320169855633744,0.0493580252860796,50.72999572753906,101.74942686633965,1.1456877818070097,dinuc,0.4733456448369438,0.5227036701230235
CP004856.1,869625,870005,1,-2.835437776183548,0.019795432759637,45.10000228881836,96.8892739802839,1.1626887219551785,dinuc,0.1900594363844707,0.2098548691441077
CP004856.1,2251028,2250660,1,-4.126732508150591,0.015332298377137,38.81999969482422,73.60244139188195,0.8764807282544788,dinuc,0.4628974104485523,0.4782297088256894
CP005083.1,1935697,1935593,1,-0.6558308340020804,-0.0175545114931754,12.620000839233398,20.452741479418524,0.7610104033367534,dinuc,0.2270130887120769,0.2094585772189015
CP005973.1,2039951,2040375,1,-2.716349761398954,0.0264265884622169,49.5099983215332,119.043601786904,1.2263031455581046,dinuc,0.1499642371173821,0.176390825579599
CP005974.1,27318,27725,1,-3.431854610805148,0.09352073116801,49.58000183105469,65.57209037382627,0.6981524922163899,dinuc,0.5400912549382251,0.6336119861062351
CP006643.1,2016348,2016715,1,-2.0943531100544144,0.1205531921665535,45.08000183105469,62.63404127053165,0.7213997876540877,dinuc,0.4389297907315466,0.5594829828981002
CP006643.1,3033857,3034307,1,-2.3674210785593743,0.0557458395115162,54.25,124.34832363565988,1.2404891493761754,dinuc,0.4055216098179591,0.4612674493294754
CP006911.1,1446481,1446816,1,-2.246858957730306,0.0643245976549737,41.19999694824219,86.6810975473086,1.1402230617381797,dinuc,0.5623579987373227,0.6266825963922965
CP007029.1,269091,268706,1,-2.212776395823942,0.0461420473719508,49.80999755859375,62.53324334838021,0.7233368486028787,dinuc,0.4458258325747282,0.491967879946679
CP007142.1,2496503,2496098,1,-2.690887533653011,0.0499858456038508,46.339996337890625,85.71065416280247,0.9459720760240532,dinuc,0.1523258470883828,0.2023116926922336
CP007151.1,2080487,2080035,1,-3.0011233844141567,0.0733302472978459,51.80999755859375,78.32039852995425,0.7892227162249548,dinuc,0.2906801676631926,0.3640104149610386
CP007440.1,6527993,6528090,1,-3.0996842447481305,0.0459221687265091,16.5,1.9600941504297735,0.0933431871473152,dinuc,0.3256482281240381,0.3715703968505473
CP007441.1,1208837,1208433,1,-2.5059394704408624,0.0455498589022899,54.720001220703125,50.85243642733454,0.5247451116639059,dinuc,0.337550784829291,0.3831006437315809
CP007453.1,342124,342434,1,-2.8045942266471706,0.0719250196618552,33.30000305175781,51.64658788428276,0.8130440834865504,dinuc,0.6467822669914388,0.7187072866532941
CP007726.1,1914211,1914620,1,-1.2065055891528156,0.0395795422881516,49.54999923706055,131.29277032043402,1.301718551227252,dinuc,0.2956252587359697,0.3352048010241213
CP008849.1,1361531,1361985,1,-4.083527064403566,0.0134390164064699,50.730003356933594,90.84966514952744,0.8832653458302138,dinuc,0.2467735049891205,0.2602125213955905
CP008849.1,3786095,3785678,1,-3.242899390156644,0.0712227249508538,48.09000015258789,59.45992938753073,0.6522349694616791,dinuc,0.7977057095988336,0.8689284345496874
CP008876.1,306723,307075,1,-5.735742743633595,0.0962599205853005,47.099998474121094,74.09840633259574,0.8636711183247213,dinuc,0.4022049950058856,0.4984649155911862
CP009056.1,885102,885494,1,-1.5181904144392016,0.0833130810354509,43.480003356933594,107.1317337535008,1.1283008406879245,dinuc,0.3779902754830329,0.4613033565184839
CP009287.1,6860764,6860350,1,-4.963928176517134,0.0306289959324974,48.08000183105469,93.1988433188342,1.015795590726639,dinuc,0.4923447023966137,0.5229736983291112
CP009455.1,2321216,2321332,1,-2.834225769996077,0.0323655166684871,17.59000015258789,3.7379952634286617,0.1770550395401295,dinuc,0.3935053286860239,0.4258708453545111
CP009533.1,908779,908889,1,-4.964916383312905,0.0290204540252065,18.39999771118164,2.9394656143492077,0.1386009966112561,dinuc,0.2930848526543538,0.3221053066795604
CP009533.1,1664244,1663894,1,-2.854068621423498,0.0571363564109446,43.59000396728515,99.08598749320876,1.236834961694079,dinuc,0.3914749043696177,0.4486112607805623
CP009706.1,351452,351540,1,-0.0767128315719464,0.016816018217715,9.87999963760376,12.47813439233242,0.6656345449923387,dinuc,0.4272383372687419,0.4440543554864569
CP009706.1,1798133,1798582,1,-0.9107386652172385,0.0367172929081357,54.31999969482422,102.44997444571004,0.975602087792016,dinuc,0.340871916495499,0.3775892094036348
CP009706.1,2571208,2570815,1,-1.4348556421633918,0.0664055483875387,43.57999801635742,82.21284930702154,0.9701210295327168,dinuc,0.506258562471212,0.5726641108587508
CP009706.1,3544821,3544328,1,-2.558990238895383,0.0649678191339996,62.410003662109375,73.17279228142584,0.6597533158582481,dinuc,0.4339504587486461,0.4989182778826457
CP009706.1,3666920,3666474,1,-0.1006859798041465,0.0655025029158334,49.17000198364258,83.97239938718465,0.892623696315757,dinuc,0.4565274962176325,0.522029999133466
CP009889.1,964048,964408,1,-2.88253538923024,0.0238199822921015,42.69999694824219,70.34008514503812,0.8594390107764924,dinuc,0.1574210909321343,0.1812410732242358
CP010415.1,3286881,3286769,1,-3.302209222230351,0.0270590457324627,15.439998626708984,6.8261952568086235,0.2778286852995994,dinuc,0.2937676697519734,0.3208267154844361
CP010536.1,808736,809142,1,-3.894691784815992,0.0932658669426836,58.6300048828125,67.75534372197086,0.6569369585534749,dinuc,0.4424181024566422,0.5356839693993259
CP010552.1,560983,561326,1,-3.704794412902603,0.0299656457255877,41.76000213623047,48.10320431394641,0.628810844342294,dinuc,0.579075066105674,0.6090407118312618
CP010796.1,166277,166675,1,-0.7338026851047137,0.0433350971635626,42.54999923706055,78.76272517677089,0.8808463856020659,dinuc,0.4040972920666955,0.4474323892302581
CP010892.1,2286444,2286515,1,-1.3830417037933356,0.0531330719521827,6.939999580383301,9.3256320122731,0.594336551243194,dinuc,0.5999555764129343,0.653088648365117
CP011367.1,2203642,2203261,1,-2.1417611364274864,0.0376458933321378,49.99000549316406,87.97913177639926,0.9720566373670732,dinuc,0.2901760938353251,0.3278219871674629
CP011412.1,287235,287614,1,-2.049966516684529,0.0616137192542095,49.26000213623047,75.5723250779036,0.8634147424724231,dinuc,0.3330752431235455,0.3946889623777549
CP011412.1,3812787,3813174,1,-2.388514817867198,0.1027409318778359,54.83000946044922,76.17751656683397,0.8151168879248416,dinuc,0.3673036625116699,0.4700445943895058
CP011452.2,2785373,2785468,1,-2.942227263226604,0.05894833401004,16.660001754760742,11.613846756333803,0.4518385189590415,dinuc,0.2423668174633949,0.3013151514734349
CP011797.1,631136,630695,1,-1.9884204393512483,0.1020391504114303,49.80999755859375,108.96550353588638,1.1003530157749204,dinuc,0.3710505651676728,0.4730897155791032
CP011974.1,1887421,1887808,1,-6.05533988457198,0.1254229663648636,51.27000427246094,53.13239832411067,0.6115141148865838,dinuc,0.4886813238493382,0.6141042902142019
CP012157.1,1110921,1110602,1,-1.1016542585281104,0.0653686884625299,38.339996337890625,68.61283037554898,0.9149130308584073,dinuc,0.3831739153080324,0.4485426037705624
CP012365.1,1827412,1826998,1,-3.970663913863883,0.052045119340511,53.56999969482422,81.30976580690388,0.8612184849209363,dinuc,0.2233829997384663,0.2754281190789774
CP012602.1,1517582,1518012,1,-3.1412773067009017,0.0630537784357272,49.97999572753906,118.21329973918937,1.238859404538916,dinuc,0.4374616854264768,0.5005154638622041
CP012602.1,3068159,3067776,1,-0.9216890478053816,0.0259183110436381,38.8900032043457,110.26453490851124,1.3723042662350673,dinuc,0.5941514087862279,0.620069719829866
CP013099.1,678974,679332,1,-2.5284929553606452,0.0183486333150385,46.910003662109375,98.04533064353284,1.0594455155283773,dinuc,0.2842395805056648,0.3025882138207033
CP013099.1,3309841,3309435,1,-2.3835888050703726,0.0548321321283457,54.06999969482422,81.14129860317993,0.8447318234590169,dinuc,0.15157660139156,0.2064087335199058
CP013140.1,3434391,3433970,1,-3.481611731606161,0.0051643492198072,64.01000213623047,48.998470496920326,0.4716447987874232,dinuc,0.2553330616648047,0.260497410884612
CP013145.1,676665,676290,1,-3.260735156265643,0.0160628645575183,43.28000259399414,68.16525332854432,0.788200109004848,dinuc,0.3082078161993897,0.324270680756908
CP013187.1,1411314,1410891,1,-4.250928978187789,0.0330038133459187,49.3599967956543,76.50498184033798,0.8203796392794187,dinuc,0.5251104643558043,0.5581142777017231
CP013187.1,3746076,3746457,1,-4.621332622453775,0.0329405070834699,43.55999755859375,38.503928396112734,0.5011474470065662,dinuc,0.2130655581500678,0.2460060652335378
CP013476.1,1678276,1678673,1,-4.294093664417961,-0.0115777546713355,50.8599967956543,32.6123503605841,0.4325101210991911,dinuc,0.4852276283256998,0.4736498736543643
CP013650.1,1730103,1730554,1,-3.0496241783717664,0.0359398390184832,55.20000457763672,92.37037178581998,0.8812120271773639,dinuc,0.3488903280216399,0.3848301670401231
CP013987.1,908348,908459,1,-2.281749736851696,0.0060379586517506,18.830001831054688,7.848503044781588,0.3387018677235962,dinuc,0.4934233897527936,0.4994613484045442
CP013987.1,3123307,3123235,1,-2.078073105116504,0.0357319345701246,9.459999084472656,11.503486216804774,0.5789717587302924,dinuc,0.3052336165263088,0.3409655510964335
CP014135.1,2160096,2159983,1,-2.282501842505732,0.0497089277578881,15.379999160766602,17.997205020400344,0.6106061256806636,dinuc,0.3813949320900595,0.4311038598479476
CP014873.1,1152249,1152648,1,-4.607835557932687,0.0910431112586594,48.779998779296875,63.416103043286384,0.7409341709105719,dinuc,0.4069462107955877,0.4979893220542472
CP015438.1,1858580,1858901,1,-1.9171215990131945,0.0928375541924135,37.45000076293945,102.46844813904256,1.3870119799055722,dinuc,0.3194548024952091,0.4122923566876226
CP016303.1,24355,23914,1,-0.5737878404743204,0.0469449494978146,47.18000411987305,114.4261423868972,1.1394007983498953,dinuc,0.4084542290818148,0.4553991785796294
CP016761.1,1518411,1518013,1,-1.6149852754148353,0.0437134269805884,42.7599983215332,119.52116219285696,1.2968363924050552,dinuc,0.387106909586202,0.4308203365667905
CP016761.1,3174810,3174432,1,-1.6637206850730557,0.0153297471799094,43.71000289916992,104.35628906418066,1.267319304408586,dinuc,0.3957500056020832,0.4110797527819926
CP016761.1,3290855,3290432,1,-3.7796807511077626,0.0731356307005026,44.1400032043457,67.14608992242783,0.7343909403182667,dinuc,0.4610670614389809,0.5342026921394836
CP017151.1,562001,561564,1,-1.2312779164522083,0.0731026915261433,44.869998931884766,112.1513244768002,1.132580263392216,dinuc,0.2549669043880702,0.3280695959142135
CP017448.1,794693,794303,1,-2.757452992794242,0.1530744433773086,55.71000671386719,78.64887482216398,0.8422089806914177,dinuc,0.3632211172987354,0.5162955606760441
CP018632.1,3964561,3964940,1,-4.2097935107050155,0.0375714756880142,51.13999938964844,96.31549342800211,1.067366419191928,dinuc,0.3777741883262429,0.4153456640142571
CP018632.1,6259594,6259168,1,-2.3869658642238436,0.0954941411693557,53.660003662109375,72.95887244334718,0.7426855194788526,dinuc,0.456743901908487,0.5522380430778427
CP018800.1,223873,224286,1,-2.726919939979214,0.1230019582485044,54.029998779296875,98.09336103057105,1.0768733217770865,dinuc,0.4299843730116983,0.5529863312602028
CP019445.1,1260001,1259569,1,-0.8400995699250156,0.0128712221497254,51.61000061035156,94.75870043131016,0.9988510916258944,dinuc,0.3628202450465375,0.3756914671962629
CP019640.1,373847,373406,1,-2.223503160691957,0.0666967271388445,46.730003356933594,117.14664550755136,1.23376326095943,dinuc,0.5073924638364546,0.5740891909752992
CP019706.1,310347,309869,1,-5.790122273759269,0.1324370673949653,60.44000244140625,114.01371500370676,1.0426998214846803,dinuc,0.5123568937966484,0.6447939611916137
CP019706.1,442038,441611,1,-3.3412935454384347,0.0320026755310268,54.57000732421875,72.99405625383763,0.7268417908068876,dinuc,0.3137390970392861,0.3457417725703129
CP019706.1,2637088,2637255,1,-0.0037560511000787,0.0648304917375109,16.819997787475586,25.261109231865813,0.6543509414011837,dinuc,0.5375597761445966,0.6023902678821076
CP020442.2,336902,336812,1,-1.6141419421053311,0.0280536663008778,10.829998970031738,8.742363089311581,0.4318838815071267,dinuc,0.414825758161586,0.4428794244624639
CP020444.2,49428,49526,1,-2.609387476879341,0.1492145384879044,16.690000534057617,3.744355959747063,0.1584424866143951,dinuc,0.2966431872743901,0.4458577257622946
CP020705.1,517652,517217,1,-2.665413648853754,0.0209522627219216,51.81999969482422,152.54923245256992,1.4640330184591694,dinuc,0.3151459089224561,0.3360981716443778
CP020892.1,3798080,3797953,1,-0.7725882476705764,0.0423523333480627,16.079998016357422,28.391925497319225,0.883268568887522,dinuc,0.3873577035308479,0.4297100368789106
CP021106.3,3162680,3163084,1,-2.35510106694919,0.176793191964031,51.75999450683594,103.9749439190514,1.064967396682468,dinuc,0.343760326174114,0.5205535181381451
CP021358.1,2436152,2436480,1,-3.188938592864625,0.0575258401758639,41.12999725341797,52.24604418887717,0.7005143805578626,dinuc,0.557858713634834,0.6153845538106979
CP021376.1,1066853,1066433,1,-2.8623833346016663,0.0719795257448554,48.24000549316406,97.60328142312724,0.9469855560296416,dinuc,0.5244576263898596,0.596437152134715
CP021425.1,25487,25056,1,-1.930400720653044,-0.002919063348885,47.019996643066406,103.53477336434632,1.0401821133535032,dinuc,0.3198185478989193,0.3168994845500342
CP021425.1,4817932,4817557,1,-1.315528469107977,0.0446785592278131,38.3699951171875,98.90188733854816,1.1071916497716086,dinuc,0.4427572689458683,0.4874358281736814
CP021659.1,1522694,1523119,1,-1.525637088912419,0.063107013056115,51.33000183105469,103.4546154853555,1.1175208536034578,dinuc,0.4008775215749428,0.4639845346310579
CP021659.1,2077346,2077484,1,0.673127540144547,0.1080822536019055,13.829999923706056,38.93177094159578,1.1431498756153131,dinuc,0.4613569712147461,0.5694392248166517
CP022113.1,570242,570147,1,-2.3269142630817115,0.0201656755678514,14.829999923706056,10.907828582768618,0.4844272994573704,dinuc,0.2759366692874053,0.2961023448552567
CP022572.1,3785535,3786007,1,-2.6894733418568793,0.0509269880331874,55.03999710083008,111.33577031055528,1.1045756278480607,dinuc,0.550249743724394,0.6011767317575814
CP022657.1,1043243,1043613,1,-3.000346243379778,0.0657573383009826,45.380001068115234,55.385626325787875,0.6521962527792596,dinuc,0.5113055333593705,0.5770628716603531
CP022736.1,1872839,1872441,1,-3.353751979991081,0.0342094995902658,50.20000076293945,62.1055534485921,0.6657359720879591,dinuc,0.4015406506724501,0.4357501502627159
CP022987.1,2967554,2967929,1,-0.9652258364408248,0.0068445378061594,47.11000061035156,105.74530318150588,1.166171412115154,dinuc,0.3962703220522661,0.4031148598584255
CP024123.1,3131138,3130740,1,-3.332131060278269,0.1521447538343474,43.26000213623047,106.32435390693377,1.2304113845723312,dinuc,0.3468904347844518,0.4990351886187992
CP024478.1,4249304,4249177,1,-2.0056280505915156,0.0557359859408731,18.259998321533203,35.4119451247548,1.0816285870962354,dinuc,0.5228440643616928,0.578580050302566
CP024848.1,1169544,1169927,1,-2.095842956467403,0.1883947806830551,43.34000015258789,136.4394757165344,1.5422682920829598,dinuc,0.3825572985609868,0.5709520792440419
CP025084.1,1961425,1961606,1,0.3704509161002755,0.0082855816531756,17.990001678466797,59.77433146672255,1.3827041899439731,dinuc,0.4102822436017176,0.4185678252548933
CP025084.1,4755965,4756393,1,-2.2791051073627493,0.0148262166952072,49.2599983215332,75.8985289351094,0.7560190073597219,dinuc,0.3967303999412126,0.4115566166364199
CP025512.1,2959885,2959788,1,0.8692451617800504,0.034052582040048,10.960000991821287,18.38096124569631,0.8723280329472568,dinuc,0.4378305000563519,0.4718830820963999
CP025682.1,2445979,2446342,1,-2.7639186822053605,0.0044238996242773,50.5,82.46750226379885,0.95412287605563,dinuc,0.3701103543482588,0.3745342539725361
CP027663.1,1670479,1670083,1,1.2414622401655993,0.1686784913770084,45.11000061035156,91.5821211284528,1.0513909037222249,dinuc,0.4106701389537193,0.5793486303307277
CP027860.1,3033323,3032888,1,-2.29692919985063,0.044223725135004,52.1199951171875,98.6824095895911,0.9710950474019004,dinuc,0.2208926415782169,0.265116366713221
CP028922.1,1673255,1673615,1,-3.135899447682358,0.0915976884356089,43.410003662109375,50.50464692642834,0.6456475175012998,dinuc,0.409398895710184,0.500996584145793
CP028922.1,4267752,4267303,1,-2.105218786008603,0.0468154238725148,51.53999710083008,132.11352718149752,1.235274574795485,dinuc,0.2294206440791953,0.2762360679517102
CP029002.1,414675,414339,1,-3.970118484840262,0.343152034416086,40.33000183105469,48.60157658598305,0.6512960811149673,dinuc,0.4090275400350694,0.7521795744511555
CP029185.2,2279034,2278592,1,-1.2437598590121195,0.0194125668815676,46.56999969482422,74.09603517398632,0.756012639589735,dinuc,0.4614978834908312,0.4809104503723988
CP029347.1,695684,696121,1,-2.3708737646132128,0.0389223688226638,54.030006408691406,107.61902131895144,1.0036188375535589,dinuc,0.4362406107322985,0.4751629795549623
CP029347.1,696273,696651,1,-1.9030267653807675,0.0540114844824516,47.60000228881836,75.73169969543933,0.8586568784047666,dinuc,0.3496905972911532,0.4037020817736049
CP029550.1,5258934,5259030,1,-3.7823511242300816,0.0675171669988895,18.709999084472656,13.935829918222725,0.4530482305394729,dinuc,0.2304221070616073,0.2979392740604968
CP029550.1,5893240,5893335,1,-2.2031001787811464,0.0178715421271522,14.84000015258789,5.358753207298758,0.2394530603297965,dinuc,0.2058083370471328,0.223679879174285
CP029843.1,3647364,3646932,1,-2.5001981174816095,0.075184527272794,58.849998474121094,94.9131993474999,0.8533385773274802,dinuc,0.36122860591798,0.4364131331907741
CP031413.1,2279627,2279233,1,-3.328238824880215,0.041530002567705,59.25999450683594,96.1929011251318,0.9761996420969352,dinuc,0.2636618006861763,0.3051918032538813
CP031728.1,4163610,4164024,1,-5.099300132621297,0.0361332727330715,51.6300048828125,68.89840231688812,0.7211136326601718,dinuc,0.2223006562327558,0.2584339289658273
CP034412.1,3029680,3030075,1,-3.6899909116786582,0.0320095453944653,56.089996337890625,80.4523374462144,0.8707119018637121,dinuc,0.6148145371296752,0.6468240825241405
CP034433.1,2588270,2587915,1,-4.916615613460311,0.0115412462855744,47.38999938964844,45.6803303291663,0.5779591999816112,dinuc,0.5716194453541334,0.5831606916397079
CP035492.1,1831110,1830676,1,-1.7955652159997406,0.0302518413708707,44.91999816894531,86.87306297671765,0.918599642092788,dinuc,0.4710257432541246,0.5012775846249954
CP037940.1,1805803,1806202,1,-3.6739893485513586,0.0965880815075016,49.71000289916992,94.9621876180022,1.0260559103477285,dinuc,0.4190482705551567,0.5156363520626583
CP038493.1,3283168,3283612,1,-0.8701573945399627,0.0455305611138752,50.38999557495117,100.71012717383311,0.978666734412659,dinuc,0.2109865816281011,0.2565171427419763
CP039852.1,2331579,2331984,1,-3.4945449263713657,0.0720122417332295,50.9900016784668,40.23330095723039,0.4432283454319821,dinuc,0.3511226302384589,0.4231348719716885
CP040428.1,2296682,2297092,1,-1.9482060935461107,0.0100125306310246,49.62000274658203,99.720274986535,1.011008244908843,dinuc,0.4528910826069633,0.462903613237988
CP040449.1,578414,578060,1,-1.6268693981887463,0.008330835578824,46.93000030517578,97.48706867522564,1.1408583944593396,dinuc,0.3151393255616473,0.3234701611404714
CP040449.1,2369766,2369315,1,-3.820187231898848,0.0729662443616514,57.24000549316406,53.76702997722485,0.5307201168308914,dinuc,0.2713419858386333,0.3443082302002848
CP040602.1,1111714,1112168,1,-1.988659169888667,0.0476741866829526,52.34000396728515,99.61287263653831,0.9483590579156218,dinuc,0.302787266501314,0.3504614531842666
CP040914.1,4412250,4412346,1,-2.8899954066222686,-0.0013500112627364,15.329999923706056,17.181980172008682,0.6172407067369152,dinuc,0.2699527255919681,0.2686027143292316
CP041151.1,2040136,2040567,1,-3.3046577088565523,0.0681092326687419,54.25,133.65483627866791,1.27977812939828,dinuc,0.3929529129028717,0.4610621455716136
CP041151.1,3684750,3684354,1,-1.6147399020794495,0.0122240802348794,38.5,65.40374786774323,0.7576025716041076,dinuc,0.2365004854848256,0.2487245657197051
CP041666.1,302383,301901,1,0.3501192943848292,0.0791246678447143,45.05000305175781,133.60022309784432,1.3284308386584094,dinuc,0.3694444476496555,0.4485691154943699
CP041666.1,1816772,1817156,1,-2.7910167714294487,0.0509593672715034,46.44999694824219,88.33533168008324,0.9943958393986698,dinuc,0.4288053411001319,0.4797647083716353
CP042301.2,1587848,1587948,1,-2.694420466038297,0.0961641562351044,17.780000686645508,5.43455813542595,0.2075604258268129,dinuc,0.2654095159368545,0.3615736721719589
CP042582.1,5098008,5097910,1,-2.466519103675462,-0.0246597168877482,13.48000144958496,16.535034828605106,0.6933902584594714,dinuc,0.3267284557963077,0.3020687389085594
CP042593.1,2945346,2944962,1,-2.638743680205093,0.0308999238653271,37.39999771118164,56.485227057144385,0.7052376963549327,dinuc,0.5284567888957644,0.5593567127610916
CP043046.1,4444325,4443914,1,-1.9085966952046989,0.0687987956549929,57.18000793457031,50.97866459060256,0.5287293761447078,dinuc,0.2909477057743679,0.3597465014293609
CP043404.1,592601,592978,1,-3.5298384593722827,0.1261993535987553,46.439998626708984,63.866122361137336,0.7693811422699257,dinuc,0.5834416896081999,0.7096410432069552
CP043404.1,3278500,3278083,1,-1.9803998616179916,0.1525533436073594,43.21999740600586,110.24892286781518,1.1128918913664023,dinuc,0.2478878448083535,0.4004411884157129
CP045202.1,3111200,3110777,1,-2.644440601772883,-0.0022319606105979,53.13999938964844,79.77973451354484,0.7877958859133207,dinuc,0.2626953854648622,0.2604634248542643
CP045349.1,4232111,4232227,1,-3.8527974710213218,0.0606480154943337,17.330001831054688,13.918308481622152,0.5356672764223331,dinuc,0.5164348986188124,0.5770829141131462
CP045403.1,1397747,1398182,1,-2.7655260438785945,0.0544723716995264,49.41999816894531,127.04525416817644,1.3263088714013882,dinuc,0.4503339254058012,0.5048062971053277
CP045417.1,808764,809207,1,-3.0259779382013754,0.0206252643442153,61.12000274658203,90.01732711945992,0.8150041377425624,dinuc,0.397388819246169,0.4180140835903843
CP045423.1,1772143,1772234,1,-0.943082834125612,0.0077651519507098,16.210002899169922,15.460103260470934,0.5949720219217579,dinuc,0.3848853921905025,0.3926505441412123
CP047476.1,254647,255068,1,-2.1684476444771885,0.0061554033135906,48.400001525878906,88.87763992625844,0.9151635352070192,dinuc,0.2710954233166819,0.2772508266302726
CP047476.1,1639893,1639479,1,-2.723613997575481,0.035215332708811,50.34000396728515,102.39451995145168,0.996097729801505,dinuc,0.3559710719262965,0.3911864046351075
CP048649.1,3112769,3113125,1,-2.1858478322529833,0.0684339761121451,39.54999923706055,93.3425780120469,1.2460109493511542,dinuc,0.5091922002857319,0.5776261763978771
CP048834.1,927900,927994,1,-2.887400249705706,0.1336427744454242,15.90999984741211,5.084538429729888,0.2574416841506386,dinuc,0.3336582557014097,0.4673010301468339
CP049056.1,527325,527416,1,-0.0269138211942145,0.1376085294744097,13.970001220703123,19.34169183540851,0.8610413036981079,dinuc,0.3415696385684219,0.4791781680428317
CP049258.1,611833,611729,1,0.2885354597119134,0.0009979818222214,12.25,33.98346500550197,1.313167502114049,dinuc,0.4154711426087248,0.4164691244309463
CP049258.1,5744426,5744523,1,-0.5890317382003225,0.0895331996498562,14.420001983642578,16.118688690952272,0.6504057117948059,dinuc,0.2787585160783936,0.3682917157282498
CP049332.1,785263,784840,1,-1.4526273955517373,0.0668944091190373,49.06999969482422,78.04238074448274,0.828581791768053,dinuc,0.4842590835802779,0.5511534926993152
CP049872.1,2769408,2769817,1,-3.35414455213192,0.0729236081656557,59.850006103515625,64.27827339465966,0.6636265440427794,dinuc,0.3274568543898867,0.4003804625555424
CP049889.1,516218,515882,1,-4.1764117080708445,0.1006023995575347,33.779998779296875,75.68790468072129,1.0240133712540318,dinuc,0.648427910278824,0.7490303098363587
CP049990.1,736102,735743,1,-3.080740476613254,0.0831541465396069,36.0,71.92391477205797,0.8830581602329504,dinuc,0.5242142342330498,0.6073683807726568
CP050253.1,1754820,1754970,1,-2.217150664338841,0.1183687970026828,13.220001220703123,29.287627679763418,0.8605402243457848,dinuc,0.3444309768490595,0.4627997738517424
CP051180.1,1162928,1162611,1,-3.143277738786411,0.0438392379766756,40.90999984741211,68.10275774537261,0.8826308182460564,dinuc,0.3970214658695772,0.4408607038462528
CP051180.1,1163343,1162970,1,-3.9124890012873785,0.0938281180675278,46.29999923706055,69.762205437979,0.7830562518296685,dinuc,0.3740508598147044,0.4678789778822322
CP051428.1,1969913,1970365,1,-2.996240300196148,0.0953684205522327,62.55999755859375,120.0330751025112,1.0947646874807624,dinuc,0.422387751347143,0.5177561718993757
CP053746.1,597589,597477,1,-1.6513251380687772,0.0421947832205505,16.0,14.88346878415813,0.6014924854426645,dinuc,0.4451685146030477,0.4873632978235982
CP054212.1,3461480,3461203,1,-2.8567780284023145,0.0866854007795118,29.36000061035156,34.98865811233058,0.6168129234804182,dinuc,0.3327934431238251,0.419478843903337
CP054689.1,2466943,2466604,1,-2.5585761049921665,0.0188839014018717,42.13999938964844,63.063075319796006,0.7783844872121737,dinuc,0.5616789717742229,0.5805628731760947
CP054864.1,1858126,1857708,1,-2.814360273986195,0.0570383645470937,53.17999267578125,61.96873761120568,0.6498924260856533,dinuc,0.318210480799114,0.3752488453462078
CP058349.1,4019534,4019642,1,-2.5557109005361776,0.0321919282201468,15.220001220703123,14.654972489592774,0.5404131780362473,dinuc,0.4863638851409864,0.5185558133611333
CP058559.1,868451,868111,1,-0.6117325926028853,0.0922673487976994,31.239999771118164,87.91139725727915,1.219856368246189,dinuc,0.3972611232298704,0.4895284720275699
CP058559.1,2596415,2596032,1,-3.4959858891674487,0.1191898326148239,37.939998626708984,57.50645681705749,0.7334490979436427,dinuc,0.4071655924048621,0.5263554250196861
CP058952.1,2186659,2187029,1,-3.028987961428307,0.0008506425951514,46.93000030517578,42.80419893316007,0.5089226615056772,dinuc,0.3200642381387604,0.3209148807339119
CP060717.1,1307464,1307371,1,-1.139434421664048,0.0262086508236396,12.600000381469728,15.531280811485315,0.6791433413376788,dinuc,0.3387123367724921,0.3649209875961317
CP060724.1,406749,406394,1,-0.7258378472168174,0.1393994947692595,31.579998016357425,94.76255345516556,1.2416429912816584,dinuc,0.5579966665957096,0.6973961613649691
CP061368.1,44270,43842,1,-1.866619633296608,0.0062512417911831,59.84999084472656,120.29485837204489,1.1903602233065227,dinuc,0.3107082385470555,0.3169594803382387
CP061368.1,3425718,3426108,1,-0.7495891026382461,0.0365479627937003,50.81999969482422,135.73741527244127,1.5103712082433305,dinuc,0.4280270463302353,0.4645750091239357
CP061721.1,2632377,2632723,1,-3.436572003574581,0.0273103374831993,49.08000183105469,77.3108932557328,0.8670754297062141,dinuc,0.5945683553407037,0.6218786928239031
CP063356.1,2086797,2087169,1,-3.218383322255217,0.0988445455091978,42.33000183105469,90.48247402586334,1.110214200290445,dinuc,0.5813969549151252,0.6802415004243231
CP064781.1,1203905,1203528,1,-1.6502289526608322,0.1022744346178857,50.83000183105469,66.51746180999004,0.7586517189558027,dinuc,0.2327481667315026,0.3350226013493883
CP064795.1,618396,618835,1,-2.2526060055679347,0.1132634765429178,52.63999938964844,91.16285492936268,0.8814693640065491,dinuc,0.4032170775541812,0.516480554097099
CP064795.1,3190218,3189778,1,-2.55860769971872,0.1098043169801127,49.02000045776367,54.468563597389746,0.5958745035901771,dinuc,0.250590932362799,0.3603952493429118
CP064931.1,1345411,1344998,1,-0.9205140098483436,0.053578177413068,58.19999694824219,95.67061944133896,0.8391142797521132,dinuc,0.2404572712710488,0.2940354486841169
CP067393.1,1673393,1673725,1,-2.4292530700000436,0.075970245369051,36.91999816894531,71.12161004786248,0.9046367355860936,dinuc,0.4469813805482345,0.5229516259172856
CP068053.1,531125,530745,1,-2.7213239695344535,0.1896342496168555,43.779998779296875,104.2493951516201,1.2073707968823053,dinuc,0.1181321399150372,0.3077663895318927
CP071182.1,1732726,1733140,1,-3.8106245277704622,0.0508621089875923,51.780006408691406,113.74613358499232,1.1706236301912034,dinuc,0.5263946785662033,0.5772567875537956
CP072133.1,999905,1000256,1,-1.2958136337485728,0.0201621612460161,36.95999526977539,79.18811973166376,0.946216479137628,dinuc,0.3188437628857609,0.339005924131777
CP072937.1,180895,181032,1,-0.2878757173209737,0.4302977819726011,15.280000686645508,27.13655171059136,0.8652504932681118,dinuc,0.3192606717589793,0.7495584537315805
CP073078.1,1136222,1136317,1,-1.899958652510464,0.0932194490337876,15.44999885559082,13.48519055276396,0.5367997834293878,dinuc,0.3348194648967956,0.4280389139305832
CP076456.1,2837202,2837586,1,-4.497170177281454,0.0572524799026804,53.709991455078125,43.53838764227307,0.4848187843354225,dinuc,0.4814982223088941,0.5387507022115746
CP076643.1,580330,579906,1,-2.1697855256869025,0.0145740890119263,53.25,81.3407548404435,0.8494611947985309,dinuc,0.2011437486507898,0.2157178376627161
CP098242.1,751200,751572,1,-3.7982390827847112,0.0197771984717847,45.02000427246094,42.622101301521845,0.5539683220286244,dinuc,0.2993248724570979,0.3191020709288826
CP100350.1,484193,484625,1,-5.538043388906959,0.0613112283594781,58.52000427246094,75.62594709574114,0.6938287223857375,dinuc,0.2513430288897705,0.3126542572492487
CP117260.1,249149,249057,1,0.4000659235708859,0.0513035821677661,9.75,24.8089234385855,1.0780348306312133,dinuc,0.4570794037109262,0.5083829858786924
CP134400.1,781002,781362,1,-5.794959852261987,0.0415831646171707,51.230003356933594,62.41581366357604,0.7513293955455143,dinuc,0.3891641074583189,0.4307472720754897
CP146991.1,3277845,3277469,1,-1.5413828022346927,0.118707498011411,39.43000411987305,88.75499199807092,1.0244100871451438,dinuc,0.2827815073612859,0.4014890053726969
CP147246.1,2725343,2725705,1,-0.9583854359376937,0.0529600115433731,39.8599967956543,94.73981842197335,1.1122950144275563,dinuc,0.6092894870451857,0.6622494985885589
CR354531.1,2196714,2196282,1,-1.9421712786423448,0.0493735253665234,48.290000915527344,117.41032728669153,1.1243579205470753,dinuc,0.3159568188926031,0.3653303442591266
CR354531.1,2957254,2957102,1,-0.7097385776012521,0.0666853710974051,16.599998474121094,43.63768639008729,1.2721790027629287,dinuc,0.5228451942638179,0.5895305653612231
CR954247.1,89794,90164,1,-1.77531400372009,0.0920671559956988,40.119998931884766,92.453494813441,1.1033173117435766,dinuc,0.3839706477037962,0.476037803699495
CU234118.1,2898709,2898835,1,-0.97649821033005,0.0360138992459777,19.64999771118164,11.858334473981088,0.3781019804098057,dinuc,0.3591173902694621,0.3951312895154398
CYGX02000059.1,66680,67018,1,-2.6595811168846684,0.0467713662068319,48.84000396728515,63.585218091727945,0.7858216359471382,dinuc,0.2790865470002691,0.325857913207101
DF967972.1,890200,890497,1,-1.7670529032130338,0.0965217260456355,39.150001525878906,71.77087623467605,1.045118762239753,dinuc,0.5222823130999925,0.6188040391456281
DF967972.1,3325262,3325570,1,-1.4194631416623786,0.0747371000502612,38.26000213623047,87.08866339678657,1.264581444543636,dinuc,0.3858641964426635,0.4606012964929247
DS022294.1,1056386,1055978,1,-2.439988070725831,0.0917180376419367,52.16999816894531,86.38488465286828,0.9404391302282216,dinuc,0.309614882419315,0.4013329200612517
DS022295.1,362232,361812,1,-1.5796878710563251,0.041269589072939,44.42000198364258,119.1469004679557,1.237018541935537,dinuc,0.6738730780688749,0.715142667141814
FLOC01000008.1,137366,136928,1,0.4616518353019503,0.0890951695140358,46.62999725341797,133.4127421619687,1.3428340930926956,dinuc,0.296040885397794,0.3851360549118298
FLYE01000001.1,62029,62447,1,-4.240713573300235,0.0368306675063661,56.160003662109375,68.21956673125266,0.6974818141403152,dinuc,0.5455087249194916,0.5823393924258577
FMUN01000012.1,23595,23264,1,-5.0239875279133255,0.0506052598620339,53.970001220703125,47.69599403601077,0.5829529677130422,dinuc,0.2830398443093628,0.3336451041713967
FMUN01000012.1,24237,23841,1,-2.4699776373553437,-0.0241073053667844,53.41999053955078,65.78120932389349,0.7591704660617365,dinuc,0.2487228123912381,0.2246155070244537
FMWD01000006.1,253687,253294,1,-4.109898635941912,0.012617184614301,49.68000793457031,112.35056485895213,1.1347323409492514,dinuc,0.3143338051774663,0.3269509897917673
FMWD01000008.1,31173,31562,1,-4.636457458636063,0.0150546103929523,57.43000030517578,42.999042888922126,0.4776011787981323,dinuc,0.4556730871152216,0.4707276975081739
FMWL01000019.1,27250,26866,1,-1.364016560587496,0.0188602932535831,40.77000045776367,62.70681016446788,0.7319691979323476,dinuc,0.3749810064261175,0.3938412996797006
FMZJ01000007.1,138073,138166,1,-1.3188946312125445,0.0598596854878267,13.920000076293944,6.623726864121867,0.3057029517205588,dinuc,0.2861310463417404,0.3459907318295672
FMZJ01000007.1,185142,185262,1,-1.8126660828101469,0.100140233378176,17.830001831054688,27.94671164770949,0.8129436064244325,dinuc,0.237991170346989,0.3381314037251651
FNBG01000058.1,1875,2347,1,-0.2699880005897023,0.1451043878043952,57.67999649047851,138.13397710993732,1.2700223731769735,dinuc,0.3287107041939741,0.4738150919983693
FNCK01000002.1,185625,185982,1,-2.912152334792243,0.0495788937024474,38.40999984741211,44.203525881110075,0.6109183186354802,dinuc,0.2697335886225784,0.3193124823250258
FNCT01000014.1,72210,72051,1,-3.720768779606359,0.0457550998216098,25.009998321533203,18.19711770941901,0.4793758702691909,dinuc,0.3817418693242011,0.4274969691458109
FNDD01000010.1,60149,60547,1,-4.400697832387705,0.08708082168505,46.470001220703125,57.12443220929265,0.662627896978649,dinuc,0.4990655313604201,0.5861463530454701
FNDS01000008.1,171133,171028,1,-0.431856090896643,0.0289438882719177,12.970001220703123,24.87192695644872,0.8664173287645422,dinuc,0.433409161234688,0.4623530495066058
FNFL01000004.1,40653,40280,1,-2.030568196224212,0.0240468350787107,33.75,92.84384885021028,1.1785412836206377,dinuc,0.8942229565184412,0.918269791597152
FNGI01000010.1,137438,136992,1,-3.400971747406952,0.035761523183085,59.49000549316406,74.4620147533034,0.6988199152191343,dinuc,0.2819399871816518,0.3177015103647368
FNHQ01000001.1,90305,89962,1,-1.4643541391580643,0.0677616954176285,26.75,78.16709045597729,1.071274067184422,dinuc,0.4960542948356534,0.563815990253282
FNIJ01000002.1,153847,153538,1,-4.0743805888625735,0.011906626995157,44.11000061035156,74.14008919828407,0.951761734138214,dinuc,0.3601073696336848,0.3720139966288418
FNIJ01000019.1,68161,68047,1,-1.6951691637679658,0.041707055733177,17.469999313354492,22.49869092931061,0.8642601560121977,dinuc,0.4777439723186497,0.5194510280518267
FNIL01000011.1,37929,37615,1,0.1696555191760186,0.0946030199828823,25.950000762939453,93.37046736103268,1.4394637978489355,dinuc,0.4242241525254061,0.5188271725082885
FNIT01000004.1,50777,50686,1,-1.0526073833306304,0.0458413902304077,13.130001068115234,12.297765409607203,0.6180499778596746,dinuc,0.274823463568641,0.3206648537990487
FNNE01000002.1,73428,72990,1,-1.593648260595667,-0.0048375532312984,54.77000427246094,117.1366220715439,1.143834183709967,dinuc,0.2817772183397782,0.2769396651084798
FNNE01000003.1,186936,186472,1,-5.550961606462704,0.0907167443912009,64.77000427246094,87.54309311758342,0.8117305089312528,dinuc,0.41994942294063,0.510666167331831
FNNQ01000001.1,339799,339456,1,-3.92767386963062,0.0646054324335479,39.46999740600586,64.38792555890956,0.7661688371367101,dinuc,0.3604832288827851,0.4250886613163331
FNVQ01000001.1,1356975,1357422,1,-2.7398423479203298,0.0222381937061109,56.94999694824219,114.13515703170756,1.039262750596908,dinuc,0.5040519104447043,0.5262901041508152
FO203512.1,74384,74833,1,-3.239911440973442,0.0453851672188618,51.589996337890625,84.25654122509836,0.8795974639733792,dinuc,0.3877710785319447,0.4331562457508066
FO203527.1,1880137,1879703,1,-2.7939697244097506,0.0261738424777549,49.62000274658203,67.87761466921529,0.6827948853209163,dinuc,0.228210710696308,0.254384553174063
FOAJ01000015.1,13874,13387,1,-3.3278211250202383,0.0346263708942604,62.62999725341797,75.84994818815136,0.6457805458576827,dinuc,0.2922059595656245,0.3268323304598849
FOAS01000007.1,156629,156515,1,-4.0673419426526625,0.0182892237482172,16.490001678466797,20.41685773751534,0.6576192458839563,dinuc,0.3783453173145355,0.3966345410627527
FOBW01000010.1,150900,150478,1,-3.3161027779913392,0.161751187405331,41.09000015258789,92.29404210720637,1.0404400986622735,dinuc,0.5704836755551782,0.7322348629605092
FODY01000004.1,101286,100949,1,-3.816359086989448,0.0796455603336963,37.400001525878906,47.99563408545162,0.6255948341769948,dinuc,0.4381641244838333,0.5178096848175296
FOGV01000004.1,136552,136933,1,-2.3439783680607937,0.0900729754543425,47.82999801635742,104.93843349562871,1.1070193776702315,dinuc,0.3413598217155381,0.4314327971698807
FOHK01000001.1,293932,294331,1,-3.0949240187410383,0.1149709433076979,52.78000259399414,56.941684510275614,0.6404463312274845,dinuc,0.359539705667958,0.474510648975656
FOHK01000008.1,15189,15598,1,-1.4529292810535754,0.0840367296443493,43.4900016784668,104.03407051375017,1.076834448696595,dinuc,0.4562302863251828,0.5402670159695322
FOLH01000001.1,865072,864651,1,-2.548891720867498,0.0540768542379841,47.5099983215332,107.6185716827737,1.0851052405814947,dinuc,0.4447198967558006,0.4987967509937848
FOLH01000002.1,188306,188746,1,-5.815801109334052,0.0653480778068459,61.52000427246094,66.31163016829188,0.6438599132993428,dinuc,0.2619161146003511,0.327264192407197
FOLI01000007.1,60653,60269,1,-1.49119721342931,0.041146640795162,39.15999984741211,96.71196174822832,1.0803541842832696,dinuc,0.6320824732456339,0.673229114040796
FOLO01000021.1,58304,57844,1,-3.273852576382972,0.0863333705433994,53.73999786376953,86.793009066844,0.847512640635806,dinuc,0.4219770089244092,0.5083103794678087
FOMJ01000004.1,206901,207284,1,-3.904657483850943,-0.0127555226626024,59.11000061035156,54.62662810356962,0.6457579543854631,dinuc,0.2313245248951293,0.2185690022325269
FONL01000007.1,95300,94874,1,-0.6371970287187512,0.0896189472403797,41.79000473022461,136.81410484761204,1.3684805547298495,dinuc,0.4319392895270106,0.5215582367673903
FORE01000010.1,166595,167030,1,-5.604681795096488,0.0673241934153113,56.90999603271485,64.27340448812303,0.6292636834283211,dinuc,0.3438776122290549,0.4112018056443662
FORT01000001.1,436231,435932,1,-2.2635931768464967,0.0336562091311405,31.670001983642575,34.971675461560714,0.5429409730726547,dinuc,0.4001086230694285,0.4337648322005691
FORT01000016.1,138734,138292,1,-0.0313076083443517,0.0231783189319607,47.650001525878906,88.23714004237253,0.932062049646237,dinuc,0.3888854276078766,0.4120637465398373
FOSC01000005.1,104329,103843,1,-5.241178303624588,0.0611791249672454,65.4800033569336,126.71818652212346,1.0573733357657915,dinuc,0.2714833833743735,0.332662508341619
FOSR01000008.1,15320,14923,1,-1.7226061733898392,0.0449258727954944,52.510009765625,81.25606583996284,0.9177662164057324,dinuc,0.2819784833063952,0.3269043561018896
FOTY01000011.1,12155,12605,1,-3.970720255747953,0.1205302681382308,56.81999969482422,91.48508712231362,0.8812975062188714,dinuc,0.5857651219359697,0.7062953900742006
FOUI01000007.1,80008,79601,1,-3.0272415872240357,0.0134772708266621,54.53999328613281,44.25579048749535,0.5015969761402344,dinuc,0.2824884298437259,0.2959657006703881
FOVO01000013.1,49814,49620,1,1.24132012603334,0.0337043758795819,16.8799991607666,56.65877406792332,1.3474064785666355,dinuc,0.621180704145267,0.654885080024849
FOXE01000012.1,85127,84751,1,-2.7656176345626564,0.0133163959403727,46.08000183105469,56.92538445705814,0.7154948588761344,dinuc,0.2365744246138052,0.249890820554178
FOXU01000009.1,14594,14973,1,-6.652392613862564,0.0883763770627471,52.87999725341797,58.61919370606232,0.6432000659442626,dinuc,0.4008619976029745,0.4892383746657216
FOYF01000002.1,694434,693997,1,-1.90656270057197,0.0372508848286525,44.05000305175781,105.23916421900712,1.1338310015050947,dinuc,0.3320952471214656,0.3693461319501182
FP236843.1,2779375,2778895,1,-3.3288286719168525,0.0518899444995775,57.31999969482422,127.47079422619932,1.1316873466108357,dinuc,0.3511341451800682,0.4030240896796457
FP236843.1,4928987,4928499,1,-2.7841729200801995,0.0002813218112986,56.83000183105469,142.2162711630554,1.1914874773865607,dinuc,0.2877604580844265,0.2880417798957252
FP929140.1,1401699,1402144,1,-2.4690225520446787,0.0306784829275095,58.6300048828125,80.2078392249756,0.8457969588282068,dinuc,0.1813306991659743,0.2120091820934838
FPIU01000013.1,192010,191645,1,-1.3864745555866025,0.0698710354035182,42.93000411987305,72.24411282372158,0.8844787311712516,dinuc,0.3346441694341923,0.4045152048377106
FPJW01000006.1,32807,33209,1,-3.7826853231273394,0.0418648577761226,53.23999786376953,46.87156272329523,0.4885923747894891,dinuc,0.1802824738523333,0.222147331628456
FQTQ01000057.1,19309,18875,1,-0.3699675546471703,0.176773125071953,39.35000228881836,133.08886401424985,1.3455553300849674,dinuc,0.317234976261901,0.4940081013338541
FQUG01000005.1,98198,98624,1,-3.094789663917868,0.1561781999951885,55.12000274658203,110.4479521274452,1.165999284565466,dinuc,0.5063380596680218,0.6625162596632104
FQWD01000002.1,510407,510043,1,-1.7477438826864578,0.0983630767020158,41.90999984741211,85.97805539179711,1.0718131601641112,dinuc,0.629438271721804,0.7278013484238198
FQWZ01000004.1,419985,419918,1,-0.1161983489802456,0.0401907929160742,4.969999313354492,18.05585844884043,0.9976519884844592,dinuc,0.4030066223439495,0.4431974152600238
FQXG01000001.1,777984,778286,1,-4.1013020319475295,0.0711593736765655,43.149993896484375,73.89014174957435,0.9493918061403236,dinuc,0.4557670112186726,0.5269263848952381
FQXG01000008.1,235526,235107,1,-3.594485457868182,0.0796838077406136,56.779991149902344,48.09302212586574,0.4839109432989354,dinuc,0.2931229522891535,0.3728067600297672
FQXS01000031.1,44397,44023,1,-5.235163084516698,0.0127272506818921,48.90000915527344,46.72482812472885,0.5508973486545381,dinuc,0.374520146320998,0.3872473970028901
FQXZ01000014.1,54561,54189,1,-0.8128657868886904,0.0586311175842896,41.44000244140625,53.48549653524409,0.6414927596292765,dinuc,0.4165079072191365,0.4751390248034262
FQXZ01000041.1,5751,6137,1,-2.1508826330693074,0.1233005567047733,46.630001068115234,84.68493058973223,0.9611619987312764,dinuc,0.4638094467347169,0.5871100034394903
FR879629.1,32381,31906,1,-2.5733687866415593,0.0418302065451247,51.88999938964844,130.01506917292605,1.15616389817785,dinuc,0.3532928385321364,0.3951230450772611
FRAQ01000001.1,2161873,2161437,1,-2.9293601097871846,0.0870405915729513,55.650001525878906,128.7520514519124,1.2467039248918008,dinuc,0.35469940388894,0.4417399954618913
FRCF01000004.1,136956,137337,1,-3.065053967749007,0.1126356344533918,45.97999572753906,84.62707766350256,0.9684580327212816,dinuc,0.3091484001950254,0.4217840346484172
FRFE01000002.1,133746,134160,1,-1.997927437049646,0.0236766051680753,52.88999938964844,79.47473695620327,0.8528382580546294,dinuc,0.5566715354071505,0.5803481405752259
FTMN01000007.1,269151,269569,1,-2.9825352848098747,0.0132015518794288,54.600006103515625,76.40231614023146,0.7715499575622289,dinuc,0.4719449838885051,0.485146535767934
FUFT01000001.1,372269,372713,1,-3.5276898297786112,0.0093859997818494,49.01000213623047,74.39046378287279,0.751207404549446,dinuc,0.173453077612935,0.1828390773947844
FUFT01000005.1,356138,356575,1,-3.6670899300807105,0.0248389446360811,51.06999969482422,61.72624411363781,0.6575907271340926,dinuc,0.2079818400929557,0.2328207847290368
FUGE01000161.1,6664,7099,1,-2.9616860776854983,0.0577677277240909,53.849998474121094,75.8865427217966,0.7647664387278795,dinuc,0.4078926405381685,0.4656603682622594
FUWX01000005.1,18999,18683,1,-2.7573896646112264,0.1517009371711044,29.38000106811523,72.60849464915195,1.129775700740312,dinuc,0.4708850857281658,0.6225860228992702
FUXI01000020.1,16547,16165,1,-2.478028121154612,0.1031047357879856,41.48999786376953,81.51124106788859,0.91189760211979,dinuc,0.7609476619695775,0.8640523977575632
FUYB01000001.1,110873,111332,1,-2.7810748629680804,0.0154248015101056,50.540000915527344,78.7527908787703,0.759002658331015,dinuc,0.3951883234592678,0.4106131249693735
FWXD01000001.1,35185,35483,1,-1.6143642437093948,0.0719701435260354,40.040000915527344,70.64957102360087,1.072254196134979,dinuc,0.4504217260641292,0.5223918695901647
FWXD01000003.1,115157,115548,1,-2.2535847227250514,0.0828824216063834,50.43000793457031,63.22901645312859,0.6874647515116878,dinuc,0.3345195427158057,0.4174019643221892
FXAQ01000042.1,13851,13940,1,-3.681938651128827,0.0498020447049972,14.80999755859375,2.645196004063832,0.1403774541617278,dinuc,0.2558484726060853,0.3056505173110826
FXTU01000001.1,73624,73216,1,-1.981998474297576,0.043864346990196,44.28999710083008,92.0960049397139,0.9910165902641632,dinuc,0.2526090694115249,0.296473416401721
FXUV02000054.1,29680,30043,1,-4.140317928305807,0.0132391471252238,41.19999694824219,89.01759430621667,1.077404607066414,dinuc,0.2864275553469419,0.2996667024721657
FXWH01000002.1,41971,42423,1,-4.495200682036191,0.0157219155974205,57.16999816894531,69.75211350020717,0.6873161047378704,dinuc,0.1557156535103156,0.1714375691077362
FYAH01000001.1,846495,846917,1,-2.287968228900268,0.0171534280391021,47.5,85.33223150126861,0.9453840737965428,dinuc,0.2496940288698427,0.2668474569089449
FYAH01000001.1,1117598,1118043,1,-3.720107417655677,0.0817078542835162,53.87000274658203,57.36465735416139,0.5989204057087301,dinuc,0.5180085944615349,0.5997164487450511
FYAH01000002.1,745263,744817,1,-1.1682471078059449,0.0670945532282702,46.46000289916992,110.3761536306964,1.09340224312858,dinuc,0.5923655335225362,0.6594600867508065
FYAH01000016.1,5031,4602,1,-3.683584027632123,0.2095863389453112,46.720001220703125,78.63833855734912,0.7783145837970424,dinuc,0.4369129691293512,0.6464993080746625
FYEX01000002.1,152221,152649,1,-3.278466540261992,0.132705871869994,52.410003662109375,84.02353420666897,0.8180515325118434,dinuc,0.4615506040766041,0.5942564759465981
FZOT01000004.1,166380,166763,1,-2.690552911658486,0.0182343176789474,50.160003662109375,31.128890809207444,0.3416768825034577,dinuc,0.5365910600831914,0.5548253777621388
FZQB01000003.1,37322,37221,1,-2.185165293542604,0.0405261598818955,12.650001525878906,8.545766878422649,0.420387987063238,dinuc,0.2219585889550847,0.2624847488369802
GCF_000007745.1:NC_006300.1,182425,182812,0,-2.686635942467311,0.0888888047378627,43.4900016784668,84.9233148378393,0.9984776294592216,dinuc,0.5574895594418611,0.6463783641797238
GCF_000007745.1:NC_006300.1,332906,333276,0,-1.6088633472630645,0.0267341378371286,39.70000457763672,92.85060040964652,1.0764733496930836,dinuc,0.3053036409623922,0.3320377787995208
GCF_000007745.1:NC_006300.1,1280349,1280798,0,-1.763744686782728,0.0231238697009494,55.68000030517578,112.99754387571257,1.1311488089146973,dinuc,0.5208349647758995,0.543958834476849
GCF_000007745.1:NC_006300.1,1503133,1503577,0,-6.580746889749759,0.0574125858136064,52.21000671386719,63.91033800514291,0.6224480434166033,dinuc,0.5093647050811567,0.5667772908947631
GCF_000007745.1:NC_006300.1,1791179,1791666,0,0.1328187044350197,0.0832370853706723,55.80999755859375,118.57469444528856,1.0659938724031854,dinuc,0.4252714610837245,0.5085085464543969
GCF_000007745.1:NC_006300.1,1895855,1896232,0,-0.69719109674546,0.0049565857494751,34.570003509521484,83.28492067282102,0.9888344201612612,dinuc,0.515322008505444,0.5202785942549191
GCF_000007745.1:NC_006300.1,2002030,2002443,0,-1.5292605308560103,0.0736677000302381,49.849998474121094,83.04189278843673,0.7979419442664771,dinuc,0.3840484791364819,0.4577161791667201
GCF_000007745.1:NC_006300.1,2005135,2005573,0,-4.132037755455229,0.1349219450959078,56.6099967956543,91.13588327279002,0.8396644388839225,dinuc,0.24263084617793,0.3775527912738379
GCF_000007745.1:NC_006300.1,2006531,2006878,0,-5.772211168207402,0.1742583254070379,44.630001068115234,57.0315509123564,0.724485579124979,dinuc,0.359413258384527,0.5336715837915649
GCF_000007745.1:NC_006300.1,2125968,2126448,0,-3.2288010820087227,-0.0245765228215258,54.74000549316406,103.83848027146536,0.9354531368043436,dinuc,0.3935698261793353,0.3689933033578094
GCF_000015865.1:NC_009012.1,30593,31025,0,0.7248772234171763,0.0612746917869779,42.04999542236328,141.81065995999518,1.4943246309091869,dinuc,0.4428996730061022,0.5041743647930802
GCF_000015865.1:NC_009012.1,200507,200611,0,-0.9491306047116734,0.0809148807178112,13.979999542236328,17.37768329303162,0.6986556236210777,dinuc,0.3111320908307825,0.3920469715485937
GCF_000015865.1:NC_009012.1,200935,201269,0,-3.4178718738476586,0.057610433113752,37.84000015258789,69.33114093730437,0.8900101928624663,dinuc,0.4658617917362643,0.5234722248500163
GCF_000015865.1:NC_009012.1,309837,310208,0,0.1348262463340912,0.07099051964754,35.98999786376953,109.02383103257183,1.2902589738721617,dinuc,0.4014113782092053,0.4724018978567453
GCF_000015865.1:NC_009012.1,380380,380736,0,-3.683148500480172,0.2126743876805839,37.72999954223633,83.49985517770044,1.0390597630275864,dinuc,0.2940097233257584,0.5066841110063424
GCF_000015865.1:NC_009012.1,524582,524712,0,-0.8960882568578211,0.1127045040235263,15.670000076293944,21.99703638252567,0.7447630182207877,dinuc,0.5739147626481017,0.6866192666716281
GCF_000015865.1:NC_009012.1,569361,569433,0,-1.322156127294387,0.0895580216692365,7.710000157356262,9.822149767589597,0.577970329678227,dinuc,0.6174746260591515,0.707032647728388
GCF_000015865.1:NC_009012.1,1002032,1002381,0,-3.1341805903834934,0.0255694956026208,38.1099967956543,51.553081037458696,0.6827433982497748,dinuc,0.2386404125463689,0.2642099081489898
GCF_000015865.1:NC_009012.1,1132821,1133207,0,-1.803310990326799,0.0862434270397881,45.529998779296875,130.8264298149362,1.395706083902266,dinuc,0.4999036848440422,0.5861471118838303
GCF_000015865.1:NC_009012.1,1155128,1155215,0,0.2218944866987612,0.1376663833618957,5.159999847412109,23.077528463001443,1.2776746317085783,dinuc,0.6480117894256895,0.7856781727875852
GCF_000015865.1:NC_009012.1,1187346,1187407,0,0.9266635209685756,0.1233884851517164,4.25,18.00898263392733,1.392473607015426,dinuc,0.6910232984593679,0.8144117836110844
GCF_000015865.1:NC_009012.1,1187424,1187768,0,-0.7700902380503587,0.0899090146896333,36.65999603271485,102.99754808862778,1.4160618373454363,dinuc,0.4700523740539591,0.5599613887435925
GCF_000015865.1:NC_009012.1,1203319,1203391,0,-0.4620089202063162,0.0879317980865233,8.519999980926514,8.163486745305987,0.5160891261453213,dinuc,0.4830607263470486,0.570992524433572
GCF_000015865.1:NC_009012.1,1242715,1242785,0,-0.4720778321969422,0.0789131845469995,7.359999895095825,19.66620410957348,1.1317438397559572,dinuc,0.4530314895683621,0.5319446741153617
GCF_000015865.1:NC_009012.1,1383984,1384095,0,0.5522785230405983,0.0594707209638769,4.62000036239624,21.569736893308,0.9910036770732668,dinuc,0.8852450551808779,0.9447157761447548
GCF_000015865.1:NC_009012.1,1466701,1466747,0,0.6406331122775649,0.1300664752561325,3.2500001192092896,12.511314551797168,1.083469609032064,dinuc,0.588683320549043,0.7187497958051756
GCF_000015865.1:NC_009012.1,1555642,1555687,0,-0.1292581928728054,0.0577481506564354,3.3799997568130493,6.406533073247658,0.6237785496401586,dinuc,0.6110316024268606,0.6687797530832961
GCF_000015865.1:NC_009012.1,1641855,1641942,0,0.9607974156352528,0.0739041429462976,7.269999980926514,25.030417641711015,1.232606860014945,dinuc,0.3970915693225766,0.4709957122688742
GCF_000015865.1:NC_009012.1,2060522,2060654,0,-0.4475989122312371,0.0967721616012509,11.789999961853027,26.20694922007588,0.907752235351838,dinuc,0.4971616831457621,0.593933844747013
GCF_000015865.1:NC_009012.1,2098089,2098539,0,-1.2260502279010213,0.0799890617146782,52.48999786376953,101.50348231624604,0.9628218151423452,dinuc,0.3545314916236265,0.4345205533383048
GCF_000015865.1:NC_009012.1,2099661,2100037,0,-0.9643729594918607,0.1311079603710728,47.08000183105469,68.67246945606227,0.8078305835142854,dinuc,0.2323603218426363,0.3634682822137091
GCF_000015865.1:NC_009012.1,2102924,2103033,0,-0.2192155094591515,0.1175324852015965,11.279999732971191,24.859575986804774,1.0061837819495614,dinuc,0.4789139650807001,0.5964464502822967
GCF_000015865.1:NC_009012.1,2104729,2104821,0,-1.018519534686383,0.135209265523141,8.989999771118164,15.98455222252783,0.8177647471894659,dinuc,0.4493927143154431,0.5846019798385842
GCF_000015865.1:NC_009012.1,2119663,2119800,0,-0.5311345143255916,0.2023371158975495,15.339999198913574,28.12271637207541,0.9352774734362072,dinuc,0.2469652884651319,0.4493024043626815
GCF_000015865.1:NC_009012.1,2267142,2267346,0,-0.9763684939457576,0.1377767395729862,21.61999893188477,30.67737518256159,0.6850753747761363,dinuc,0.2733567657408459,0.4111335053138321
GCF_000015865.1:NC_009012.1,2375428,2375817,0,-0.3781515166434457,0.0352706766825883,43.959999084472656,59.84758139492081,0.6574975542710114,dinuc,0.4983799534028043,0.5336506300853926
GCF_000015865.1:NC_009012.1,2383702,2384170,0,-0.436335926964748,0.0522133254342092,52.74000549316406,118.44088732422124,1.1355224475583925,dinuc,0.3928072024098384,0.4450205278440476
GCF_000015865.1:NC_009012.1,2605512,2605815,0,-4.765875825080543,-0.0221431472931216,35.39999771118164,63.41582692892542,0.9182847684779616,dinuc,0.5464895349372725,0.5243463876441509
GCF_000015865.1:NC_009012.1,2625715,2626201,0,-0.6337056775815745,0.0414663291897426,55.90999603271485,125.74907306426364,1.136120010671471,dinuc,0.3829563877955558,0.4244227169852984
GCF_000015865.1:NC_009012.1,2700633,2700974,0,-8.063809226692705,0.0407271948789738,48.230003356933594,45.08815292905491,0.5984405496621245,dinuc,0.2838006691129016,0.3245278639918754
GCF_000015865.1:NC_009012.1,2726542,2727004,0,-0.9156427303863724,0.0545720791624371,52.34000396728515,118.80640541771864,1.1455377084975094,dinuc,0.3918022315012216,0.4463743106636587
GCF_000015865.1:NC_009012.1,2968250,2968640,0,-3.353447885099335,0.0720135559832579,49.83000183105469,69.09552364995366,0.7839632837985718,dinuc,0.2678854987080491,0.339899054691307
GCF_000015865.1:NC_009012.1,3148362,3148450,0,-0.5897102110086333,0.0830450600613176,7.329999685287476,9.846870337655776,0.5047185057408139,dinuc,0.4268043733842827,0.5098494334456003
GCF_000015865.1:NC_009012.1,3209772,3209922,0,-1.1211224182393866,0.0084735361695003,15.600000381469728,33.18067011705335,1.0249162053988166,dinuc,0.5395011689737641,0.5479747051432644
GCF_000015865.1:NC_009012.1,3243117,3243560,0,1.1702733328826735,0.1079933794545513,48.53999710083008,126.04777930218135,1.2972743447806845,dinuc,0.491905334706477,0.5998987141610284
GCF_000015865.1:NC_009012.1,3347969,3348398,0,1.8269811799631408,0.0635822670122718,41.53999900817871,114.96801109971126,1.2912014304295998,dinuc,0.5707467341661584,0.6343290011784303
GCF_000015865.1:NC_009012.1,3434348,3434747,0,-1.328374093812829,0.0134991289115172,47.81999969482422,99.08587285620868,1.0476292718685494,dinuc,0.4092816482149209,0.4227807771264382
GCF_000015865.1:NC_009012.1,3437051,3437469,0,-0.2553760052989252,0.1058898854891574,43.91999816894531,93.90668291695248,1.0155010872932786,dinuc,0.4592639875890075,0.565153873078165
GCF_000015865.1:NC_009012.1,3437575,3437982,0,-1.2023529791416518,0.0305630900001616,48.810001373291016,84.22648577392422,0.8838409588500751,dinuc,0.5387303749941267,0.5692934649942883
GCF_000015865.1:NC_009012.1,3446243,3446387,0,-3.007107592749435,0.0396224268732556,15.720001220703123,26.97460956116969,0.8460887189682123,dinuc,0.5904453311017488,0.6300677579750045
GCF_000015865.1:NC_009012.1,3473090,3473476,0,1.156879733313274,-0.017410701777146,35.209999084472656,115.83417085505825,1.3021387618152425,dinuc,0.5748328281920926,0.5574221264149465
GCF_000015865.1:NC_009012.1,3665013,3665495,0,-2.5940917289261254,0.0401436586284546,53.71000671386719,85.6313657821283,0.8057424397380998,dinuc,0.2152152638931356,0.2553589225215902
GCF_000015865.1:NC_009012.1,3722809,3722857,0,1.0425416785288233,0.1706209458346468,3.3599999099969864,12.098306795464811,1.1559672227990438,dinuc,0.6044326132171055,0.7750535590517523
GCF_000021485.1:NC_011761.1,1667,1783,0,-1.1609205452700264,0.0626845605995993,17.43000030517578,29.82313741073864,1.0266943787816205,dinuc,0.5548126042769915,0.6174971648765909
GCF_000021485.1:NC_011761.1,117515,117610,0,0.3516229057904992,0.0376544190002182,11.520000457763672,25.654402384768098,1.1290746454986476,dinuc,0.5482384841295117,0.58589290312973
GCF_000021485.1:NC_011761.1,160091,160204,0,1.5875774135226894,0.0074923938318242,11.700000762939451,30.751526971189435,1.1702082610036648,dinuc,0.5350386966667174,0.5425310904985416
GCF_000021485.1:NC_011761.1,172857,172948,0,-1.9531484172874731,-0.0053425843224748,10.389999389648438,20.198315165041908,0.8224853643237615,dinuc,0.5056264715597617,0.5002838872372869
GCF_000021485.1:NC_011761.1,274997,275371,0,-0.8832593716333504,0.0405922357565265,49.86000061035156,74.33987830603714,0.8576640564869153,dinuc,0.2785513494624064,0.3191435852189329
GCF_000021485.1:NC_011761.1,291546,291966,0,-0.5355389740948635,0.0893200393148593,59.480003356933594,124.8692352614102,1.1660384381932112,dinuc,0.3983530099224198,0.4876730492372791
GCF_000021485.1:NC_011761.1,293783,294135,0,0.6594964061345362,0.046975430119499,46.76000213623047,101.1706401655226,1.238714527756878,dinuc,0.3200574690023147,0.3670328991218137
GCF_000021485.1:NC_011761.1,300696,300801,0,1.1413875439052297,0.0767371842021947,11.739999771118164,27.529484762212196,1.027810328653177,dinuc,0.3932230913781092,0.469960275580304
GCF_000021485.1:NC_011761.1,748571,748921,0,-1.816459665701072,0.0384321732295548,44.80999755859375,76.43149386970661,0.9810083558556272,dinuc,0.502685174712358,0.5411173479419128
GCF_000021485.1:NC_011761.1,1081804,1081914,0,0.4828292683296811,0.0351870516718297,15.090002059936523,27.41264822609481,1.003899827166867,dinuc,0.3950353857061651,0.4302224373779949
GCF_000021485.1:NC_011761.1,1409223,1409554,0,-1.1179319641583854,0.0787602341682165,44.50999450683594,76.2384761318193,0.8661892621461426,dinuc,0.6689295007281311,0.7476897348963476
GCF_000021485.1:NC_011761.1,1591260,1591370,0,-0.4803049653200699,0.0476242904514487,14.910001754760742,35.03401406580791,1.156421383657366,dinuc,0.3863064086939199,0.4339306991453686
GCF_000021485.1:NC_011761.1,1642758,1642854,0,-1.9300727258732937,0.0285570487325095,13.689998626708984,12.220405254691608,0.5549864089677357,dinuc,0.5806958314182833,0.6092528801507928
GCF_000021485.1:NC_011761.1,1678626,1678734,0,1.0073827753716011,-0.0723251374594828,13.619998931884766,28.116690331681944,1.0022653528413403,dinuc,0.4884758992381979,0.4161507617787151
GCF_000021485.1:NC_011761.1,1985559,1985910,0,-0.6316886186552642,0.1506569535595473,43.54999923706055,76.4266909213463,0.9730316972832737,dinuc,0.4114830864751587,0.5621400400347061
GCF_000021485.1:NC_011761.1,1985627,1985999,0,0.5669266134821033,0.1513120877178997,43.51000213623047,114.2887472344688,1.290781536938005,dinuc,0.3815783517079447,0.5328904394258445
GCF_000021485.1:NC_011761.1,2209208,2209588,0,-0.4172270086334885,0.2239566467121242,51.589996337890625,132.28269500039087,1.4426580280024237,dinuc,0.248463410483486,0.4724200571956102
GCF_000021485.1:NC_011761.1,2211376,2211782,0,0.5362920811257291,0.1910805247662187,49.22999572753906,106.05914584846292,1.0548959132582254,dinuc,0.194478548384798,0.3855590731510167
GCF_000021485.1:NC_011761.1,2239839,2239962,0,0.4197560561780973,0.0665409310670025,18.01000213623047,43.82635903408599,1.3831467660142156,dinuc,0.3718775262406689,0.4384184573076714
GCF_000021485.1:NC_011761.1,2713925,2714037,0,-0.2516828105788702,0.1620512500461281,14.710000991821287,42.86160496709131,1.4593881413165966,dinuc,0.3878903250873524,0.5499415751334805
GCF_000021485.1:NC_011761.1,2856408,2856520,0,-0.1754781078256031,0.0585417365712854,14.64999771118164,26.424344318913384,0.917471994370628,dinuc,0.4690192342788361,0.5275609708501215
GCF_000022305.1:NC_011992.1,203307,203423,0,2.0944564830373715,0.0106196229161036,14.920001983642578,49.36970926857167,1.7332063909977495,dinuc,0.4050345778532508,0.4156542007693545
GCF_000022305.1:NC_011992.1,290923,291364,0,-0.0870537127928419,0.0494989027241924,65.23999786376953,80.62838471200139,0.8133184705362909,dinuc,0.2909543797418992,0.3404532824660917
GCF_000022305.1:NC_011992.1,291849,292290,0,-3.438814217404576,0.1148136634330294,60.91999816894531,56.54706289432364,0.5313862305188914,dinuc,0.3794316025759307,0.4942452660089602
GCF_000022305.1:NC_011992.1,428871,428980,0,-0.8218112917633608,0.0072412901660369,16.389999389648438,13.24235839050759,0.4376404562079782,dinuc,0.3692069251207049,0.3764482152867419
GCF_000022305.1:NC_011992.1,616967,617083,0,-0.4214851957716601,0.1176121209720872,16.80999755859375,15.180536713803535,0.5104747878390941,dinuc,0.3477265627274054,0.4653386836994926
GCF_000022305.1:NC_011992.1,645037,645152,0,-3.0254663715213206,0.1067927454429441,17.419998168945312,9.332773555286373,0.3851375247275658,dinuc,0.4232550514274977,0.5300477968704419
GCF_000022305.1:NC_011992.1,748651,748763,0,-1.4164727096075762,0.026064180014969,16.170000076293945,6.3706086980651015,0.2599691013327811,dinuc,0.5610952447051969,0.5871594247201659
GCF_000022305.1:NC_011992.1,1228912,1229004,0,-0.0567168321911798,0.0253266427857997,12.25,19.384609374963503,0.9184174238043332,dinuc,0.4285085774832931,0.4538352202690928
GCF_000022305.1:NC_011992.1,1316177,1316289,0,-2.751978554351264,0.1059147507096576,16.220001220703125,15.247613179003784,0.6395928552254523,dinuc,0.6623813884213263,0.7682961391309839
GCF_000022305.1:NC_011992.1,1346576,1346669,0,-2.357957814934871,0.0243696310328381,13.479999542236328,17.522244997865872,0.6939508192967981,dinuc,0.2256505745215855,0.2500202055544236
GCF_000022305.1:NC_011992.1,1370840,1370935,0,-0.8478811229085931,0.0412740012500782,9.719999313354492,5.325309702909574,0.2772265376998315,dinuc,0.8651801613670969,0.9064541626171752
GCF_000022305.1:NC_011992.1,1465910,1466098,0,0.8355202787947531,0.0192030098119052,22.590002059936523,49.53659287347264,1.0831560459301643,dinuc,0.3544830932578213,0.3736861030697266
GCF_000022305.1:NC_011992.1,1806223,1806341,0,-2.777613981107513,0.0391651550847282,17.660001754760742,3.4052099422234576,0.1306177876956064,dinuc,0.3834780574022286,0.4226432124869569
GCF_000022305.1:NC_011992.1,2016244,2016354,0,-0.6783767851980324,0.0905958139598346,12.499998092651367,22.02048031674462,0.8141741567877727,dinuc,0.3205774997112461,0.4111733136710807
GCF_000022305.1:NC_011992.1,2064370,2064464,0,0.3243183134999907,0.0303147110108458,14.779998779296877,12.246924142391933,0.5565894067795669,dinuc,0.28201467020658,0.3123293812174258
GCF_000022305.1:NC_011992.1,2897602,2897718,0,-0.9252345292673724,0.0668663485976186,17.670000076293945,15.258662677075776,0.4889638066594498,dinuc,0.3827467101321303,0.449613058729749
GCF_000022305.1:NC_011992.1,3468043,3468159,0,-0.8118968483906067,0.0677486718631845,17.229999542236328,13.305907330645812,0.5271593404265028,dinuc,0.4981928763341318,0.5659415481973163
GCF_000022305.1:NC_011992.1,3473157,3473495,0,-4.2717410165619665,0.0150343193130245,46.81999969482422,34.986907978229205,0.442097558542356,dinuc,0.2752613773652633,0.2902956966782878
GCF_000024285.1:NC_013205.1,116494,116582,0,0.3508667998012351,0.0175908158518275,9.119999885559082,27.633351004306277,1.3601895493289502,dinuc,0.5572515149872078,0.5748423308390354
GCF_000024285.1:NC_013205.1,121920,122032,0,-0.642658935132061,0.070446544836131,16.799999237060547,17.069344161275794,0.6066864663125374,dinuc,0.4027930759977941,0.4732396208339251
GCF_000024285.1:NC_013205.1,273383,273473,0,-0.0867683613337077,0.0685218340819148,10.890000343322754,32.63501775117727,1.4926586382571292,dinuc,0.320825945146006,0.3893477792279208
GCF_000024285.1:NC_013205.1,322370,322464,0,-1.0761983730339029,0.0288867512851619,11.229999542236328,14.053335123969486,0.6175634664698461,dinuc,0.3300005127438828,0.3588872640290448
GCF_000024285.1:NC_013205.1,328628,328724,0,-0.7429888105881436,0.0913843327525273,12.31999969482422,21.134081134080724,0.8998255359606006,dinuc,0.3735605200051643,0.4649448527576917
GCF_000024285.1:NC_013205.1,423753,423851,0,1.2201397726263954,0.0564329886492688,11.510002136230469,44.33386487047929,1.81565260488276,dinuc,0.504442577053689,0.5608755657029578
GCF_000024285.1:NC_013205.1,424967,425061,0,0.3317369185202796,0.0296479514783518,10.960000991821287,19.73957329497568,0.7950257158653418,dinuc,0.4186491344606644,0.4482970859390162
GCF_000024285.1:NC_013205.1,440110,440211,0,-0.5756422222243466,0.0590937798880055,11.799999237060549,12.58804526358308,0.4994859600129382,dinuc,0.3589907439465577,0.4180845238345633
GCF_000024285.1:NC_013205.1,548300,548395,0,-1.1725773824645525,0.0599624059666494,13.479997634887695,14.79944610802958,0.534526861430384,dinuc,0.1295896472749501,0.1895520532415996
GCF_000024285.1:NC_013205.1,561864,561970,0,1.113616242241767,0.0198625197991991,11.40999984741211,37.128713621851645,1.409246249434899,dinuc,0.6039940909226433,0.6238566107218425
GCF_000024285.1:NC_013205.1,631635,631727,0,0.5613764106379526,0.0124011122343609,11.35999870300293,23.33948621822571,0.9589560543926532,dinuc,0.4787336847609261,0.491134796995287
GCF_000024285.1:NC_013205.1,633939,634036,0,-0.3563585028463495,0.0442866368017387,12.26999855041504,6.6666855834164584,0.3012518400421858,dinuc,0.4584879156837722,0.502774552485511
GCF_000024285.1:NC_013205.1,643727,643825,0,-0.080918220515063,0.00038322962764,12.210000991821287,11.413006316315183,0.501438044452692,dinuc,0.6350926309937066,0.6354758606213466
GCF_000024285.1:NC_013205.1,645435,645526,0,1.2270488212963222,0.1015523286615016,10.629999160766602,23.40541421096161,1.047942571270978,dinuc,0.484042868707373,0.5855951973688747
GCF_000024285.1:NC_013205.1,1147404,1147502,0,-0.4881030426876256,-0.0001413490603995,12.049999237060549,26.77729341111153,1.0687150826657008,dinuc,0.4346961273736171,0.4345547783132176
GCF_000024285.1:NC_013205.1,1423020,1423114,0,1.14765983797951,0.0243102143076313,12.090001106262209,14.635879545209129,0.6546782620047833,dinuc,0.4765236835674329,0.5008338978750643
GCF_000024285.1:NC_013205.1,1446994,1447089,0,-1.1208580684375613,0.0247500130516931,15.670001983642578,7.34914405621387,0.3232756061914756,dinuc,0.4905108166667793,0.5152608297184724
GCF_000024285.1:NC_013205.1,1462171,1462274,0,-1.2958207543827127,0.0391903996094181,16.219999313354492,5.2858679647865685,0.2373132239181958,dinuc,0.3829377555370856,0.4221281551465037
GCF_000024285.1:NC_013205.1,1468938,1469036,0,-0.4276850282091274,0.0581408442175074,10.079999923706056,9.269375166625712,0.4632650422730353,dinuc,0.7761235477341365,0.8342643919516439
GCF_000024285.1:NC_013205.1,1485501,1485590,0,0.2595754805480923,0.0274058334412367,12.610000610351562,11.027591964155638,0.5245055881043044,dinuc,0.4762922517914417,0.5036980852326784
GCF_000024285.1:NC_013205.1,1485863,1485954,0,-1.1042353746429592,0.0446593433106466,11.260000228881836,9.259658897892832,0.3804165015028634,dinuc,0.3330435583720277,0.3777029016826744
GCF_000024285.1:NC_013205.1,1527993,1528086,0,-1.5459668902302546,0.0600939246644408,11.879999160766602,13.551645423702736,0.5491387591492625,dinuc,0.4103793914965326,0.4704733161609735
GCF_000024285.1:NC_013205.1,1545909,1545999,0,-1.3259321712555436,0.0285144179636258,13.499998092651367,4.067486281150822,0.2125626083155033,dinuc,0.3395794656213667,0.3680938835849925
GCF_000024285.1:NC_013205.1,1566016,1566101,0,1.3020810058754024,0.0258156915162768,7.779999732971191,31.21326638313152,1.6454911806057444,dinuc,0.5200364979166978,0.5458521894329746
GCF_000024285.1:NC_013205.1,1616212,1616326,0,-0.7685499642750319,0.119248606122008,17.43000030517578,10.157586221931124,0.4140640280030123,dinuc,0.4677823671685857,0.5870309732905937
GCF_000024285.1:NC_013205.1,1656264,1656384,0,-0.5192717369791138,0.0187492962741471,19.329999923706055,22.417537353771007,0.6755011190839698,dinuc,0.6167636596168108,0.6355129558909579
GCF_000024285.1:NC_013205.1,1691038,1691148,0,0.2707455027553043,0.0703354317176901,16.229999542236328,18.13721464709993,0.7362413880750491,dinuc,0.3429292904823288,0.413264722200019
GCF_000024285.1:NC_013205.1,1770837,1770934,0,-0.5718077833225121,0.0284478188452039,11.870000839233398,35.85923719789934,1.2863577810782394,dinuc,0.4122492297976787,0.4406970486428826
GCF_000024285.1:NC_013205.1,1863334,1863401,0,-1.1012902769816657,0.1179990670300411,5.899999618530273,14.55772309913143,0.8079280853728404,dinuc,0.4923882939774531,0.6103873610074942
GCF_000024285.1:NC_013205.1,1968378,1968475,0,0.1350445058869785,0.0557617692110754,13.030000686645508,23.939017520563308,0.9754653827965856,dinuc,0.3742761191742566,0.4300378883853321
GCF_000024285.1:NC_013205.1,1999109,1999200,0,0.6981857916637277,0.0770639878881869,14.369998931884766,12.64439532072534,0.617883184443335,dinuc,0.3509117664081185,0.4279757542963054
GCF_000024285.1:NC_013205.1,2232568,2232665,0,-1.822988318493998,0.0152993175145883,15.169998168945312,19.81608276422198,0.7425403339627272,dinuc,0.4795484487765721,0.4948477662911605
GCF_000024285.1:NC_013205.1,2271923,2271994,0,-0.0780316257071388,0.0934374231455146,8.8100004196167,18.001949026583688,1.1149419153514095,dinuc,0.5135531282610123,0.6069905514065269
GCF_000024285.1:NC_013205.1,2765097,2765206,0,-0.486831953767583,0.0361205281712179,16.689998626708984,8.476966888520142,0.3725390794341218,dinuc,0.4124387574957215,0.4485592856669395
GCF_000024285.1:NC_013205.1,2772836,2772928,0,1.4461964749417373,0.1062725717226284,12.809999465942385,38.51356234013291,1.6878848529122834,dinuc,0.3827384501970464,0.4890110219196748
GCF_000024285.1:NC_013205.1,2776070,2776160,0,0.2934993125409547,0.0432992716710961,9.950000762939451,20.048314638110913,0.9275340618931404,dinuc,0.5045179973945421,0.5478172690656382
GCF_000024285.1:NC_013205.1,2777338,2777436,0,-1.4790759340305322,0.0552689292675319,12.850000381469728,19.92363014598063,0.7933794436968935,dinuc,0.6294485433654416,0.6847174726329736
GCF_000024285.1:NC_013205.1,2789700,2789792,0,0.3884026545255813,0.0321269708789054,9.410000801086426,37.1897589857474,1.5980643929431513,dinuc,0.3564454382333064,0.3885724091122118
GCF_000024285.1:NC_013205.1,2791543,2791629,0,-0.7682801943316108,0.0746957046157618,12.669998168945312,23.177419139149485,1.14706923854204,dinuc,0.3616168701186819,0.4363125747344437
GCF_000024285.1:NC_013205.1,2825248,2825341,0,-1.344729190697456,0.045931119077183,14.240001678466797,5.128566112592703,0.2467362833354794,dinuc,0.4882000804349953,0.5341311995121784
GCF_000024285.1:NC_013205.1,2825817,2825912,0,1.1758722697193098,0.0482592312143092,11.039999961853027,21.07372102860147,0.8986645340738515,dinuc,0.3879854060529337,0.436244637267243
GCF_000024285.1:NC_013205.1,2841127,2841228,0,0.0611471228759976,0.0473627821739343,10.89000129699707,21.47311562390974,0.8950433067826489,dinuc,0.4079007598113323,0.4552635419852667
GCF_000024285.1:NC_013205.1,2846599,2846691,0,0.7713322749992428,0.0576432891122256,9.210000038146973,25.66084689583913,1.110300777153541,dinuc,0.7160439988881461,0.7736872880003717
GCF_000024285.1:NC_013205.1,3001511,3001603,0,-0.6582673127366927,0.0326410821555662,13.370000839233398,21.536437559399996,0.8311870758534855,dinuc,0.4132807330589169,0.4459218152144831
GCF_000024285.1:NC_013205.1,3002760,3003069,0,-1.640997476024011,0.0721419528040542,40.33000183105469,59.46131811222123,0.8379851718766126,dinuc,0.4531253619754103,0.5252673147794645
GCF_000024285.1:NC_013205.1,3018648,3018755,0,1.5809549903705786,0.0735138757424274,12.479999542236328,40.59674459196733,1.6458825886190735,dinuc,0.4863561482619944,0.5598700240044219
GCF_000024285.1:NC_013206.1,10288,10381,0,-0.2763282871071711,0.0241339803776687,12.40999984741211,7.402617528788845,0.3486933177667599,dinuc,0.3776999030910392,0.401833883468708
GCF_000024285.1:NC_013206.1,48025,48115,0,-2.7901147929564063,0.0321106776615351,13.860000610351562,6.436079529207298,0.2908667541573453,dinuc,0.5206808580866054,0.5527915357481406
GCF_000024285.1:NC_013207.1,65846,65939,0,0.163656257604488,0.0857670451115943,13.749998092651367,6.362469131623168,0.3069993175994846,dinuc,0.2974014495287104,0.3831684946403047
GCF_000024285.1:NC_013207.1,68155,68248,0,-0.8477334891353498,0.0418667050678921,10.220001220703123,19.613235431349327,0.9015818713655128,dinuc,0.4667735522946633,0.5086402573625555
GCF_000024285.1:NC_013207.1,80110,80214,0,0.1810648248271241,0.0663732841387049,12.849998474121094,30.02922945623385,1.0630854893770785,dinuc,0.5488212694273167,0.6151945535660216
GCF_000024285.1:NC_013207.1,81824,81915,0,1.2915584951183774,0.0878459202722597,9.84999942779541,25.27305261046665,1.138215608575415,dinuc,0.4618989396957315,0.5497448599679913
GCF_000025305.1:NC_013740.1,4300,4386,0,0.1857473241269107,0.0787064679573936,7.71999979019165,23.024919285321253,1.0442183250533952,dinuc,0.4520371192639322,0.5307435872213259
GCF_000025305.1:NC_013740.1,48427,48516,0,-0.8726072877215161,0.0491093691167105,11.179999351501465,17.421134478138974,0.8780394799678914,dinuc,0.4925033646490412,0.5416127337657518
GCF_000025305.1:NC_013740.1,51128,51222,0,-1.5575378206406296,0.0693606608190174,9.940000534057615,8.19411069011638,0.3692029883022547,dinuc,0.7204347598356244,0.7897954206546419
GCF_000025305.1:NC_013740.1,90210,90277,0,1.8469541515939891,0.0715815149565578,7.069999694824219,28.42948205811874,1.9269829930417444,dinuc,0.5252031334634734,0.5967846484200312
GCF_000025305.1:NC_013740.1,311127,311591,0,-3.213477395864901,0.0307440491389606,59.17000579833984,60.649351805858906,0.5663279843860138,dinuc,0.3327339198636994,0.3634779690026601
GCF_000025305.1:NC_013740.1,387286,387435,0,1.7959060096239694,0.1178240425056022,14.450000762939451,45.552189229190894,1.2872170413264514,dinuc,0.3718955149581621,0.4897195574637643
GCF_000025305.1:NC_013740.1,396313,396406,0,-0.8364590477198793,0.0697148311964009,10.989999771118164,21.656453337222867,0.878761764389205,dinuc,0.4114386851819104,0.4811535163783113
GCF_000025305.1:NC_013740.1,397997,398085,0,-0.096421459853805,0.0967055926997708,9.889999866485596,12.049647067952153,0.5806817360824567,dinuc,0.2327113535577254,0.3294169462574962
GCF_000025305.1:NC_013740.1,410690,410828,0,-5.162635730607492,0.1811726585680897,17.65999984741211,28.942492458031733,0.8539970158465944,dinuc,0.4679148076683429,0.6490874662364327
GCF_000025305.1:NC_013740.1,410969,411083,0,-1.6282122468853386,0.1611724268762506,19.020000457763672,10.946383444661231,0.4370197633811496,dinuc,0.50876348823435,0.6699359151106007
GCF_000025305.1:NC_013740.1,441744,441840,0,0.0137300797890896,0.050776661060248,12.570001602172852,36.33686791689058,1.4465130463250413,dinuc,0.4549749027034791,0.5057515637637272
GCF_000025305.1:NC_013740.1,465974,466068,0,-4.218433285505811,0.0895408415897229,12.089998245239258,18.665751743747663,0.8230746026020743,dinuc,0.5402119856533619,0.6297528272430849
GCF_000025305.1:NC_013740.1,530166,530523,0,-4.899123823600006,0.0522563518633408,47.540000915527344,74.05405151768524,0.8157894995914784,dinuc,0.5180401265500166,0.5702964784133575
GCF_000025305.1:NC_013740.1,541587,541659,0,-1.0025776759433676,0.0927413827010468,8.839999198913574,7.962687571874958,0.4426139163729308,dinuc,0.5012858525076106,0.5940272352086574
GCF_000025305.1:NC_013740.1,636891,637283,0,-3.1696952271681633,0.0922337325931091,53.230003356933594,46.307885010862194,0.5558127297426297,dinuc,0.3813220288491786,0.4735557614422877
GCF_000025305.1:NC_013740.1,869487,869845,0,-5.682020480669761,0.1005854853565311,48.410003662109375,85.47911871218298,1.0447493936006649,dinuc,0.3556605894462424,0.4562460748027736
GCF_000025305.1:NC_013740.1,895631,895717,0,-0.954001409014918,-0.000863194344592,11.460000991821287,17.973358066987764,0.865521671021203,dinuc,0.4704055947733735,0.4695424004287815
GCF_000025305.1:NC_013740.1,1121095,1121232,0,0.1263634429042972,0.1200179828053102,17.8700008392334,32.7416055385888,1.00144799507037,dinuc,0.3218794298602201,0.4418974126655303
GCF_000025305.1:NC_013740.1,1263348,1263709,0,-0.9079833718212116,0.1269552060291802,42.35000228881836,59.280006543342736,0.7166522216964721,dinuc,0.366416642349638,0.4933718483788183
GCF_000025305.1:NC_013740.1,1338482,1338575,0,-2.330065269522068,0.0147387256505742,13.780000686645508,4.82685497556385,0.223439090810304,dinuc,0.3980791983616995,0.4128179240122737
GCF_000025305.1:NC_013740.1,1344603,1344779,0,0.450229165941485,0.0683811380381713,10.74000072479248,41.02594549012351,1.015783209847072,dinuc,0.6605060688166001,0.7288872068547715
GCF_000025305.1:NC_013740.1,1504393,1504485,0,-1.791468714365818,0.0516499967251749,14.270002365112305,6.893453475821531,0.3002142535044384,dinuc,0.4235957311532512,0.4752457278784261
GCF_000025305.1:NC_013740.1,1532404,1532490,0,-2.364607288087572,0.0258085242184781,9.469999313354492,7.896375790518727,0.3795577639680197,dinuc,0.7355934210351445,0.7614019452536226
GCF_000025305.1:NC_013740.1,1745674,1745762,0,-3.145676955905331,0.0898994189614864,10.40999984741211,17.063072105121705,0.8260607434522962,dinuc,0.608422270098925,0.6983216890604115
GCF_000025305.1:NC_013740.1,1769534,1769852,0,-6.852749354181238,0.0632233265865372,48.349998474121094,45.442693890171896,0.5789825797654239,dinuc,0.2066713383264478,0.269894664912985
GCF_000025305.1:NC_013740.1,1813491,1813588,0,0.4355685400452442,0.0521614623260405,12.10999870300293,20.538817132934124,0.8074647640328535,dinuc,0.5665136630293081,0.6186751253553486
GCF_000025305.1:NC_013740.1,1961540,1961945,0,-1.028774477562794,0.0014269132063147,53.09999084472656,146.81202477678738,1.5074502253780355,dinuc,0.3492870638979741,0.3507139771042888
GCF_000025305.1:NC_013740.1,1982909,1983088,0,-5.6085316763938025,0.0986148400471447,21.810001373291016,26.559329077933768,0.6906237263724185,dinuc,0.5490744846579714,0.6476893247051161
GCF_000025305.1:NC_013740.1,2130494,2130598,0,-0.5189387580390127,0.0432038767303687,12.420000076293944,7.203422833229266,0.3352175037862985,dinuc,0.2834104740778159,0.3266143508081847
GCF_000025305.1:NC_013740.1,2131213,2131304,0,0.7977019223481332,0.0946178969674069,7.390000343322754,24.116219251897135,1.1530657902479111,dinuc,0.6752867236461528,0.7699046206135598
GCF_000025305.1:NC_013740.1,2133409,2133765,0,-0.972057678715376,0.0986163749265364,45.68999481201172,62.52681957494558,0.7213659066454401,dinuc,0.3525967953410236,0.4512131702675601
GCF_000025305.1:NC_013740.1,2139486,2139845,0,-2.700942259601665,0.0364248674732288,41.71999740600586,80.29815820102685,0.9677428160214392,dinuc,0.3142740487000273,0.3506989161732562
GCF_000093085.1:NC_014219.1,2079,2217,0,0.7466518805967345,0.0607780048823853,11.94000005722046,41.175238591841435,1.2990243857589467,dinuc,0.5154923329166147,0.576270337799
GCF_000093085.1:NC_014219.1,123560,123632,0,1.166230659767725,0.1225729425415586,6.460000514984131,21.531733359977256,1.2259291682648348,dinuc,0.5398863866254229,0.6624593291669815
GCF_000093085.1:NC_014219.1,125311,125726,0,-2.0966871186628837,0.0278097908671202,51.45999526977539,72.65069460386782,0.7967135991815598,dinuc,0.317531946392917,0.3453417372600372
GCF_000093085.1:NC_014219.1,139000,139114,0,-1.2260912505612045,0.0128931728641265,14.649999618530272,15.227812196245242,0.5832685711229745,dinuc,0.6513631066674898,0.6642562795316163
GCF_000093085.1:NC_014219.1,140287,140695,0,-0.7303084021274644,0.008558432201318,51.73999786376953,70.34077734953908,0.7399374565981531,dinuc,0.3826708145574107,0.3912292467587288
GCF_000093085.1:NC_014219.1,143363,143688,0,1.0060902123199793,0.05052306643152,37.599998474121094,90.86441680005314,1.2533798874827606,dinuc,0.3616757861691308,0.4121988526006508
GCF_000093085.1:NC_014219.1,153675,153768,0,-0.2830052467151889,0.056631821713556,12.809999465942385,10.37717548644143,0.4187945628460782,dinuc,0.3410063610053005,0.3976381827188566
GCF_000093085.1:NC_014219.1,587981,588358,0,0.3814886815342241,0.0769259992391114,46.01000213623047,88.66896071642911,1.0214607189269895,dinuc,0.411533693918419,0.4884596931575305
GCF_000093085.1:NC_014219.1,588572,588962,0,-2.101107793338298,0.0246391662933936,54.839996337890625,96.45778884783483,1.0299545838916626,dinuc,0.2907082677087459,0.3153474340021395
GCF_000093085.1:NC_014219.1,590664,591037,0,-4.308271801147918,0.0569075902639841,45.05999755859375,92.52783373723426,1.1026477187124302,dinuc,0.2652975645433416,0.3222051548073257
GCF_000093085.1:NC_014219.1,1165031,1165466,0,-0.8072472772269599,0.038083142351981,51.16999816894531,107.07863512966163,1.053140621106012,dinuc,0.4023193259041095,0.4404024682560905
GCF_000093085.1:NC_014219.1,1316264,1316401,0,-1.023498945006596,0.0684849509471389,14.90000057220459,32.08408529253837,1.0596889777669565,dinuc,0.4705493044667797,0.5390342554139187
GCF_000093085.1:NC_014219.1,1330280,1330752,0,-3.526409395580871,0.0251120719968983,59.42000579833984,128.05850528401623,1.230976842948391,dinuc,0.402148778508261,0.4272608505051593
GCF_000093085.1:NC_014219.1,1382359,1382686,0,1.2567138239949636,0.1535857573030362,36.010000228881836,110.11174674662028,1.4655478927369006,dinuc,0.3067683977499387,0.4603541550529749
GCF_000093085.1:NC_014219.1,1569632,1569703,0,-3.223977859353709,0.0257131516549551,9.640000343322754,2.3286782495821,0.1591447764859516,dinuc,0.2719872589682401,0.2977004106231953
GCF_000093085.1:NC_014219.1,1606811,1607243,0,-1.115242074840063,0.0888119470556462,48.880001068115234,86.34170834285727,0.8760605770142954,dinuc,0.5224292802505738,0.61124122730622
GCF_000093085.1:NC_014219.1,1836664,1836750,0,1.3577584008018253,0.057959736869077,9.099999904632568,34.284132555053645,1.6997905031435738,dinuc,0.4619953091538813,0.5199550460229584
GCF_000093085.1:NC_014219.1,1887454,1887512,0,-1.3433188084266066,0.0763766041684232,6.830000400543213,7.6261252846206675,0.6121379291073803,dinuc,0.5021054248319514,0.5784820290003747
GCF_000093085.1:NC_014219.1,1899753,1899891,0,-1.8950382204096567,0.0634216963600669,14.939998626708984,30.535010503465784,1.037448239396176,dinuc,0.431687971146851,0.4951096675069179
GCF_000093085.1:NC_014219.1,2030864,2031284,0,-1.00045410570309,0.1170595071534452,51.32999801635742,73.50136036330171,0.7827327289299166,dinuc,0.3948654348310551,0.5119249419845003
GCF_000093085.1:NC_014219.1,2075911,2075987,0,-1.841032814176345,0.1557148486209224,7.909999847412109,9.567270172377086,0.5950669495817505,dinuc,0.6667400811921825,0.822454929813105
GCF_000093085.1:NC_014219.1,2196570,2196993,0,-0.4201988394685252,0.0254622084921955,49.529998779296875,117.40917441016916,1.1725585642512053,dinuc,0.3312874495950033,0.3567496580871989
GCF_000093085.1:NC_014219.1,2594342,2594761,0,-1.0408251427844646,0.035397294405282,47.06999588012695,62.41729901565722,0.7011852875325079,dinuc,0.451901276501083,0.4872985709063651
GCF_000093085.1:NC_014219.1,2677096,2677531,0,-1.9957444745915611,0.0885598755056858,48.86000061035156,68.56684528774932,0.7117226869334369,dinuc,0.392617747188613,0.4811776226942988
GCF_000093085.1:NC_014219.1,2721603,2722038,0,-1.7477893189980709,0.0400140133488593,55.33000946044922,90.38673729216478,0.9030497603416092,dinuc,0.4894255773583573,0.5294395907072167
GCF_000093085.1:NC_014219.1,2855541,2855982,0,-0.1734928673707352,0.0563325645407383,39.77000045776367,95.48979237098546,0.9740554655255532,dinuc,0.4399258631078319,0.4962584276485702
GCF_000093085.1:NC_014219.1,3179171,3179323,0,-1.1706222013276528,0.0260225439276429,22.220001220703125,9.24817681924282,0.3010851767709533,dinuc,0.4098932662222029,0.4359158101498459
GCF_000093085.1:NC_014219.1,3211526,3211715,0,0.4951571468716323,0.0130839805374965,19.689998626708984,54.30670733418902,1.2397812106312127,dinuc,0.5863723682021351,0.5994563487396317
GCF_000093085.1:NC_014219.1,3406254,3406658,0,-2.964917843431205,0.0755529428726024,49.489990234375,70.17057766781919,0.7405430576687888,dinuc,0.4027149350520118,0.4782678779246142
GCF_000093085.1:NC_014219.1,3576288,3576709,0,-1.0242881727386317,0.0455429422489297,51.26000213623047,110.61404734230996,1.0810922678955444,dinuc,0.2884035102702407,0.3339464525191705
GCF_000093085.1:NC_014219.1,3579050,3579127,0,-0.2721236166195371,0.0527758292909413,9.84999942779541,19.9522844630996,1.0198200541747446,dinuc,0.5237880967121958,0.5765639260031372
GCF_000144625.1:NC_014376.1,1628,1716,0,-0.0608032333976272,0.0569189138393614,7.220000207424164,8.42837552559915,0.4778150849885185,dinuc,0.6592658588716607,0.7161847727110221
GCF_000144625.1:NC_014376.1,33389,33796,0,0.3875342782391201,0.0208793706996975,46.709999084472656,133.9759151863738,1.448981809512242,dinuc,0.4715668624098831,0.4924462331095807
GCF_000144625.1:NC_014376.1,40362,40671,0,-0.0969046973619214,0.1640217754871081,35.290000915527344,94.88050987880332,1.3704831696025597,dinuc,0.5285191420927996,0.6925409175799078
GCF_000144625.1:NC_014376.1,315702,315769,0,0.2287650656617981,0.0331568362666645,5.819999694824219,8.779585953870729,0.6022348420834571,dinuc,0.6165320872893502,0.6496889235560147
GCF_000144625.1:NC_014376.1,330120,330467,0,-1.3828827028912964,0.0236098756314268,44.03000259399414,69.32494039231368,0.898644287277383,dinuc,0.4049170145578745,0.4285268901893013
GCF_000144625.1:NC_014376.1,447807,448048,0,-4.9528443667389075,0.0971759228754699,33.13999557495117,50.20804324144571,0.8498754943103599,dinuc,0.4264807897307018,0.5236567126061717
GCF_000144625.1:NC_014376.1,763146,763296,0,-2.239979634538411,0.0512302828056141,17.239999771118164,16.671153024184818,0.5091183954594699,dinuc,0.5827428074317554,0.6339730902373696
GCF_000144625.1:NC_014376.1,812258,812396,0,-1.0800585378548948,-0.0085657034219614,14.679999351501465,18.13126148216224,0.6115896599434152,dinuc,0.4652182789632775,0.4566525755413161
GCF_000144625.1:NC_014376.1,812338,812766,0,-1.222531082463267,0.023534914932218,45.27000045776367,79.11434088605182,0.7887813650248088,dinuc,0.3410464473997283,0.3645813623319464
GCF_000144625.1:NC_014376.1,945702,945990,0,-0.3356221316371146,0.1041254412065577,31.03000259399414,79.54886853643971,1.2601542932907714,dinuc,0.4855706896550009,0.5896961308615587
GCF_000144625.1:NC_014376.1,1044281,1044720,0,-0.5442621177511894,0.0778712777226178,48.93000030517578,108.32736864173955,1.069943263747818,dinuc,0.4763257366132185,0.5541970143358363
GCF_000144625.1:NC_014376.1,1220459,1220920,0,0.9263178918836869,0.1097800850686117,45.31999969482422,148.24065785925194,1.4064023675248272,dinuc,0.3401300091425058,0.4499100942111175
GCF_000144625.1:NC_014376.1,1988432,1988737,0,-2.886333539322467,0.0238544001914488,33.7599983215332,61.580327049653945,0.9288667851407588,dinuc,0.271117293363482,0.2949716935549308
GCF_000144625.1:NC_014376.1,2018454,2018836,0,-4.078242383008741,0.1729047941578357,44.92999649047851,49.765916111799754,0.5773175960329004,dinuc,0.4556129555992765,0.6285177497571123
GCF_000144625.1:NC_014376.1,2154119,2154517,0,-0.2703904275264683,0.078592557052869,40.06999969482422,93.02001733038968,1.056754838019228,dinuc,0.4533979127203541,0.5319904697732232
GCF_000144625.1:NC_014376.1,2204550,2204651,0,2.1446447776752944,0.0389929938168784,9.84000015258789,33.94325809671012,1.5761101364363594,dinuc,0.519069542898779,0.5580625367156575
GCF_000144625.1:NC_014376.1,2216060,2216404,0,-5.817971105205634,0.0193703197353871,46.019996643066406,77.34920377837182,0.9743437149486016,dinuc,0.1891989134327108,0.208569233168098
GCF_000144625.1:NC_014376.1,2368921,2369272,0,-2.6626801306543073,-0.0051294017875852,40.21999740600586,86.19359868814642,1.0624475648025442,dinuc,0.6666054988510635,0.6614760970634782
GCF_000144625.1:NC_014376.1,2469303,2469670,0,-0.7474613648857072,0.0196330317543875,41.36000061035156,86.57517490331028,0.981754015882176,dinuc,0.4727107591294679,0.4923437908838554
GCF_000144625.1:NC_014376.1,2569914,2570095,0,-4.955998052446618,0.0588732864955267,25.09000015258789,14.127939099712057,0.3585161117799754,dinuc,0.1925536855465526,0.2514269720420793
GCF_000144625.1:NC_014376.1,2602674,2602801,0,1.4779210679348949,0.0897550209726362,15.09000015258789,27.939244043608007,0.9908906010423296,dinuc,0.4360248286784757,0.525779849651112
GCF_000144625.1:NC_014376.1,2643481,2643616,0,-0.4516821882982788,0.1054452037120459,12.989999771118164,39.62083003419061,1.2715648849886976,dinuc,0.7132055677392074,0.8186507714512533
GCF_000144625.1:NC_014376.1,2753121,2753420,0,-2.297894103773236,0.0956173560334771,30.43000030517578,62.5849427878674,0.916880489156055,dinuc,0.5905633384244291,0.6861806944579062
GCF_000144625.1:NC_014376.1,2790450,2790517,0,-2.6195980896114417,0.108199433342177,6.540000915527344,8.061656027642982,0.4782905063721325,dinuc,0.6458819577076818,0.7540813910498588
GCF_000144625.1:NC_014376.1,2900505,2900657,0,-3.102597830071672,0.123202694853819,15.530000686645508,45.482241001989294,1.0721313177189729,dinuc,0.6703851056101978,0.7935878004640169
GCF_000144625.1:NC_014376.1,2919054,2919478,0,0.4833395540902947,0.1550422632290652,47.480003356933594,133.90975964797252,1.3190127084470769,dinuc,0.53667073921641,0.6917130024454752
GCF_000144625.1:NC_014376.1,2934759,2935197,0,-1.4158421648538209,0.1464034850546531,49.16999816894531,80.04643776151164,0.8044325677903411,dinuc,0.4942412049457105,0.6406446900003636
GCF_000144625.1:NC_014376.1,3068512,3068943,0,-1.1832927283851569,0.0446775608672749,50.58000183105469,98.42761568143987,0.9934599405083412,dinuc,0.4795829737098637,0.5242605345771387
GCF_000144625.1:NC_014376.1,3225011,3225193,0,0.5674003435683832,0.0592403014844084,21.09000015258789,47.335062039780006,1.1373059032342612,dinuc,0.5013634401359967,0.560603741620405
GCF_000144625.1:NC_014376.1,3294131,3294502,0,-4.495319620166159,0.0857869341856522,44.29999923706055,81.5864242069905,0.9679225456631187,dinuc,0.531136990431163,0.6169239246168152
GCF_000144625.1:NC_014376.1,3420284,3420644,0,-0.30683479138488,0.0870719630961836,38.76000213623047,88.7606881961537,1.0828142065822828,dinuc,0.4765698827077116,0.5636418458038953
GCF_000144625.1:NC_014376.1,3421951,3422426,0,-7.515877078373492,0.1027210451857477,61.589996337890625,89.58093804670611,0.7876169275113355,dinuc,0.2694578978645984,0.3721789430503461
GCF_000144625.1:NC_014376.1,3834711,3835078,0,-3.895227827825026,0.0976897637830114,51.139991760253906,94.39646044693744,1.007481187393386,dinuc,0.45234422626298,0.5500339900459914
GCF_000144625.1:NC_014376.1,3854762,3855190,0,0.1669275009177639,0.0788717614888826,47.28999328613281,117.0335348108102,1.211393423976265,dinuc,0.5151828287840452,0.5940545902729278
GCF_000144625.1:NC_014376.1,3899242,3899579,0,-0.8975586085784464,0.1425068215391776,35.5,98.18510377064004,1.2406432197708643,dinuc,0.3916879241752189,0.5341947457143966
GCF_000144625.1:NC_014376.1,4041900,4042243,0,-2.6198091787881994,0.0899115911398744,42.05999755859375,75.58895595976877,0.9167472976444236,dinuc,0.4410238505979574,0.5309354417378319
GCF_000144625.1:NC_014376.1,4045664,4046092,0,-2.3919795555658663,0.1209009698741013,52.41999816894531,80.63125850972033,0.8416639225965645,dinuc,0.7059148689954249,0.8268158388695263
GCF_000144625.1:NC_014376.1,4045928,4046092,0,0.34994909795314,0.0254074307718057,17.789999961853027,49.62144842362964,1.317750748783816,dinuc,0.4282962836645765,0.4537037144363823
GCF_000144625.1:NC_014376.1,4052400,4052493,0,-0.9289382210300297,0.0839224852674206,9.440000534057615,24.65998976930388,1.0629470781278636,dinuc,0.6193935987639757,0.7033160840313963
GCF_000144625.1:NC_014376.1,4061106,4061578,0,0.9472911809012216,0.1178131090136761,55.6099967956543,129.73157931004334,1.1652670360064157,dinuc,0.4331516848914074,0.5509647939050836
GCF_000144625.1:NC_014376.1,4063347,4063436,0,-3.705480757956251,-0.0092345659552777,10.459999084472656,2.6947180489102704,0.1673556842717296,dinuc,0.7897360361821398,0.7805014702268621
GCF_000144625.1:NC_014376.1,4063997,4064385,0,-1.3610657681662928,0.0385008807553928,42.62000274658203,90.18771328380132,0.9768788826636128,dinuc,0.41064083448175,0.4491417152371428
GCF_000144625.1:NC_014376.1,4065128,4065291,0,-1.46566115899332,0.1596095143979358,21.950000762939453,40.89795116766037,1.0861607891873817,dinuc,0.5428520287962413,0.7024615431941771
GCF_000144625.1:NC_014376.1,4093834,4093947,0,-0.9424264475709636,0.0471644850262114,10.940000534057615,14.149136211518584,0.5683025040125949,dinuc,0.7039818921508372,0.7511463771770486
GCF_000144625.1:NC_014376.1,4342425,4342893,0,-0.872244564697761,0.1739905816715478,57.68999481201172,59.72836271835955,0.5443702585668473,dinuc,0.2553849409936817,0.4293755226652296
GCF_000144625.1:NC_014376.1,4457410,4457863,0,-0.1039843147222122,0.022009760049325,52.279998779296875,146.17809249969014,1.4185484642491522,dinuc,0.21194929062498,0.2339590506743051
GCF_000144625.1:NC_014376.1,4457415,4457863,0,-2.121511361482457,0.0763273777713665,57.06000518798828,108.20699560646078,1.028632224970903,dinuc,0.1323560407779672,0.2086834185493337
GCF_000144625.1:NC_014376.1,4509971,4510364,0,-1.4011691400430737,0.0502633583258211,47.540000915527344,77.78390604829194,0.8970445026419366,dinuc,0.5131914756207616,0.5634548339465828
GCF_000144625.1:NC_014376.1,4510495,4510935,0,-1.0375152623913602,0.0659849239925335,54.83000183105469,99.57111984470468,1.000013866848006,dinuc,0.50112407933867,0.5671090033312035
GCF_000144625.1:NC_014376.1,4561691,4562140,0,-1.6200707200212667,0.0364486324215589,52.849998474121094,96.55058781566716,0.8921797950897091,dinuc,0.4160746147196824,0.4525232471412413
GCF_000144695.1:NC_014378.1,32152,32543,0,-3.4366730210017313,-0.0014717932540369,52.43000030517578,55.785048664722744,0.6164666235557457,dinuc,0.3790116069386483,0.3775398136846113
GCF_000144695.1:NC_014378.1,163445,163626,0,-1.665786101109734,0.0995795742934809,21.76000213623047,38.87218836238846,0.9006381234000693,dinuc,0.476850465910047,0.576430040203528
GCF_000144695.1:NC_014378.1,175494,175639,0,-2.974154091051059,0.0711190669799599,20.290000915527344,34.26498177285916,1.0453141615048631,dinuc,0.5015711837168204,0.5726902506967804
GCF_000144695.1:NC_014378.1,181081,181537,0,-0.6745223486516297,0.112374732122534,54.86000442504883,90.15581136682854,0.8703573976983661,dinuc,0.5397227284669023,0.6520974605894363
GCF_000144695.1:NC_014378.1,184090,184539,0,-0.5244017442903115,0.0884317926825134,52.6300048828125,121.28112388232496,1.226150301978602,dinuc,0.5095014482098741,0.5979332408923875
GCF_000144695.1:NC_014378.1,195201,195629,0,-1.1409090998678186,0.000388960283669,50.34000396728515,112.2377314068732,1.083344849722124,dinuc,0.3220011682796472,0.3223901285633162
GCF_000144695.1:NC_014378.1,422079,422208,0,-4.902131049157924,0.0683422156943443,15.039999008178713,13.408185066557031,0.517116291698504,dinuc,0.3611921522469919,0.4295343679413362
GCF_000144695.1:NC_014378.1,618316,618637,0,-0.7370871476003477,0.0870405763326518,35.66999816894531,71.04146651729228,1.0059052102839894,dinuc,0.6320736263395813,0.7191142026722331
GCF_000144695.1:NC_014378.1,654659,655032,0,-0.0228636160044622,0.072646700356199,41.66999816894531,99.51000042031431,1.2356842193329614,dinuc,0.3345437041421884,0.4071904044983874
GCF_000144695.1:NC_014378.1,656709,657174,0,-2.099914191860555,0.0182405687353628,55.720008850097656,107.6655328934288,1.0121573317488637,dinuc,0.3135070188458815,0.3317475875812444
GCF_000144695.1:NC_014378.1,754013,754411,0,0.4244813933876389,0.1226903211835859,40.81999588012695,135.86789546916685,1.591761889506714,dinuc,0.6717343211330544,0.7944246423166403
GCF_000144695.1:NC_014378.1,767078,767445,0,-1.2889237214443927,0.0206490632695205,40.310001373291016,79.90426413790962,0.9973456029783158,dinuc,0.5664388649825512,0.5870879282520718
GCF_000144695.1:NC_014378.1,789892,790315,0,-3.5003327509334805,0.0519885944977254,50.69999694824219,91.56302000848774,0.9255594417327314,dinuc,0.4859959399606259,0.5379845344583514
GCF_000144695.1:NC_014378.1,913563,913973,0,-0.7797955674249066,0.0778070178142511,48.5099983215332,94.80461420555514,0.927321533328036,dinuc,0.2421600153122264,0.3199670331264775
GCF_000144695.1:NC_014378.1,1616829,1617237,0,-0.4584615395329707,0.0824664449988807,45.38999938964844,101.29170448224998,1.1114861751624854,dinuc,0.4753097870488415,0.5577762320477223
GCF_000144695.1:NC_014378.1,1740269,1740697,0,-2.50964383355158,0.0701570465695255,49.58000183105469,86.35169127062183,0.8889462373633737,dinuc,0.3594294139968085,0.429586460566334
GCF_000144695.1:NC_014378.1,2104667,2105132,0,-4.8374025873831314,0.0775553588674976,48.880001068115234,69.00983635693842,0.6923612610527734,dinuc,0.5676534529328088,0.6452088118003064
GCF_000144695.1:NC_014378.1,2191258,2191628,0,-1.2758874292834597,0.1350786461912758,44.82000350952149,112.19285387267792,1.2382599052336145,dinuc,0.4070123004811096,0.5420909466723854
GCF_000144695.1:NC_014378.1,2191761,2192192,0,-1.5660379483962967,0.1286793895220035,50.90999603271485,63.64917139920085,0.6847764885567034,dinuc,0.3067718341540094,0.4354512236760129
GCF_000144695.1:NC_014378.1,2336313,2336729,0,1.873482492150048,0.0622480915360951,34.130001068115234,126.37217934556602,1.4492565115983,dinuc,0.5666688145070171,0.6289169060431122
GCF_000144695.1:NC_014378.1,2397148,2397604,0,-0.8159023204310777,0.0800390961489752,51.18000411987305,109.97839719231358,1.0706477223416833,dinuc,0.3332977126147164,0.4133368087636916
GCF_000164865.1:NC_014618.1,276267,276699,0,-0.0769653495321762,0.0471227799931662,56.90000915527344,119.51266439354316,1.1722683197088364,dinuc,0.300170427792982,0.3472932077861482
GCF_000164865.1:NC_014618.1,367593,367913,0,-1.9057674620864993,0.0608667189420594,34.73999786376953,52.592884736632826,0.7583466041205021,dinuc,0.4124541262761472,0.4733208452182066
GCF_000164865.1:NC_014618.1,401267,401363,0,0.5811836758014756,0.065841012822411,13.530000686645508,21.81249694394025,0.923294385167846,dinuc,0.3510989845479056,0.4169399973703167
GCF_000164865.1:NC_014618.1,425655,426021,0,0.5338360368114744,0.0414534022950264,48.47999954223633,97.54504647158068,1.052479146188439,dinuc,0.310447287959992,0.3519006902550185
GCF_000164865.1:NC_014618.1,493886,494285,0,-1.7267913756343558,0.1476131195235261,43.689998626708984,69.3188424464509,0.7386608572563028,dinuc,0.6366570191311072,0.7842701386546334
GCF_000164865.1:NC_014618.1,847673,848051,0,-2.675953226431074,0.1319316589910738,43.8699951171875,86.23892513371297,0.9377356872185688,dinuc,0.3017823889348169,0.4337140479258908
GCF_000164865.1:NC_014618.1,1221171,1221591,0,0.5027049069055404,0.0232230760731239,50.88999557495117,74.23097279996968,0.78442981627129,dinuc,0.5009287504271945,0.5241518265003184
GCF_000164865.1:NC_014618.1,1221172,1221535,0,1.2019730811471363,0.0477593757937894,41.72999572753906,79.14313836368684,0.9632780025667774,dinuc,0.3723017436209556,0.4200611194147451
GCF_000164865.1:NC_014618.1,1380172,1380511,0,0.9078814405666638,0.017397183043265,45.98999786376953,89.7511921245744,1.1938285719941488,dinuc,0.3235378921459887,0.3409350751892537
GCF_000164865.1:NC_014618.1,1887433,1887774,0,-0.1795250039614629,-0.0138411433340187,47.18000030517578,118.12317931421887,1.3506990851786385,dinuc,0.2819726654829121,0.2681315221488934
GCF_000164865.1:NC_014618.1,1902023,1902406,0,-0.4865585187562772,-0.0021611049466425,54.93999481201172,57.72374746097529,0.6457041177185129,dinuc,0.2727740387923381,0.2706129338456955
GCF_000164865.1:NC_014618.1,1933906,1934021,0,-0.4805711915010945,0.0238045237538349,16.59000015258789,34.36286838850851,1.1657673952200271,dinuc,0.3364064044467757,0.3602109282006107
GCF_000164865.1:NC_014618.1,2290271,2290754,0,-0.5227502558137278,0.2159907135653632,56.16999816894531,139.78143927629952,1.2606236479986714,dinuc,0.3569766609047619,0.5729673744701251
GCF_000164865.1:NC_014618.1,2669527,2669910,0,-1.4839706454348964,0.0145701206246041,51.53999328613281,58.380676084955454,0.6406718418272608,dinuc,0.4338597743368677,0.4484298949614718
GCF_000164865.1:NC_014618.1,2935033,2935144,0,-0.144037612969692,0.0573473856574608,14.209999084472656,21.208585190599372,0.8194218358711902,dinuc,0.2423076284124894,0.2996550140699504
GCF_000164865.1:NC_014618.1,3326467,3326819,0,-0.3606098915195058,-0.0172810728344084,34.44000244140625,74.84676577362177,0.9521755116805528,dinuc,0.5110867149171546,0.4938056420827462
GCF_000164865.1:NC_014618.1,3437936,3438354,0,-2.4144690540440656,0.0356979646746044,49.18000030517578,103.26356152588724,1.0477083469878148,dinuc,0.3623782486821926,0.398076213356797
GCF_000164865.1:NC_014618.1,3793074,3793400,0,0.973033404151547,-0.0125879648446858,39.31000518798828,53.28097227964028,0.7168876245563097,dinuc,0.6072657109265617,0.5946777460818758
GCF_000164865.1:NC_014618.1,3831945,3832062,0,-0.0701235022910074,0.0210679341727156,15.139999389648438,27.48356936201665,1.0040007912765432,dinuc,0.2864778454822261,0.3075457796549418
GCF_000164865.1:NC_014618.1,4047259,4047372,0,0.8439338267286848,0.0296091190314798,14.060001373291016,38.253355369731615,1.323143355873922,dinuc,0.4402964994262381,0.4699056184577179
GCF_000164865.1:NC_014618.1,4290107,4290220,0,0.0451532386297331,-0.0271302462274686,15.250001907348633,29.741141636757675,1.0741492264793469,dinuc,0.528720239598521,0.5015899933710524
GCF_000164865.1:NC_014618.1,4617464,4617790,0,0.9479872837935552,0.1145879067551789,32.42000198364258,78.97481619794425,1.161372752888104,dinuc,0.5520015401510535,0.6665894469062325
GCF_000164865.1:NC_014618.1,4778742,4779124,0,-0.2181195844761717,0.0645706385067719,45.14999771118164,100.59466315237272,1.1281057869063325,dinuc,0.3248754643289444,0.3894461028357163
GCF_000196455.1:NC_014614.1,878296,878698,0,-0.253179058824849,0.0425586219455667,38.21999740600586,61.44305342351353,0.7047447674823053,dinuc,0.5286821909445547,0.5712408128901214
GCF_000196455.1:NC_014614.1,1125740,1126121,0,0.2192102304619097,0.0634947353841945,38.81999969482422,88.36943784072723,1.049245113615311,dinuc,0.3310578449540297,0.3945525803382243
GCF_000196455.1:NC_014614.1,1256037,1256492,0,-0.3158983340932073,0.1005947723430119,44.749996185302734,147.04229894622404,1.3883657743129183,dinuc,0.4399825876444078,0.5405773599874197
GCF_000196455.1:NC_014614.1,1281619,1281775,0,-4.3214564011022905,0.0685552155368607,20.579998016357425,27.92890344322507,0.7606863997591289,dinuc,0.2442868060355418,0.3128420215724026
GCF_000196455.1:NC_014614.1,1540537,1540970,0,1.802324204863514,0.1142043070706781,41.70000076293945,99.66462700609894,1.080724133417543,dinuc,0.3223700923825531,0.4365743994532313
GCF_000196455.1:NC_014614.1,1868208,1868648,0,0.7161902623847767,0.2342011127069865,38.180002212524414,111.22452960357656,1.1039160462088995,dinuc,0.3984682068586027,0.6326693195655892
GCF_000196455.1:NC_014614.1,2222839,2223285,0,-0.9085700439800416,0.0996945313725032,47.099998474121094,86.43295372327991,0.8662200120961813,dinuc,0.4585636177243092,0.5582581490968125
GCF_000196455.1:NC_014614.1,2292258,2292628,0,-0.5744121629143226,0.0544705777448626,39.9900016784668,102.75110650247989,1.2247133201435014,dinuc,0.41256614337485,0.4670367211197126
GCF_000196455.1:NC_014614.1,2304591,2305031,0,1.1480214260820307,0.0232662804158441,45.17999649047851,134.44906721944145,1.290147367821488,dinuc,0.6339130470453899,0.657179327461234
GCF_000196455.1:NC_014614.1,2307882,2308304,0,-1.1989849071391878,0.0153162309541308,47.720001220703125,90.62260407259812,0.9309640310932362,dinuc,0.4596030814557822,0.4749193124099131
GCF_000196455.1:NC_014614.1,2309430,2309793,0,-7.064534403558776,0.0420567747705987,45.47999954223633,53.34562191063602,0.6115149814565635,dinuc,0.3772124407655327,0.4192692155361314
GCF_000196455.1:NC_014614.1,2331684,2331802,0,-2.546611899911142,0.0417636151413354,16.799999237060547,20.580423182538645,0.6541307696287747,dinuc,0.3100504868306803,0.3518141019720158
GCF_000196455.1:NC_014614.1,2427889,2428331,0,-0.8179490312346629,0.0209984008672746,51.959999084472656,151.44399773522372,1.4760296087914937,dinuc,0.4198810249987524,0.440879425866027
GCF_000196455.1:NC_014614.1,2428712,2429104,0,0.5142040946817529,0.1479026246904077,43.790000915527344,133.12580348444598,1.538674528641102,dinuc,0.4148495680058166,0.5627521926962243
GCF_000202835.1:NC_015186.1,486477,486593,0,-2.324541643622275,0.0229592804640926,15.369998931884766,7.476982546099401,0.2841178356830985,dinuc,0.3920754520837689,0.4150347325478616
GCF_000202835.1:NC_015186.1,2405811,2406141,0,-2.26485322193527,0.0206910083772119,47.08000183105469,48.493520660758755,0.6163936920923643,dinuc,0.6066808447694962,0.6273718531467082
GCF_000202835.1:NC_015187.1,15603,15987,0,-1.4222822790998864,0.0394885997206276,56.19999694824219,119.7894440311342,1.2470519670026057,dinuc,0.3268851681931783,0.366373767913806
GCF_000221025.1:NC_015850.1,141352,141726,0,0.0002016763706338,0.0323959976099076,43.34000015258789,63.79420057104919,0.7579275670900694,dinuc,0.3307237900198687,0.3631197876297763
GCF_000221025.1:NC_015850.1,149861,150274,0,-0.3000792744981513,0.1501157047602374,56.660003662109375,86.20251721856337,0.8724879710449075,dinuc,0.3272754467645605,0.4773911515247979
GCF_000221025.1:NC_015850.1,597220,597597,0,-0.1475834635165591,0.0444094412580063,48.540000915527344,119.29725155275422,1.2538179978355546,dinuc,0.3530205813149172,0.3974300225729236
GCF_000221025.1:NC_015850.1,625174,625575,0,0.545360912071372,0.0470835165524046,56.14000701904297,108.60973777131896,1.1671705555182172,dinuc,0.3628520957200268,0.4099356122724314
GCF_000221025.1:NC_015850.1,1899851,1900232,0,-1.3603953459913205,0.033013212057556,51.75,113.4282022716747,1.068637357890556,dinuc,0.3744612760889527,0.4074744881465088
GCF_000221025.1:NC_015850.1,2457670,2457995,0,1.1865322533241058,0.0667376838018577,38.03000259399414,81.74777585832835,1.0746474765641676,dinuc,0.3934307874950347,0.4601684712968924
GCF_000221025.1:NC_015850.1,2487257,2487668,0,-0.0914482060830156,0.0896547020259733,58.3699951171875,96.53813175797464,0.9578710473410962,dinuc,0.2583271962958779,0.3479818983218513
GCF_000221025.1:NC_015851.1,88279,88723,0,0.6022581091829239,0.0167535528633896,54.68999481201172,94.11084968213802,0.9237245475471028,dinuc,0.483758780859882,0.5005123337232718
GCF_000237085.1:NC_016627.1,99823,100164,0,-0.4043802480142621,0.0953485789792737,37.290000915527344,106.16818536482668,1.4198439611542073,dinuc,0.5026477556103708,0.5979963345896445
GCF_000237085.1:NC_016627.1,771458,771595,0,0.1282898640146559,0.0321141920295708,14.529999732971191,26.963988250120575,0.9785722304123684,dinuc,0.5249598802600702,0.5570740722896411
GCF_000237085.1:NC_016627.1,1202652,1203072,0,-1.2801545408836392,0.1363205780990999,49.910003662109375,75.44204276548275,0.7979886603242359,dinuc,0.4610449785451448,0.5973655566442448
GCF_000237085.1:NC_016627.1,1474259,1474637,0,-0.1251926235748622,0.1337722430103978,35.10000038146973,87.05968964589857,1.0400695406736629,dinuc,0.5972964410058503,0.7310686840162481
GCF_000237085.1:NC_016627.1,1695475,1695893,0,-0.234409393923661,0.1032372926576749,44.28999710083008,86.76791877483002,0.8721053204184324,dinuc,0.2882468360891446,0.3914841287468196
GCF_000237085.1:NC_016627.1,1850001,1850443,0,0.7003697511425266,0.0699231239241121,33.60000228881836,91.90957629038142,1.0403852973453218,dinuc,0.5970350049613441,0.6669581288854562
GCF_000237085.1:NC_016627.1,2052858,2053246,0,-0.8584227806350332,0.1268446848862168,41.1400032043457,52.90452384319061,0.635865110148525,dinuc,0.4254191440717896,0.5522638289580065
GCF_000237085.1:NC_016627.1,2714757,2715141,0,-1.2872586657925875,0.1105541302325731,42.94000244140625,88.59735638612742,1.024473211222472,dinuc,0.4643063642570587,0.5748604944896318
GCF_000237085.1:NC_016627.1,2730954,2731406,0,-0.5013545780947744,0.1135609755085025,51.599998474121094,87.6869373740988,0.8105670787114414,dinuc,0.3798810928972435,0.493442068405746
GCF_000237085.1:NC_016627.1,2754693,2755067,0,-3.233609468486617,0.0587514226002536,44.130001068115234,70.646868974769,0.8648471494323703,dinuc,0.5727777287112144,0.631529151311468
GCF_000237085.1:NC_016627.1,2820047,2820437,0,0.5925212896980088,0.0773835060218365,37.61000061035156,98.04270038996796,1.215314425110384,dinuc,0.584832652875535,0.6622161588973715
GCF_000237085.1:NC_016627.1,3449053,3449498,0,0.7186758741940963,0.1207651315642741,35.81999969482422,105.64259443276292,1.1804962219207271,dinuc,0.581528145348815,0.7022932769130892
GCF_000237085.1:NC_016627.1,3451398,3451797,0,-2.744273285441168,0.010719358385298,47.96000289916992,60.1969384668139,0.6782040505232879,dinuc,0.3505196427565344,0.3612390011418325
GCF_000237085.1:NC_016627.1,3472756,3473128,0,-2.610635933618674,0.096852531062809,43.59000396728515,94.37080101445449,1.1585617323705295,dinuc,0.4642718599353175,0.5611243909981265
GCF_000237085.1:NC_016627.1,3708370,3708814,0,-0.0172399381978732,0.1022557263911734,48.76000213623047,145.09813456417294,1.3906167834133436,dinuc,0.370515156970878,0.4727708833620515
GCF_000237085.1:NC_016627.1,4089590,4089977,0,-2.9828868438503746,0.0497023428113698,40.22999954223633,70.27828578421594,0.8291674097945763,dinuc,0.2636877551386227,0.3133900979499925
GCF_000237085.1:NC_016627.1,4208347,4208743,0,0.443446602744243,0.0524255110742551,39.42999649047851,97.38491846111998,1.1164018388836183,dinuc,0.2921801145224285,0.3446056255966836
GCF_000237085.1:NC_016627.1,4211633,4212078,0,-1.8343030243906993,0.0660091258141904,57.92999649047851,122.88900760962188,1.2311057804234595,dinuc,0.3643925308387307,0.4304016566529211
GCF_000237085.1:NC_016627.1,4409922,4410321,0,2.2333182662187916,0.0690793393334798,38.1099967956543,152.9413689221832,1.7434337938700708,dinuc,0.5074291012170452,0.5765084405505251
GCF_000237085.1:NC_016627.1,4463456,4463881,0,-0.4271141336566813,0.1091342645734605,48.27000427246094,98.8563250261988,1.0178031111002572,dinuc,0.3786930278795208,0.4878272924529814
GCF_000237085.1:NC_016627.1,4465406,4465816,0,-2.0430236135832436,0.057202756242276,46.30999755859375,76.61599994110446,0.8802190213384349,dinuc,0.7090317548317412,0.7662345110740172
GCF_000237085.1:NC_016627.1,4498149,4498574,0,-0.4693036808722947,0.1869386172775358,47.12999725341797,115.10866867106806,1.1858926920520492,dinuc,0.4775821732501529,0.6645207905276888
GCF_000237085.1:NC_016627.1,4498882,4499262,0,1.5404233504666325,0.0604959517650325,35.150001525878906,106.3101842997446,1.2206096418927097,dinuc,0.4037926161358385,0.4642885679008711
GCF_000237085.1:NC_016627.1,4501585,4502023,0,-0.5813809612876425,0.0950779311878315,49.34000015258789,106.18701728124805,1.1031327061133271,dinuc,0.3645980698139521,0.4596760010017836
GCF_000247605.1:NC_016894.1,318400,318744,0,-3.557475660273271,0.0331477363125788,40.83000183105469,45.51140426003528,0.6072276164856436,dinuc,0.2856148111466803,0.3187625474592592
GCF_000247605.1:NC_016894.1,426758,427210,0,-1.1819615916947517,0.0543647641353988,58.529998779296875,91.23804360949428,0.8751766215724527,dinuc,0.5614599655277772,0.615824729663176
GCF_000247605.1:NC_016894.1,538974,539418,0,0.1418421370148802,0.0707421826718067,43.65999984741211,102.13982916894632,1.0839548772571783,dinuc,0.4563372795266219,0.5270794621984287
GCF_000247605.1:NC_016894.1,612671,613054,0,-3.1670155844978347,0.1051801413648804,46.67000198364258,92.16120982524072,1.0074242634599713,dinuc,0.3541635787934433,0.4593437201583237
GCF_000247605.1:NC_016894.1,646218,646405,0,1.197556916308926,0.0971503936264823,21.80000114440918,49.85393808792165,1.2241642521376617,dinuc,0.4966785492978493,0.5938289429243316
GCF_000247605.1:NC_016894.1,1054913,1055283,0,-2.1897339845592096,0.0285093092021494,43.810001373291016,84.66618910838469,0.9993256425897734,dinuc,0.4794568059027925,0.5079661151049419
GCF_000247605.1:NC_016894.1,1254319,1254535,0,-1.9217794819204088,0.140591822180641,23.989999771118164,51.35677458324372,1.0735034012408085,dinuc,0.4289432901637208,0.5695351123443618
GCF_000247605.1:NC_016894.1,1298143,1298550,0,-1.0408408215324694,0.0702409093089651,42.12999725341797,91.26677290568918,0.9468429188426992,dinuc,0.2632695197920551,0.3335104291010202
GCF_000247605.1:NC_016894.1,1518095,1518478,0,-1.2697423864415036,0.1097971668989731,48.1400032043457,86.6972954243281,1.003597525402266,dinuc,0.4622019042375953,0.5719990711365684
GCF_000247605.1:NC_016894.1,1813456,1813813,0,-6.6471325927160905,0.1224725016351878,44.87999725341797,74.30362322854342,0.9486613972998474,dinuc,0.3707515176736367,0.4932240193088245
GCF_000247605.1:NC_016894.1,1939139,1939521,0,0.8952793385232062,0.0891691939274489,42.560001373291016,124.6529955858628,1.512225457627408,dinuc,0.4386183638724708,0.5277875577999198
GCF_000247605.1:NC_016894.1,3167775,3168174,0,-0.1660064755270009,0.1252857084740029,42.69999694824219,94.87694219308796,1.081476310807802,dinuc,0.5175802189521008,0.6428659274261037
GCF_000247605.1:NC_016894.1,3201159,3201539,0,0.2788953043549246,0.1141914447368216,33.6299991607666,87.6030302219133,1.0857216765848998,dinuc,0.3968450655923055,0.5110365103291272
GCF_000247605.1:NC_016894.1,3304144,3304594,0,-0.0955970364154102,0.0869367493938633,49.44000244140625,134.73756128601738,1.3474792128625184,dinuc,0.3589089801472166,0.4458457295410799
GCF_000247605.1:NC_016894.1,3315473,3315911,0,-0.382744632352012,0.0719846073379096,45.70000076293945,115.05058878938554,1.1047290280619075,dinuc,0.4802184859426171,0.5522030932805267
GCF_000247605.1:NC_016894.1,3318730,3319150,0,-0.5115515035699948,0.015881678289666,46.62000274658203,90.07183585961346,0.9773119329611932,dinuc,0.512634273583371,0.528515951873037
GCF_000247605.1:NC_016894.1,3320159,3320463,0,-3.345233989979396,0.0677972667340349,32.97999954223633,70.77834676290533,0.9860066089854008,dinuc,0.7676039949778658,0.8354012617119008
GCF_000247605.1:NC_016894.1,3476622,3477036,0,0.8019977941808718,0.098902975287579,54.26000213623047,134.64601590642678,1.3854728325860122,dinuc,0.5368345382899784,0.6357375135775575
GCF_000247605.1:NC_016894.1,4029743,4030134,0,-1.4615185937148565,0.0554148785446131,45.32000350952149,63.70443679857326,0.7368742068051639,dinuc,0.4192156544482947,0.4746305329929079
GCF_001499615.1:NZ_LN606600.1,13617,14012,0,-0.5653073673936795,0.0137410370564855,49.68000030517578,85.84828032140665,0.9712138370118468,dinuc,0.4738839419547542,0.4876249790112398
GCF_001499615.1:NZ_LN606600.1,43046,43462,0,-3.8055123549332217,0.0348231561927275,57.04999542236328,66.73071801810516,0.6426790520312009,dinuc,0.3667393172141821,0.4015624734069097
GCF_001499615.1:NZ_LN606600.1,158750,159182,0,-0.5521901967632203,0.0631342130839708,56.649993896484375,61.097362087632,0.5839285215628528,dinuc,0.308913900903112,0.3720481139870829
GCF_001499615.1:NZ_LN606600.1,165063,165411,0,-1.7545061944150413,0.0458035199542002,49.76000213623047,51.859185897383654,0.5983532897318256,dinuc,0.2205452247975866,0.2663487447517869
GCF_001499615.1:NZ_LN606600.1,453554,453965,0,-0.1727063664327214,0.0917887627123993,57.94999694824219,113.0613958790214,1.1443517910088767,dinuc,0.3124761559622545,0.4042649186746539
GCF_001499615.1:NZ_LN606600.1,546059,546427,0,-2.377489505018491,0.0213914700452948,48.90999603271485,78.92661287016334,0.9124361048142176,dinuc,0.571912954327691,0.5933044243729858
GCF_001499615.1:NZ_LN606600.1,719133,719549,0,0.8574262608529202,0.1618743177819985,52.24000549316406,117.13591267999666,1.1577910228559765,dinuc,0.373455132473447,0.5353294502554455
GCF_001499615.1:NZ_LN606600.1,1107629,1107975,0,0.1059671743503694,0.0437482881919476,49.50000762939453,49.5337099100181,0.6520733599276637,dinuc,0.3393441909217961,0.3830924791137438
GCF_001499615.1:NZ_LN606600.1,1429386,1429800,0,-0.9545802328696584,0.1330040073823575,50.11000061035156,94.08958468162236,0.9435792409463586,dinuc,0.40889832342402,0.5419023308063776
GCF_001499615.1:NZ_LN606600.1,1680497,1680945,0,-1.60517388568512,0.0771126330893609,52.63999938964844,95.41539335135056,0.9396160217878294,dinuc,0.306814418715802,0.383927051805163
GCF_001499615.1:NZ_LN606600.1,1984903,1985318,0,-0.6991587487130556,0.0173570932656165,58.67000579833984,68.31117027685318,0.7229012532665086,dinuc,0.2726179508413615,0.289975044106978
GCF_001499615.1:NZ_LN606600.1,2011971,2012343,0,-1.8905676528802475,0.0898511058785942,51.81999206542969,65.50112061916084,0.7560240647236756,dinuc,0.1991277320949291,0.2889788379735234
GCF_001499615.1:NZ_LN606600.1,2154871,2155260,0,1.263145360244012,0.0869500988912188,34.420000076293945,122.87312792625748,1.4610657577714274,dinuc,0.4162044194196613,0.5031545183108801
GCF_001499615.1:NZ_LN606600.1,2438648,2439102,0,-0.1881775283615814,0.0724879670708074,47.81999969482422,146.15645696232087,1.376331997414132,dinuc,0.4781629513399035,0.550650918410711
GCF_001499615.1:NZ_LN606600.1,3200482,3200875,0,-0.704948718417725,0.0605004306265972,51.50999450683594,78.12761520608302,0.8479539104216598,dinuc,0.5399693935704177,0.600469824197015
GCF_001499615.1:NZ_LN606600.1,3350221,3350586,0,-0.6342787798278268,0.1233120046189398,45.86000061035156,79.31728106234243,0.9232024044216034,dinuc,0.3455296030961459,0.4688416077150857
GCF_001499615.1:NZ_LN606600.1,3402439,3402797,0,0.4106817916472972,0.044661668283962,40.769996643066406,63.76106023505209,0.8167827193383033,dinuc,0.5065025651974512,0.5511642334814132
GCF_001499615.1:NZ_LN606600.1,3481057,3481529,0,-1.7228131118735424,0.0432858528822975,56.469993591308594,73.2038215116,0.7214661808901565,dinuc,0.5282221604181868,0.5715080133004844
GCF_001499615.1:NZ_LN606600.1,3768262,3768571,0,-1.1047093507672132,0.0743786244964198,41.459999084472656,72.80590264849151,0.9108683867938092,dinuc,0.2597820615035071,0.3341606859999269
GCF_001543105.1:NZ_CP014159.1,66581,67011,0,-2.1275968000164394,0.151207017293521,53.400001525878906,102.02804143262172,0.9859940250862612,dinuc,0.4169787481941202,0.5681857654876412
GCF_001543105.1:NZ_CP014159.1,78960,79377,0,0.3651653544830261,-0.006734077010456,36.980003356933594,119.88019242975864,1.277129814799598,dinuc,0.375470780282456,0.368736703272
GCF_001543105.1:NZ_CP014159.1,297010,297177,0,-3.444939218623544,0.0536648916733197,20.06999969482422,23.110444242110987,0.5692005401993289,dinuc,0.4069755658639979,0.4606404575373177
GCF_001543105.1:NZ_CP014159.1,324363,324747,0,0.3851482926490198,0.1188478341921393,43.45000457763672,140.09096794395026,1.555809395222538,dinuc,0.3332727712259005,0.4521206054180399
GCF_001543105.1:NZ_CP014159.1,431597,432038,0,-1.9774648461962556,0.0654237828475011,51.18000030517578,116.7699336836734,1.198046490337677,dinuc,0.5487411076704287,0.6141648905179299
GCF_001543105.1:NZ_CP014159.1,471353,471665,0,-0.3957524222443974,0.1052522227056507,36.00000190734863,88.22238176119443,1.2665831303385109,dinuc,0.5000489520526623,0.605301174758313
GCF_001543105.1:NZ_CP014159.1,547091,547517,0,0.062514224093652,0.0834093911679602,54.86000061035156,138.2356148864978,1.4327572408777665,dinuc,0.3251956290275952,0.4086050201955554
GCF_001543105.1:NZ_CP014159.1,606426,606729,0,-1.4672710799950586,0.1112743103408319,28.69000244140625,55.91272522350872,0.8021796965609006,dinuc,0.3562680669197604,0.4675423772605923
GCF_001543105.1:NZ_CP014159.1,700517,700916,0,-0.9884133956329684,0.0531348919205084,42.45999526977539,81.1112074273938,0.857273826672983,dinuc,0.5630607286471682,0.6161956205676766
GCF_001543105.1:NZ_CP014159.1,817968,818401,0,0.0019725463608436,0.0419562188286552,54.52000427246094,152.24788386187558,1.4736190592689735,dinuc,0.2296599450414818,0.2716161638701371
GCF_001543105.1:NZ_CP014159.1,818873,819297,0,0.3214014130126006,0.0756725106206598,44.3800048828125,123.68531125037596,1.3246939781262228,dinuc,0.3807936121919625,0.4564661228126224
GCF_001543105.1:NZ_CP014159.1,868399,868786,0,-3.0641722912144576,0.0434529148619584,42.82000350952149,60.39589048122797,0.7236567224758791,dinuc,0.5792369344138947,0.6226898492758531
GCF_001543105.1:NZ_CP014159.1,951766,952130,0,-2.7428869687105077,0.1797973641687103,43.57000350952149,101.5819291890286,1.2404582195547045,dinuc,0.4041186308467094,0.5839159950154198
GCF_001543105.1:NZ_CP014159.1,959304,959714,0,-2.938526551976246,0.1514021092801454,50.189998626708984,86.18174587861145,0.92904297501817,dinuc,0.5542249206153599,0.7056270298955053
GCF_001543105.1:NZ_CP014159.1,960898,961309,0,-2.227095044457472,0.0663438212188541,47.08000183105469,48.599368655048394,0.5291787969235412,dinuc,0.2523798879372671,0.3187237091561213
GCF_001543105.1:NZ_CP014159.1,963853,964273,0,-1.8227885440548837,-0.0089041802927953,52.65999984741211,86.93008216317743,0.8882835830149564,dinuc,0.3779949698413333,0.3690907895485379
GCF_001543105.1:NZ_CP014159.1,979243,979569,0,1.6760285532577386,0.1239120388853592,35.54999923706055,113.52528642282437,1.5074792574010143,dinuc,0.6445017892231057,0.768413828108465
GCF_001543105.1:NZ_CP014159.1,1137275,1137617,0,0.7105735821956506,0.1396312268632845,39.970001220703125,116.16998468988686,1.4579431745884213,dinuc,0.4655539310706996,0.6051851579339842
GCF_001543105.1:NZ_CP014159.1,1330073,1330421,0,-1.2384294280895896,0.0981628418602129,38.400001525878906,94.47329108222952,1.2099846336888165,dinuc,0.442551048003875,0.540713889864088
GCF_001543105.1:NZ_CP014159.1,1462307,1462670,0,0.224045103102913,0.0966580849669597,40.94000244140625,69.18095150082141,0.8454211157852712,dinuc,0.5108498578826082,0.6075079428495679
GCF_001543105.1:NZ_CP014159.1,1480078,1480477,0,-0.4820501731970638,0.0661872464199669,46.82000350952149,104.1057453995931,1.1403733318609572,dinuc,0.3432566040319306,0.4094438504518976
GCF_001543105.1:NZ_CP014159.1,1603960,1604308,0,-0.8612052975189839,0.1394801300841287,36.76000213623047,76.43251633971897,0.9437169551041764,dinuc,0.4758405682378521,0.6153206983219809
GCF_001543105.1:NZ_CP014159.1,1633555,1634006,0,-4.385628496305138,0.0193271846403686,57.61000061035156,56.84505926291166,0.5639883157309536,dinuc,0.3499950299051795,0.3693222145455482
GCF_001543145.1:NZ_CP014160.1,79316,79683,0,-2.993634162413943,0.049039892553005,38.519996643066406,82.23359074529135,0.8703674777236733,dinuc,0.3592402778173614,0.4082801703703664
GCF_001543145.1:NZ_CP014160.1,98299,98688,0,-2.150257456007247,0.0178677534529646,52.280006408691406,44.11897987199478,0.494521908111217,dinuc,0.6208453812202354,0.6387131346732
GCF_001543145.1:NZ_CP014160.1,265548,265690,0,-0.6378512799189661,0.0484605974190389,14.209999084472656,21.41724806146691,0.6674317058549721,dinuc,0.4052519833198688,0.4537125807389077
GCF_001543145.1:NZ_CP014160.1,347463,347924,0,-2.451482692992798,0.1780608335788466,51.149993896484375,128.98631080084957,1.07998937772742,dinuc,0.4986395458615297,0.6767003794403764
GCF_001543145.1:NZ_CP014160.1,368750,369171,0,-0.9596454444797622,0.0772910944719002,49.480003356933594,100.84777567718297,0.9782752531701896,dinuc,0.2350776230485889,0.3123687175204891
GCF_001543145.1:NZ_CP014160.1,380730,381167,0,0.8051990224900591,0.0947089030237323,50.630001068115234,134.4112394661515,1.364219280147222,dinuc,0.410703651364656,0.5054125543883883
GCF_001543145.1:NZ_CP014160.1,470142,470595,0,-5.37503916971006,0.0373129244421594,52.66999816894531,78.88679136454292,0.7736313571785535,dinuc,0.4375069436286425,0.4748198680708019
GCF_001543145.1:NZ_CP014160.1,576365,576802,0,-0.8919436023808864,0.0205745327065594,48.43000030517578,110.33984872036312,1.0868114988472262,dinuc,0.5225176759459201,0.5430922086524795
GCF_001543145.1:NZ_CP014160.1,670850,671343,0,-3.311617215755176,-0.0407490443181855,64.70999908447266,81.20483247595355,0.6842233578627208,dinuc,0.2169560084745193,0.1762069641563337
GCF_001543145.1:NZ_CP014160.1,690996,691416,0,-1.2571152639812522,0.0522589366429639,52.1099967956543,98.08600857683524,0.995920098177564,dinuc,0.3802426000034226,0.4325015366463866
GCF_001543145.1:NZ_CP014160.1,694179,694555,0,-0.8945912397962419,0.0529428980231914,42.33000183105469,101.52306449256282,1.0795311442582367,dinuc,0.4924192511490312,0.5453621491722226
GCF_001543145.1:NZ_CP014160.1,695596,695921,0,-3.093670061911267,0.1813355661760891,40.67999649047851,52.564484032896026,0.6833282896900233,dinuc,0.4209561537594207,0.6022917199355098
GCF_001543145.1:NZ_CP014160.1,707501,707911,0,-3.6513844295033433,0.0731941638753063,49.96000671386719,63.48859266979336,0.7426901774404407,dinuc,0.3998892957888189,0.4730834596641253
GCF_001543145.1:NZ_CP014160.1,782198,782571,0,-6.027197630224328,0.0300443700650261,47.73999786376953,52.916081771881025,0.5806731042433256,dinuc,0.4534078267298454,0.4834521967948716
GCF_001543145.1:NZ_CP014160.1,789590,790048,0,-5.417326825184317,0.0172484994630577,63.94999694824219,93.91562988878545,0.8211845295211979,dinuc,0.3393523958036797,0.3566008952667374
GCF_001543145.1:NZ_CP014160.1,942188,942568,0,-2.706822283474077,0.024836053034872,42.70999526977539,49.67916023589928,0.6110876978805522,dinuc,0.5575403575952387,0.5823764106301107
GCF_001543145.1:NZ_CP014160.1,1082466,1082821,0,-2.3365881202996075,0.0209334240582478,43.060001373291016,93.69694803504032,1.1286950790107089,dinuc,0.2841081444897774,0.3050415685480253
GCF_001543145.1:NZ_CP014160.1,1086573,1086974,0,-8.57333373720465,0.1182697002288236,60.650001525878906,42.2594349459794,0.4259796057599452,dinuc,0.3720293106441099,0.4902990108729335
GCF_001543145.1:NZ_CP014160.1,1102965,1103381,0,-3.072950718017799,0.1110553181673895,54.189998626708984,68.66488391700481,0.7476593574943423,dinuc,0.2323054112038437,0.3433607293712333
GCF_001543145.1:NZ_CP014160.1,1216029,1216462,0,-5.832876862332025,0.0173030362011161,48.94999694824219,62.78982561002149,0.6629896318217446,dinuc,0.4254027643265705,0.4427058005276866
GCF_001543145.1:NZ_CP014160.1,1217459,1217850,0,-1.140530190367279,0.0970337156107493,50.649993896484375,115.66057263336964,1.173068448112063,dinuc,0.2763817516779362,0.3734154672886855
GCF_001543145.1:NZ_CP014160.1,1288903,1289290,0,-0.5245344199899011,0.0236448349120918,48.11000061035156,90.35001292453504,0.9334110353330306,dinuc,0.3119427355148926,0.3355875704269844
GCF_001543145.1:NZ_CP014160.1,1552816,1553206,0,-2.274388597323868,0.174553105835401,49.58000183105469,103.09182134134072,1.108167550470715,dinuc,0.3465195971110812,0.5210727029464822
GCF_001543145.1:NZ_CP014160.1,1708575,1708889,0,-6.310991800610024,0.1473197643708796,42.540000915527344,42.69464786148546,0.6028708031261045,dinuc,0.3395591441389076,0.4868789085097872
GCF_001543145.1:NZ_CP014160.1,1769802,1770261,0,-1.8590980446768288,0.0800652285190077,51.53000259399414,77.71556272261238,0.746747922079955,dinuc,0.3994804657981965,0.4795456943172043
GCF_001543145.1:NZ_CP014160.1,1781852,1782252,0,0.0770164617926268,0.0638646206357631,48.6199951171875,137.98501074046217,1.4567381166925149,dinuc,0.4092886992052976,0.4731533198410608
GCF_001543145.1:NZ_CP014160.1,1975749,1976200,0,-0.4993116077521348,0.0816800290254033,54.720001220703125,147.75584211088514,1.3815272760509352,dinuc,0.4732511696218348,0.5549311986472382
GCF_001543175.1:NZ_CP014161.1,190942,191398,0,0.1091940468613892,0.0384197796631057,49.66999816894531,114.45557611348194,1.1307471269394085,dinuc,0.5322181336232105,0.5706379132863162
GCF_001543175.1:NZ_CP014161.1,191893,192297,0,-2.0629906704323795,0.0365188699536641,52.0,62.74483182795077,0.675090845944638,dinuc,0.3488652174407841,0.3853840873944482
GCF_001543175.1:NZ_CP014161.1,192365,192769,0,-0.4984144094559634,0.0601666804467163,47.730003356933594,81.80860583303973,0.8855491207344701,dinuc,0.3280640647859148,0.3882307452326312
GCF_001543175.1:NZ_CP014161.1,283712,284126,0,-1.4825804821562831,0.0120661116509336,54.05999755859375,135.82909781310934,1.377620222770274,dinuc,0.4048371503063014,0.4169032619572351
GCF_001543175.1:NZ_CP014161.1,340409,340843,0,-2.641419121926958,0.0090499785418028,53.37000274658203,64.1541414595494,0.6549926457758066,dinuc,0.502285737229233,0.5113357157710359
GCF_001543175.1:NZ_CP014161.1,691857,692306,0,-0.271769452797433,0.1512455362945651,51.0,137.64293150287904,1.3861138630729863,dinuc,0.4093795658361243,0.5606251021306894
GCF_001543175.1:NZ_CP014161.1,902295,902472,0,-0.2494741439109404,0.0520609820836284,20.1299991607666,22.09667088421605,0.5963061144480092,dinuc,0.364123234253969,0.4161842163375974
GCF_001543175.1:NZ_CP014161.1,1080434,1080770,0,-3.1935768948237273,0.0857760107795325,39.90999984741211,72.26813204124939,0.9640565703927968,dinuc,0.5751944077151294,0.660970418494662
GCF_001543175.1:NZ_CP014161.1,1196233,1196661,0,-1.6825948392614862,0.165405496487892,48.81999969482422,89.54239724006497,0.8657172670062804,dinuc,0.3403408001457183,0.5057462966336104
GCF_001543175.1:NZ_CP014161.1,1208728,1209071,0,-4.551641258024784,0.0760992455287892,41.56999969482422,79.47242744247258,1.014467467750136,dinuc,0.2149352084424851,0.2910344539712743
GCF_001543175.1:NZ_CP014161.1,1208878,1209327,0,0.3648371597651114,0.1017772061700933,48.11000061035156,89.11806949195635,0.8701878131637063,dinuc,0.3848107800439369,0.4865879862140302
GCF_001543175.1:NZ_CP014161.1,1522506,1522924,0,-1.7375054465098347,0.0660313755070491,50.459999084472656,121.78548661506598,1.142619511367072,dinuc,0.3640657452694284,0.4300971207764776
GCF_001543175.1:NZ_CP014161.1,1525675,1526066,0,-0.5073555191422374,0.0189794721754907,44.130001068115234,114.9021617320698,1.2174574628152053,dinuc,0.400548782277413,0.4195282544529037
GCF_001543175.1:NZ_CP014161.1,1527058,1527489,0,-1.0648219080239891,0.0665796249070369,48.209999084472656,120.49706354448692,1.2113482073020223,dinuc,0.6646659222210336,0.7312455471280705
GCF_001543175.1:NZ_CP014161.1,1533533,1533849,0,-2.2890923608081684,0.0909311781131451,34.999996185302734,72.84004954847333,0.9944029680234314,dinuc,0.2293618002631694,0.3202929783763146
GCF_001543175.1:NZ_CP014161.1,1607687,1608024,0,-4.085597157799204,0.2253052422651575,45.500003814697266,59.46037388629502,0.7188600995062635,dinuc,0.2815168710931644,0.506822113358322
GCF_001543175.1:NZ_CP014161.1,1627982,1628134,0,1.2176783955401171,0.1199668762731859,15.850000381469728,60.58487774395952,1.6903019655690903,dinuc,0.3818793556577747,0.5018462319309607
GCF_001543175.1:NZ_CP014161.1,1631925,1632078,0,-1.366061797385712,0.0835801354020731,16.1299991607666,40.12623439824168,1.245601802128629,dinuc,0.4045917907959385,0.4881719261980116
GCF_001543175.1:NZ_CP014161.1,1644864,1645291,0,-4.951200084719943,0.0455870327156164,52.400001525878906,56.92170999019361,0.5951779171162506,dinuc,0.3435070555739704,0.3890940882895868
GCF_001543175.1:NZ_CP014161.1,1862878,1863283,0,-0.8696046219305278,0.0438170390761487,41.17999649047851,128.64303202832343,1.4199457223580698,dinuc,0.3819555267014738,0.4257725657776226
GCF_001543175.1:NZ_CP014161.1,1950624,1950934,0,-2.1080608286707982,0.0405069409511073,36.230003356933594,58.37119349725705,0.7655370218715195,dinuc,0.3333534488751695,0.3738603898262768
GCF_001543205.1:NZ_CP014162.1,63540,63887,0,-6.744305287953754,0.043830862305622,43.8900032043457,42.837261811985954,0.5341457641400078,dinuc,0.0952773831498485,0.1391082454554706
GCF_001543205.1:NZ_CP014162.1,108059,108418,0,0.1501947617124047,0.0708760811972693,38.19999694824219,111.5210394258932,1.3302334995906464,dinuc,0.4231535053343754,0.4940295865316447
GCF_001543205.1:NZ_CP014162.1,699343,699798,0,1.548358273689269,-0.0390149255697485,46.540000915527344,125.45543289742707,1.252666687439417,dinuc,0.592189129624996,0.5531742040552475
GCF_001543205.1:NZ_CP014162.1,757780,758195,0,-2.371132944368275,0.0350775577970288,50.75,61.63905956386242,0.6853616481562523,dinuc,0.3659397265543859,0.4010172843514147
GCF_001543205.1:NZ_CP014162.1,890289,890667,0,1.0075747359057516,0.1265656231833558,37.84000396728515,86.43462657344234,1.0129189502366955,dinuc,0.3055268022932864,0.4320924254766423
GCF_001543205.1:NZ_CP014162.1,890359,890667,0,-5.434258755174752,0.042084656044368,36.220001220703125,38.30531904556539,0.6518520255021337,dinuc,0.3881563196368892,0.4302409756812572
GCF_001543205.1:NZ_CP014162.1,1222627,1223099,0,-4.058234778358656,0.1106201341197491,59.599998474121094,98.67953732323252,0.90598743578752,dinuc,0.3781140323930142,0.4887341665127633
GCF_001543205.1:NZ_CP014162.1,1299092,1299446,0,-3.418631788902984,0.1471286639145173,42.05000305175781,37.06762054303092,0.5067810758998378,dinuc,0.6992678942204301,0.8463965581349474
GCF_001543205.1:NZ_CP014162.1,1300635,1301059,0,-2.076050329387233,0.0532802943499621,44.09000015258789,94.70493954672884,0.9384354950177556,dinuc,0.3269519150280359,0.380232209377998
GCF_001543205.1:NZ_CP014162.1,1303605,1304023,0,-0.6312752420268141,0.0788087866942935,47.939998626708984,115.8324540169889,1.1688366869740554,dinuc,0.574926649346083,0.6537354360403765
GCF_001543205.1:NZ_CP014162.1,1304907,1305274,0,-0.4619530698836744,0.0975510544351515,39.470001220703125,89.45372464766908,1.088208966502561,dinuc,0.551657555196054,0.6492086096312055
GCF_001543205.1:NZ_CP014162.1,1379827,1380249,0,-5.492460124972108,0.0985704346803849,51.84000396728515,66.47063118152501,0.7500028510945447,dinuc,0.4502650423516746,0.5488354770320595
GCF_001543205.1:NZ_CP014162.1,1895513,1895933,0,0.2070295872385721,0.0113655756459977,42.6400032043457,110.7890836188575,1.206542462994017,dinuc,0.461903594916645,0.4732691705626428
GCF_001543245.1:NZ_CP014163.1,39433,39826,0,-1.2173917349997312,0.1138025549029208,46.37999725341797,125.22848026611996,1.2972913278283478,dinuc,0.4411231665960654,0.5549257214989862
GCF_001543245.1:NZ_CP014163.1,475083,475515,0,1.6172610658728908,0.0507860109577062,46.019996643066406,124.5928077717493,1.3706932857355112,dinuc,0.4245478551723535,0.4753338661300597
GCF_001543245.1:NZ_CP014163.1,486213,486617,0,-1.7561169472381548,0.1469967134249948,43.589996337890625,101.58951410756842,1.0976762512217948,dinuc,0.4029233610005963,0.5499200744255911
GCF_001543245.1:NZ_CP014163.1,700418,700794,0,-1.617066386060361,0.033508029656303,40.07999801635742,64.5951729014112,0.7835595918291939,dinuc,0.5542436483698109,0.5877516780261139
GCF_001543245.1:NZ_CP014163.1,805425,805862,0,0.7842143444486984,0.1412610940845483,48.51000213623047,123.65509110132965,1.2460393239941268,dinuc,0.3916823158421643,0.5329434099267126
GCF_001543245.1:NZ_CP014163.1,815128,815548,0,-2.505702096372614,0.021535448153176,52.94999694824219,78.65884813512916,0.7849065133819734,dinuc,0.3894715242202921,0.4110069723734681
GCF_001543245.1:NZ_CP014163.1,818300,818675,0,-2.365755140903273,0.1517680621149049,45.96000289916992,67.33315868181465,0.76784261948467,dinuc,0.1889405964907426,0.3407086586056476
GCF_001543245.1:NZ_CP014163.1,819684,820021,0,-0.2096658019864548,0.0472359010537002,37.71999740600586,121.1882301327759,1.5271448889059798,dinuc,0.5268759694540995,0.5741118705077998
GCF_001543245.1:NZ_CP014163.1,828997,829372,0,-3.4772148239731355,0.1874434290090327,45.22999954223633,43.68597528031136,0.551277032769891,dinuc,0.5563387681629712,0.743782197172004
GCF_001543245.1:NZ_CP014163.1,997118,997450,0,-3.656299742542968,0.0933003264215454,40.95000457763672,101.58048827656404,1.2505663955949795,dinuc,0.3679965803433567,0.4612969067649022
GCF_001543245.1:NZ_CP014163.1,1021164,1021517,0,-1.124778517990188,0.0292614301606881,37.790000915527344,101.5909992547021,1.2304167751226658,dinuc,0.4248852606889949,0.454146690849683
GCF_001543245.1:NZ_CP014163.1,1036341,1036758,0,-3.9119641836053383,0.221059594308121,51.480003356933594,109.32424770207082,1.04607049185033,dinuc,0.2974001293258592,0.5184597236339802
GCF_001543245.1:NZ_CP014163.1,1098093,1098506,0,-2.100512633031091,0.0404901554925682,48.33000183105469,81.38765559168802,0.8680002828307245,dinuc,0.460839520951169,0.5013296764437373
GCF_001543245.1:NZ_CP014163.1,1099284,1099708,0,0.2221357589061749,0.0756203231217464,47.480003356933594,113.27963300089245,1.1568220995240628,dinuc,0.3749137258520897,0.4505340489738361
GCF_001543245.1:NZ_CP014163.1,1369246,1369417,0,-2.941702916484552,0.0853086835654969,21.420000076293945,23.362620201303493,0.5731497127630862,dinuc,0.4520894040567891,0.5373980876222861
GCF_001543245.1:NZ_CP014163.1,1392163,1392518,0,0.0773912699697511,0.0987509574112727,34.56999969482422,84.66146930021662,1.0834916347719894,dinuc,0.5765271971244651,0.6752781545357378
GCF_001543245.1:NZ_CP014163.1,1428681,1428822,0,-2.0011582983526948,0.0157717151677694,17.420000076293945,26.06105216685078,0.7821118602014159,dinuc,0.4735450108552948,0.4893167260230643
GCF_001543245.1:NZ_CP014163.1,1770442,1770848,0,-7.544047027838905,0.0556565339719907,51.269996643066406,55.63800961614693,0.6062024290306459,dinuc,0.4061548072503051,0.4618113412222958
GCF_001543285.1:NZ_CP014164.1,55050,55485,0,-2.1284527539244085,0.0756390930254744,49.959999084472656,118.806061174459,1.1305605585757277,dinuc,0.3446690375132422,0.4203081305387167
GCF_001543285.1:NZ_CP014164.1,203577,203992,0,-1.9914777753894404,0.0342836465070424,41.84000396728515,66.5545290628931,0.6981152816645226,dinuc,0.2586959692472532,0.2929796157542957
GCF_001543285.1:NZ_CP014164.1,253190,253588,0,-3.4046402729586793,-0.1110007260738191,46.87999725341797,69.58343154755151,0.8394097986385132,dinuc,0.4571882049344894,0.3461874788606703
GCF_001543285.1:NZ_CP014164.1,262696,263110,0,-5.434722537097087,0.107395995827225,55.90999603271485,94.60407717548024,0.9704318483920272,dinuc,0.3324024236753216,0.4397984195025466
GCF_001543285.1:NZ_CP014164.1,266785,267182,0,-5.371745430659075,0.1388596459819422,42.02000045776367,73.15463004381185,0.8454629709132117,dinuc,0.5025454730456793,0.6414051190276215
GCF_001543285.1:NZ_CP014164.1,422670,423038,0,-3.990417069139009,0.1165907467041145,44.39999771118164,69.21787349356093,0.8043470839378201,dinuc,0.6095323299364589,0.7261230766405734
GCF_001543285.1:NZ_CP014164.1,424227,424651,0,-2.3234892300128163,0.0774132924319557,42.83000183105469,90.5413628433402,0.8511620581164017,dinuc,0.2855795879066814,0.3629928803386371
GCF_001543285.1:NZ_CP014164.1,427195,427615,0,-0.0481941335139726,0.0987082508167912,46.7400016784668,120.83827141000133,1.2220545874064594,dinuc,0.5520675007308459,0.6507757515476371
GCF_001543285.1:NZ_CP014164.1,428497,428866,0,0.7220458286036476,0.0969024145030559,36.499996185302734,99.48546109253192,1.2321598132574707,dinuc,0.5510845475996529,0.6479869621027088
GCF_001543285.1:NZ_CP014164.1,983404,983821,0,-2.5432428137145027,0.0342832333918343,43.63999938964844,54.23340369153823,0.5860777282240438,dinuc,0.2586967829862593,0.2929800163780937
GCF_001543285.1:NZ_CP014164.1,1050317,1050737,0,-0.1381572535375037,0.1165005048279761,44.730003356933594,111.17192439646377,1.053031671301994,dinuc,0.5104793865086821,0.6269798913366582
GCF_001543285.1:NZ_CP014164.1,1221378,1221723,0,-5.509652390219362,0.0438307561766162,43.8900032043457,42.44762610888493,0.5281873329334181,dinuc,0.0952773813733936,0.1391081375500099
GCF_001543285.1:NZ_CP014164.1,1263840,1264279,0,0.3393883422658582,0.058161645537194,45.90999984741211,139.5368543647245,1.3821046985858376,dinuc,0.4288975087209513,0.4870591542581454
GCF_001543285.1:NZ_CP014164.1,1447290,1447629,0,-2.3515712999925524,0.0450166746266842,36.029998779296875,59.33560773144658,0.7823648936890834,dinuc,0.3795895317762884,0.4246062064029726
GCF_001543285.1:NZ_CP014164.1,1525454,1525899,0,-1.2805253046006748,0.0946640188631801,46.029998779296875,104.25737156140264,1.0293101770446804,dinuc,0.5122723645501501,0.6069363834133302
GCF_001543285.1:NZ_CP014164.1,1582418,1582852,0,-2.8314043967498175,0.0629005978944808,54.67999649047851,88.17800292154708,0.898858653233164,dinuc,0.4957548468836369,0.5586554447781178
GCF_001543285.1:NZ_CP014164.1,1591403,1591866,0,-3.732817644033409,0.081765090927796,58.730003356933594,70.57792459560319,0.6161854014433544,dinuc,0.2480698165972603,0.3298349075250563
GCF_001543285.1:NZ_CP014164.1,1918279,1918654,0,-0.7053904934526556,0.052298924323244,43.3599967956543,75.26623210147262,0.8940796585034594,dinuc,0.3263726940840657,0.3786716184073098
GCF_001543285.1:NZ_CP014164.1,2116680,2117020,0,-5.126759134000091,0.0420884447213981,42.16999816894531,48.06815381869025,0.6288619214820647,dinuc,0.3881586328340963,0.4302470775554944
GCF_001647695.1:NZ_CP015425.1,737148,737589,0,-3.985391134388915,0.0813372933268176,54.21000671386719,85.6236787206965,0.8274140437017431,dinuc,0.4713140769256346,0.5526513702524523
GCF_001647695.1:NZ_CP015425.1,815376,815792,0,-3.42341919157977,0.1048856784523726,46.230003356933594,129.49326577376192,1.4148872054761714,dinuc,0.2019671373464361,0.3068528157988087
GCF_001647695.1:NZ_CP015425.1,889589,890016,0,-0.0098773809480539,0.0128907036789189,46.93000030517578,111.11833056468882,1.1717770548042588,dinuc,0.3244471706212021,0.3373378743001211
GCF_001647695.1:NZ_CP015425.1,901716,902227,0,-3.4543315312203813,0.032575341322972,59.5,89.95950227568197,0.7220348350700768,dinuc,0.3339976864659591,0.3665730277889311
GCF_001647695.1:NZ_CP015425.1,904762,905182,0,-0.7066712731922576,0.0391566917936416,47.02000427246094,121.4135082123008,1.1888319746985525,dinuc,0.3829383657086109,0.4220950575022525
GCF_001647695.1:NZ_CP015425.1,1544247,1544663,0,0.0261127718940178,0.0593474254194801,45.61000442504883,139.41083864222685,1.429294470721828,dinuc,0.6660804764342275,0.7254279018537076
GCF_001705075.2:NZ_CP080624.1,508572,508874,0,-0.7220706659930763,0.0483717695914202,37.62000274658203,73.6021924873339,1.150581042975666,dinuc,0.4861380221661778,0.534509791757598
GCF_001705075.2:NZ_CP080624.1,531124,531509,0,-0.5409673619625557,0.0348154397860099,53.600006103515625,80.23975818033756,0.8584545319780734,dinuc,0.3714868727573095,0.4063023125433195
GCF_001705075.2:NZ_CP080624.1,885041,885451,0,-0.8603347706943278,0.0091927929046304,57.30999755859375,66.33092691802749,0.6673722426176802,dinuc,0.3010235413192107,0.3102163342238411
GCF_001705075.2:NZ_CP080624.1,2122259,2122622,0,1.1310172497476894,0.0807171487864164,47.69000244140625,71.1979234480041,0.8294589665864109,dinuc,0.2460951978192222,0.3268123466056387
GCF_001705075.2:NZ_CP080624.1,2358878,2359329,0,0.3770546601106639,0.0421345434885103,58.410003662109375,108.06791968833554,0.9482140921564384,dinuc,0.2576565775692502,0.2997911210577605
GCF_001705075.2:NZ_CP080624.1,3173729,3174161,0,-2.663926564422588,0.0507692251564318,61.68000030517578,55.389780090820835,0.5705557831435898,dinuc,0.2877609208041308,0.3385301459605627
GCF_001753245.1:NZ_CP017415.1,53542,53934,0,0.3568561891502152,0.118486454210368,42.269996643066406,121.79763272016548,1.3776183320437665,dinuc,0.3277690758602092,0.4462555300705773
GCF_001753245.1:NZ_CP017415.1,1872746,1873189,0,-0.3600044977931274,-0.0177446457006837,60.100006103515625,83.69929389665225,0.7755632533974972,dinuc,0.3939537832847007,0.376209137584017
GCF_001753245.1:NZ_CP017415.1,2626751,2627144,0,-0.0358616908864228,0.0694147136839307,49.089996337890625,94.24244603840786,1.012207793878665,dinuc,0.431117924844045,0.5005326385279758
GCF_001753245.1:NZ_CP017415.1,2629802,2630199,0,0.6329153430538725,0.0508593998792432,51.94999694824219,115.65791343213554,1.2181203942330876,dinuc,0.3449256539265207,0.3957850538057639
GCF_001989575.1:NZ_CP019573.1,106552,106661,0,-0.6430500356001632,0.008123462724164,10.940000534057615,13.998697634899212,0.5301316501699057,dinuc,0.732808543131552,0.7409320058557161
GCF_001989575.1:NZ_CP019573.1,107827,108259,0,-1.5652291098225108,0.0820622960831937,50.02000045776367,92.3116348392725,0.9217947740201652,dinuc,0.4707467496429584,0.5528090457261521
GCF_001989575.1:NZ_CP019573.1,110887,111311,0,-0.1548812502792548,0.0356912633610972,44.720001220703125,86.12450242381928,0.9164098614111672,dinuc,0.4457042988984661,0.4813955622595634
GCF_001989575.1:NZ_CP019573.1,288046,288479,0,-3.193040849375945,0.071122954574216,56.660003662109375,85.6240797733164,0.8835007208669802,dinuc,0.5909987144634937,0.6621216690377097
GCF_001989575.1:NZ_CP019573.1,294657,295092,0,-2.463439280658254,0.0399424425700535,53.900001525878906,130.5995423132933,1.1992356241369897,dinuc,0.3371007040647906,0.3770431466348442
GCF_001989575.1:NZ_CP019573.1,295195,295584,0,0.7893855506570765,0.2155081861646154,44.81999588012695,92.57556760375316,1.057935548591035,dinuc,0.3145113261304064,0.5300195122950219
GCF_001989575.1:NZ_CP019573.1,520313,520622,0,-1.227572487003715,0.1235794822217106,30.469999313354492,41.16443887439988,0.7046551345723702,dinuc,0.7056446553796689,0.8292241376013796
GCF_001989575.1:NZ_CP019573.1,607625,608011,0,-3.0924804674926527,0.1731196978878514,41.53000259399414,109.87405553305892,1.2742038036827137,dinuc,0.5532254582872288,0.7263451561750802
GCF_001989575.1:NZ_CP019573.1,865612,865935,0,0.5937248661186159,0.0868995711407971,34.21000099182129,79.32827244822474,1.0677707985666542,dinuc,0.5132713026304636,0.6001708737712608
GCF_001989575.1:NZ_CP019573.1,1088739,1089127,0,0.278186648526164,0.0811256978404308,36.38999938964844,105.6276704882568,1.3262088054771008,dinuc,0.3784524790817841,0.4595781769222149
GCF_001989575.1:NZ_CP019573.1,1562130,1562511,0,-0.2591508145444097,0.0325679530220868,38.19999694824219,72.0647645570198,0.9184402662641676,dinuc,0.4074224395035883,0.4399903925256752
GCF_001989575.1:NZ_CP019573.1,1614484,1614930,0,-5.688318569518562,0.054927820993131,49.43000030517578,127.65460657362824,1.237291230651405,dinuc,0.6724023674481832,0.7273301884413143
GCF_001989575.1:NZ_CP019573.1,1727491,1727863,0,0.9403617875486388,0.2435405093740119,36.230003356933594,86.4861742911073,1.103060372768816,dinuc,0.392349556054976,0.635890065428988
GCF_001989575.1:NZ_CP019573.1,1738182,1738592,0,-0.2507532024063878,0.1370663571770904,46.439998626708984,84.92087736790958,0.94558854558669,dinuc,0.5117632698595073,0.6488296270365977
GCF_002173775.1:NZ_CP021524.1,311988,312437,0,-0.1022676880851948,0.0232173774248921,63.20000457763672,117.31569352443928,1.012937838406916,dinuc,0.4179484261421917,0.4411658035670838
GCF_002173775.1:NZ_CP021524.1,1159525,1159896,0,-2.1936312163721556,-0.009826087738555,43.11000061035156,98.9623260032643,1.0566807147652844,dinuc,0.3169379362522815,0.3071118485137264
GCF_002173775.1:NZ_CP021524.1,1226399,1226607,0,-2.0651889799658942,0.0306932488310355,26.770000457763672,43.65090402598708,0.8725411581527998,dinuc,0.3831478403536673,0.4138410891847028
GCF_002173775.1:NZ_CP021524.1,1348898,1349274,0,-0.3446469532962042,0.0732277353747141,41.48999786376953,101.05237958816517,1.2375716562623824,dinuc,0.3934956602310039,0.466723395605718
GCF_002173775.1:NZ_CP021524.1,1459389,1459820,0,-4.14259479715833,0.0161359806619048,69.19000244140625,53.731830947284,0.5040794506081698,dinuc,0.2651348744452305,0.2812708551071353
GCF_002173775.1:NZ_CP021524.1,1496866,1497256,0,1.6425880517846911,0.0613433669635013,51.399993896484375,130.77022406680396,1.4224727161697432,dinuc,0.3732322756535784,0.4345756426170798
GCF_002173775.1:NZ_CP021524.1,1673702,1674077,0,-1.164423475828181,0.0878296250147991,47.730003356933594,88.59418144225052,0.9374066361964708,dinuc,0.2291231525241883,0.3169527775389875
GCF_002173775.1:NZ_CP021524.1,2114494,2114856,0,-1.311253905568434,0.0776664523405144,38.76000213623047,65.38670677375829,0.7636451125300808,dinuc,0.4793218565957487,0.5569883089362632
GCF_002173775.1:NZ_CP021524.1,2142846,2143251,0,0.4354321510179105,0.0162586491867897,53.36000061035156,101.16482345268288,1.0144194626699727,dinuc,0.3180049396608717,0.3342635888476615
GCF_002173775.1:NZ_CP021524.1,2796785,2797222,0,-0.0736631545050285,0.1673587895006832,50.04999542236328,90.83791350393828,0.9973212895495828,dinuc,0.4115271440563184,0.5788859335570017
GCF_002173775.1:NZ_CP021526.1,8401,8835,0,-0.4180626565418187,0.1473067399883557,50.78000259399414,123.30077397624768,1.2304002892085342,dinuc,0.267734174936777,0.4150409149251328
GCF_002220195.1:NZ_CP022374.1,12577,13029,0,-0.3110217809304124,0.0339714620431919,61.089996337890625,115.92080704334184,1.0753438916671445,dinuc,0.3629340378014418,0.3969054998446338
GCF_002220195.1:NZ_CP022374.1,123141,123586,0,-0.6129717905712657,0.0053357615512464,56.87999725341797,93.1946017325964,0.9110794779224044,dinuc,0.3748920857105033,0.3802278472617498
GCF_002220195.1:NZ_CP022374.1,1012981,1013320,0,-0.4089664159313285,0.0756902685358205,45.25,88.41527447016763,1.0742507352279067,dinuc,0.3838693970491593,0.4595596655849798
GCF_002220195.1:NZ_CP022374.1,1668903,1669337,0,-0.4055746266218605,-0.0083900797864395,43.519996643066406,104.69090013348222,1.034071164029236,dinuc,0.3348171748981328,0.3264270951116932
GCF_002220195.1:NZ_CP022374.1,2087739,2088134,0,-0.1069793995274495,0.0196370320803287,49.87000274658203,68.11164115066777,0.736150450542795,dinuc,0.4778999031698381,0.4975369352501669
GCF_002220195.1:NZ_CP022374.1,2426183,2426566,0,0.7061273230051275,0.0077848394508185,39.54999923706055,111.99971350839743,1.3134439336734018,dinuc,0.4649204931846966,0.4727053326355152
GCF_002220195.1:NZ_CP022374.1,2547991,2548413,0,1.4670279148776866,0.0533222324580829,48.58000183105469,164.1130031190713,1.6297597773344197,dinuc,0.4064136678489979,0.4597359003070809
GCF_002220195.1:NZ_CP022374.1,2552962,2553449,0,-2.226007974344946,0.0515892044105305,72.6399917602539,155.97656275570583,1.2345053366334768,dinuc,0.2592550685062699,0.3108442729168005
GCF_002220195.1:NZ_CP022374.1,3023549,3023921,0,0.005574731078621,0.1287461020505638,36.939998626708984,92.27256507223974,1.2197350988381912,dinuc,0.3680946833326308,0.4968407853831946
GCF_002812705.1:NZ_CP025030.1,4665596,4665998,0,-1.0926418238136926,0.093147600688909,41.000003814697266,83.69145566014282,0.9730136925538444,dinuc,0.5199245478897274,0.6130721485786365
GCF_002812705.1:NZ_CP025030.1,5329788,5330167,0,0.1529754242390598,0.0797864995570807,41.019996643066406,117.10548302099964,1.3439436444831647,dinuc,0.419261567524616,0.4990480670816968
GCF_002844395.1:NZ_CP025197.1,67826,68214,0,-0.2766944255708941,0.121744891275748,41.8900032043457,106.37914327251222,1.2180579923579,dinuc,0.4607314004415157,0.5824762917172638
GCF_002844395.1:NZ_CP025197.1,237985,238052,0,-3.4197446468838075,0.0229130138874252,8.989999771118164,4.804287563520842,0.3265897714131022,dinuc,0.4824901967418163,0.5054032106292417
GCF_002844395.1:NZ_CP025197.1,305308,305742,0,-1.9054769556008584,0.0287161170560329,38.31999969482422,68.04573363667458,0.7668658689987615,dinuc,0.3291982254196908,0.3579143424757237
GCF_002844395.1:NZ_CP025197.1,626413,626858,0,-2.895679307254447,0.1023534719080389,49.709999084472656,104.57800100406506,1.0747816545872468,dinuc,0.4147078680047941,0.5170613399128331
GCF_002844395.1:NZ_CP025197.1,703532,703978,0,-0.9812769936197284,0.059148063057824,46.09000396728515,86.06141745289777,0.8590501672027337,dinuc,0.4683760586616536,0.5275241217194777
GCF_002844395.1:NZ_CP025197.1,805862,806320,0,-2.439695434834872,0.0477027841489045,53.09000396728515,72.1306608702812,0.6340463567105248,dinuc,0.4362233013833055,0.4839260855322101
GCF_002844395.1:NZ_CP025197.1,810083,810518,0,1.0239793237636885,0.042940360568628,46.6400032043457,114.68249609456257,1.1881196796340558,dinuc,0.4164509776089298,0.4593913381775578
GCF_002844395.1:NZ_CP025197.1,811066,811450,0,-0.768033847167781,0.0822495389070208,43.83000183105469,119.7938347665472,1.345291581635758,dinuc,0.3694483855341766,0.4516979244411975
GCF_002844395.1:NZ_CP025197.1,1973988,1974411,0,-1.9005493170640153,0.0827320285360171,49.769996643066406,91.59226640037215,0.9962401991381382,dinuc,0.3533374801013323,0.4360695086373495
GCF_002844395.1:NZ_CP025197.1,2121976,2122412,0,0.0840942449076989,0.0481388543677513,47.70000076293945,147.32972646578634,1.5344467614664945,dinuc,0.6485851386675734,0.6967239930353247
GCF_002844395.1:NZ_CP025197.1,2335039,2335350,0,0.9813269050047262,0.032258658695298,26.6200008392334,111.8940875133342,1.7209680531719351,dinuc,0.4887119912692511,0.5209706499645491
GCF_002844395.1:NZ_CP025197.1,2599640,2600064,0,-0.075750500720295,0.1364587576798974,46.94999694824219,74.95738155801361,0.8300441232509888,dinuc,0.3303054990893901,0.4667642567692876
GCF_002844395.1:NZ_CP025197.1,2985750,2986162,0,-0.4862582941573001,0.0771680366316627,42.290000915527344,119.07148942371674,1.2543908158238473,dinuc,0.4905872255365224,0.5677552621681852
GCF_002844395.1:NZ_CP025197.1,2996039,2996476,0,-1.5684695425178472,0.0962598435973076,46.47999954223633,92.98376797337336,0.9185315871034868,dinuc,0.4319117627661796,0.5281716063634873
GCF_002844395.1:NZ_CP025197.1,3043849,3044306,0,-1.2549722341576517,0.093379257343886,55.48999786376953,112.05024280486016,1.0494697423093495,dinuc,0.4891762019588508,0.5825554593027369
GCF_002844395.1:NZ_CP025197.1,3369473,3369882,0,-1.9407303070746036,0.0322651618177379,46.8900032043457,94.11474140681132,0.9978804120798068,dinuc,0.626834219968351,0.659099381786089
GCF_002844395.1:NZ_CP025197.1,3370130,3370583,0,-0.7182773960923718,0.1007312290828699,47.08000183105469,85.34041131534019,0.8260173584667779,dinuc,0.5351288446950674,0.6358600737779373
GCF_002844395.1:NZ_CP025197.1,3372875,3373315,0,-0.948761377613229,0.0447978883635532,41.150001525878906,89.17778966824501,0.892640618389351,dinuc,0.369739546014217,0.4145374343777702
GCF_002844395.1:NZ_CP025197.1,3379947,3380383,0,-6.147142065801445,0.0299536343342428,60.04999542236328,56.75379680189108,0.5652800444207842,dinuc,0.4882034996091056,0.5181571339433484
GCF_003352165.1:NZ_CP029176.1,336674,337000,0,1.0354910265506456,0.0359970616084993,41.81999969482422,76.39969830139192,0.9842065050425892,dinuc,0.2494247084909323,0.2854217700994317
GCF_003352165.1:NZ_CP029176.1,2024739,2025138,0,-2.3721115220211972,0.0617389789120871,41.730003356933594,109.61005748159432,1.2559580991239274,dinuc,0.450817536555184,0.5125565154672711
GCF_003721225.2:NZ_CP127527.1,573029,573423,0,0.1600428436585278,0.0024397918978814,52.60999298095703,92.9913218156424,0.9937477328761676,dinuc,0.2711853985959443,0.2736251904938257
GCF_003721225.2:NZ_CP127527.1,874410,874786,0,0.8181495244184086,0.0773587937795799,44.31999969482422,80.32563240359305,0.9031574598705808,dinuc,0.4159783820153171,0.493337175794897
GCF_003721225.2:NZ_CP127527.1,874423,874786,0,1.2794870622113648,0.0777571091410536,44.1400032043457,115.25496926107922,1.322163349020282,dinuc,0.4162611209155373,0.4940182300565909
GCF_003966655.1:NZ_AP018795.1,358550,358908,0,-0.2956419438608385,0.09491015974164,43.250003814697266,96.39922605525824,1.2638824513160596,dinuc,0.4332314592237743,0.5281416189654143
GCF_003966655.1:NZ_AP018795.1,358568,358997,0,-0.0211771230513927,0.0410294686737779,50.73999786376953,64.28799766279676,0.7123277552801265,dinuc,0.5089036503049577,0.5499331189787356
GCF_003966655.1:NZ_AP018795.1,1993340,1993736,0,-1.0225450874633568,0.0330665564381698,56.75,68.1332336439712,0.7106749856817106,dinuc,0.4420820963917207,0.4751486528298905
GCF_004014775.2:NZ_CP042808.1,56464,56846,0,1.5312108191839682,0.0483738816632583,48.910003662109375,138.46852993743988,1.5903603501352668,dinuc,0.3667532858985791,0.4151271675618374
GCF_004014775.2:NZ_CP042808.1,785588,786045,0,-1.4122786847970483,0.0704487734706303,64.82999420166016,89.90681097094982,0.7710830484867318,dinuc,0.4480514361580174,0.5185002096286477
GCF_004014775.2:NZ_CP042808.1,1901677,1902069,0,-1.1030743550074176,0.1705080817605124,45.39999771118164,73.18421534158846,0.8504265272103628,dinuc,0.2789114761118421,0.4494195578723545
GCF_004014775.2:NZ_CP042808.1,2604031,2604467,0,0.6542941062469635,0.0457733385310653,47.58000183105469,112.25249781088318,1.1559390559587006,dinuc,0.4338371903220093,0.4796105288530746
GCF_004014775.2:NZ_CP042808.1,2710081,2710454,0,-1.126921569647044,0.1560523461445431,45.599998474121094,83.8169569491833,1.0539432963412,dinuc,0.3863352055519618,0.542387551696505
GCF_004103715.1:NZ_CP035282.1,20113,20480,0,-0.2089520840081101,0.0363576172537687,33.999996185302734,90.58757166356152,1.160525593601829,dinuc,0.2391352093411575,0.2754928265949263
GCF_004103715.1:NZ_CP035282.1,34946,35393,0,-0.3227851180493638,0.0932557459493078,52.26000213623047,121.83836463339384,1.152514011272877,dinuc,0.487758091298511,0.5810138372478189
GCF_004103715.1:NZ_CP035282.1,44842,44980,0,-2.362641822078732,0.014999193893922,18.38000106811523,26.850682632095936,0.8318222527636326,dinuc,0.4562161808280939,0.4712153747220159
GCF_004103715.1:NZ_CP035282.1,149160,149558,0,-0.2125840498895716,0.1168627152714538,43.68000411987305,121.48675538631328,1.34080377180875,dinuc,0.3616309281225416,0.4784936433939954
GCF_004103715.1:NZ_CP035282.1,196049,196447,0,-0.201063430865106,0.0401452142379268,37.1300048828125,99.53807734296709,1.1484179881211185,dinuc,0.5038822110024355,0.5440274252403623
GCF_004103715.1:NZ_CP035282.1,423151,423543,0,-0.423011819030191,0.0874465790043124,37.1099967956543,105.77092947460774,1.214336786392939,dinuc,0.536151234850616,0.6235978138549284
GCF_004103715.1:NZ_CP035282.1,1000368,1000795,0,1.084479778772957,0.0431207092403153,47.16999816894531,113.4751436154778,1.24987073392658,dinuc,0.4559794861050148,0.4991001953453301
GCF_004103715.1:NZ_CP035282.1,1016787,1017179,0,-1.3875052709752167,0.0823584300666611,43.94000244140625,116.43042730852248,1.2777428796655006,dinuc,0.4468071531149629,0.529165583181624
GCF_004103715.1:NZ_CP035282.1,1632121,1632517,0,-2.3092483792702776,0.0787942815402004,45.650001525878906,85.71504876053889,0.9559926881717976,dinuc,0.4404293172131108,0.5192235987533113
GCF_004103715.1:NZ_CP035282.1,2609829,2610271,0,0.4778472609394691,0.0300067812771176,41.880001068115234,116.07793050286593,1.1017164732259657,dinuc,0.5762295757096826,0.6062363569868002
GCF_004103715.1:NZ_CP035282.1,2685987,2686407,0,-3.5423592116817635,0.0639603172018015,53.269996643066406,99.24616700284083,0.9670816813980732,dinuc,0.5181762654115124,0.5821365826133139
GCF_004103715.1:NZ_CP035282.1,2856807,2857203,0,-0.4105805456079184,0.0975440732843754,39.02000045776367,109.12246641751904,1.2180450001619012,dinuc,0.5054708003225655,0.603014873606941
GCF_004103715.1:NZ_CP035282.1,2968164,2968590,0,-0.7847647213310422,0.0465283294075175,45.9900016784668,96.62877660860244,1.0309820878969165,dinuc,0.334602416514359,0.3811307459218766
GCF_004103715.1:NZ_CP035282.1,2978682,2979123,0,0.1075161052835606,0.0405766792533086,44.62000274658203,82.26181975471398,0.8130854460034153,dinuc,0.4841313124308298,0.5247079916841384
GCF_004103715.1:NZ_CP035282.1,2981833,2982277,0,-0.5025492694643607,0.0579061664017771,47.189998626708984,119.65867792695695,1.232615911836933,dinuc,0.52811071799072,0.5860168843924971
GCF_004103715.1:NZ_CP035282.1,2983301,2983633,0,-4.694741319961045,0.0447334870471082,40.55000305175781,50.51399368652268,0.6780901509638012,dinuc,0.4209360518072185,0.4656695388543267
GCF_004103715.1:NZ_CP035282.1,3221192,3221604,0,-0.518868990821029,0.0385969061416963,40.80000305175781,92.98207540313312,0.9853974572767246,dinuc,0.5688767707982797,0.607473676939976
GCF_004103715.1:NZ_CP035282.1,3553464,3553898,0,-2.342054277504273,0.0219626748063437,40.980003356933594,94.64677640795362,1.001760080115718,dinuc,0.227334099230759,0.2492967740371028
GCF_004103715.1:NZ_CP035282.1,3577249,3577655,0,0.9936018607286132,0.1294755506916883,46.4900016784668,106.7233735701938,1.2117171656320644,dinuc,0.3095530481993707,0.439028598891059
GCF_004103715.1:NZ_CP035282.1,3577285,3577655,0,0.3087821725674557,0.1089759236552318,39.81999588012695,117.4883184538884,1.360812170123297,dinuc,0.3027136029296588,0.4116895265848906
GCF_004103715.1:NZ_CP035282.1,3597245,3597670,0,-2.142667299110923,0.0232078980803722,40.16999816894531,67.16332588457438,0.7469411852496572,dinuc,0.2267392303347792,0.2499471284151514
GCF_004295125.1:NZ_CP036170.1,66445,66838,0,1.580005220024396,0.079682653428661,46.01000213623047,122.1696626023524,1.4173520565743591,dinuc,0.422352280421208,0.5020349338498691
GCF_004295125.1:NZ_CP036170.1,122903,123348,0,0.3781427199837524,0.1410652281643482,55.37999725341797,134.33626077295474,1.3277327004474513,dinuc,0.3603660790749776,0.5014313072393258
GCF_004295125.1:NZ_CP036170.1,124410,124501,0,-0.53239405696477,0.057973557073444,11.130001068115234,28.882615890304752,1.1632466887190298,dinuc,0.5379045131142447,0.5958780701876888
GCF_004295125.1:NZ_CP036170.1,124602,125037,0,-0.6411972400766127,0.067015641884889,53.589996337890625,101.98100380484227,1.0015886715436912,dinuc,0.5012583967590635,0.5682740386439525
GCF_004295125.1:NZ_CP036170.1,125974,126070,0,-0.3081033504297177,0.0392411560195303,10.40999984741211,8.72115454614415,0.3661712816503373,dinuc,0.4268658780627472,0.4661070340822775
GCF_004295125.1:NZ_CP036170.1,231590,231689,0,0.6805971429872777,0.1210677762386519,10.290000915527344,29.528721449813663,1.2196383601120926,dinuc,0.6076179073893964,0.7286856836280483
GCF_004295125.1:NZ_CP036170.1,324815,325261,0,0.0474484495257387,0.0853585331440088,45.04999923706055,128.70934222210192,1.2511938686235708,dinuc,0.6932250315662629,0.7785835647102718
GCF_004295125.1:NZ_CP036170.1,441041,441376,0,-1.3831006851072676,0.0797023933197125,42.47999572753906,83.33539387420744,1.0385976845949092,dinuc,0.375319898905556,0.4550222922252685
GCF_004295125.1:NZ_CP036170.1,495867,495933,0,0.3568865108109129,0.0907002408304148,5.029999732971191,15.499660310485098,0.9020841957949556,dinuc,0.8348957963565702,0.925596037186985
GCF_004295125.1:NZ_CP036170.1,504171,504594,0,-0.2753648228484213,0.0734559463548052,50.86000061035156,102.28811313035368,1.1178120685283948,dinuc,0.3929103494836248,0.46636629583843
GCF_004295125.1:NZ_CP036170.1,504861,505262,0,-0.5844306949395022,0.041237306014581,47.17999649047851,105.6938903469,1.1106737847934562,dinuc,0.3932653082333907,0.4345026142479717
GCF_004295125.1:NZ_CP036170.1,507474,507859,0,-2.9957457420739115,0.0566888025374482,44.0099983215332,85.93860415040912,0.9147679018629632,dinuc,0.4637854855991284,0.5204742881365767
GCF_004295125.1:NZ_CP036170.1,509138,509555,0,-2.919858258109214,0.0571745588586882,47.81999588012695,110.376714684214,1.1859174012762403,dinuc,0.4194809293480645,0.4766554882067528
GCF_004295125.1:NZ_CP036170.1,769072,769375,0,-0.4698143691088969,0.0561896025807033,37.3900032043457,70.24807839930578,1.015740636028669,dinuc,0.6166040274568592,0.6727936300375625
GCF_004295125.1:NZ_CP036170.1,784605,784799,0,-2.6665846896032392,0.1994865597788052,23.790000915527344,30.310258767983857,0.7062324942054169,dinuc,0.5214373902414531,0.7209239500202583
GCF_004295125.1:NZ_CP036170.1,787900,788081,0,-0.5529566326728731,0.0426080976311463,20.3700008392334,30.105925857547863,0.7552526953281744,dinuc,0.311332104083703,0.3539402017148493
GCF_004295125.1:NZ_CP036170.1,1079257,1079689,0,-1.149872840897613,0.1420830387739139,50.63999938964844,61.81089979283559,0.6271485112243713,dinuc,0.5867547990078309,0.7288378377817448
GCF_004295125.1:NZ_CP036170.1,1103385,1103793,0,-0.7532427295721077,0.0353502061231095,48.36000061035156,93.95223349245374,1.014351714259017,dinuc,0.4154641176989176,0.4508143238220272
GCF_004295125.1:NZ_CP036170.1,1137550,1137915,0,-7.155077881746383,0.0525561942302476,47.25,43.669307254967386,0.5540739925873579,dinuc,0.3839973329483648,0.4365535271786124
GCF_004295125.1:NZ_CP036170.1,1187879,1188253,0,-4.463743502060084,0.1172932835231623,53.459999084472656,96.54992537468688,1.0839546495688586,dinuc,0.4007239651223874,0.5180172486455498
GCF_004295125.1:NZ_CP036170.1,2085487,2085858,0,-4.320359582371761,0.0134686538137274,48.150001525878906,75.23910896234067,0.837019746307136,dinuc,0.3104437175103605,0.3239123713240879
GCF_004295125.1:NZ_CP036170.1,2551544,2552004,0,0.8951571151387796,0.0878711985631459,48.15999984741211,128.9299710762183,1.218449793910065,dinuc,0.5404991130458804,0.6283703116090263
GCF_004295125.1:NZ_CP036170.1,3130956,3131361,0,0.9021367245460566,0.0131885011775298,44.31999588012695,104.21981379002337,1.157366362421758,dinuc,0.3971647336967769,0.4103532348743068
GCF_004295125.1:NZ_CP036170.1,3211904,3212240,0,-2.3027990750366234,0.0704097719186408,38.71000289916992,64.50916852472992,0.7909102791383749,dinuc,0.6271666700301161,0.6975764419487569
GCF_004295125.1:NZ_CP036170.1,3419113,3419473,0,-8.166115761718942,0.085444702027246,48.209999084472656,48.86699963367665,0.607975333706617,dinuc,0.3169395855051057,0.4023842875323517
GCF_004295125.1:NZ_CP036170.1,3431341,3431714,0,-1.8853384415650063,0.0495019318436079,44.87000274658203,70.27172466659707,0.8564940697050328,dinuc,0.4122184841964528,0.4617204160400607
GCF_004295125.1:NZ_CP036170.1,3510529,3510931,0,-4.095758316456328,0.1694615407945975,49.72999954223633,60.637120467880045,0.6678846876069305,dinuc,0.3960923199506456,0.5655538607452432
GCF_004295125.1:NZ_CP036170.1,3634609,3635043,0,-0.7450029163952551,0.0257479799537423,42.45999526977539,109.39506930350431,1.2238875941364802,dinuc,0.5333346127985439,0.5590825927522862
GCF_004359375.1:NZ_CP034726.1,128,600,0,-1.916377524077328,0.0920964295749854,46.779998779296875,62.06950491294011,0.6468356389849546,dinuc,0.5151235042845336,0.607219933859519
GCF_004359375.1:NZ_CP034726.1,271618,272047,0,-0.90608223295446,0.0497790090064178,52.23999786376953,104.02679881942532,1.0016080842629134,dinuc,0.5533566302683188,0.6031356392747367
GCF_004359375.1:NZ_CP034726.1,442114,442538,0,-2.666037350080787,0.0774038528572829,46.12000274658203,103.45731730671058,0.9998887135562696,dinuc,0.4773417784985336,0.5547456313558166
GCF_004359375.1:NZ_CP034726.1,541958,542370,0,-3.847274878739181,0.1363737885164486,49.540000915527344,78.84215224449979,0.8797447402227392,dinuc,0.413934205174369,0.5503079936908176
GCF_004359375.1:NZ_CP034726.1,934002,934379,0,-3.285687076936952,0.1769719511646026,42.16999816894531,102.82674903852563,1.265599625758551,dinuc,0.4397868650208628,0.6167588161854655
GCF_004359375.1:NZ_CP034726.1,1210980,1211394,0,-0.6655401018678933,0.0921486728777324,43.57999801635742,126.97334710171856,1.3184268450848975,dinuc,0.4307129797778667,0.5228616526555993
GCF_004359375.1:NZ_CP034726.1,1219944,1220262,0,-4.108396550874612,0.1150309335466081,38.21999740600586,61.96444964319594,0.8751245975948739,dinuc,0.3850523568480332,0.5000832903946414
GCF_004359375.1:NZ_CP034726.1,1356585,1356903,0,-0.943992925451993,0.0961127121549005,30.329999923706055,40.82050340401957,0.6241347444335662,dinuc,0.793888551827802,0.8900012639827026
GCF_004359375.1:NZ_CP034726.1,1373476,1373874,0,-3.2607315281302367,-0.0371123097730917,46.84000396728515,80.38063801456137,0.8756524030581787,dinuc,0.3978964876293246,0.3607841778562329
GCF_004359375.1:NZ_CP034726.1,1374871,1375226,0,-3.4105272703094873,0.0759495644152555,43.70000076293945,85.84403739217335,0.9762602086683224,dinuc,0.5220647182486785,0.5980142826639341
GCF_008365315.1:NZ_CP043506.1,188598,189016,0,-0.0592065868704555,0.0089519281102695,55.18999481201172,77.57383818902586,0.8301015606580816,dinuc,0.4489202162662786,0.4578721443765481
GCF_008365315.1:NZ_CP043506.1,372313,372764,0,0.2310782268042802,0.0299893075433839,67.54999542236328,101.58263888933077,0.947059821653042,dinuc,0.2097009193265669,0.2396902268699508
GCF_008365315.1:NZ_CP043506.1,1098716,1099100,0,-2.5181704180152336,0.091521353203914,45.52000427246094,61.58123890373064,0.6803236450620628,dinuc,0.3623593260173089,0.453880679221223
GCF_008365315.1:NZ_CP043506.1,1895963,1896403,0,-0.0615385393319529,0.0280596865802355,50.08000183105469,108.2279832234712,1.0859073107303714,dinuc,0.5060417044119023,0.5341013909921378
GCF_008365315.1:NZ_CP043506.1,1972460,1972866,0,-1.2906349018229082,0.0409296723237451,46.220001220703125,74.96884775190405,0.7875450441727089,dinuc,0.5812292762585795,0.6221589485823246
GCF_008365315.1:NZ_CP043507.1,122529,122950,0,-0.2650148280965851,0.0824970107913799,43.150001525878906,120.3515782694531,1.2783636906233131,dinuc,0.5431533601207141,0.6256503709120941
GCF_008365315.1:NZ_CP043507.1,126353,126701,0,0.1534379138261458,0.0491458780784581,35.3900032043457,91.99705679089986,1.2398018265431343,dinuc,0.4463699974248342,0.4955158755032924
GCF_008726475.3:NZ_CP145134.1,221890,222277,0,0.3351283813428429,-0.0027527774702371,47.75,121.43129469036248,1.2774375182673765,dinuc,0.5602048502043118,0.5574520727340746
GCF_008726475.3:NZ_CP145134.1,222772,223176,0,-2.5849000126686588,0.0525797485537264,52.519996643066406,97.75314664573722,1.0237939506896063,dinuc,0.3993533977647697,0.4519331463184962
GCF_008726475.3:NZ_CP145134.1,223318,223648,0,-0.8091546938725044,0.2123091209524398,40.59000015258789,53.678767456727606,0.7453219141490997,dinuc,0.3950490443086281,0.607358165261068
GCF_008726475.3:NZ_CP145134.1,316830,317225,0,-2.4408861728014988,0.0384023660956975,49.48999786376953,66.28544905434637,0.6408808561736181,dinuc,0.319969610927636,0.3583719770233336
GCF_008726475.3:NZ_CP145134.1,379247,379688,0,-3.936858847362973,0.0392249857297157,57.38999938964844,46.25785601298705,0.4675882959811014,dinuc,0.4172901929851675,0.4565151787148833
GCF_008726475.3:NZ_CP145134.1,600142,600344,0,-5.097683323272665,0.0173382171203113,27.03000259399414,17.446104918262524,0.383955359714533,dinuc,0.5521249391432393,0.5694631562635507
GCF_008726475.3:NZ_CP145134.1,710137,710563,0,-0.3159090411656245,0.1349638009669045,46.839996337890625,92.77624378455204,1.0054152105767455,dinuc,0.7548921855613968,0.8898559865283013
GCF_008726475.3:NZ_CP145134.1,1105019,1105354,0,-2.7830808339094153,0.135818477961658,39.85000228881836,77.21113696100274,1.018474367569088,dinuc,0.515804491761331,0.651622969722989
GCF_008726475.3:NZ_CP145134.1,1212518,1212945,0,-1.192159450044362,0.1477415813079701,44.970001220703125,60.91250331597582,0.6622786215626073,dinuc,0.2744392996783104,0.4221808809862806
GCF_008726475.3:NZ_CP145134.1,1224911,1225254,0,-3.192163389835705,0.0296394913497266,42.5099983215332,80.21251893772146,1.0128047737097945,dinuc,0.4754165389827635,0.5050560303324901
GCF_008726475.3:NZ_CP145134.1,1225069,1225510,0,0.6737372455423053,0.0767223899048076,43.86000061035156,104.58805635917147,1.029128077283226,dinuc,0.4082603424590645,0.4849827323638722
GCF_008726475.3:NZ_CP145134.1,1542679,1543098,0,-1.5344310464691708,0.0521467418607203,50.459999084472656,124.07869351313045,1.1547818284978306,dinuc,0.3777073619770422,0.4298541038377626
GCF_008726475.3:NZ_CP145134.1,1545845,1546240,0,-1.002310505933227,0.0193255478764509,45.900001525878906,94.0374308193293,0.9862961450072129,dinuc,0.4097796728136208,0.4291052206900718
GCF_008726475.3:NZ_CP145134.1,1547243,1547660,0,-2.760758956473465,0.0671546464992877,47.589996337890625,79.89108969537187,0.7865320758951933,dinuc,0.6538381610006089,0.7209928074998966
GCF_008726475.3:NZ_CP145134.1,1883860,1884294,0,-6.66640265660267,0.0668050711143177,58.410003662109375,74.25474356056895,0.7354302247517075,dinuc,0.5451885319196957,0.6119936030340135
GCF_008726475.3:NZ_CP145134.1,1902968,1903354,0,-2.004734989350192,0.0542450870976148,39.85000228881836,110.29369304628032,1.226834688862418,dinuc,0.4607200989877657,0.5149651860853806
GCF_009662475.1:NZ_CP045571.1,69534,69960,0,1.017112230752532,0.1642244724273286,47.59000015258789,110.58546681086852,1.108965875055343,dinuc,0.4104756796907483,0.5747001521180769
GCF_009662475.1:NZ_CP045571.1,96549,96924,0,-0.8319447424027314,0.0448954421452152,42.849998474121094,100.6128423094584,1.1216430670301425,dinuc,0.4021013195488701,0.4469967616940854
GCF_009662475.1:NZ_CP045571.1,229917,230268,0,-0.0292071259974441,0.1000407113488138,45.28999328613281,120.5289185211806,1.4041395784431694,dinuc,0.296587192780113,0.3966279041289269
GCF_009662475.1:NZ_CP045571.1,1410249,1410687,0,-0.4114367487775179,0.0512805906113466,50.959999084472656,73.05942206811035,0.7018776916984413,dinuc,0.3782711904103701,0.4295517810217167
GCF_009662475.1:NZ_CP045571.1,3206972,3207431,0,-1.529839590220918,0.0116007172030188,55.80999755859375,164.1007116786888,1.5311574660701237,dinuc,0.3470487716062617,0.3586494888092805
GCF_009914215.2:NZ_CP039845.2,262406,262792,0,-2.5875923223403587,0.0502334930993286,41.87999725341797,69.93606364965002,0.7706680067363046,dinuc,0.5100435261175442,0.5602770192168729
GCF_009914215.2:NZ_CP039845.2,387505,387958,0,-0.892884051071794,0.0524864820660724,48.17999649047851,127.37067007741854,1.2490594516586342,dinuc,0.5565610296958288,0.6090475117619012
GCF_009914215.2:NZ_CP039846.2,1092859,1093223,0,-1.7876291205157984,-0.003840517796926,42.94999694824219,59.44937117283377,0.6848610304519829,dinuc,0.3171911603197349,0.3133506425228088
GCF_009914215.2:NZ_CP039846.2,2653943,2654389,0,0.1926729911873911,0.0576150819779825,53.43000030517578,90.48178888540126,0.986824039055594,dinuc,0.3636758560239752,0.4212909380019577
GCF_010378095.2:NZ_CP127523.1,1105763,1106183,0,-1.9659320190398004,0.269823292095781,51.160003662109375,79.75355211499668,0.8102577506408852,dinuc,0.1676768167195008,0.4375001088152818
GCF_010378095.2:NZ_CP127523.1,1627648,1628043,0,0.7562072136188552,-0.0051524024127021,46.189998626708984,135.83962578111618,1.4632937895421425,dinuc,0.4668082128391687,0.4616558104264666
GCF_010378095.2:NZ_CP127523.1,2574707,2575128,0,-0.1272205595189679,0.0327502231365303,61.09999084472656,150.53424881860866,1.3761626358766388,dinuc,0.5442043914726965,0.5769546146092268
GCF_010378095.2:NZ_CP127523.1,2600167,2600574,0,-1.1255433437860825,0.0104217340019877,57.06999969482422,107.83648898382012,1.1067333202585805,dinuc,0.3896176237625363,0.400039357764524
GCF_012317185.1:NZ_CP048838.1,262493,262680,0,-3.073405815273515,0.0713427367091149,26.999996185302734,13.645936156192723,0.3310882810634576,dinuc,0.5154228086170963,0.5867655453262113
GCF_012317185.1:NZ_CP048838.1,263776,264213,0,-0.9623499102236638,0.0094785822369038,50.19000244140625,83.54124436293189,0.8290527871135911,dinuc,0.5087421786570323,0.5182207608939362
GCF_012317185.1:NZ_CP048838.1,560009,560441,0,-2.334471517799426,0.0822181519400758,46.730003356933594,71.11078215053426,0.7635108423502386,dinuc,0.4052950032493831,0.487513155189459
GCF_012317185.1:NZ_CP048838.1,562848,563277,0,-3.4098095453788795,0.0428224144420267,52.06999969482422,91.34781641070818,0.8471045357985444,dinuc,0.3589178074445547,0.4017402218865815
GCF_012317185.1:NZ_CP048838.1,721546,721970,0,-2.04441957621714,0.0206724105192959,48.650001525878906,105.25471886774557,1.071030598484944,dinuc,0.2774252897087868,0.2980977002280827
GCF_012317185.1:NZ_CP048838.1,736683,737161,0,-2.280027326590987,0.2613799072088252,55.7400016784668,59.17151784639188,0.5702099505790331,dinuc,0.2497355998459431,0.5111155070547683
GCF_012317185.1:NZ_CP048838.1,764352,764468,0,-0.6192403855323118,0.0830737164773059,14.40999984741211,32.183191476789666,1.095216032232617,dinuc,0.6417442149061359,0.7248179313834419
GCF_012317185.1:NZ_CP048838.1,765711,766080,0,-1.8603339655305748,0.0933067718893853,48.03000259399414,85.41923320743908,0.9596414338771873,dinuc,0.3108143262976519,0.4041210981870373
GCF_012317185.1:NZ_CP048838.1,775688,776047,0,-2.4036294398928124,0.1238149996704782,47.5099983215332,84.46527753974023,0.9558212039582844,dinuc,0.3102184978664608,0.434033497536939
GCF_012317185.1:NZ_CP048838.1,799839,800206,0,0.1781808195903748,0.0771365577315487,39.05000305175781,76.49925541912607,0.9646905000312234,dinuc,0.4284680312163331,0.5056045889478819
GCF_012317185.1:NZ_CP048838.1,858537,858892,0,-1.1940514513172693,0.0147352079109084,40.269996643066406,104.50557826869192,1.248200737987807,dinuc,0.4876510532577908,0.5023862611686992
GCF_012317185.1:NZ_CP048838.1,942698,943136,0,-1.380020933793815,0.1178298138570294,48.97999572753906,86.12338962804087,0.8264859580848686,dinuc,0.5883230968042672,0.7061529106612966
GCF_012317185.1:NZ_CP048838.1,1171871,1172272,0,-2.0153399764429367,0.2170227531340753,46.69000244140625,76.88060870810497,0.9029806009773532,dinuc,0.3818154463417337,0.5988381994758091
GCF_012317185.1:NZ_CP048838.1,1690447,1690837,0,0.1890369492173052,0.0697328890879881,40.9900016784668,121.89595452968004,1.379710957291396,dinuc,0.2751496915393988,0.3448825806273869
GCF_012317185.1:NZ_CP048838.1,1697052,1697329,0,-0.9446452234423312,0.0303126051659248,34.59000015258789,33.665578803568685,0.5356801511806515,dinuc,0.3952377987986127,0.4255504039645376
GCF_012317185.1:NZ_CP048838.1,1769094,1769514,0,-1.3892386494194549,0.0478976247320201,44.30999755859375,126.8061986103665,1.3534569256643632,dinuc,0.2593764858342477,0.3072741105662679
GCF_012317185.1:NZ_CP048838.1,1985756,1986217,0,-0.6694145556978156,0.0168706662495211,62.00000762939453,143.1403415926557,1.3085137644596083,dinuc,0.3600779825091357,0.3769486487586568
GCF_012317185.1:NZ_CP048838.1,2017792,2018209,0,-2.1172663333991983,0.0858468089786356,48.26000213623047,78.74661422146725,0.8617206364758568,dinuc,0.3102573535155599,0.3961041624941955
GCF_012317185.1:NZ_CP048838.1,2033310,2033640,0,-1.274102216770741,0.1014494558972797,34.22999954223633,55.74994635395535,0.7742141025379284,dinuc,0.6476119259798063,0.749061381877086
GCF_012317185.1:NZ_CP048838.1,2228950,2229284,0,-2.2438654666871356,0.0414040378788006,39.06000518798828,72.12596567476834,0.893345522206647,dinuc,0.5026851944375896,0.5440892323163903
GCF_012317185.1:NZ_CP048838.1,2284158,2284602,0,-1.9032062629493536,0.0495288844920811,42.17000198364258,107.53259340935182,1.0942113019236153,dinuc,0.4493669910293428,0.4988958755214239
GCF_012317185.1:NZ_CP048838.1,2295356,2295490,0,0.6002297203233959,0.0418679717265479,13.510000228881836,43.521705453857344,1.280370381519762,dinuc,0.5032350227021959,0.5451029944287439
GCF_012317185.1:NZ_CP048838.1,2958984,2959385,0,-0.0225351257970249,0.0562047689602203,45.81999969482422,97.02543551200992,1.0781685678837265,dinuc,0.2550903591431633,0.3112951281033836
GCF_012317185.1:NZ_CP048838.1,3678130,3678500,0,-2.726805329508277,0.076416770250566,49.560001373291016,81.50446225180936,0.8830330235399976,dinuc,0.3350527359372538,0.4114695061878198
GCF_012317185.1:NZ_CP048838.1,3678724,3679105,0,-1.1218360215861587,0.0590452865629908,48.52000427246094,54.822745798404696,0.6539130394804047,dinuc,0.2772477679469579,0.3362930545099488
GCF_012317185.1:NZ_CP048838.1,3679159,3679570,0,-0.983111605456938,0.0606319403435252,50.18000411987305,66.6114574650598,0.7358605022029483,dinuc,0.2576399275243038,0.3182718678678291
GCF_012317185.1:NZ_CP048838.1,3745242,3745664,0,-0.0452996163604294,0.026172419102833,45.2599983215332,122.9081624673176,1.305502159515312,dinuc,0.4174044388592727,0.4435768579621057
GCF_012317185.1:NZ_CP048838.1,3858748,3859172,0,-1.6823282504958532,0.1059737399706126,50.23999786376953,81.94935568817445,0.8519623901118725,dinuc,0.5766781748119384,0.682651914782551
GCF_012317185.1:NZ_CP048838.1,4171031,4171457,0,-0.9286004898536038,0.1360128269569813,46.92000198364258,102.87910548349925,1.098420452194918,dinuc,0.479905303717176,0.6159181306741573
GCF_013267415.1:NZ_CP053988.1,192403,192771,0,0.1509168627986055,0.0879325471796065,41.72999954223633,115.51094112890983,1.346116153563447,dinuc,0.4771235703377251,0.5650561175173316
GCF_013267415.1:NZ_CP053988.1,420835,421200,0,1.0008539348941732,0.1133846528404912,39.23999786376953,76.54262132702256,0.94950518750172,dinuc,0.3077135714128791,0.4210982242533703
GCF_013267415.1:NZ_CP053988.1,755094,755518,0,0.2737073154539207,-0.0139492924717919,46.01000213623047,125.50409823850347,1.276095955758639,dinuc,0.524739030656151,0.510789738184359
GCF_013267415.1:NZ_CP053988.1,758302,758683,0,0.8809741579195639,0.0451057366527334,38.87000274658203,106.0104776018748,1.3259705150690737,dinuc,0.4239516047126724,0.4690573413654058
GCF_013267415.1:NZ_CP053988.1,759655,760048,0,-2.3348956718024865,0.1342090148898528,46.68000030517578,86.99952271712053,1.0161428554285916,dinuc,0.4763952884214742,0.6106043033113271
GCF_013267415.1:NZ_CP053988.1,817568,817981,0,-4.652556035900839,0.0069029212211924,57.089996337890625,77.96354727457513,0.8132355318395518,dinuc,0.3379409489913613,0.3448438702125537
GCF_013267415.1:NZ_CP053988.1,877644,878105,0,-1.4969766048489463,0.0833226627064755,51.1199951171875,125.5587889037918,1.1250453978069428,dinuc,0.4823733887873815,0.565696051493857
GCF_013267415.1:NZ_CP053988.1,879233,879616,0,-1.7093171295283869,0.0299312276282721,43.750003814697266,109.05791623436473,1.3017712682919884,dinuc,0.514700584091171,0.5446318117194432
GCF_013267415.1:NZ_CP053988.1,888402,888816,0,-0.7907321469502422,0.0480989511072915,48.14999771118164,91.58216359507853,1.0069104935592734,dinuc,0.2903332835643843,0.3384322346716759
GCF_013267415.1:NZ_CP053988.1,891941,892374,0,-5.318389055619211,0.0870321517649003,51.18000030517578,76.1518949973766,0.7922357662885579,dinuc,0.3540406833283975,0.4410728350932978
GCF_013267415.1:NZ_CP053988.1,926560,926676,0,-1.3149495434636935,-0.0061097072876519,11.90999984741211,14.086676749992373,0.5599090820405513,dinuc,0.4146503071524984,0.4085405998648465
GCF_013267415.1:NZ_CP053988.1,970185,970547,0,-3.21201303693174,-0.0305746340834821,43.93000030517578,59.1985900315168,0.7093514820258257,dinuc,0.4575406699462155,0.4269660358627333
GCF_013267415.1:NZ_CP053988.1,1137385,1137712,0,-0.1265758542996974,0.026824069140712,38.529998779296875,60.48153624399593,0.7559080878045545,dinuc,0.5828803590711774,0.6097044282118894
GCF_013267415.1:NZ_CP053988.1,1145583,1145680,0,-0.385782800310318,0.0285250830839762,13.64999771118164,9.566259414712446,0.4572968471100872,dinuc,0.5139300142150779,0.5424550972990542
GCF_013267415.1:NZ_CP053988.1,1146676,1147067,0,-0.8748804069945859,0.0401844205644391,50.94000244140625,62.649763487290095,0.6830553153803053,dinuc,0.6507298535471431,0.6909142741115822
GCF_013267415.1:NZ_CP053988.1,1150639,1151112,0,-6.4822134677084025,0.0871996266090751,57.980003356933594,75.83078647750007,0.7609642244794753,dinuc,0.3961813552464278,0.4833809818555029
GCF_013267415.1:NZ_CP053988.1,1303956,1304285,0,-3.874217596450533,0.0130964527943234,38.36000061035156,66.82562781895152,0.8751693629516221,dinuc,0.4520485889955181,0.4651450417898415
GCF_013267415.1:NZ_CP053988.1,1332679,1333108,0,-0.6223387907995434,0.0462039529373567,47.290000915527344,107.31480336957335,1.1820366208717503,dinuc,0.5777200321771232,0.62392398511448
GCF_013267415.1:NZ_CP053988.1,1373364,1373748,0,-1.9826195309519,0.1152041602480011,45.53000259399414,69.43493365151154,0.7658064504186328,dinuc,0.4355144651250645,0.5507186253730656
GCF_013267415.1:NZ_CP053988.1,1431689,1432073,0,0.9042513807902208,0.1285993719191181,40.5,105.46656747773098,1.3111747077069384,dinuc,0.446645005000748,0.5752443769198662
GCF_013267415.1:NZ_CP053988.1,1546280,1546720,0,-0.8247464977724971,0.1163054503727692,52.35000228881836,115.4097106927159,1.1758828568091686,dinuc,0.4219845481135891,0.5382899984863584
GCF_013267415.1:NZ_CP053988.1,1718740,1719129,0,-2.4084142235357473,0.114853156535972,44.33000183105469,76.534218567587,0.8800534882265051,dinuc,0.6832353157582862,0.7980884722942583
GCF_013267415.1:NZ_CP053988.1,1726414,1726842,0,-2.1385090465253995,0.0194481580088192,52.6199951171875,70.70160766821273,0.7744085843414119,dinuc,0.5417177374740769,0.5611658954828962
GCF_016250455.1:NZ_CP059488.1,402638,403008,0,0.7811303204467699,0.026187552397077,37.17000198364258,116.82186668499688,1.419838464471596,dinuc,0.3972269026117161,0.4234144550087932
GCF_016250455.1:NZ_CP059488.1,502984,503387,0,-1.3794503513519187,0.0098937515628891,55.62000274658203,60.720868607736314,0.6730334611627985,dinuc,0.3996940972713694,0.4095878488342586
GCF_016250455.1:NZ_CP059488.1,536572,536987,0,0.5239059726535374,0.0411734663687701,46.1400032043457,119.02828820084476,1.2736632527171137,dinuc,0.6200667177540354,0.6612401841228056
GCF_016250455.1:NZ_CP059488.1,964840,965270,0,-0.7013283996818143,0.1422088205809077,60.58000183105469,115.43628287175682,1.0348580798416522,dinuc,0.2967070151167146,0.4389158356976223
GCF_016250455.1:NZ_CP059488.1,997797,998174,0,0.6784427672252824,0.0451038681350633,35.769996643066406,101.8593834539563,1.173231113944143,dinuc,0.4663346589174691,0.5114385270525325
GCF_016250455.1:NZ_CP059488.1,1254143,1254550,0,-0.2864680213955204,0.0441194078406646,52.05000305175781,104.40681968667872,1.1370739903977003,dinuc,0.4615263885742653,0.50564579641493
GCF_016250455.1:NZ_CP059488.1,1904072,1904510,0,-0.000476726293365,0.0369583657533005,51.75,121.82762356518532,1.1885236906471162,dinuc,0.278270500436679,0.3152288661899796
GCF_016250455.1:NZ_CP059488.1,2145000,2145359,0,0.117622193861049,0.0433447778650641,43.42000198364258,74.83087196006785,0.9162340882235724,dinuc,0.4382337076216113,0.4815784854866755
GCF_016250455.1:NZ_CP059488.1,2145078,2145448,0,-0.359562917465007,0.1381462477198717,45.349998474121094,107.8012795662154,1.18970393975761,dinuc,0.280752657039113,0.4188989047589848
GCF_016250455.1:NZ_CP059488.1,2485604,2486045,0,1.0267856857595927,0.0637241502493555,51.93000030517578,126.12165423954843,1.2387882610862202,dinuc,0.4561719791016661,0.5198961293510217
GCF_016250455.1:NZ_CP059488.1,2627146,2627552,0,0.4243646638504792,0.0875201240008121,46.91999816894531,91.1906800008733,0.968309571796276,dinuc,0.2235385769424182,0.3110587009432304
GCF_016250455.1:NZ_CP059488.1,3076856,3077239,0,-0.0090440183195719,0.0217106724254352,40.459999084472656,78.49881341916694,0.8782020824762657,dinuc,0.4202794687249337,0.4419901411503689
GCF_016592595.1:NZ_AP012977.1,481274,481686,0,-2.333351208293167,0.0778875691071058,44.27000045776367,73.16807062818656,0.7600273636934218,dinuc,0.3617840184951839,0.4396715876022897
GCF_016592595.1:NZ_AP012977.1,551834,552241,0,0.1103163652008508,0.0579881576457631,43.88999938964844,105.97036167635092,1.1357373374055582,dinuc,0.6380581257377423,0.6960462833835055
GCF_016592595.1:NZ_AP012977.1,595642,596089,0,0.9190103209265272,0.0645823162599089,46.78000259399414,91.45325564289192,0.92762314707264,dinuc,0.2875067857981296,0.3520891020580385
GCF_016592595.1:NZ_AP012977.1,697139,697526,0,-0.0366183581177797,0.0928556872782886,46.61000061035156,118.08957543189574,1.3639043041401404,dinuc,0.2996040461450648,0.3924597334233534
GCF_016592595.1:NZ_AP012977.1,711589,711977,0,-0.0246298266325056,0.0790835090084209,42.8699951171875,130.56008704081472,1.5123210418235584,dinuc,0.3901688787965348,0.4692523878049557
GCF_016592595.1:NZ_AP012977.1,978979,979395,0,-0.0425942699290975,0.0456688460141306,39.310001373291016,106.85455195396511,1.2154596946616216,dinuc,0.4028831153994997,0.4485519614136304
GCF_016592595.1:NZ_AP012977.1,1004206,1004606,0,-1.6273009874753093,0.0960653938297823,47.7599983215332,115.48122749587,1.2485687734634006,dinuc,0.581873715877391,0.6779391097071733
GCF_016592595.1:NZ_AP012977.1,1055726,1056128,0,0.4328484643863611,0.0664800860688618,44.3599967956543,98.43519342503328,1.0585789103563423,dinuc,0.4099296820405428,0.4764097681094046
GCF_016592595.1:NZ_AP012977.1,1113500,1113935,0,-0.5521908731224663,0.1156349536823828,51.86000442504883,87.59361161263847,0.8985449299599216,dinuc,0.3560234877316771,0.4716584414140599
GCF_016592595.1:NZ_AP012977.1,1218587,1219075,0,-0.4833870790202734,-0.0312742024703639,58.83000946044922,154.126006197285,1.34066188198963,dinuc,0.417945337073122,0.3866711346027581
GCF_016592595.1:NZ_AP012977.1,1221597,1221989,0,-0.1500353166370166,0.1837194283453011,43.1099967956543,110.89597491504811,1.200087634012567,dinuc,0.4152605632734591,0.5989799916187603
GCF_016592595.1:NZ_AP012977.1,1222454,1222867,0,-0.5087282855539503,0.1287856240027083,47.230003356933594,105.0683159520986,1.1322518910479542,dinuc,0.4587376877187194,0.5875233117214278
GCF_016592595.1:NZ_AP012977.1,1225556,1225954,0,-0.9764307706534828,0.1902057263658266,48.01000213623047,117.9854008911092,1.2879441778377847,dinuc,0.3260240550843488,0.5162297814501754
GCF_016592595.1:NZ_AP012977.1,1253540,1253941,0,-0.3652394469062867,0.0922345931731827,41.77000045776367,108.80959250161996,1.2310183387843734,dinuc,0.3889354727306223,0.481170065903805
GCF_016592595.1:NZ_AP012977.1,1254199,1254549,0,-0.8139721185381236,0.0324287715504802,35.61000061035156,100.41619569628614,1.254404216806818,dinuc,0.5186898090015712,0.5511185805520515
GCF_016592595.1:NZ_AP012977.1,1488190,1488586,0,-2.118818861451555,0.0121224950859264,45.779998779296875,74.66926695039936,0.8490251899342368,dinuc,0.355861828321502,0.3679843234074285
GCF_016592595.1:NZ_AP012977.1,1527171,1527542,0,-1.1671731411731965,0.098807262576558,40.59000015258789,68.74267869974842,0.8059153326711259,dinuc,0.4354671761152355,0.5342744386917936
GCF_017357865.1:NZ_CP060096.1,484837,485242,0,0.9704266371785956,0.1117979031481235,39.029998779296875,142.35757843493076,1.6246514279013209,dinuc,0.3599247656814362,0.4717226688295597
GCF_017357865.1:NZ_CP060096.1,917333,917741,0,-0.448618258438813,0.159349151538847,41.76000022888184,119.72796072487613,1.2763601494660364,dinuc,0.3857415354625912,0.5450906870014383
GCF_017357865.1:NZ_CP060096.1,1105783,1106205,0,-0.6056416382686773,0.0840145918170041,38.7599983215332,107.42355972662789,1.1588795959849394,dinuc,0.4021181119666173,0.4861327037836214
GCF_017357865.1:NZ_CP060096.1,1337057,1337428,0,0.6332749764229874,0.0525238354244807,30.059999465942383,95.28647475429098,1.206038654737097,dinuc,0.3802495159564371,0.4327733513809178
GCF_017357865.1:NZ_CP060096.1,1349100,1349471,0,-0.2820904155339253,0.0661828124380171,32.180002212524414,77.57449045534078,0.981387945902546,dinuc,0.3392451927701395,0.4054280052081566
GCF_017357865.1:NZ_CP060096.1,1623178,1623577,0,-2.8202483767968256,0.1982684095498478,47.099998474121094,87.46502418532042,0.9944079073040122,dinuc,0.5163905552932834,0.7146589648431312
GCF_017357865.1:NZ_CP060096.1,1845525,1845933,0,0.1417127259117917,0.161397881071456,44.1199951171875,85.84878534173595,0.8959737195369221,dinuc,0.4143455220029857,0.5757434030744417
GCF_017357865.1:NZ_CP060096.1,2005742,2006173,0,-3.5603774397211265,0.1763543548140812,48.70000076293945,77.4723303541129,0.809707446597109,dinuc,0.6274393476350714,0.8037937024491526
GCF_017357865.1:NZ_CP060096.1,2014989,2015369,0,1.400660315130151,0.0767763160806958,37.80999755859375,125.18061330747538,1.527864092247671,dinuc,0.4116862090755377,0.4884625251562335
GCF_017357865.1:NZ_CP060096.1,2025923,2026349,0,-0.6243181742637038,0.0403788556353725,43.529998779296875,98.83053080707803,1.0417827930590131,dinuc,0.7477119837947629,0.7880908394301355
GCF_017357865.1:NZ_CP060096.1,2029022,2029469,0,-2.4713592070775783,0.0882956095994912,47.77000045776367,82.34949093727502,0.8239160170786591,dinuc,0.5389275324165761,0.6272231420160673
GCF_017357865.1:NZ_CP060096.1,2189347,2189771,0,0.6266035217300439,0.1453970269554328,45.000003814697266,107.19313817432288,1.1048869732446778,dinuc,0.3387110492961618,0.4841080762515947
GCF_017357865.1:NZ_CP060096.1,2190423,2190814,0,0.430019238737277,0.0093091770977699,34.57000160217285,109.13094219941615,1.262449475613308,dinuc,0.5258533292173141,0.535162506315084
GCF_018853465.2:NZ_CP127526.1,2040481,2040851,0,-1.7205746409760383,0.0413411976643489,48.54000473022461,105.24906008846897,1.3001623454997533,dinuc,0.3634962762901451,0.4048374739544941
GCF_018854495.2:NZ_CP130946.1,1803469,1803855,0,-0.1691069216185473,0.095751768221005,48.42000198364258,86.58367381179187,1.0077082497700138,dinuc,0.4698248955021478,0.5655766637231529
GCF_018854495.2:NZ_CP130946.1,1938136,1938566,0,1.7010442357257325,0.1948887349191143,51.12000274658203,174.01492666274018,1.8138146665667731,dinuc,0.37701440159748,0.5719031365165944
GCF_018854495.2:NZ_CP130946.1,2036765,2037163,0,0.3359107336893852,0.0493473356231805,45.94000244140625,120.788206741893,1.369724267718637,dinuc,0.3123542471896609,0.3617015828128414
GCF_022453685.1:NZ_CP092643.1,3159,3584,0,0.643027092639275,0.0331021894830586,50.68000030517578,131.52600197510694,1.43012625041618,dinuc,0.4274058216915388,0.4605080111745974
GCF_022453685.1:NZ_CP092643.1,115372,115812,0,-1.2349624449381664,0.092265725835463,52.410003662109375,95.19821571838104,0.8795966325533838,dinuc,0.4646428629659172,0.5569085888013803
GCF_022453685.1:NZ_CP092643.1,115963,116375,0,-0.7535353000026418,0.0500209809220945,46.31999588012695,123.48185378412484,1.2091957541072331,dinuc,0.4681932535778376,0.5182142344999321
GCF_022453685.1:NZ_CP092643.1,339432,339841,0,-9.436972957896169,0.0553001056605921,56.42000579833984,53.87793228983093,0.6190270005209981,dinuc,0.652971162534946,0.7082712681955382
GCF_022453685.1:NZ_CP092643.1,382949,383322,0,-2.916301989680695,0.0157274447298727,44.81999969482422,86.76910274889364,1.0096401158657289,dinuc,0.4884871022396247,0.5042145469694975
GCF_022453685.1:NZ_CP092643.1,384713,385102,0,-1.3840197182396226,0.0454582432591198,43.2400016784668,56.57621700109593,0.6419242505813523,dinuc,0.4936125869353295,0.5390708301944493
GCF_022453685.1:NZ_CP092643.1,387761,388189,0,-0.051919830244654,0.0150504108274323,47.81999969482422,90.35520572407084,1.007408985855055,dinuc,0.5404367718291279,0.5554871826565602
GCF_022453685.1:NZ_CP092643.1,716395,716697,0,-3.2352247417629387,0.0447399851604599,37.54999542236328,35.64205239470176,0.5376911568266327,dinuc,0.6015600433350866,0.6463000284955466
GCF_022453685.1:NZ_CP092643.1,757509,757943,0,-3.5142777229069107,-0.0048062367557838,52.41999816894531,100.10434706743207,0.9290461052556452,dinuc,0.4413766994764466,0.4365704627206627
GCF_022453685.1:NZ_CP092643.1,758102,758544,0,-1.727959363102821,0.0489414337621569,54.34999084472656,124.6315426179277,1.1570022844640353,dinuc,0.6780428875605053,0.7269843213226623
GCF_022453685.1:NZ_CP092643.1,852519,852957,0,-0.4486123204798224,0.0763919376434675,33.689998626708984,99.80394392935251,1.065804674646165,dinuc,0.5196164519414839,0.5960083895849514
GCF_022453685.1:NZ_CP092643.1,1389997,1390435,0,-0.3073057360568311,0.0679604534668619,48.30000305175781,125.6645069816918,1.2861033176697154,dinuc,0.2895323017681547,0.3574927552350166
GCF_022453685.1:NZ_CP092643.1,1525149,1525622,0,-2.4525340622638456,0.066657097181938,50.51000213623047,60.11181339764354,0.5539082410515046,dinuc,0.5224389686148396,0.5890960657967776
GCF_022453685.1:NZ_CP092643.1,1576818,1577221,0,-2.081095834582806,0.037021397988907,46.18000030517578,57.403421713542656,0.5862720562169753,dinuc,0.4130918698153005,0.4501132678042075
GCF_022453685.1:NZ_CP092643.1,1627556,1627955,0,-2.562464240540354,0.0323481405788371,49.91999816894531,60.628426332071605,0.6826403620905752,dinuc,0.3776811885617054,0.4100293291405425
GCF_022453685.1:NZ_CP092643.1,2356088,2356448,0,-0.8244391060670907,0.0283425160828683,44.62999725341797,123.69559836732664,1.341286377218504,dinuc,0.3208107859912139,0.3491533020740822
GCF_022453685.1:NZ_CP092643.1,2780536,2780931,0,-2.8146321050347796,0.0151475813812325,45.78000259399414,79.71332861516368,0.884934397229596,dinuc,0.5729302579324277,0.5880778393136602
GCF_022453685.1:NZ_CP092643.1,2781003,2781439,0,-3.4763649701459443,0.0220738610630599,52.3699951171875,76.04510721253467,0.7574092825484292,dinuc,0.2633126452291249,0.2853865062921849
GCF_022453685.1:NZ_CP092643.1,3101875,3102332,0,-1.880911427632716,0.0777893676419917,58.410003662109375,109.6678536318376,0.9522528050628314,dinuc,0.6858652683131025,0.7636546359550942
GCF_022453685.1:NZ_CP092643.1,3105058,3105464,0,-12.792999039613354,0.0338352833638239,56.72999572753906,36.00008471049976,0.4292801571551441,dinuc,0.5113775752111934,0.5452128585750173
GCF_022453685.1:NZ_CP092643.1,3178077,3178531,0,-1.6946906067723306,0.0781622440194366,51.31999969482422,149.87679968097328,1.4201880656247354,dinuc,0.394714705122623,0.4728769491420596
GCF_022453685.1:NZ_CP092643.1,3182729,3183159,0,-0.477774561340806,0.1375247645053059,48.27000045776367,139.10380272415892,1.4540167294006725,dinuc,0.384993343621374,0.52251810812668
GCF_022453685.1:NZ_CP092643.1,3353501,3353852,0,-2.9265822828068253,0.0439702130415601,43.0099983215332,87.88645445953416,1.005830236899101,dinuc,0.3142116884419829,0.3581819014835431
GCF_022647505.1:NZ_CP071409.1,62060,62500,0,-0.3717345093517534,0.0477945166757347,47.21000289916992,144.1029209129378,1.404294033357815,dinuc,0.5573065698687183,0.605101086544453
GCF_022647505.1:NZ_CP071409.1,411166,411600,0,-1.6638336478703366,0.046620845846853,53.61000061035156,123.14796052751346,1.2059165816948372,dinuc,0.5163814954106679,0.5630023412575209
GCF_022647505.1:NZ_CP071409.1,480911,481337,0,0.4306663506588136,0.1212607512708131,49.62999725341797,92.18014871798476,0.987143835378181,dinuc,0.4779679098276738,0.5992286610984869
GCF_022647505.1:NZ_CP071409.1,1088135,1088595,0,1.0571463921900286,0.1859057356843481,51.380001068115234,71.59906500173614,0.7479332070287482,dinuc,0.3033122063126718,0.4892179419970199
GCF_022647505.1:NZ_CP071409.1,1152767,1153180,0,0.2364907920859182,0.034548766845977,42.60000228881836,98.72373215120388,1.078701298534094,dinuc,0.5108187645813207,0.5453675314272978
GCF_022647505.1:NZ_CP071409.1,1677867,1678314,0,-2.370415878625337,0.0674391579026256,52.51000213623047,90.67140892072632,0.8543284385154079,dinuc,0.229381862136471,0.2968210200390966
GCF_022647505.1:NZ_CP071409.1,1780230,1780680,0,0.8027712260846483,0.0557927945182461,42.900001525878906,131.8117824822213,1.3006499849454674,dinuc,0.6104910537440804,0.6662838482623266
GCF_022647505.1:NZ_CP071409.1,1877006,1877345,0,-0.5603803371146872,0.1357723616683159,37.07999801635742,89.67084559803389,1.1032712509390208,dinuc,0.4289890831298982,0.5647614447982142
GCF_022647505.1:NZ_CP071409.1,2176339,2176767,0,0.6482233604960699,0.151435732157125,44.150001525878906,127.47384779351164,1.38288736280052,dinuc,0.4902574234171137,0.6416931555742388
GCF_022647505.1:NZ_CP071409.1,2508914,2509328,0,-0.0865750184200736,0.0411821182065446,42.48999786376953,107.20376409328748,1.1372592028086443,dinuc,0.6633817662421096,0.7045638844486543
GCF_022647505.1:NZ_CP071409.1,2530849,2531223,0,-1.7372171891936103,0.0391856722594382,46.03000259399414,72.71616410292847,0.8661961190558225,dinuc,0.1921209634771682,0.2313066357366064
GCF_022647505.1:NZ_CP071409.1,2568536,2568951,0,0.2516981554214281,0.0516903762007466,38.040000915527344,103.2946637773745,1.1750971103115522,dinuc,0.4912541365822008,0.5429445127829475
GCF_022647505.1:NZ_CP071409.1,2766764,2767092,0,0.2306192520196456,0.0533035999473075,29.799999237060547,76.57909660831844,1.120387618197757,dinuc,0.4669992778843856,0.5203028778316932
GCF_022647505.1:NZ_CP071409.1,2766791,2767181,0,-0.8518076121866515,0.0233108099161257,38.88999938964844,91.30884798144469,1.1377476348067437,dinuc,0.437763146437972,0.4610739563540978
GCF_022647505.1:NZ_CP071409.1,3274048,3274367,0,-5.521503613044091,0.0608011517305483,42.099998474121094,28.418939486214935,0.4013881623051148,dinuc,0.5034915506261567,0.564292702356705
GCF_022647505.1:NZ_CP071409.1,3539115,3539511,0,-5.073540050949894,0.0133807734935431,48.86000061035156,73.65511506391006,0.7867086694878884,dinuc,0.468089545443235,0.4814703189367781
GCF_022647505.1:NZ_CP071409.1,3810436,3810843,0,-5.692888442522802,0.0252029248290414,57.62999725341797,39.62609490962824,0.4468402207803688,dinuc,0.401952643874898,0.4271555687039394
GCF_022647505.1:NZ_CP071409.1,3815512,3815959,0,-2.869576085538569,0.0335061832078472,52.09000396728515,94.3591127643738,0.878412701039043,dinuc,0.2171419399820461,0.2506481231898934
GCF_022647505.1:NZ_CP071409.1,3909416,3909839,0,0.7342823018693305,0.0832046830807506,46.13999938964844,93.25822338307104,1.0157709732291564,dinuc,0.5134423242268504,0.5966470073076011
GCF_022647505.1:NZ_CP071409.1,3933622,3934069,0,-3.8550369805260023,0.0843820061741558,58.34000396728515,59.452066286314185,0.6084109311577773,dinuc,0.3336117950496619,0.4179938012238178
GCF_022647505.1:NZ_CP071409.1,4076927,4077377,0,-1.9756388268280516,0.0012145966970273,50.58000183105469,79.69824070807196,0.7966325516454341,dinuc,0.4757711096526408,0.4769857063496682
GCF_022647505.1:NZ_CP071409.1,4106965,4107390,0,-0.7809934247338436,0.0559056755645401,46.93000030517578,54.10224225891518,0.5722414763445445,dinuc,0.5444490998731718,0.600354775437712
GCF_022845755.1:NZ_AP025566.1,360495,360869,0,-2.3004955160686578,0.0419354423822679,47.47999572753906,49.52879971031642,0.5905902177142532,dinuc,0.6204340152277926,0.6623694576100606
GCF_022845755.1:NZ_AP025566.1,555351,555640,0,-1.7475217123438591,0.0431339879367522,34.55999755859375,53.09974923001762,0.8440186410706431,dinuc,0.3783810324985738,0.421515020435326
GCF_022845755.1:NZ_AP025566.1,556924,557313,0,-3.97535509013074,0.0289997658804752,44.70000076293945,75.10621694385493,0.8348338699229867,dinuc,0.3648280771447138,0.3938278430251891
GCF_022845755.1:NZ_AP025566.1,559499,559913,0,-0.2318147929814077,0.0793772595210513,44.56999969482422,82.68141870761339,0.9202035088292958,dinuc,0.2329349541096625,0.3123122136307138
GCF_022845755.1:NZ_AP025566.1,560268,560407,0,-0.8554545486401917,0.0727492522297419,17.950000762939453,31.45788128967884,0.8250825934319526,dinuc,0.4419568247655012,0.5147060769952432
GCF_022845755.1:NZ_AP025566.1,568586,569032,0,-4.665565907810135,0.0474857876341151,59.50999450683594,53.65366519144684,0.5339843944725351,dinuc,0.2902104585066085,0.3376962461407237
GCF_022845755.1:NZ_AP025566.1,822915,823301,0,0.5435881581210361,0.0297060393775688,47.68000030517578,70.11014058674081,0.7704780598301398,dinuc,0.4571533352440138,0.4868593746215827
GCF_022845755.1:NZ_AP025566.1,861350,861731,0,0.7816461805869094,0.03555767265623,47.31000518798828,93.30641064272524,1.0008271203919017,dinuc,0.5093104854507832,0.5448681581070132
GCF_022845755.1:NZ_AP025566.1,886510,886934,0,-4.590226023212184,0.1013392602827562,47.80000305175781,66.64316584233146,0.7476328809660205,dinuc,0.489499427613439,0.5908386878961953
GCF_022845755.1:NZ_AP025566.1,890915,891280,0,-8.265151506405173,0.0525561947919158,47.05999755859375,43.691503188881086,0.554506227380537,dinuc,0.3839973328711638,0.4365535276630797
GCF_022845755.1:NZ_AP025566.1,949164,949601,0,-4.96385567211639,0.0837833823621607,59.24000549316406,89.75051198445775,0.8182890593370843,dinuc,0.3716878449381594,0.4554712273003201
GCF_022845755.1:NZ_AP025566.1,1721455,1721525,0,1.0067158653631323,0.0907366108369498,7.339999675750732,26.345990898187736,1.629282388409287,dinuc,0.5437284430055634,0.6344650538425133
GCF_022845755.1:NZ_AP025566.1,1791646,1792030,0,-1.5812825246873468,0.0526232113728475,44.26000213623047,95.58233360687431,1.1451887335949626,dinuc,0.3402390156691938,0.3928622270420414
GCF_022845755.1:NZ_AP025566.1,1847321,1847379,0,-1.4567369951603837,0.0364802203048972,5.359999656677246,5.153630780516268,0.4074931300949176,dinuc,0.6836805910322669,0.7201608113371641
GCF_022845755.1:NZ_AP025566.1,2051754,2052123,0,-0.6888793457579484,0.0360221593939297,38.480003356933594,118.73530718141448,1.3587056447666206,dinuc,0.4371805074515347,0.4732026668454644
GCF_022845755.1:NZ_AP025566.1,2186311,2186636,0,-2.2674758521762195,0.0965274013737914,38.20999526977539,60.789647748676494,0.7963524387958155,dinuc,0.5540843913973539,0.6506117927711453
GCF_022845755.1:NZ_AP025566.1,2498454,2498873,0,0.2210861490576394,0.0598363324939076,56.90000915527344,155.79275962736875,1.5362506460434333,dinuc,0.4386115168134639,0.4984478493073716
GCF_022845755.1:NZ_AP025566.1,2656071,2656184,0,0.7209988965411807,0.0709024216596982,13.850000381469728,40.72146133772005,1.3431290592264498,dinuc,0.3947968503913221,0.4656992720510204
GCF_022845755.1:NZ_AP025566.1,2805937,2806329,0,0.2064413569205044,0.0631550560892215,53.93000030517578,116.88836331265466,1.2587836939446682,dinuc,0.3755409202813718,0.4386959763705934
GCF_022845755.1:NZ_AP025566.1,3569600,3569943,0,-0.5611817958249693,0.014353210046349,37.61000061035156,107.34460972698568,1.3186184221535535,dinuc,0.5073038339382786,0.5216570439846276
GCF_022845755.1:NZ_AP025566.1,3862881,3863358,0,-2.2230228164290073,0.100547822568345,59.69999694824219,78.44636763462933,0.752024073563433,dinuc,0.2298294481115244,0.3303772706798695
GCF_023700225.1:NZ_CP097897.1,257925,258257,0,-3.7511176159919817,0.0715204510458033,40.78000259399414,37.9468642742485,0.5289014865475323,dinuc,0.3660276123459995,0.4375480633918028
GCF_023700225.1:NZ_CP097897.1,355645,356094,0,-3.365462382733053,0.1050752067978479,54.38999938964844,81.8566878983373,0.8208479285685734,dinuc,0.5968160743150049,0.7018912811128529
GCF_023700225.1:NZ_CP097897.1,437057,437492,0,-1.725389379649763,0.0351919102182917,44.029998779296875,90.83105979905235,0.8753466136430096,dinuc,0.6375825158130328,0.6727744260313245
GCF_023700225.1:NZ_CP097897.1,487628,488049,0,-1.6695470896395697,0.0479969128940621,47.910003662109375,122.76907427041394,1.285175690498508,dinuc,0.3213205948142727,0.3693175077083348
GCF_023700225.1:NZ_CP097897.1,490278,490657,0,0.8246915104945007,0.0767623992793344,40.28000259399414,120.10564565394664,1.4110651071516829,dinuc,0.3019836454393439,0.3787460447186783
GCF_023700225.1:NZ_CP097897.1,670099,670459,0,-1.5340428905088566,0.0847684417520305,41.95000457763672,86.96478890767732,1.0041325164225543,dinuc,0.5498826917611044,0.634651133513135
GCF_023700225.1:NZ_CP097897.1,673115,673553,0,0.3031958261084491,0.0996776761229977,45.900001525878906,147.2508139688694,1.4214283910539305,dinuc,0.4304871696401034,0.5301648457631012
GCF_023700225.1:NZ_CP097897.1,684600,685007,0,0.3936666711976311,0.0387865195729528,49.089996337890625,103.62264783487242,1.1237154466777532,dinuc,0.4442916859248841,0.483078205497837
GCF_023700225.1:NZ_CP097897.1,726934,727349,0,0.7215428349430835,0.1558141609272028,43.05999755859375,92.13240132208198,1.0481730200265915,dinuc,0.3515505402917813,0.5073647012189841
GCF_023700225.1:NZ_CP097897.1,870880,871335,0,-2.1551236878556357,0.0851835641146814,49.59000396728515,102.40161063613242,1.0268229884386837,dinuc,0.4644076252696102,0.5495911893842916
GCF_023700225.1:NZ_CP097897.1,897761,898142,0,-6.353583748285232,0.0669509954101031,48.37999725341797,79.26255932249548,0.9421173675008891,dinuc,0.5145676660953614,0.5815186615054646
GCF_023700225.1:NZ_CP097897.1,1125739,1126176,0,-7.474899725497917,0.0711174901448902,57.30999755859375,67.20641802849568,0.6703677513806676,dinuc,0.357270629192196,0.4283881193370863
GCF_023700225.1:NZ_CP097897.1,1500502,1500810,0,-0.7283098619721974,0.0646935023035992,36.45000076293945,79.03064466892492,1.1496408665006876,dinuc,0.3809895358854659,0.4456830381890651
GCF_023700225.1:NZ_CP097897.1,1609159,1609602,0,-0.9570720522502943,0.1421272701522946,44.869998931884766,144.2331587887552,1.4635915535968385,dinuc,0.5662025519079507,0.7083298220602453
GCF_023700225.1:NZ_CP097897.1,1902247,1902625,0,0.221844546536482,0.0532727054627201,32.8699951171875,90.90587034397616,1.0733468141978937,dinuc,0.6376271428528875,0.6908998483156076
GCF_023700225.1:NZ_CP097897.1,2075360,2075819,0,1.0030439328820404,0.0673399975294403,52.86000061035156,146.9121431175518,1.3245215111555146,dinuc,0.6479390684300735,0.7152790659595138
GCF_023700225.1:NZ_CP097897.1,2079486,2079850,0,-8.352559109314187,0.0482777324549237,47.029998779296875,50.58229661298536,0.6286426480272704,dinuc,0.3756520277685053,0.4239297602234291
GCF_023700225.1:NZ_CP097897.1,2629883,2630275,0,-1.118522417577965,0.0042418668833955,52.150001525878906,60.36944959837039,0.6678372113481508,dinuc,0.4001240858046888,0.4043659526880843
GCF_023700225.1:NZ_CP097897.1,2820184,2820615,0,-1.3232031723891886,0.1427278168146639,51.910003662109375,136.03149449546757,1.3106242472186551,dinuc,0.6493875083807493,0.7921153251954133
GCF_023700225.1:NZ_CP097897.1,2847190,2847617,0,-0.0536658179063534,0.047000633917794,48.81999969482422,119.10480200063904,1.2298350537004297,dinuc,0.2419973206893117,0.2889979546071058
GCF_023700225.1:NZ_CP097897.1,2954139,2954574,0,0.0855466009757874,0.0563558994733977,48.58000183105469,128.3022039341626,1.2924520440739424,dinuc,0.4615264922072096,0.5178823916806073
GCF_023700225.1:NZ_CP097897.1,2995152,2995599,0,-0.4536614287851975,0.03339005151611,59.540000915527344,115.00559664102038,1.1090752210742627,dinuc,0.2990685342001464,0.3324585857162564
GCF_023700225.1:NZ_CP097897.1,3284246,3284645,0,-4.256782260700113,0.0925940880083538,51.0,47.424336717973,0.5070860842568156,dinuc,0.3194873900771505,0.4120814780855043
GCF_023700225.1:NZ_CP097897.1,3293340,3293780,0,1.5670627296112698,0.1116883833675411,47.099998474121094,158.8966736171943,1.6216319871171574,dinuc,0.4587012565144807,0.5703896398820218
GCF_023700225.1:NZ_CP097897.1,3616832,3617187,0,0.6461751362896472,0.0807941511952289,40.6099967956543,109.84360701780176,1.273469972823422,dinuc,0.6360491438996256,0.7168432950948546
GCF_023700225.1:NZ_CP097897.1,3620856,3621218,0,-8.822186253253335,0.0486180113156214,46.849998474121094,64.14030875382365,0.7531355101214793,dinuc,0.3382462489342274,0.3868642602498488
GCF_023700225.1:NZ_CP097897.1,3694630,3695063,0,0.4921457595203661,0.060584084264094,46.92999649047851,127.52245963266633,1.206862578493748,dinuc,0.3147379610184685,0.3753220452825626
GCF_025144545.1:NZ_CP102249.1,343672,343995,0,-5.5032312582982446,0.0108827364188647,37.35000228881836,37.776078326449955,0.5181029008476735,dinuc,0.2425294980264026,0.2534122344452674
GCF_025144545.1:NZ_CP102249.1,446501,446888,0,0.9578067279966452,0.1379599188751563,44.65999984741211,118.97744587844842,1.3572754522915629,dinuc,0.2397562696797801,0.3777161885549364
GCF_025144545.1:NZ_CP102249.1,489854,490285,0,-2.001290216303377,-0.0029609343134495,59.91999816894531,116.06418903684168,1.101774953196213,dinuc,0.288063105600174,0.2851021712867245
GCF_025144545.1:NZ_CP102249.1,490493,490892,0,-0.0364261264148972,0.0367514495819163,48.779991149902344,124.59077159776226,1.2717984143512948,dinuc,0.2780178345165134,0.3147692840984298
GCF_025144545.1:NZ_CP102249.1,529621,530048,0,-1.019448477786278,0.0266829249835771,48.560001373291016,85.84866887640331,0.8838840361570454,dinuc,0.4186055114428429,0.4452884364264201
GCF_025144545.1:NZ_CP102249.1,725799,726148,0,-7.218089363285427,0.0608705691109243,47.18999481201172,38.25062329346196,0.499171204666256,dinuc,0.3882481160124914,0.4491186851234157
GCF_025144545.1:NZ_CP102249.1,1426577,1426966,0,0.9364109684274377,0.0590507249730275,49.99000549316406,136.90219941324483,1.44212540825793,dinuc,0.5002687012822694,0.559319426255297
GCF_025144545.1:NZ_CP102249.1,1432957,1433329,0,-0.3377998761951255,0.144347470436809,37.5,106.18520838287652,1.2759922772364731,dinuc,0.3836180955848494,0.5279655660216585
GCF_025144545.1:NZ_CP102249.1,1615488,1615909,0,-0.035267435095597,0.0664727503423822,52.56999969482422,117.47023881068074,1.1857562337233378,dinuc,0.4615027542548363,0.5279755045972185
GCF_025144545.1:NZ_CP102249.1,1821716,1822154,0,0.0898441531305936,0.1043530766217564,48.09000015258789,123.874251686495,1.2105501486676793,dinuc,0.3914665768451495,0.495819653466906
GCF_025144545.1:NZ_CP102249.1,1978701,1979097,0,-1.4666356841958692,0.0748582983132687,50.5,112.72441423948494,1.1458698735097674,dinuc,0.324695905520117,0.3995542038333858
GCF_025144545.1:NZ_CP102249.1,1981540,1981603,0,-0.0347519388793897,0.0243945901055523,7.109999656677246,15.247010771595622,1.0037756175020642,dinuc,0.4339889483127761,0.4583835384183285
GCF_025144545.1:NZ_CP102249.1,2056939,2057040,0,-2.4612872146134617,0.0177164411608249,13.280000686645508,12.819807376123762,0.5504939625713062,dinuc,0.2572165878888307,0.2749330290496556
GCF_025144545.1:NZ_CP102249.1,2169488,2169877,0,-0.0677898156358851,0.0951557503096874,49.100006103515625,113.90256861269778,1.2095699215271467,dinuc,0.3024885690952513,0.3976443194049387
GCF_025144545.1:NZ_CP102249.1,2170475,2170589,0,-0.685741608038908,0.0320203142357323,12.899999618530272,15.965037758970324,0.6113444011512246,dinuc,0.5535019203371395,0.5855222345728719
GCF_025144545.1:NZ_CP102249.1,2172652,2173050,0,-1.731626068854588,0.103148266100489,52.56999969482422,89.2028743274432,0.8511001281123756,dinuc,0.4662083958723632,0.5693566619728523
GCF_025144545.1:NZ_CP102249.1,2178789,2179199,0,-0.3045989504631797,0.0540115488727448,44.349998474121094,119.50195322458654,1.231547959222384,dinuc,0.4189920515750835,0.4730036004478283
GCF_025144545.1:NZ_CP102249.1,2253755,2254117,0,-0.1595139971864982,0.0163628365417917,43.61000442504883,90.36825235355548,1.10246426163821,dinuc,0.3847211556684295,0.4010839922102212
GCF_025149125.1:NZ_CP102272.1,101720,102082,0,-1.9068166811078648,0.068290080473376,50.06999969482422,69.62919628836906,0.813387156388051,dinuc,0.3622085226660633,0.4304986031394394
GCF_025149125.1:NZ_CP102272.1,133537,133950,0,-2.8966468560134877,0.0259557935524283,51.470001220703125,69.74006905870465,0.7233974914021385,dinuc,0.2764742831087907,0.302430076661219
GCF_025149125.1:NZ_CP102272.1,157348,157747,0,-0.4674198682330462,0.086851011048065,46.71999740600586,58.17504821941985,0.6891385631159604,dinuc,0.4838645404892531,0.5707155515373182
GCF_025149125.1:NZ_CP102272.1,202192,202670,0,-1.5638428466946317,0.0452232859548205,52.910003662109375,80.21117625902883,0.7247509381937081,dinuc,0.4068540034322374,0.4520772893870579
GCF_025149125.1:NZ_CP102272.1,972346,972674,0,-2.0274429100680984,0.137334545464872,40.81999969482422,86.12356130405432,0.9739790562392424,dinuc,0.6212593572687753,0.7585939027336474
GCF_025149125.1:NZ_CP102272.1,1238203,1238298,0,0.6607167958698459,0.0496128279564235,9.5,19.627975708164616,0.927675071528188,dinuc,0.5323828505572392,0.5819956785136627
GCF_025149125.1:NZ_CP102272.1,1238862,1238981,0,-1.4593272291248736,0.0300204843422552,16.549999237060547,31.94907650856623,0.9328439485999558,dinuc,0.4040973969491958,0.434117881291451
GCF_025149125.1:NZ_CP102272.1,1546525,1546962,0,-0.0506898763118334,0.049034293901124,57.650001525878906,133.41659530670125,1.3371886060776006,dinuc,0.4569833539966055,0.5060176478977295
GCF_025149125.1:NZ_CP102272.1,1873915,1874267,0,-2.7027226490665575,0.05073546469419,40.15999603271485,78.1789775615347,1.0025572127088669,dinuc,0.4931254080509974,0.5438608727451875
GCF_025149125.1:NZ_CP102272.1,2338758,2338824,0,-0.3491365048248018,0.0209465885774917,7.200000762939453,12.541129495807168,0.7977671050223698,dinuc,0.3872098113363997,0.4081563999138914
GCF_025149125.1:NZ_CP102272.1,2338956,2339146,0,0.7562579532201763,0.0383653375842675,21.279998779296875,47.18782386866427,1.08513674024147,dinuc,0.3212629016068709,0.3596282391911384
GCF_025149125.1:NZ_CP102272.1,2544922,2545012,0,-1.1134340197346997,0.114918124777495,10.43000030517578,5.005197131232198,0.285376845090094,dinuc,0.709526235158652,0.8244443599361471
GCF_025149125.1:NZ_CP102272.1,2991753,2991859,0,0.6953594902128318,0.0282961836344675,16.28999900817871,36.83817020275394,1.3540537606455103,dinuc,0.370736332906951,0.3990325165414185
GCF_025149125.1:NZ_CP102272.1,3004637,3004737,0,0.6098535369731037,0.0289291455126616,12.610000610351562,25.029096955561347,1.0472096686197392,dinuc,0.5417174041760382,0.5706465496886999
GCF_025149125.1:NZ_CP102272.1,3142318,3142717,0,-10.955986145602214,0.0362500024061306,64.01998901367188,43.48593791848782,0.4896751105915905,dinuc,0.4718971211374854,0.508147123543616
GCF_025149125.1:NZ_CP102272.1,3262000,3262090,0,-2.747444074828873,0.0736706693675235,14.30000114440918,14.391399844535629,0.6036349996961525,dinuc,0.4951584705626432,0.5688291399301668
GCF_025149125.1:NZ_CP102272.1,3297391,3297768,0,-5.62630771448108,0.0508046120254817,49.37999725341797,77.62951336638098,0.8288653119880011,dinuc,0.5746988726887007,0.6255034847141824
GCF_025149125.1:NZ_CP102272.1,3988933,3989310,0,-2.0593895989958253,0.086863164803922,48.279998779296875,63.03109540971021,0.7326906449540023,dinuc,0.4947544158186975,0.5816175806226196
GCF_025149125.1:NZ_CP102272.1,4494630,4494992,0,-4.880194630393459,-0.0080601785095869,45.350006103515625,86.29897475816017,1.0142570756291982,dinuc,0.4477157960140928,0.4396556175045059
GCF_025149125.1:NZ_CP102272.1,4657302,4657416,0,-0.6441796104706097,0.0643540308746516,17.579999923706055,35.10025196146724,1.0945930899626442,dinuc,0.3473663662470643,0.411720397121716
GCF_025149125.1:NZ_CP102272.1,5375280,5375377,0,0.1917457862401927,0.0133625031170602,11.559999465942385,26.38793671227753,1.0686257639528478,dinuc,0.3292979560181421,0.3426604591352023
GCF_025149125.1:NZ_CP102272.1,5377732,5377825,0,-2.393940256008214,0.0330974961955036,13.44000244140625,13.686980583156709,0.5730324031844486,dinuc,0.4888265698045109,0.5219240660000145
GCF_025149125.1:NZ_CP102272.1,5420463,5420861,0,-0.9198456096065964,0.1217756762527395,48.32999420166016,110.4663374950736,1.1664498516836372,dinuc,0.4677888221636574,0.5895644984163969
GCF_025149125.1:NZ_CP102272.1,5421231,5421529,0,0.4356385260627223,0.0728615192530202,36.2400016784668,82.06945720164178,1.1126287296987325,dinuc,0.4120392277922269,0.4849007470452472
GCF_025149125.1:NZ_CP102272.1,5423730,5424144,0,-0.7319195456398142,0.009868082712059,49.62000274658203,118.98402346523724,1.2273062903779974,dinuc,0.4688408360051193,0.4787089187171783
GCF_025149125.1:NZ_CP102272.1,5425294,5425687,0,-2.1433051650662116,0.0401574058426024,48.709999084472656,73.63233431626846,0.8172624276076018,dinuc,0.3312211593226849,0.3713785651652873
GCF_025149125.1:NZ_CP102272.1,5529404,5529765,0,-8.968925738755471,0.0522197295908052,52.46000671386719,33.08344790964528,0.4291925373701345,dinuc,0.6541649056586842,0.7063846352494895
GCF_025149125.1:NZ_CP102272.1,5655543,5655657,0,-2.62837423558921,0.0305047634021895,18.240001678466797,8.318612997461667,0.2973128457169162,dinuc,0.5482730185087245,0.578777781910914
GCF_025149125.1:NZ_CP102272.1,5706566,5706784,0,-3.4688817905572433,0.0442741624001094,29.830001831054688,33.90180665512288,0.6156722561922657,dinuc,0.4525237386451186,0.496797901045228
GCF_025149125.1:NZ_CP102272.1,5842278,5842390,0,-0.6467332083893237,0.0810107996573741,17.09000015258789,23.126054229552764,0.8545070505799977,dinuc,0.6276753681268246,0.7086861677841987
GCF_025149125.1:NZ_CP102272.1,6047854,6047958,0,-0.5144661694203168,0.0406832628004347,13.25,17.2904628825229,0.6724785732371119,dinuc,0.4258272678881447,0.4665105306885794
GCF_025149125.1:NZ_CP102272.1,6166431,6166541,0,-0.2356904128709024,0.0367259131259112,11.139999389648438,18.932765530410585,0.7677286262906249,dinuc,0.5525746147164712,0.5893005278423824
GCF_025152405.1:NZ_CP102292.1,1373,1709,0,-2.4044820091362005,0.1013328384240722,35.62000274658203,41.02700634283688,0.5573492179924145,dinuc,0.3971821297231395,0.4985149681472117
GCF_025152405.1:NZ_CP102292.1,121053,121496,0,-3.4518682436265355,0.017335290155192,52.98999786376953,60.76053356002627,0.5903442935776989,dinuc,0.4019336651092561,0.4192689552644482
GCF_025152405.1:NZ_CP102292.1,125870,126292,0,-2.4571377187832244,0.1045718041190689,48.51000213623047,82.61526420147867,0.8210090354663222,dinuc,0.3793720883941295,0.4839438925131984
GCF_025152405.1:NZ_CP102292.1,221439,221844,0,-2.244172228012667,0.1692033745973081,49.26000213623047,58.38089129667882,0.6259111419056862,dinuc,0.344715969654514,0.5139193442518222
GCF_025152405.1:NZ_CP102292.1,290140,290620,0,-0.1090411804188673,0.0747666003081065,59.17000579833984,100.7821275447952,0.9338647036802104,dinuc,0.4914345700813447,0.5662011703894513
GCF_025152405.1:NZ_CP102292.1,364858,365301,0,-1.1505199025365749,0.0711888798311359,52.36000061035156,106.48584291282349,1.052030379164936,dinuc,0.2851880324422018,0.3563769122733378
GCF_025152405.1:NZ_CP102292.1,398410,398831,0,-4.678526808934933,0.0106215757995706,50.17000198364258,74.27845478050516,0.7274063900252749,dinuc,0.4771577759678928,0.4877793517674635
GCF_025152405.1:NZ_CP102292.1,400335,400697,0,-0.7391314536935507,0.048985283112238,39.52000045776367,99.29161393228372,1.184072309629539,dinuc,0.4166918252462916,0.4656771083585296
GCF_025152405.1:NZ_CP102292.1,402988,403398,0,0.2257017266989804,0.0910309218251633,50.619998931884766,128.83822582061805,1.3992600750287854,dinuc,0.5807782360002675,0.6718091578254308
GCF_025152405.1:NZ_CP102292.1,403467,403890,0,-0.2840436141118544,0.1032518260070176,49.1199951171875,90.37701283734827,0.9035651316243416,dinuc,0.2907541287835196,0.3940059547905372
GCF_025152405.1:NZ_CP102292.1,411717,412081,0,-1.7741823380185018,0.0010218362889523,43.470001220703125,74.42308498842141,0.8660941004905827,dinuc,0.3873244222648552,0.3883462585538076
GCF_025152405.1:NZ_CP102292.1,800205,800615,0,-1.4623162213784142,0.0902904962769434,48.84000396728515,73.39305426314185,0.760202633478778,dinuc,0.2924392890739451,0.3827297853508886
GCF_025152405.1:NZ_CP102292.1,808968,809419,0,-3.7211161258323537,-0.0042895072985427,57.910003662109375,83.06968275845351,0.7658001757175757,dinuc,0.4795372475514806,0.4752477402529378
GCF_025152405.1:NZ_CP102292.1,1057036,1057387,0,-1.7138568248198842,0.0274552408040402,38.70000457763672,101.4822000759015,1.279994780997196,dinuc,0.4343634124493554,0.4618186532533956
GCF_025152405.1:NZ_CP102292.1,1113495,1113846,0,-5.648216041063569,0.0524308953756295,41.910003662109375,79.10856725302247,1.0126372807287325,dinuc,0.439395450983809,0.4918263463594385
GCF_025152405.1:NZ_CP102292.1,1143437,1143877,0,-0.1235877054572444,0.0820395787719532,54.6199951171875,63.926772282342,0.6786852586107467,dinuc,0.2909974977855051,0.3730370765574584
GCF_025152405.1:NZ_CP102292.1,1228361,1228810,0,-2.1888744533506768,0.0390622992367912,53.3699951171875,67.73156385708268,0.7050280351003038,dinuc,0.3678452475632444,0.4069075468000356
GCF_025152405.1:NZ_CP102292.1,1344532,1344975,0,-3.086171772396396,0.017335290155192,52.98999786376953,60.76053356002627,0.5903442935776989,dinuc,0.4019336651092561,0.4192689552644482
GCF_025152405.1:NZ_CP102292.1,2077854,2078292,0,-6.101249604604982,0.0796602710461872,52.25,89.46899600812453,0.9220902413277544,dinuc,0.3757679255568681,0.4554281966030553
GCF_025152405.1:NZ_CP102292.1,2124550,2124965,0,-2.1094317948857984,0.0305734687482075,51.12999725341797,112.39794738873678,1.157490253854069,dinuc,0.4898229214022327,0.5203963901504403
GCF_025152405.1:NZ_CP102292.1,2344286,2344616,0,-5.127268802590461,0.1415706475691955,38.560001373291016,55.39365359970631,0.802738948399952,dinuc,0.5575788152877077,0.6991494628569033
GCF_025152405.1:NZ_CP102292.1,2345665,2346089,0,-7.972746127915744,0.0907656798808727,53.209999084472656,50.01709901452955,0.5165935147933696,dinuc,0.6330207909426397,0.7237864708235124
GCF_025152405.1:NZ_CP102292.1,2481012,2481443,0,-0.8685307912469854,0.0422118561241421,49.43000030517578,115.84971302337512,1.1654368719560273,dinuc,0.4035117060048127,0.4457235621289549
GCF_025152405.1:NZ_CP102292.1,2582670,2583135,0,-0.3025512696021477,0.078268585397003,53.97999954223633,147.1845516886677,1.284595015244318,dinuc,0.4771441222106002,0.5554127076076033
GCF_025152405.1:NZ_CP102292.1,2733456,2733858,0,-5.477864742630853,0.0645520302030332,49.77000045776367,88.8661365759208,0.91230319763808,dinuc,0.4987656632967322,0.5633176934997655
GCF_028215975.1:NZ_CP116458.1,805087,805447,0,1.0565915033788014,0.0734219688955069,41.88999557495117,132.22625791529083,1.5831528831556383,dinuc,0.4090776200232648,0.4824995889187717
GCF_028215975.1:NZ_CP116458.1,805098,805447,0,0.053582621015961,0.0292656544305429,39.97999572753906,97.566760367028,1.190635586362048,dinuc,0.3294502524574886,0.3587159068880315
GCF_029866465.1:NZ_CP123364.1,5121395,5121740,0,-2.0140918216522743,0.0669501571407139,39.28000259399414,75.30552591622799,0.9231895330745544,dinuc,0.4790513147058396,0.5460014718465536
GCF_030762805.1:NZ_CP129113.1,177,600,0,0.4363730083366635,0.1266337101875339,39.53999710083008,128.71515582856827,1.33863778963843,dinuc,0.3960212547097937,0.5226549648973277
GCF_030762805.1:NZ_CP129113.1,115374,115816,0,-6.562763836179612,0.1720565635041848,60.42000579833984,46.51620383094651,0.4917394703869332,dinuc,0.311373099173909,0.4834296626780939
GCF_030762805.1:NZ_CP129113.1,127977,128389,0,-5.060026815631005,0.0902534292747727,50.11000061035156,71.24280570869595,0.7550403906822079,dinuc,0.4056808125729987,0.4959342418477714
GCF_030762805.1:NZ_CP129113.1,129584,129956,0,-1.1843797894872845,0.0408803779152177,45.55000305175781,91.50575205012204,1.0362575896398707,dinuc,0.3035513965704107,0.3444317744856284
GCF_030762805.1:NZ_CP129113.1,132507,132936,0,0.8607439508008644,0.0492657600879694,51.5,144.25785076691545,1.4316431343097848,dinuc,0.5436121522760061,0.5928779123639756
GCF_030762805.1:NZ_CP129113.1,139594,139820,0,-1.3623385327174728,0.1394720776163426,28.88999938964844,47.20311870780776,0.8832413282666268,dinuc,0.369283985349164,0.5087560629655067
GCF_030762805.1:NZ_CP129113.1,178898,179369,0,-7.171531797675419,0.0032064985112413,57.63999938964844,54.29237442377226,0.4894451036357438,dinuc,0.4806253877942731,0.4838318863055145
GCF_030762805.1:NZ_CP129113.1,206816,207262,0,-4.112745639264312,0.0809820994196035,58.56999969482422,70.0735682164173,0.7100916990243997,dinuc,0.2564240740079647,0.3374061734275682
GCF_030762805.1:NZ_CP129113.1,511232,511622,0,-0.516438964592636,0.0281342895598818,47.2599983215332,111.28533091287896,1.214366425434758,dinuc,0.4164057152043702,0.4445400047642521
GCF_030762805.1:NZ_CP129113.1,511802,512223,0,-3.044296129965615,-0.0076923671645654,53.469993591308594,62.56298094281585,0.6855954665640008,dinuc,0.5585472777785532,0.5508549106139877
GCF_030762805.1:NZ_CP129113.1,967187,967636,0,0.2840776418395709,0.1520920649972088,54.019996643066406,106.63837509020624,0.9967153523749712,dinuc,0.2279422814868878,0.3800343464840966
GCF_030762805.1:NZ_CP129113.1,1106592,1107027,0,-1.3433410301220488,0.0240033077721628,55.290000915527344,87.98844382173299,0.8208975264423607,dinuc,0.3831975746278482,0.407200882400011
GCF_030762805.1:NZ_CP129113.1,1157362,1157782,0,-1.3951652122461906,0.0181567531182067,43.25,85.62355620948567,0.9292701529424676,dinuc,0.6251418897956437,0.6432986429138504
GCF_030762805.1:NZ_CP129113.1,1231156,1231618,0,2.8332735519755694,0.082339467851832,48.39999771118164,164.48106669480427,1.6003387281403896,dinuc,0.3792621578669046,0.4616016257187366
GCF_030762805.1:NZ_CP129113.1,1685827,1686150,0,-2.4870369337815954,0.0494887728601962,40.18000030517578,48.35281010119727,0.6238535417801369,dinuc,0.471163086724283,0.5206518595844792
GCF_030762805.1:NZ_CP129113.1,1806452,1806901,0,-1.856207719789006,0.0271706259553088,50.32000350952149,96.07805662214136,0.8659906598426866,dinuc,0.4030724251686262,0.4302430511239351
GCF_030762805.1:NZ_CP129113.1,2153459,2153947,0,-2.6414928951697294,0.0834622427507427,68.92999267578125,55.172286446834114,0.5329950880333892,dinuc,0.2936615863005404,0.3771238290512832
GCF_030762805.1:NZ_CP129113.1,2191505,2191942,0,-2.959263128795996,0.0818178803916971,55.219993591308594,48.07963272377387,0.53915801253842,dinuc,0.4046981397314129,0.48651602012311
GCF_030762805.1:NZ_CP129113.1,2394765,2395115,0,-2.0302367967843997,0.0469380494974462,43.160003662109375,48.41696387953246,0.5944327637726147,dinuc,0.3233312622494491,0.3702693117468954
GCF_030762805.1:NZ_CP129113.1,2396451,2396851,0,-1.0804793076300567,0.0456611175617105,44.08000183105469,104.09031915879828,1.1123860417749325,dinuc,0.3893214917805741,0.4349826093422847
GCF_030762805.1:NZ_CP129113.1,2702962,2703403,0,-0.8621054604083294,0.0867028420714168,53.619998931884766,125.94729707183672,1.2379821628411571,dinuc,0.1212809298087991,0.207983771880216
GCF_030762805.1:NZ_CP129113.1,2730058,2730420,0,-1.8250539404903288,0.1032761109916987,39.90999984741211,96.1248532293715,1.2214588505472084,dinuc,0.4898375399661287,0.5931136509578274
GCF_030864005.1:NZ_CP132976.1,2755820,2756265,0,-2.5115847788100982,-0.0488757711717388,57.8800048828125,72.05104752645012,0.6813252347138189,dinuc,0.4339688762105582,0.3850931050388194
GCF_030864005.1:NZ_CP132976.1,4901874,4902214,0,-4.631091545874645,0.0017605522529227,45.29999542236328,60.548823868806274,0.6708852521422591,dinuc,0.2049227681684895,0.2066833204214122
GCF_031760945.1:NZ_CP134501.1,147741,148100,0,-1.706007241618229,0.0094093131642158,37.28999710083008,50.98146002929697,0.6741070479242219,dinuc,0.4150259065919602,0.4244352197561761
GCF_031760945.1:NZ_CP134501.1,150661,151081,0,0.065275350171121,0.0374120386628908,52.69000244140625,107.80369505224398,1.094660661436004,dinuc,0.5947244831234251,0.632136521786316
GCF_031760945.1:NZ_CP134501.1,381144,381535,0,-1.1806395845068889,0.0300540966559808,45.21999740600586,74.16425407133147,0.8649935103883607,dinuc,0.319448832960284,0.3495029296162648
GCF_031760945.1:NZ_CP134501.1,388654,389020,0,-0.4039497886869517,0.0758697985004885,40.749996185302734,92.42825313697708,1.1138778108424738,dinuc,0.406761647058529,0.4826314455590176
GCF_031760945.1:NZ_CP134501.1,389206,389640,0,-0.7371982498568128,0.1510423600304516,54.220001220703125,86.31847258961851,0.8483394429668083,dinuc,0.2587774832883039,0.4098198433187556
GCF_031760945.1:NZ_CP134501.1,389762,390164,0,-0.199046221816302,0.0302741514709124,40.82999801635742,84.89298504504809,0.9425026489902264,dinuc,0.4729201897604857,0.5031943412313982
GCF_031760945.1:NZ_CP134501.1,935966,936441,0,-1.6871043389574565,0.0653762578144114,54.95000457763672,106.49198368527024,0.9210803727367092,dinuc,0.3637352820179161,0.4291115398323276
GCF_031760945.1:NZ_CP134501.1,1164750,1165176,0,-0.041314452634308,0.0391879795308715,43.70000457763672,123.10386551924402,1.2509309837610023,dinuc,0.3607105496286318,0.3998985291595034
GCF_031760945.1:NZ_CP134501.1,1338417,1338813,0,-1.7459147669165962,0.0314297902999083,47.3699951171875,62.50393917689459,0.6798476010962927,dinuc,0.3182545748052343,0.3496843651051427
GCF_031760945.1:NZ_CP134501.1,1340829,1341258,0,1.9483560110444904,0.1275142067252964,42.7599983215332,140.2659144019268,1.511200305785778,dinuc,0.2705191976651128,0.3980334043904092
GCF_031760945.1:NZ_CP134501.1,1432339,1432722,0,-3.0980410037570296,0.1044041394305876,41.81999588012695,73.48959591183741,0.8793294470790037,dinuc,0.5268077021339925,0.6312118415645802
GCF_031760945.1:NZ_CP134501.1,1882737,1883157,0,-5.494962149379534,0.0246130550514512,48.519996643066406,90.7448075561737,0.9675504136597224,dinuc,0.3609073821356977,0.3855204371871489
GCF_031760945.1:NZ_CP134501.1,1884986,1885408,0,1.336299050728969,0.0486016812805075,44.90999603271485,74.1947404131319,0.8145956681092146,dinuc,0.4378589829846169,0.4864606642651245
GCF_031760945.1:NZ_CP134501.1,2281345,2281813,0,1.7054090265764936,0.1429431807890688,49.7400016784668,166.7742037966556,1.6401030417410425,dinuc,0.4477470561253622,0.590690236914431
GCF_031760945.1:NZ_CP134501.1,2822521,2822863,0,-2.90193863606328,0.005663805974205,44.2400016784668,82.930516673239,0.9980390625910336,dinuc,0.3915392892010017,0.3972030951752068
GCF_031760945.1:NZ_CP134501.1,2885321,2885704,0,-4.530808950883152,0.0318390330610129,46.31999969482422,56.18053874960362,0.6598897507250004,dinuc,0.559878903676198,0.591717936737211
GCF_031760945.1:NZ_CP134501.1,3576496,3576888,0,-0.6769890111199336,0.0230037229878361,46.2599983215332,57.94136212806585,0.6520689670621042,dinuc,0.5550274676392474,0.5780311906270835
GCF_031760945.1:NZ_CP134501.1,3818255,3818642,0,0.1483532384192745,0.1468530841752465,43.17999649047851,130.56414376930772,1.510161782576134,dinuc,0.4109522181317812,0.5578053023070277
GCF_031760945.1:NZ_CP134501.1,3832806,3833198,0,-0.5691328351192227,0.1159359976404666,40.59000396728515,119.4118445738421,1.2907334149910452,dinuc,0.3409459583968691,0.4568819560373358
GCF_040267475.1:NZ_CP125628.1,93958,94312,0,-2.357331800881287,0.1036481498953836,36.90999984741211,87.35415326124736,0.9847479441795932,dinuc,0.5093573192012801,0.6130054690966638
GCF_040267475.1:NZ_CP125628.1,346479,346883,0,-1.4225048864383498,0.1039613459145242,47.61000442504883,83.9707688234719,0.8375720035495045,dinuc,0.1975610623533449,0.3015224082678692
GCF_040267475.1:NZ_CP125628.1,567212,567561,0,-2.524041193345165,0.0144362391083917,41.05999755859375,69.8738903575078,0.8910125181380633,dinuc,0.6509954999085237,0.6654317390169154
GCF_040267475.1:NZ_CP125628.1,615974,616414,0,-2.7976939172653794,0.1128850443434236,43.86000442504883,85.10122690078963,0.8588228051594899,dinuc,0.5120996245525894,0.624984668896013
GCF_040267475.1:NZ_CP125628.1,876463,876822,0,-3.932499130081608,0.0120952238417859,47.68999481201172,52.35373287691728,0.6089817096529234,dinuc,0.245011351506807,0.257106575348593
GCF_040267475.1:NZ_CP125628.1,1813346,1813703,0,1.197738386837882,0.0401203473776674,36.049997329711914,121.90534122439132,1.4383004222333382,dinuc,0.4112948105330866,0.4514151579107541
GCF_040267475.1:NZ_CP125628.1,1951713,1952044,0,-0.9380686782473072,0.1383089358235354,37.6300048828125,86.8726333716741,1.051566822991429,dinuc,0.4299427612965939,0.5682516971201294
GCF_040267475.1:NZ_CP125628.1,2461215,2461632,0,-8.02741864386159,0.0582009154377582,57.86000061035156,42.24543259547112,0.447038444172916,dinuc,0.4464465267796152,0.5046474422173735
GCF_040267475.1:NZ_CP125628.1,2696286,2696745,0,-1.9199606151992656,0.0258748274522824,53.880001068115234,70.13996520057154,0.6681190661388847,dinuc,0.3313436002268928,0.3572184276791752
GCF_040267475.1:NZ_CP125628.1,2713862,2714242,0,-0.0100572531817047,0.0903466245122794,39.560001373291016,123.54822412813314,1.3006960583398035,dinuc,0.4299901587878282,0.5203367833001077
GCF_040267475.1:NZ_CP125628.1,2767355,2767803,0,-3.237112310052457,0.0010757670826441,57.589996337890625,92.04368799298014,0.8644563448633719,dinuc,0.4015144743609323,0.4025902414435764
GCF_040267475.1:NZ_CP125628.1,2875634,2876007,0,-0.3192838763740123,0.1266064982402199,41.8900032043457,84.17420589447872,0.9555948400508788,dinuc,0.4388201217051575,0.5654266199453775
GCF_040267475.1:NZ_CP125628.1,2903336,2903690,0,2.4931477275585863,0.0264146166601069,39.78000259399414,126.24569551833191,1.5293806765266975,dinuc,0.3819669254681515,0.4083815421282585
GCF_040267475.1:NZ_CP125628.1,2928784,2929198,0,-0.3997639104904928,0.0547916925760111,44.18000030517578,93.7308456915396,0.9840098837887664,dinuc,0.4667528260664669,0.5215445186424781
GCF_040267475.1:NZ_CP125628.1,3292727,3293118,0,-0.7365340273766219,-0.0122621546480761,43.6199951171875,131.36003772114822,1.4631357715410669,dinuc,0.3381339895350381,0.325871834886962
GCF_040267475.1:NZ_CP125628.1,3400052,3400388,0,-4.0400846076101455,0.0526005998189712,38.96999740600586,60.96083381966576,0.8593797191999122,dinuc,0.540121965217628,0.5927225650365993
GCF_040267475.1:NZ_CP125628.1,3433946,3434041,0,-0.0013433860488925,0.0104663583598395,12.770000457763672,14.286432428937054,0.6663022809547218,dinuc,0.4708503231215462,0.4813166814813857
GCF_040267475.1:NZ_CP125628.1,3472812,3473243,0,-0.5478642012603006,0.1176748939705602,52.51000213623047,158.14571467948284,1.5306896489038295,dinuc,0.4408107666607354,0.5584856606312957
GCF_040267475.1:NZ_CP125628.1,3778581,3778931,0,-1.442978308087849,0.0830696858643763,41.349998474121094,61.719133540371445,0.7950992505060998,dinuc,0.3939305624251041,0.4770002482894805
GCF_040267475.1:NZ_CP125628.1,4391021,4391437,0,-2.791895445282931,0.0190140065746296,44.31999588012695,72.86011741189255,0.7821987654944258,dinuc,0.3448132286597077,0.3638272352343373
GCF_040267475.1:NZ_CP125628.1,4433586,4433713,0,-1.5263156900248664,0.1643653793836409,17.309999465942383,16.98374085458001,0.6140116269089321,dinuc,0.4570710642295553,0.6214364436131963
GCF_040267475.1:NZ_CP125628.1,4543960,4544344,0,0.0072921785895875,0.0423728750620646,52.31999969482422,108.7561183728152,1.2003800763958616,dinuc,0.376603366170298,0.4189762412323626
GCF_040267475.1:NZ_CP125628.1,4647170,4647602,0,-4.613004192943143,0.0324887638883228,56.18999481201172,57.03682559403977,0.5985425574017996,dinuc,0.2227689562684197,0.2552577201567426
GCF_040267475.1:NZ_CP125628.1,4661989,4662425,0,-5.58212520262046,0.0255887324453045,57.63999938964844,80.43085063735673,0.8127838740821115,dinuc,0.5323976936450119,0.5579864260903165
GCF_040267475.1:NZ_CP125628.1,4670793,4671216,0,0.1307881249644632,0.152922804047817,47.37000274658203,125.11742239058806,1.2977936659300708,dinuc,0.4053727074783306,0.5582955115261476
GCF_040267475.1:NZ_CP125628.1,4671447,4671885,0,0.7735480193326696,0.0415346530727644,48.09000396728515,157.06031608942465,1.6185424152980896,dinuc,0.4732430412211708,0.5147776942939353
GCF_040267475.1:NZ_CP125628.1,4674305,4674678,0,-0.1486645521767154,0.019402921338007,40.47999572753906,83.60051239612498,1.048807259672499,dinuc,0.4046198357030238,0.4240227570410308
GCF_040267475.1:NZ_CP125628.1,4676155,4676578,0,-4.264358652020967,0.0337419155959508,48.70000457763672,73.44313745110945,0.7500149247070064,dinuc,0.1680199098778727,0.2017618254738236
GCF_040267475.1:NZ_CP125628.1,4692018,4692432,0,-4.030533651817703,0.0995708200840026,55.84000396728515,58.56035717323417,0.6291269297031787,dinuc,0.5518981223865489,0.6514689424705515
GCF_040267475.1:NZ_CP125628.1,4840863,4840966,0,0.460795747795875,0.0277199889492294,13.400001525878906,22.25107528892374,0.936402427367133,dinuc,0.4341062230969149,0.4618262120461444
GCF_040267475.1:NZ_CP125628.1,4936765,4937167,0,-3.676597318051295,0.0216677238095427,39.36000061035156,84.94070419458943,0.8123387315024146,dinuc,0.4834525673136384,0.5051202911231812
GCF_040267475.1:NZ_CP125628.1,5075076,5075477,0,-8.216999138736647,0.0599278197907885,47.47999572753906,27.885900809655116,0.3556051796044314,dinuc,0.5620666866761682,0.6219945064669568
GCF_040267475.1:NZ_CP125628.1,5086808,5087152,0,-0.1829139602847983,0.0768010838895698,32.250003814697266,94.545700259101,1.287677237252702,dinuc,0.6582226180117098,0.7350237019012796
GCF_047456275.1:NZ_CP173357.1,318935,319268,0,-3.083154800920779,0.0471694113037757,39.980003356933594,61.57620245967037,0.7846309840774698,dinuc,0.1198911462129517,0.1670605575167275
GCF_047456275.1:NZ_CP173357.1,433470,433861,0,-1.9578005180055609,0.1077458064368735,53.09999084472656,71.71925403461913,0.8016360735226845,dinuc,0.573464158594952,0.6812099650318256
GCF_047456275.1:NZ_CP173357.1,441184,441555,0,-2.9259330234031333,0.0750752197277137,41.65999984741211,71.50570922708873,0.8425902818428214,dinuc,0.374345054182413,0.4494202739101268
GCF_047456275.1:NZ_CP173357.1,598931,599370,0,-1.661810995116249,0.1470418914820025,51.77000427246094,91.79902297531368,0.902726314403026,dinuc,0.6124623934485969,0.7595042849305994
GCF_047456275.1:NZ_CP173357.1,717863,718243,0,-0.2976705685427028,0.1259904809003594,42.40999984741211,92.809527792971,1.0403210686306876,dinuc,0.6717629593251725,0.797753440225532
GCF_047456275.1:NZ_CP173357.1,720899,721338,0,-1.231001690467398,0.0474628683055002,51.05000305175781,99.82643482503988,0.963221744515192,dinuc,0.3602475573399386,0.4077104256454388
GCF_047456275.1:NZ_CP173357.1,948511,948900,0,-4.709856670228521,0.0109995640693909,44.68999481201172,60.13585913728715,0.6741526449789915,dinuc,0.5310044786200643,0.5420040426894552
GCF_047456275.1:NZ_CP173357.1,1160374,1160786,0,0.5679533197807202,0.1186837625045121,43.94000244140625,154.84499164143048,1.5696301049502384,dinuc,0.5225792605547521,0.6412630230592643
GCF_047456275.1:NZ_CP173357.1,1202746,1203116,0,-9.304617726323452,0.0163718810007928,52.10999298095703,43.55926954804138,0.4972912937054564,dinuc,0.2255858179379978,0.2419576989387906
GCF_047456275.1:NZ_CP173357.1,2512324,2512779,0,0.1320167818459957,0.0472704847570971,54.62999725341797,139.56696137702883,1.381870089113803,dinuc,0.4332304033709136,0.4805008881280107
GCF_047456275.1:NZ_CP173357.1,2597264,2597716,0,-1.2691846363047654,0.0183197195563445,54.06999969482422,63.63422433515477,0.5975961989647224,dinuc,0.5818436985283552,0.6001634180846998
GCF_047456275.1:NZ_CP173357.1,2610728,2611110,0,-5.99462739344416,0.063409856833191,50.44999694824219,42.79259793170294,0.4766179007342043,dinuc,0.3901830342156817,0.4535928910488728
GCF_047456275.1:NZ_CP173357.1,2825623,2826064,0,-1.227565820003324,0.0224750027983705,57.030006408691406,139.01710079141125,1.2797341335566588,dinuc,0.2963479101366578,0.3188229129350283
GCF_047456275.1:NZ_CP173357.1,2894678,2895098,0,0.016570157277553,0.0943680428166988,47.19999694824219,119.68683349201255,1.2976519453882085,dinuc,0.5658996777514694,0.6602677205681683
GCF_047456275.1:NZ_CP173357.1,3004373,3004783,0,-1.1968261455490856,0.0402071715208266,50.81999969482422,107.87033351237508,1.1576939179645642,dinuc,0.4859070883664275,0.5261142598872541
GCF_047456275.1:NZ_CP173357.1,3072783,3073225,0,-0.7518756849645988,0.2129975734557122,46.3599967956543,124.86338822573308,1.3341845575520368,dinuc,0.3265676069445582,0.5395651804002705
GCF_047456275.1:NZ_CP173357.1,3152026,3152387,0,-0.4592614155283749,0.0327475268895792,46.83000183105469,86.60255754733925,1.0371380392655565,dinuc,0.3075822854071645,0.3403298122967437
GCF_047456275.1:NZ_CP173357.1,3170041,3170462,0,0.1808956093726095,0.1099429913650131,46.34000396728515,90.0839564118368,0.9543685814308644,dinuc,0.5353842072538232,0.6453271986188364
GCF_047456275.1:NZ_CP173357.1,3362195,3362617,0,0.1745229263783315,0.1099670888651668,46.34000396728515,90.07475975480573,0.9526476086458748,dinuc,0.5354003535224408,0.6453674423876076
GCF_047456275.1:NZ_CP173357.1,3657301,3657677,0,-5.575645404690885,0.0607513370454121,47.150001525878906,59.49267941054489,0.6366197963959941,dinuc,0.4870725363531459,0.5478238733985581
GCF_047456275.1:NZ_CP173357.1,4079213,4079672,0,-0.4811273917503456,0.0986678903671872,54.51000213623047,134.5717476047703,1.196902084180117,dinuc,0.3151210601203394,0.4137889504875266
GCF_047456285.1:NZ_CP174122.1,11,373,0,-0.9780972873581724,0.0683148849747077,38.68000030517578,80.5245647501646,0.9697944327890932,dinuc,0.6232520125753624,0.6915668975500702
GCF_047456285.1:NZ_CP174122.1,120411,120897,0,-1.734379405328755,0.0346043980153948,60.3800048828125,83.18714501298493,0.7497186686986659,dinuc,0.4610058912716224,0.4956102892870173
GCF_047456285.1:NZ_CP174122.1,125265,125709,0,-1.0369797355324837,0.0050240926068537,54.970001220703125,80.68939001840948,0.8210438321523891,dinuc,0.5644061936384948,0.5694302862453485
GCF_047456285.1:NZ_CP174122.1,293239,293566,0,-5.210681571208687,0.0273361914941673,40.54999923706055,31.8379264346789,0.443466023208158,dinuc,0.1006710638242634,0.1280072553184307
GCF_047456285.1:NZ_CP174122.1,396786,397135,0,-1.8824859232146387,0.0498397548517619,46.529998779296875,47.310406966794865,0.6019786778820592,dinuc,0.5824754102958908,0.6323151651476527
GCF_047456285.1:NZ_CP174122.1,432977,433381,0,-1.413952084350165,0.0543314942360561,45.2400016784668,68.76944501610687,0.7947383930161707,dinuc,0.4661356936286757,0.5204671878647318
GCF_047456285.1:NZ_CP174122.1,498592,498970,0,-9.807213723670523,0.1325275355809152,53.22999572753906,50.6455209664563,0.5793510823942953,dinuc,0.6446526114472756,0.7771801470281908
GCF_047456285.1:NZ_CP174122.1,549507,549949,0,-1.0316035778371704,0.1473405004124555,50.529998779296875,130.38388459183295,1.2951171145543046,dinuc,0.6799248086579058,0.8272653090703613
GCF_047456285.1:NZ_CP174122.1,552204,552584,0,0.1679060271340568,0.0146556678068258,42.45000076293945,69.51030744322357,0.7553659570107949,dinuc,0.3591860976288264,0.3738417654356523
GCF_047456285.1:NZ_CP174122.1,735674,736103,0,-1.712759128253308,0.0870916840056862,47.15999603271485,74.56033010804886,0.788886321655599,dinuc,0.5243998132678614,0.6114914972735477
GCF_047456285.1:NZ_CP174122.1,738762,739198,0,0.3193041892203483,0.0679751077573058,47.05000305175781,82.67460131415893,0.8960290737746582,dinuc,0.4333235029740037,0.5012986107313095
GCF_047456285.1:NZ_CP174122.1,750247,750655,0,-1.672016535709428,0.0360442693243623,51.53999328613281,48.00217134780864,0.5219224505352149,dinuc,0.4713294583270842,0.5073737276514466
GCF_047456285.1:NZ_CP174122.1,1707464,1707910,0,-2.8149325268466763,0.0232800575044518,58.12999725341797,83.42466717812877,0.7642563779409642,dinuc,0.2863444671487054,0.3096245246531572
GCF_047456285.1:NZ_CP174122.1,1789683,1790130,0,-0.9398826226065218,0.0421470264359178,52.83000183105469,86.12353116782896,0.8432150695250773,dinuc,0.4460919641169605,0.4882389905528784
GCF_047456285.1:NZ_CP174122.1,1791771,1792218,0,-0.456284848890923,0.1510287982679798,53.019996643066406,105.52279075847908,1.069137479771579,dinuc,0.3954871305718377,0.5465159288398176
GCF_047456285.1:NZ_CP174122.1,1921923,1922357,0,0.3899554798047004,0.0648596665330418,48.72999954223633,92.9654856126414,0.899361239078657,dinuc,0.5098667940081324,0.5747264605411743
GCF_047456285.1:NZ_CP174122.1,2273690,2274123,0,-1.987587221973535,0.1045430698894208,46.5099983215332,86.9477582977492,0.863361505464507,dinuc,0.2740142679046004,0.3785573377940213
GCF_047456285.1:NZ_CP174122.1,2686284,2686761,0,-0.9017097175881778,0.101146399279114,64.27000427246094,140.4863521115464,1.2565576190154983,dinuc,0.4189616738655896,0.5201080731447036
GCF_047456285.1:NZ_CP174122.1,2775585,2776017,0,-0.3982878728288039,0.0351241280622962,57.37999725341797,126.59297439708077,1.2207203305498913,dinuc,0.4081675775896008,0.443291705651897
GCF_047456285.1:NZ_CP174122.1,2968011,2968340,0,-4.632122808692443,0.1740775430402279,34.980003356933594,47.544327791615615,0.6984190451770266,dinuc,0.5054583198051291,0.679535862845357
GCF_047456285.1:NZ_CP174122.1,3040979,3041079,0,-0.6802991434786108,0.0182735108742719,14.989997863769531,12.484857428527317,0.5149999697466454,dinuc,0.3467123398085671,0.364985850682839
GCF_047456285.1:NZ_CP174122.1,3115393,3115818,0,-0.7826269656421054,0.0634773230862147,53.209991455078125,86.97137636410729,0.8775186523069172,dinuc,0.2995084905313315,0.3629858136175463
GCF_047456285.1:NZ_CP174122.1,3163270,3163718,0,-2.142203881251275,0.1442604937942448,55.13999938964844,107.15398636570195,1.0622954368908084,dinuc,0.3999811579390392,0.5442416517332841
GCF_047456285.1:NZ_CP174122.1,3204384,3204833,0,0.3220045783559974,0.1203701070131563,49.900001525878906,115.06770894665443,1.1160676363895006,dinuc,0.4487756436998337,0.56914575071299
GCF_047456285.1:NZ_CP174122.1,3270254,3270691,0,-3.184793456522055,0.0818126339842987,42.54000473022461,107.79978593939924,1.107978329975713,dinuc,0.2476738898372119,0.3294865238215106
GCF_047456285.1:NZ_CP174122.1,3318728,3319100,0,-0.6661578669021724,0.0632684151301623,47.24000549316406,121.87386559709536,1.3027986277465102,dinuc,0.1897612164054049,0.2530296315355672
GCF_047456285.1:NZ_CP174122.1,3757790,3758161,0,-3.9783091824716825,0.0048228221471343,43.1099967956543,62.82583310406213,0.7486298347102162,dinuc,0.3694508640827345,0.3742736862298689
GCF_047456285.1:NZ_CP174122.1,3844655,3845015,0,0.1421781270907263,0.091456116964664,34.73999786376953,76.25974481721855,0.9566629976878448,dinuc,0.6250624051509361,0.7165185221156002
GCF_047456285.1:NZ_CP174122.1,4124164,4124618,0,-0.6903038279125148,0.0851409839438326,49.16999816894531,101.59256185759854,0.966190511432154,dinuc,0.3735310053311985,0.4586719892750311
GCF_047936785.1:NZ_CP176394.1,186196,186605,0,-1.9161143988541656,0.0124050236096696,57.400001525878906,98.70587489153604,0.9666883217068896,dinuc,0.4614702585257755,0.4738752821354451
GCF_047936785.1:NZ_CP176394.1,293660,294051,0,-0.1108890742728083,0.1240504317100398,43.720001220703125,102.42459378852811,1.2085006101188551,dinuc,0.4968800560760686,0.6209304877861085
GCF_047936785.1:NZ_CP176394.1,419131,419490,0,-1.841380461219304,0.124357115103885,40.56999969482422,69.29561576298117,0.8694246146562049,dinuc,0.5376058520119866,0.6619629671158717
GCF_047936785.1:NZ_CP176394.1,526368,526777,0,-1.7395727794153073,0.0258469214023479,52.57999420166016,74.80098449197446,0.7794802390721981,dinuc,0.4626109186845149,0.4884578400868629
GCF_047936785.1:NZ_CP176394.1,529188,529296,0,0.1685971526014391,0.0532223982778639,14.31999969482422,18.226104621149155,0.6731634732407076,dinuc,0.4978335826912586,0.5510559809691226
GCF_047936785.1:NZ_CP176394.1,529654,530003,0,-3.4493849363579523,0.0555963084982852,48.969993591308594,23.155429969458044,0.3030774628303468,dinuc,0.4854138992390856,0.5410102077373709
GCF_047936785.1:NZ_CP176394.1,820480,820797,0,-0.2763912926543628,0.0391336955009483,35.459999084472656,84.23289911792321,1.1794663219056054,dinuc,0.735910838165256,0.7750445336662044
GCF_047936785.1:NZ_CP176394.1,972695,973083,0,-4.41218964155823,0.0644436428819262,45.91999816894531,83.06639287456721,0.9511986078614626,dinuc,0.4774016807458171,0.5418453236277434
GCF_047936785.1:NZ_CP176394.1,1080411,1080736,0,-0.550243675474909,0.0486247110273433,39.410003662109375,59.31251972731566,0.7886514025246909,dinuc,0.4820974178890879,0.5307221289164312
GCF_047936785.1:NZ_CP176394.1,1082156,1082553,0,-5.386532251216903,0.0428620344493309,47.6199951171875,51.310820124413986,0.5829916615728962,dinuc,0.5896570921482686,0.6325191265975995
GCF_047936785.1:NZ_CP176394.1,1216434,1216539,0,-1.4211946801841162,-0.0127055606405984,16.40999984741211,13.486527653379763,0.5218172782120261,dinuc,0.6373778546187727,0.6246722939781743
GCF_047936785.1:NZ_CP176394.1,1221524,1221894,0,-0.6058187310442442,0.1452832453165302,50.92000579833984,96.83472299902922,1.0513815449284185,dinuc,0.3775360979941656,0.5228193433106958
GCF_047936785.1:NZ_CP176394.1,1359828,1360234,0,-1.1365833271921986,0.0127542104411446,47.37000274658203,69.70397182882526,0.7257212688668434,dinuc,0.4598581784097587,0.4726123888509034
GCF_047936785.1:NZ_CP176394.1,1586675,1587088,0,0.4970479450785121,0.0621623842466589,49.209999084472656,126.4076991402119,1.2369360920305246,dinuc,0.4916952365524406,0.5538576207990995
GCF_047936785.1:NZ_CP176394.1,1600441,1600851,0,-4.231166047455434,0.041389648013052,50.98999786376953,87.45567585872304,0.9332078809261806,dinuc,0.6213353780943197,0.6627250261073717
GCF_047936785.1:NZ_CP176394.1,1638215,1638641,0,-1.540457072458776,-0.0248315971896497,54.30999755859375,117.85004952909802,1.1291071317281265,dinuc,0.5085944149932888,0.4837628178036391
GCF_047936785.1:NZ_CP176394.1,1664816,1665216,0,1.6874886576767048,-0.0026865839942946,51.41999053955078,144.75408648323952,1.4818119586528544,dinuc,0.4396221391352333,0.4369355551409387
GCF_047936785.1:NZ_CP176394.1,1830434,1830832,0,-1.0453309179795682,0.0950580770752206,53.029991149902344,103.06500029994896,1.0936300969329371,dinuc,0.4357441224629489,0.5308021995381695
GCF_047936785.1:NZ_CP176394.1,1830883,1831268,0,0.5719818134641763,0.0944027014759759,54.099998474121094,96.6316401205543,1.0041045898577163,dinuc,0.3452353292890356,0.4396380307650116
GCF_047936785.1:NZ_CP176394.1,1956064,1956410,0,1.074241387913627,0.1164996887296227,33.02000427246094,94.8804668895928,1.2409764887782575,dinuc,0.3473648425847093,0.463864531314332
GCF_047936785.1:NZ_CP176394.1,1978091,1978526,0,-1.6448810052509328,0.0771346674784154,59.09999084472656,91.66156519387714,0.8841416125663748,dinuc,0.4335887086609604,0.5107233761393759
GCF_047936785.1:NZ_CP176394.1,1982829,1983278,0,0.130156890724929,0.0515739223495221,53.089996337890625,107.4973517676746,1.0417743948996283,dinuc,0.3402409000155961,0.3918148223651183
GCF_047936785.1:NZ_CP176394.1,2010950,2011302,0,-1.4759471243984488,0.0411924691697439,45.44000244140625,65.60035014259599,0.8231557380438346,dinuc,0.617338090109775,0.658530559279519
GCF_047936785.1:NZ_CP176394.1,2148792,2149217,0,-1.8596733995048376,0.0246618760746409,50.589996337890625,110.094445901154,1.029748068376986,dinuc,0.4035500463160036,0.4282119223906446
GCF_047936785.1:NZ_CP176394.1,2189869,2189964,0,-1.6866008660334673,0.0678995789986924,11.879999160766602,13.772162515322252,0.6027009762920431,dinuc,0.4184081487747508,0.4863077277734433
GCF_047936785.1:NZ_CP176394.1,2193651,2194004,0,-1.7456349911563536,0.2238469068607574,35.090003967285156,51.02651712471864,0.65775017800461,dinuc,0.4689243208369243,0.6927712276976817
GCF_047936785.1:NZ_CP176394.1,2250211,2250574,0,-3.3227940850553535,0.0286192106064061,47.22999572753906,74.9337217169789,0.8534778112201128,dinuc,0.4791004658455603,0.5077196764519665
GCF_047936785.1:NZ_CP176394.1,2305792,2305864,0,-0.661133882177419,0.0143192582998833,9.750000953674316,5.26537579114426,0.3809660907005735,dinuc,0.6899013861002936,0.704220644400177
GCF_047943045.1:NZ_CP181347.1,50345,50717,0,-3.986986446286062,0.0533869633212121,44.18000030517578,63.390020069705265,0.7308029546802537,dinuc,0.1694572859065527,0.2228442492277649
GCF_047943045.1:NZ_CP181347.1,69467,69858,0,-5.5929257165539275,0.0581539353272766,42.5099983215332,66.95598080815671,0.8290492900157213,dinuc,0.5437232901993252,0.6018772255266018
GCF_047943045.1:NZ_CP181347.1,193975,194326,0,-2.672177195030648,0.0364794119041069,44.30000305175781,61.04520574250102,0.7890772851083045,dinuc,0.6154852057114728,0.6519646176155798
GCF_047943045.1:NZ_CP181347.1,332802,333184,0,-1.34921840771198,0.0506864513986433,41.34000015258789,91.68007900416757,1.0662672895455276,dinuc,0.4943923534198655,0.5450788048185089
GCF_047943045.1:NZ_CP181347.1,884413,884764,0,-2.4839482618379676,0.0984610782846553,42.36000061035156,65.25662910076643,0.8652551200671691,dinuc,0.5794771129170827,0.677938191201738
GCF_047943045.1:NZ_CP181347.1,985093,985494,0,-2.0938831400030753,0.1508821689676506,50.79999923706055,95.15342438995688,1.0052512489346048,dinuc,0.2183202973677719,0.3692024663354226
GCF_047943045.1:NZ_CP181347.1,1230271,1230721,0,1.0531480301216911,0.0924925178710917,46.40999984741211,142.7723838147812,1.3840539571178532,dinuc,0.5596253748228133,0.652117892693905
GCF_047943045.1:NZ_CP181347.1,1300020,1300449,0,0.663849732986154,0.1521058895366422,46.560001373291016,85.86801148842143,0.8737482633926577,dinuc,0.3473802961381593,0.4994861856748016
GCF_047943045.1:NZ_CP181347.1,1635689,1636109,0,-0.5761143142362338,0.0636881249523024,50.77000045776367,86.51068421894725,0.8843296519930373,dinuc,0.5682710787574969,0.6319592037097994
GCF_047943045.1:NZ_CP181347.1,1687662,1688166,0,-5.27256553863244,0.0156910325189295,63.31999206542969,88.77829303686666,0.7186746846688797,dinuc,0.437706281135871,0.4533973136548005
GCF_047943045.1:NZ_CP181347.1,1790075,1790458,0,-0.7484615403120345,0.0503429895495081,49.4900016784668,122.98527844857593,1.3424142690375993,dinuc,0.6000234678696718,0.6503664574191799
GCF_047943045.1:NZ_CP181347.1,1790823,1791277,0,-2.8950221904774733,0.0399288824230108,56.56000518798828,82.29952116386424,0.808049567995768,dinuc,0.2449941238605616,0.2849230062835725
GCF_047943045.1:NZ_CP181347.1,1831771,1832185,0,-0.3564132079045072,0.0670994349411683,43.95000457763672,156.3900023492423,1.5708751293368437,dinuc,0.1743101371088864,0.2414095720500547
GCF_047943045.1:NZ_CP181347.1,1902729,1903133,0,-2.038999614434052,0.0537649910987417,51.62000274658203,73.94015030090875,0.7829270683716224,dinuc,0.3990556296722489,0.4528206207709906
GCF_047943045.1:NZ_CP181347.1,1905904,1906283,0,-0.8841728852004906,-0.0030140210463641,42.810001373291016,105.85039390717589,1.1896724544486856,dinuc,0.5079669700326825,0.5049529489863184
GCF_047943045.1:NZ_CP181347.1,2086902,2087306,0,-0.9401312790928804,0.0526586014537359,44.69999694824219,106.74014216354468,1.1976302134617158,dinuc,0.5793161791902764,0.6319747806440124
GCF_047943045.1:NZ_CP181347.1,2376931,2377323,0,0.1844012614739633,0.1070147622506549,41.910003662109375,103.33392310378692,1.2055600955639532,dinuc,0.4582585068474611,0.565273269098116
GCF_047943045.1:NZ_CP181347.1,2562020,2562399,0,-1.0454577202558195,0.0918251553734988,46.869998931884766,133.42215413807983,1.4959708381482182,dinuc,0.4071855895442278,0.4990107449177267
GCF_055384605.1:NZ_AP043921.1,33917,34341,0,0.3566567219683768,0.1161283606026296,50.060001373291016,78.13808236816261,0.8273731017355767,dinuc,0.3553549198381492,0.4714832804407789
GCF_055384605.1:NZ_AP043921.1,471156,471582,0,-2.48601475291962,0.0651660572325925,59.290000915527344,88.14874002849349,0.8314447440292558,dinuc,0.4299715909828956,0.4951376482154881
GCF_055384605.1:NZ_AP043921.1,2303890,2304321,0,-0.8606049350048505,0.0023017638106954,51.689998626708984,111.0740034621768,1.0853853807312144,dinuc,0.4703181372780491,0.4726199010887446
GCF_055386145.1:NZ_AP043913.1,128437,128869,0,-3.718259474217154,0.1097913097815651,52.269996643066406,67.89414643669964,0.7373609919782736,dinuc,0.5991817966843401,0.7089731064659053
GCF_055386145.1:NZ_AP043913.1,421227,421658,0,1.0234515248669955,0.1040598130135844,46.53999710083008,116.21951942595672,1.2344410676369422,dinuc,0.4958954281251135,0.5999552411386979
GCF_055386145.1:NZ_AP043913.1,843860,844261,0,-1.8096419499323473,0.0367603568728583,45.58000183105469,113.57833171659156,1.243406348150922,dinuc,0.6572598162788184,0.6940201731516767
GCF_055386145.1:NZ_AP043913.1,852315,852756,0,1.2813154907541957,0.1041414263982322,48.439998626708984,120.43618441584404,1.2498420297078443,dinuc,0.4957741996171638,0.599915626015396
GCF_055386145.1:NZ_AP043913.1,976207,976648,0,1.3408948718037248,0.1041414263982322,48.439998626708984,120.43618441584404,1.2498420297078443,dinuc,0.4957741996171638,0.599915626015396
GCF_055386145.1:NZ_AP043913.1,1149051,1149430,0,-1.4882976787004407,0.0286826264511163,45.55000305175781,75.59472670506955,0.9047643069041512,dinuc,0.4558741827904158,0.4845568092415322
GCF_055386145.1:NZ_AP043913.1,1213737,1214077,0,-5.608581617213785,0.0139015756888889,41.35000228881836,55.92788017819375,0.7119414860917969,dinuc,0.4541271155683376,0.4680286912572265
GCF_055386145.1:NZ_AP043913.1,1589581,1590001,0,-2.309284232424143,0.0241472649331604,47.98999786376953,76.91472773025936,0.8101333934134487,dinuc,0.5514221810278989,0.5755694459610593
GCF_055386145.1:NZ_AP043913.1,1591199,1591643,0,-0.3256902979202266,0.0669004024064745,48.15999984741211,134.02191698205752,1.2401852523188237,dinuc,0.3528521633309946,0.4197525657374691
GCF_055386145.1:NZ_AP043913.1,1593924,1594364,0,-0.9067678900843216,0.0379701401409833,47.45999526977539,72.35075359871487,0.6694233735407422,dinuc,0.5842497270231263,0.6222198671641096
GCF_055386145.1:NZ_AP043913.1,1594456,1594878,0,-1.526611772862683,0.0313069552058808,50.94999694824219,49.4936970564859,0.5097871898892846,dinuc,0.4425915431262506,0.4738984983321315
GCF_055386145.1:NZ_AP043913.1,1709157,1709567,0,-1.837087180082535,0.0803212741853088,40.529998779296875,92.6450531700192,1.004918259681491,dinuc,0.4903458072912611,0.57066708147657
GCF_055386145.1:NZ_AP043913.1,1910938,1911409,0,-1.703081423376264,0.0716913372203238,56.69000244140625,143.2021312193401,1.2496925692178005,dinuc,0.4993928823427404,0.5710842195630643
GCF_055386145.1:NZ_AP043913.1,1912253,1912703,0,-0.9855918969753564,0.0280343290878593,50.0,102.4219666613116,0.9897506809599936,dinuc,0.4380000143442049,0.4660343434320642
GCF_055386145.1:NZ_AP043913.1,2105754,2106135,0,-0.7614733816554703,0.1292603005059195,40.729997634887695,84.89119963723961,0.9927366485193831,dinuc,0.5008293310608364,0.6300896315667559
GCF_055386145.1:NZ_AP043913.1,2236527,2236891,0,-3.4410404007699182,0.0517334812789771,46.2400016784668,76.04532653891717,0.9923331597291092,dinuc,0.3954637813951611,0.4471972626741383
GCF_055386145.1:NZ_AP043913.1,2719638,2720015,0,-1.4702231789330606,0.1222952324798471,45.66999816894531,108.4099834656112,1.226751826650468,dinuc,0.4103351936445678,0.5326304261244149
GCF_055386145.1:NZ_AP043913.1,2748361,2748780,0,-1.3437798763608717,0.1352553110940861,48.1199951171875,85.56228353363547,0.9191655104864732,dinuc,0.326999698250925,0.4622550093450112
GCF_055386145.1:NZ_AP043913.1,2770519,2770988,0,0.2700348044386041,0.0354885322280563,50.0,131.54506985584254,1.2744930019012422,dinuc,0.5732791330078932,0.6087676652359496
GCF_055386145.1:NZ_AP043913.1,2980282,2980681,0,-1.7121143407923811,0.0726902749084463,39.83000183105469,93.14295926330844,1.012680954519252,dinuc,0.5013369163632474,0.5740271912716938
GCF_055386145.1:NZ_AP043913.1,3662248,3662651,0,-0.799920868208134,0.0670544820482955,46.5,129.96464136123632,1.4422177964147274,dinuc,0.36607202432932,0.4331265063776155
GCF_055386145.1:NZ_AP043913.1,3787915,3788257,0,-2.348652714219306,0.1247686424958692,42.42000198364258,52.96663655624385,0.6432259299135115,dinuc,0.4505810228328073,0.5753496653286766
GCF_055386145.1:NZ_AP043913.1,4010711,4011137,0,-0.3100341609617067,0.0909862632157773,45.5,88.9685515235837,0.961773830061742,dinuc,0.353883041519308,0.4448693047350853
GCF_056716105.1:NZ_CP197096.1,1495507,1495956,0,-3.1429353000066005,-0.0067639004740673,51.849998474121094,68.40159249128054,0.7082867928220339,dinuc,0.5760802952026688,0.5693163947286014
GCF_902729405.1:NZ_LR746496.1,24584,25006,0,-2.0152550033051315,0.0362765354178998,56.48999786376953,90.08481935386536,0.924025136909598,dinuc,0.3025341903679798,0.3388107257858797
GCF_902729405.1:NZ_LR746496.1,48795,48954,0,-1.5588724200821409,0.0608965240702231,25.640003204345703,38.69427526216303,0.956296692565305,dinuc,0.4940203892009583,0.5549169132711815
GCF_902729405.1:NZ_LR746496.1,49454,49537,0,-2.2373028866849856,0.0049868620315515,12.560001373291016,10.66112071968104,0.47962218811967,dinuc,0.5594541269946262,0.5644409890261777
GCF_902729405.1:NZ_LR746496.1,502870,503277,0,-1.555964946094044,0.0801847195590834,49.73999786376953,79.22292817326252,0.7904111533036389,dinuc,0.271890702189694,0.3520754217487774
GCF_902729405.1:NZ_LR746496.1,529944,530329,0,-1.621279449550146,0.0239946128740904,45.6400032043457,86.59937720387299,0.9948749379714492,dinuc,0.2912088587274942,0.3152034716015846
GCF_902729405.1:NZ_LR746496.1,538200,538316,0,0.6596152655722162,0.0460795661641392,13.709999084472656,44.172347871718,1.521483466713998,dinuc,0.5286852266194539,0.5747647927835932
GCF_902729405.1:NZ_LR746496.1,638072,638369,0,-0.9498102898938492,0.0836666209843483,36.46000289916992,71.08287027943328,1.0843966303986048,dinuc,0.5223197634847064,0.6059863844690547
GCF_902729405.1:NZ_LR746496.1,863328,863765,0,-5.3687888265926915,0.0661308640207767,57.86000061035156,90.8145142726882,0.9155788534645792,dinuc,0.3520600346386279,0.4181908986594047
GCF_902729405.1:NZ_LR746496.1,875847,875950,0,-1.4539247943114484,0.0565114074084422,13.850000381469728,16.10270591622003,0.6029215938437236,dinuc,0.5798618668029261,0.6363732742113684
GCF_902729405.1:NZ_LR746496.1,877295,877724,0,-0.7722341969040414,0.0388814636199375,59.32999420166016,131.78331023906296,1.2887130157335227,dinuc,0.3975736873731035,0.436455150993041
GCF_902729405.1:NZ_LR746496.1,880548,880674,0,0.3518447195134681,0.0229787111257209,18.1299991607666,17.642409035800004,0.5439184805032545,dinuc,0.3782842905151159,0.4012630016408369
GCF_902729405.1:NZ_LR746496.1,909446,909779,0,-0.73925612676675,0.0440596606318026,42.219993591308594,66.84221482391072,0.8751860656704317,dinuc,0.5741071001320829,0.6181667607638855
GCF_902729405.1:NZ_LR746496.1,1203805,1203910,0,0.317280903751554,0.0726143323199419,14.450000762939451,32.23943445788721,1.157456521716005,dinuc,0.3743695199084632,0.4469838522284051
GCF_902729405.1:NZ_LR746496.1,1497540,1497637,0,-0.0537026127424664,0.0308175317247799,12.89000129699707,18.550700910447976,0.8005530072796925,dinuc,0.3936428020438965,0.4244603337686765
GCF_902729405.1:NZ_LR746496.1,2059822,2059927,0,1.4447559587969043,-0.0044268837795066,11.18000030517578,30.221097469023032,1.2182490953902037,dinuc,0.5429181918695519,0.5384913080900453
GCF_902729405.1:NZ_LR746496.1,2066844,2067252,0,-2.1324374396296912,0.0706554240850603,53.18000030517578,91.2098085695352,0.9464237223753318,dinuc,0.3493788192495085,0.4200342433345689
GCF_902729405.1:NZ_LR746496.1,2622698,2623092,0,-0.8323526229655216,0.0505579033313631,47.480003356933594,112.01281250891998,1.2984102374968265,dinuc,0.3880430733649054,0.4386009766962686
GCF_902729405.1:NZ_LR746496.1,2668538,2668968,0,-0.7780669457536655,-0.0034511876038374,61.94999694824219,51.79275769503344,0.5377853934450397,dinuc,0.2425604676006462,0.2391092799968088
GCF_902729405.1:NZ_LR746496.1,2807571,2808044,0,0.4016262670005895,0.0055181141008375,47.470001220703125,117.9714075247539,1.0724049027591316,dinuc,0.3772795004292172,0.3827976145300548
GCF_902729405.1:NZ_LR746496.1,2827573,2827985,0,-0.0023517065018258,0.1511974751918304,49.599998474121094,127.63241000323492,1.309634120279487,dinuc,0.4296707430662821,0.5808682182581126
GCF_902729405.1:NZ_LR746496.1,2839717,2839834,0,1.3438541301667777,0.0458348278914959,12.370000839233398,33.10435478634358,1.175282015355061,dinuc,0.6411529324035103,0.6869877602950063
GCF_902729405.1:NZ_LR746496.1,3332611,3332724,0,-0.1308670740133876,0.0731428589925168,14.679998397827148,9.836074777944528,0.3881439949169373,dinuc,0.3536941453563127,0.4268370043488295
GCF_902729405.1:NZ_LR746496.1,3420742,3421104,0,-2.735940784282697,0.1259274123505242,53.43999481201172,61.99371639840064,0.7333522120355566,dinuc,0.4669267661857767,0.592854178536301
GCF_902729405.1:NZ_LR746496.1,3425916,3426320,0,0.8821173869406557,0.0846373270185581,52.00999450683594,134.34972465565903,1.395936765439751,dinuc,0.2898331424297763,0.3744704694483344
GCF_902729405.1:NZ_LR746496.1,3494774,3494863,0,-0.8666445937888391,0.0607040389252918,9.970001220703123,22.55651177477002,0.9529611567565794,dinuc,0.7522267561770442,0.812930795102336
GCF_902729405.1:NZ_LR746496.1,3685130,3685529,0,-1.09015930041745,0.0456504941482715,59.779998779296875,135.02402428389567,1.276210109393144,dinuc,0.3125627059588015,0.358213200107073
GCF_902729405.1:NZ_LR746496.1,3819564,3819909,0,-1.6098875644790986,-0.0203275094246262,47.52000427246094,72.91069882640403,0.8839875830405484,dinuc,0.4496422087764996,0.4293146993518734
GCF_902729405.1:NZ_LR746496.1,3909339,3909403,0,0.5467102848895692,0.0698222241213246,7.62999963760376,13.825473126305816,0.8686687272682785,dinuc,0.4601329520294203,0.5299551761507449
GCF_902729405.1:NZ_LR746496.1,3950044,3950375,0,0.3920261746718313,-0.0051132206658088,48.18000030517578,95.30165014002472,1.2503589578225986,dinuc,0.51855865592104,0.5134454352552311
GCF_902729405.1:NZ_LR746496.1,4007020,4007473,0,0.0774298259263673,0.0883179846301474,57.900001525878906,117.12067833322092,1.0684594507826537,dinuc,0.3551427232538496,0.4434607078839971
GCF_902729405.1:NZ_LR746496.1,4246861,4247289,0,-1.666259600124533,0.0176002878765882,54.51000213623047,80.39901987546249,0.7744547837129547,dinuc,0.4890423208823986,0.5066426087589868
GCF_902729405.1:NZ_LR746496.1,4494932,4495333,0,0.5805287677490567,0.0144514503518387,55.72999572753906,56.12546994831665,0.6234038619843542,dinuc,0.4068851217109336,0.4213365720627723
GCF_940677205.1:NZ_OW712331.1,322710,323128,0,-2.601613438080987,0.0693440163482306,50.540000915527344,51.61317949885655,0.5603742654522835,dinuc,0.3362430960085356,0.4055871123567663
GCF_940677205.1:NZ_OW712331.1,323239,323643,0,-2.918596586646578,0.0421841946295458,49.689998626708984,59.84540969063475,0.6515730522427315,dinuc,0.3282440592756561,0.3704282539052019
GCF_940677205.1:NZ_OW712331.1,1237844,1238229,0,0.572137805333661,0.0911931719029344,42.8900032043457,95.93899843578647,1.107062991382488,dinuc,0.395686817842184,0.4868799897451185
GCF_940677205.1:NZ_OW712331.1,1942137,1942522,0,0.5974094975601542,0.0911931719029344,42.8900032043457,95.93899843578647,1.107062991382488,dinuc,0.395686817842184,0.4868799897451185
GCF_965286225.1:NZ_OZ260804.1,1468901,1469229,0,-1.4078223064668596,0.0550005725757743,42.0,61.02989405080797,0.7689030331074894,dinuc,0.3302043760117248,0.3852049485874992
GCF_965286225.1:NZ_OZ260804.1,1673485,1673839,0,-1.254626164640739,0.0535448623948821,34.61000061035156,65.99567280754549,0.8788392650518935,dinuc,0.5390057074558,0.5925505698506821
GCF_965286225.1:NZ_OZ260804.1,2229898,2230299,0,-1.9169757511241288,0.0228107632847052,50.8800048828125,77.28324011472124,0.8339071093299077,dinuc,0.4167401766240602,0.4395509399087655
GCF_965286365.1:NZ_OZ260903.1,1001281,1001721,0,-1.688974803379411,0.0096597888857506,53.13999938964844,55.99064800327845,0.5900400271955437,dinuc,0.3153092468904083,0.324969035776159
GCF_965286365.1:NZ_OZ260903.1,2018542,2019023,0,-0.8275656063759763,0.0762039700157503,50.269996643066406,105.82857994264042,0.9792609915283188,dinuc,0.2318417951249969,0.3080457651407473
GCF_965286365.1:NZ_OZ260903.1,2987690,2988125,0,-0.700497750458465,0.0296580354470831,43.040000915527344,51.611213015177064,0.545259249783978,dinuc,0.4933590538626088,0.523017089309692
GG657906.1,177652,177217,1,-3.929067269691509,0.023724062537374,50.33000183105469,89.26296261066113,0.9273798679351366,dinuc,0.3536336463212475,0.3773577088586216
GG658170.1,1923291,1923596,1,-3.0414077952325655,0.0146720611605962,40.310001373291016,40.20619129649501,0.5575219808536621,dinuc,0.4367104996668033,0.4513825608273996
GG669994.1,187430,187014,1,-4.555609865916215,0.0197703400665663,46.29000473022461,91.94671776560833,0.9145947447625942,dinuc,0.445066367221771,0.4648367072883373
GG753567.1,1111770,1111333,1,0.4209108681032438,0.0262017208732371,46.32999801635742,116.93723275398412,1.1730597826967053,dinuc,0.4481596007940537,0.4743613216672909
GG753567.1,1467606,1467782,1,-1.2587403508812904,0.0278454062043568,21.84000015258789,38.46699534687401,0.9070943635159816,dinuc,0.5167095076672152,0.5445549138715721
GG753567.1,3478585,3478993,1,-2.5839963531723606,0.1014487972671169,50.22999572753906,61.631342065773,0.6944733912787495,dinuc,0.4821567029593361,0.5836055002264531
GL379591.1,31243,30819,1,-3.76134385249965,0.0913845872011797,43.42999649047851,67.19369821680067,0.7665285099759964,dinuc,0.7085477322461695,0.7999323194473492
GL379591.1,106777,106915,1,-0.60532703343256,0.1574358962457708,15.479999542236328,48.66215992706503,1.4859118616487683,dinuc,0.4463710593872507,0.6038069556330216
GL379669.1,2360,1895,1,-1.9322678930823585,0.0366317529508054,53.12000274658203,132.30956059066702,1.2395097194686135,dinuc,0.2976751819137982,0.3343069348646036
GL538181.1,53195,52810,1,-2.5178076141748,0.0947737540130529,40.37999725341797,61.797028381457935,0.7398701230691912,dinuc,0.4766201948983718,0.5713939489114248
GL622200.1,1425072,1424908,1,-3.7135484910383534,0.0674590751095604,18.38000106811523,30.063239574597215,0.8496621787926456,dinuc,0.4162648186065121,0.4837238937160725
GL636105.1,152854,152673,1,-0.1134982106410658,0.126308876519514,18.5,57.32756463132819,1.254931732609277,dinuc,0.4259584216636851,0.5522672981831992
GL636106.1,51956,52137,1,0.2801181179313642,0.0785304893030868,18.290000915527344,55.46255744456226,1.3398547081551189,dinuc,0.3647978972060509,0.4433283865091377
GL636583.1,65537,65848,1,-3.811283960788911,-0.0497048795145388,39.290000915527344,40.159801535725094,0.5391498760365057,dinuc,0.4307001105647831,0.3809952310502442
GL870929.1,1785608,1785233,1,-1.5687639984957324,0.0142149734864801,43.150001525878906,114.92876538898604,1.2415002127374704,dinuc,0.7200131640089036,0.7342281374953837
GL891959.1,304378,304007,1,-0.4951224388704247,0.1360687276423853,42.77000427246094,92.2981425805776,1.1016650334246654,dinuc,0.4744353244141118,0.6105040520564972
HE576794.1,1552450,1552801,1,-1.847614086796163,0.2242911186503577,46.769996643066406,90.57220620020398,1.0672164491997032,dinuc,0.4164225316065889,0.6407136502569466
HF972622.1,66809,66411,1,-0.3575500314704549,0.0102333108786176,50.469993591308594,79.5211448117506,0.8326216770641562,dinuc,0.563814933545442,0.5740482444240597
HF985266.1,109812,109442,1,0.19194314056438,-0.0610082892022316,36.59000396728515,95.49599938385656,1.1233942649488944,dinuc,0.4358376933789907,0.3748294041767591
HG427724.1,1945,1525,1,-1.2912398503752855,0.0876640723594622,46.86000061035156,67.76741704183901,0.7354441794577118,dinuc,0.4933552305638852,0.5810193029233475
HG427739.1,15350,15047,1,-1.259407510378395,0.1177239757977932,32.07999801635742,44.18001439392065,0.6499096037155002,dinuc,0.3087300637976132,0.4264540395954064
JAAGSC010000040.1,317023,317416,1,-1.0438929668338497,0.0509816839518592,48.36000061035156,107.2569407568977,1.1828133268314804,dinuc,0.4466467481486169,0.4976284321004761
JAAIVB010000055.1,135364,135741,1,-4.1924084150970184,0.0330530850689902,52.06999969482422,34.12450329082304,0.3896379099725003,dinuc,0.4675584766600034,0.5006115617289937
JAAIWM010000002.1,862801,862421,1,-4.562630968416258,0.0435017427031104,40.849998474121094,82.90389678130978,0.9611995338752682,dinuc,0.4384431660296676,0.481944908732778
JAALGD010000011.1,38756,39151,1,-1.4002542774087652,0.0064433134370509,48.019996643066406,92.8693657159535,1.0818100111514912,dinuc,0.5140369526131768,0.5204802660502278
JAAONZ010000010.1,160953,160533,1,-2.3609121213288295,0.001847474754732,53.12999725341797,73.23547007546263,0.715705760780178,dinuc,0.2268538119296732,0.2287012866844052
JAAXPN010000002.1,93358,93759,1,-5.293467097184603,0.1104252422444861,50.16999816894531,86.81056919480547,0.9496688323668636,dinuc,0.2114944716993385,0.3219197139438247
JAAXYH010000002.1,464601,465044,1,-3.626539288025515,0.0448228625640517,51.37999725341797,101.37463910846584,0.9705129948112232,dinuc,0.1891416459924111,0.2339645085564629
JABAIH010000009.1,28799,28695,1,1.0866890900589283,0.0425470798490985,11.199999809265137,28.701080236893823,1.102115695474645,dinuc,0.438175451028222,0.4807225308773205
JABAIH010000009.1,38140,38233,1,-1.9172584980326823,0.0616799038432722,14.950000762939451,26.89482232269064,0.919626985933238,dinuc,0.2919874017464872,0.3536673055897595
JABAIK010000003.1,92190,92605,1,-0.9638584485081388,0.0374412316900543,47.099998474121094,122.75311323139864,1.332097988236753,dinuc,0.2888866734468463,0.3263279051369007
JABAIK010000023.1,44781,44355,1,-3.7400058827021985,0.0407386802075879,50.16999816894531,102.79686472397908,1.061946363388156,dinuc,0.3155488286977342,0.3562875089053222
JABAIM010000001.1,1366278,1365863,1,-2.537850550278143,0.0412376749555937,54.709999084472656,75.16883608349018,0.8022423605439972,dinuc,0.3226111116058116,0.3638487865614053
JABBHL010000001.1,1126349,1126263,1,-0.926232215288532,0.0523389292324305,11.81999969482422,10.877823250717508,0.5053128362026544,dinuc,0.2466000178366458,0.2989389470690763
JABEQK010000016.1,31952,31866,1,-0.4880998305872043,0.0161461862335012,9.840001106262209,15.40930781212506,0.8379784728688662,dinuc,0.298111395261432,0.3142575814949332
JABTTE010000019.1,7036,7473,1,-2.3165825503690094,0.149051275567482,47.54999923706055,117.31187278265315,1.198817494169142,dinuc,0.4500621282216857,0.5991134037891678
JABXHM010000023.1,53725,53313,1,-0.4086354257058629,0.0892099216676005,44.8699951171875,91.51185322574604,0.9356577171548288,dinuc,0.2931553537728211,0.3823652754404216
JABXSS010000001.1,1280008,1280435,1,-1.6829104223366158,0.0658296323584644,49.750003814697266,66.68191126716935,0.7155690430761931,dinuc,0.6044026416351305,0.6702322739935949
JABXSS010000001.1,1304215,1304601,1,-0.862131455898311,0.1322930525346006,44.68000030517578,85.58457525418484,0.9512795589852928,dinuc,0.4692403284649111,0.6015333809995117
JABZEC010000005.1,10735,11122,1,-2.4433221849780473,0.045967273297811,48.51000213623047,114.890870377319,1.2127053798223824,dinuc,0.2495344936806261,0.2955017669784371
JACAOA010000032.1,8133,8504,1,-3.5929564436193413,0.0623555274048872,44.15999984741211,54.81203545714635,0.6137861124761294,dinuc,0.4724268982864377,0.534782425691325
JACCKB010000046.1,15552,16002,1,-3.456257045287265,0.0322281016916969,55.480003356933594,115.17795192857764,1.0121856041623802,dinuc,0.1420116656323129,0.1742397673240099
JACDXJ010000002.1,128062,127969,1,-2.906626083629591,0.0354173975362719,13.680002212524414,8.377232594661155,0.4123512346788953,dinuc,0.3130172825372008,0.3484346800734727
JACEIB010000006.1,411958,411852,1,-0.5474207075208153,0.0500169030085698,13.939998626708984,7.998378185239726,0.3759511805343489,dinuc,0.310066720571055,0.3600836235796248
JACEIQ010000003.1,50386,50003,1,-2.241517092193502,0.0383489261828778,40.93000030517578,84.06434906554058,0.9778365938656588,dinuc,0.2819111247388796,0.3202600509217575
JACEMT010000043.1,155410,155000,1,-3.913546128973124,0.0111268033217747,53.87000274658203,91.97666149742383,1.0013186890451202,dinuc,0.4282682478376856,0.4393950511594603
JACGXS010000006.1,102869,102449,1,-4.318191238750616,0.0282774554377233,60.83000183105469,61.15312835960593,0.5629427973711453,dinuc,0.5099492114354242,0.5382266668731475
JACHEU010000001.1,97410,97495,1,-2.3999778068107456,0.0788799422693096,14.170000076293944,16.577944362970726,0.6205760969440606,dinuc,0.2699799732521827,0.3488599155214924
JACHGB010000002.1,157569,157186,1,-2.4427501422167572,0.0408754294009895,51.14000701904297,70.15009803703762,0.732725517557463,dinuc,0.1719648417422652,0.2128402711432547
JACHHI010000001.1,138335,138702,1,-1.8423593216232752,0.0664639025368839,43.66999816894531,81.17326514936481,1.0235204189426366,dinuc,0.5046526020855181,0.571116504622402
JACHHQ010000001.1,273809,274222,1,-3.5233453423212016,0.0506356026770541,54.030006408691406,75.1640557874912,0.7993871426387291,dinuc,0.2585853493912282,0.3092209520682824
JACHHT010000004.1,172605,173052,1,-2.267878259350386,0.127798720392591,57.00999450683594,93.66891059751546,0.8774728714823451,dinuc,0.3724457717602263,0.5002444921528173
JACHHU010000013.1,23789,24180,1,-4.298159941639204,0.1341276364573486,45.16999816894531,46.49420889908273,0.5790347723132044,dinuc,0.3156177421244553,0.4497453785818039
JACHHV010000002.1,88767,88416,1,-0.885796029960382,0.2060833158730958,37.519996643066406,96.93210212094652,1.2518052082589357,dinuc,0.5499001097666343,0.7559834256397301
JACHHY010000002.1,218422,218010,1,-2.3923531934248294,0.1296170028587125,56.540000915527344,76.86921286984354,0.7847792105265965,dinuc,0.4182503521992157,0.5478673550579283
JACHXI010000013.1,54593,54710,1,-3.0624366507501053,-0.0030318321518946,17.889999389648438,11.177357515881914,0.4681122263250972,dinuc,0.4238399910988782,0.4208081589469836
JACHXI010000014.1,5879,5812,1,-2.220660302208413,0.0014278020459614,8.420000076293945,4.235249437357745,0.2718771749977814,dinuc,0.4370565426891632,0.4384843447351246
JACHYH010000002.1,361629,361212,1,-2.321491913910056,0.0417193721391264,50.350006103515625,88.924907758328,0.8801880563690885,dinuc,0.3472029013583959,0.3889222734975223
JACJVR010000081.1,14180,14626,1,-3.8131139373323233,0.1160079243958925,59.40999603271485,94.02699616471004,0.8778904236030727,dinuc,0.4105129002380805,0.5265208246339731
JACMOS010000269.1,3201,2803,1,-3.1991841950990354,0.0232801875102539,53.730003356933594,83.61220321504908,0.8914425574507516,dinuc,0.5380085111168081,0.5612886986270621
JACNEP010000002.1,380602,381009,1,-4.342258284804747,0.0382276538396411,50.029998779296875,41.94288162565016,0.5004264262472176,dinuc,0.3141343262990391,0.3523619801386802
JACOGI010000001.1,1943651,1944072,1,-6.6174378765222315,0.0966157821608634,56.589996337890625,60.23030333220557,0.6476981483227223,dinuc,0.3952624671447733,0.4918782493056368
JACOPQ010000003.1,158169,158537,1,-5.731482608926265,0.0648270337051576,53.24000549316406,40.61495199075058,0.4750820952118707,dinuc,0.4025552504493347,0.4673822841544924
JACRSQ010000040.1,21959,22366,1,-5.577002607872711,0.1539166864206047,58.81000518798828,79.31087472436336,0.8556354160621678,dinuc,0.5722851896033144,0.7262018760239192
JACRSS010000001.1,129764,130241,1,-4.903741766596203,0.0558451633645055,59.779991149902344,119.7672104179154,1.148605889913891,dinuc,0.4895548017315378,0.5453999650960434
JACRTC010000005.1,130279,129808,1,-3.699339518604433,0.0792216265760114,53.05000305175781,106.7781047398265,0.9970608457993412,dinuc,0.4598053897469605,0.539027016322972
JACXIZ010000018.1,704,321,1,-4.47258809555503,0.0416661266035132,48.519996643066406,94.81836517115944,1.0627397269891954,dinuc,0.3598721366958848,0.401538263299398
JACYHA010000002.1,284511,284188,1,-2.2709663764002315,0.0618598477405099,29.080001831054688,69.34210259928534,1.021481214629621,dinuc,0.6801705600449031,0.742030407785413
JADBEL010000001.1,51124,51577,1,-3.354086635781675,0.1297143030381609,56.34000396728515,63.49609762467284,0.6370907485434678,dinuc,0.3620529430631621,0.4917672461013231
JADEYS010000004.1,98465,98064,1,-0.7730077461884914,0.0307614188777764,51.54999923706055,91.0860891195641,1.0194317459850375,dinuc,0.4041982033108317,0.4349596221886082
JADFUA010000002.1,353117,352716,1,-2.2123198312780565,0.0064013869896925,52.30999755859375,104.36779397296094,1.0246582044255816,dinuc,0.4440779821550625,0.450479369144755
JAEMNX010000012.1,193,671,1,-4.810529647400786,0.0815136672600638,58.45000457763672,61.78425119339012,0.5654639183839598,dinuc,0.4322419367075959,0.5137556039676597
JAEPBH010000003.1,79890,79470,1,-1.3581642739050737,-0.1127073086313775,50.72999954223633,67.43768020777384,0.7235352662833813,dinuc,0.6343061276182004,0.5215988189868228
JAERJD010000008.1,130047,130490,1,-2.246333695701324,0.0003872688379022,55.23999786376953,78.45221529089646,0.7593513981203142,dinuc,0.2863861521667278,0.2867734210046301
JAFIBU010000001.1,3141252,3140853,1,-3.5890744450501293,0.0411156475982256,42.77000045776367,84.35555015046458,0.9426698798053276,dinuc,0.2416876760910123,0.282803323689238
JAFKCV010000003.1,451037,451475,1,-2.7105208403918457,0.0229627458106344,49.900001525878906,102.31932106117672,1.0132185491108907,dinuc,0.1754971341912238,0.1984598800018582
JAFKCV010000015.1,86341,85886,1,-2.043376603071774,0.0327418123797439,53.93000030517578,130.99675078929843,1.1915311037111822,dinuc,0.4211618242684464,0.4539036366481904
JAFNJE010000012.1,95150,95576,1,-2.979180386461024,-0.0769367763431589,48.84000015258789,86.50703748680607,0.883064463221465,dinuc,0.5615265504023463,0.4845897740591874
JAGHKQ010000001.1,94896,95250,1,-1.19335476523052,0.1825707407106032,42.220001220703125,81.80378098150435,1.0203091964552522,dinuc,0.2862556877525588,0.4688264284631619
JAGHKQ010000011.1,58383,58010,1,-2.440463849834339,0.069534514930886,36.56999969482422,53.02347331167456,0.6643647030169819,dinuc,0.5089905629204342,0.5785250778513202
JAGIAG010000011.1,58069,57977,1,-0.3111479143404987,0.0022939982358646,10.39000129699707,14.77267492259095,0.6196232054876866,dinuc,0.4259949468916041,0.4282889451274688
JAGIYQ010000010.1,31262,31638,1,-3.268137264077734,0.0452947722071515,43.900001525878906,74.27410047760424,0.8773598425147945,dinuc,0.5034992299652495,0.548794002172401
JAGKSQ010000001.1,538086,537633,1,-2.456499908851488,0.0984626315665264,45.6199951171875,133.1348939754022,1.3110697945168368,dinuc,0.3365143674537339,0.4349769990202603
JAGKTC010000003.1,453847,453431,1,-1.895741422095513,0.1156962153967658,62.599998474121094,96.71385409928382,1.0219411398738596,dinuc,0.1919520832667219,0.3076482986634878
JAGSPN010000011.1,119392,119019,1,-2.559106135469926,0.0279430697879254,43.480003356933594,94.83215542692108,1.0705591239132215,dinuc,0.2401857405792693,0.2681288103671948
JAGWCR010000024.1,2933,2819,1,-0.203831347916978,0.0157402855150208,14.370000839233398,11.313117128195346,0.3987506754393039,dinuc,0.4494598375548643,0.4652001230698852
JAGXQV010000035.1,3926,3520,1,-2.6010288633066474,0.0391501354466289,51.41999816894531,113.5416328014917,1.1045224528586537,dinuc,0.2077695209333986,0.2469196563800275
JAGXTI010000037.1,71273,70874,1,-2.9558470091390316,-0.0015899538378637,59.019996643066406,51.15551305311335,0.5228559402918654,dinuc,0.5032199403113095,0.5016299864734457
JAGXTL010000060.1,15015,14690,1,-1.1452416516597377,0.0454698383345488,27.349998474121097,52.67407863961357,0.7879958188595142,dinuc,0.6038575015560735,0.6493273398906224
JAGYPI010000001.1,1527357,1527717,1,-4.217847952396798,0.0732074575498024,42.0,79.42673529801966,0.9896789557473804,dinuc,0.4413759050260868,0.5145833625758892
JAIULA010000014.1,16798,16409,1,-2.1205169846928196,0.0562085924203538,39.68000030517578,85.47603314836242,1.0232015144514257,dinuc,0.2588083850168018,0.3150169774371557
JAJNNZ010000005.1,96288,96729,1,-2.552533845918191,-0.0186587619702353,51.980003356933594,113.0415954300343,1.0981683541021574,dinuc,0.3132597441042742,0.2946009821340389
JAJNNZ010000014.1,32359,32780,1,-0.8844640873053711,0.0724562960612339,46.22999954223633,138.48187518727872,1.4214976957558536,dinuc,0.4990835636847549,0.5715398597459889
JAKRRX010000046.1,5531,5962,1,-4.970840174398096,0.1917631260536185,48.709999084472656,89.0402559382143,0.9135246594829192,dinuc,0.381580328142196,0.5733434541958146
JAKRRX010000171.1,1296,856,1,-1.044687780122359,0.1553417442376914,52.98999786376953,112.21946726317375,1.139515047666503,dinuc,0.3004417358299219,0.4557834800676134
JALPRX010000089.1,3073,3145,1,-3.1546474247865,0.0308742218831676,12.370000839233398,2.1539084294051474,0.1570315025323014,dinuc,0.287641714320955,0.3185159362041226
JALPRX010000089.1,7109,7198,1,-2.692769301123377,0.0466855432265874,16.270000457763672,5.310538309097673,0.2267082849851562,dinuc,0.2602534441149585,0.306938987341546
JAMOIM010000005.1,172611,172518,1,-0.7797707884495617,0.0385325376615093,10.4399995803833,24.52968395520267,0.9967088280672832,dinuc,0.3588298449204515,0.3973623825819608
JANATA010000023.1,15461,15088,1,-4.297022901600335,0.0891871493055881,41.29999923706055,57.31438706078257,0.6942108448540714,dinuc,0.5361597402246535,0.6253468895302416
JANCLT010000001.1,664983,664598,1,-1.669558072562857,0.0620576939779257,41.12000274658203,101.73527172069382,1.1892422212772868,dinuc,0.3906709798453547,0.4527286738232805
JANCLT010000004.1,188795,188383,1,-1.4354443860334194,0.2750699412178312,45.46999740600586,62.135832050697026,0.6831747293194399,dinuc,0.2503933486085537,0.5254632898263849
JANCLT010000005.1,205773,206168,1,-4.056012202027497,0.2465359187097417,51.839996337890625,61.864726141356414,0.7339020903817809,dinuc,0.5314783902400112,0.778014308949753
JANFAV010000002.1,5516,5617,1,-2.694823525897875,0.0338059091633526,16.729999542236328,15.48651004550508,0.6031866053455976,dinuc,0.4104336078090329,0.4442395169723856
JAOBYS010000013.1,38181,38063,1,-1.3488323411614465,0.0218316584093419,17.039997100830078,37.48418852502056,1.1882590332467935,dinuc,0.352284459127031,0.374116117536373
JAODNV010000013.1,81331,81426,1,-3.058023629871738,0.0108238335656556,16.3799991607666,12.15468339233797,0.5243483780599699,dinuc,0.2763101291455969,0.2871339627112525
JAOSHN010000006.1,73231,72836,1,-1.5723880285908105,0.0424114801521519,38.26000213623047,81.47272604428998,0.997981539776182,dinuc,0.3693334817529153,0.4117449619050672
JAOUCS010000046.1,15732,16125,1,-1.9378810803490552,0.0771464435159868,53.58000183105469,89.25291847846638,1.018980335741044,dinuc,0.387164427239162,0.4643108707551489
JAOUCS010000131.1,1567,1194,1,-2.1961432314988003,0.0112651953654155,45.480003356933594,82.97420538437663,0.9708680286629884,dinuc,0.5874125786047534,0.598677773970169
JAPDIA010000003.1,977058,977520,1,-6.5651995033259425,0.0270693224338826,64.28999328613281,77.43787631679643,0.7529467787636739,dinuc,0.1712889744455698,0.1983582968794525
JAPNOA010000059.1,354140,353698,1,-1.3562623080676115,0.039627301744274,53.80000305175781,140.0060043066203,1.4130325852493528,dinuc,0.3969612670554966,0.4365885687997707
JAPNUT010000055.1,1398,1747,1,-0.5158265729311989,0.0681086069717858,48.19999694824219,93.49559274912252,1.0819605243659316,dinuc,0.2180521459434478,0.2861607529152336
JAPTGG010000001.1,258248,257814,1,-1.0120006323231,0.01857980849425,48.06999969482422,123.96442177231287,1.229143309232485,dinuc,0.326105688355259,0.344685496849509
JAPTGG010000001.1,397333,396942,1,-3.5679416249998086,0.0684048335876314,42.5,65.7750385973201,0.746506788559913,dinuc,0.3971114315163179,0.4655162651039493
JAPTGG010000002.1,39701,39294,1,-1.8751258136902595,0.0569251384631559,49.32999801635742,78.50629576175429,0.818934130892867,dinuc,0.3715597750629807,0.4284849135261367
JAQV02000013.1,67428,67758,1,-3.370757591223557,0.1587693357646427,38.400001525878906,52.074990584488525,0.6873567815424869,dinuc,0.368024982671139,0.5267943184357817
JAQV02000017.1,61590,61163,1,-2.681157887090474,0.0444367099989759,45.76000213623047,64.36863799115447,0.6981169597204833,dinuc,0.3353797608413745,0.3798164708403504
JAQV02000033.1,1967,2370,1,-4.322362153050822,0.1482444402949831,50.02000045776367,52.15541718533082,0.5848124742115733,dinuc,0.3959290344157763,0.5441734747107595
JARXWR010000057.1,563,172,1,-1.9677745939461249,0.1550534084138879,38.540000915527344,93.34945834502554,1.0993316706513097,dinuc,0.3307061940754442,0.4857596024893321
JAUNQW010000015.1,11005,10624,1,-3.166356795230219,0.078554626491035,36.43000030517578,74.24117404973362,0.9064065714436008,dinuc,0.5804042825201773,0.6589589090112123
JH109152.1,1753069,1753438,1,-3.502079534264258,0.1601828498003045,48.76000213623047,52.543728376461296,0.6772074987395807,dinuc,0.3165653076476938,0.4767481574479984
JH414908.1,4162,3735,1,-2.4093981834830624,0.1444443384636984,50.279998779296875,65.67582507032019,0.6582865754604508,dinuc,0.3768775745808781,0.5213219130445765
JJMI01000010.1,54584,54165,1,-1.2626346379162798,0.0382283157967695,46.0,80.22620525854587,0.8508892731207225,dinuc,0.4971020351083987,0.5353303509051682
JMCG01000001.1,1647908,1648332,1,-2.785575598191802,0.079463141637959,46.560001373291016,119.85880678722584,1.273792965940932,dinuc,0.3272126771328889,0.406675818770848
JMCG01000001.1,2086321,2086738,1,-0.7489683444881605,0.1131765448097366,45.93000030517578,102.09353500103842,1.1093923184482564,dinuc,0.1828433096890532,0.2960198544987898
JMCG01000001.1,2332394,2332026,1,-2.8780427805313296,0.0427830193584432,42.869998931884766,63.61810983862448,0.7576724733907395,dinuc,0.2182911491909636,0.2610741685494069
JMIR01000004.1,119807,120141,1,-1.3328840749203112,0.1552818594360948,43.62999725341797,86.27285635117646,1.0959819274271438,dinuc,0.3241546195785649,0.4794364790146597
JMIW01000001.1,3298,3402,1,-3.8681127783761657,0.0344826601811961,16.630001068115234,3.3757875154444523,0.1490955422957827,dinuc,0.3287227778073185,0.3632054379885147
JMPI01000023.1,40684,41172,1,-3.0537408591106177,0.0888783425342688,58.269996643066406,95.30728357113594,0.8132164609673341,dinuc,0.2651250090719377,0.3540033516062066
JMPI01000069.1,2633,2206,1,-3.2446163720779473,0.0481311639263284,55.160003662109375,58.37642996097984,0.562181486312533,dinuc,0.2485245095483761,0.2966556734747045
JMPJ01000053.1,247676,247314,1,-0.198607944256712,0.0303189394536895,40.369998931884766,77.70219726648195,0.931845034974832,dinuc,0.5797118754493392,0.6100308149030288
JMSP01000100.1,124,412,1,-2.108323850686368,0.0459737836020436,30.20000457763672,45.99515423175927,0.6962319423892221,dinuc,0.434553187341048,0.4805269709430916
JMSP01000346.1,3115,2676,1,-3.1607225480169694,0.073366208760874,51.16999816894531,91.98791608514588,0.90141689500984,dinuc,0.2885910992020006,0.3619573079628747
JNGI01000016.1,14422,14860,1,-2.590038071503495,0.0484308459862855,53.88999938964844,108.97557841263436,0.9876389223648352,dinuc,0.3109186933107902,0.3593495392970757
JNGI01000184.1,68192,68602,1,-1.8936754525845505,0.0156784811400845,47.599998474121094,72.76223325601072,0.7909338831732482,dinuc,0.3409534602996321,0.3566319414397166
JNVC02000001.1,437096,437513,1,-3.0335532831148,0.3827011394826335,51.44000244140625,61.571861962842775,0.6940794440406037,dinuc,0.3507549717915126,0.7334561112741462
JNVC02000001.1,660093,660464,1,-4.826358598515968,0.0166521656039201,47.84000015258789,67.23789158924167,0.7902998383928841,dinuc,0.1543501694180311,0.1710023350219512
JNVC02000004.1,158812,159250,1,-4.208180967270551,0.0590266089383466,54.55999755859375,61.442337782749455,0.6523907751034684,dinuc,0.5480952735299333,0.6071218824682799
JOJP01000001.1,3534477,3534040,1,-3.619742998294499,0.0456985001956768,48.959999084472656,78.17210627168947,0.8305425128169673,dinuc,0.7958014045232432,0.8414999047189201
JOJP01000001.1,5096485,5096889,1,-3.8897857838908094,0.0490933344351626,53.769996643066406,75.51172322180355,0.7844229807407374,dinuc,0.4783306747189239,0.5274240091540866
JOTN01000003.1,234270,233906,1,-2.430223292894388,0.0258597109713844,33.56999969482422,81.04965939908405,1.039841487805263,dinuc,0.2083156396808193,0.2341753506522037
JOTN01000016.1,30210,29846,1,-3.7370417941199063,0.0070390990156545,38.2599983215332,75.2993470485337,0.9398932099200338,dinuc,0.790512302141708,0.7975514011573626
JPEO01000001.1,481920,481512,1,-3.1736994528088003,0.1131893088369142,45.0,94.16230310566031,1.017135214768456,dinuc,0.4011927887430667,0.514382097579981
JPEO01000015.1,71304,71728,1,-1.8671711635468031,0.0090345366136903,45.410003662109375,106.8566809433919,1.1175297550353491,dinuc,0.2030731329696323,0.2121076695833226
JPER01000003.1,127157,127581,1,-4.394648113004245,0.0703737298225412,51.279998779296875,42.318336318386166,0.4765181923625808,dinuc,0.403994435672213,0.4743681654947542
JPKG01000067.1,27698,27588,1,0.1630819590949441,0.0456610576622891,15.600000381469728,10.441554011379308,0.422373919731099,dinuc,0.3748330028724296,0.4204940605347188
JPKR02000004.1,870135,870277,1,-1.5050603472251334,0.098733867106946,15.180002212524414,23.58203497446213,0.7398876307535867,dinuc,0.4687644546509157,0.5674983217578617
JQAZ01000001.1,193152,193475,1,-4.407118869327028,0.0781404636881278,44.119998931884766,23.473309114841683,0.3429908112490616,dinuc,0.1743000737335528,0.2524405374216807
JQCN01000050.1,2834,3214,1,-2.139800805802809,0.0774725295439993,43.21999740600586,64.43876973569334,0.7906109227960204,dinuc,0.493291909237021,0.5707644387810203
JQCQ01000024.1,1836,1432,1,-2.3991783794437227,0.1747396997855524,40.56999969482422,93.36426248077782,0.9947006160480114,dinuc,0.4054491699322034,0.5801888697177559
JRXE01000015.1,21034,20562,1,-3.5801948839294098,0.0993985602571082,60.68000793457031,86.84590186612616,0.7439603978358805,dinuc,0.2442312927870315,0.3436298530441398
JRXE01000021.1,45660,46146,1,-2.866261886064008,0.0586914489577255,63.06999206542969,111.64238644717352,0.8857569411008621,dinuc,0.417127895512377,0.4758193444701025
JTAK01000003.1,145326,145217,1,-3.90772544538114,0.0364277263305945,15.06999969482422,16.179906342245545,0.6234788780808024,dinuc,0.5132009068898076,0.5496286332204021
JTFC01000010.1,43976,43658,1,-1.0554475829510994,0.0609236878726902,35.150001525878906,88.26987351714021,1.2855253782263505,dinuc,0.5282668480717813,0.5891905359444715
JTFC01000031.1,7703,7378,1,-3.2125295195051735,-0.0091958457958735,34.64999771118164,59.327131347815666,0.8664788253001813,dinuc,0.5074482995881063,0.4982524537922327
JTFC01000031.1,58291,58671,1,-3.054435474720436,0.0127052669479401,43.3599967956543,79.70523670936906,1.0168696347746546,dinuc,0.160986673281777,0.1736919402297171
JTKH01000024.1,365451,365850,1,-1.754277988735033,0.0311817300277787,47.060001373291016,90.0212848733194,0.9911752286842668,dinuc,0.338366091763979,0.3695478217917578
JWIR02000031.1,13474,13922,1,-3.5500183629864734,0.0753662293388421,54.149993896484375,59.424001668131496,0.5821549054568419,dinuc,0.532455113628656,0.6078213429674982
JWJG01000028.1,2234167,2233710,1,-1.341282425191341,0.0139799095726315,49.53000259399414,108.14617103878057,1.0911869274489256,dinuc,0.5092667333165607,0.5232466428891922
JWYV01000005.1,102921,103362,1,-3.642423837696171,0.0142945329549631,55.63999938964844,86.66299022030023,0.8532250684284456,dinuc,0.127741016285987,0.1420355492409501
JWYV01000012.1,13520,13945,1,-2.544777354618264,0.0891906473957371,55.62000274658203,91.9973149231876,0.9377253377016956,dinuc,0.3768344176219218,0.4660250650176589
JWYV01000026.1,26502,26893,1,-4.471566109594052,0.1787118214244167,53.13999938964844,50.01821772338315,0.5357173378359925,dinuc,0.5616940212178888,0.7404058426423056
JXCY01000007.1,203903,204274,1,-3.4300809556062473,0.0070227583340395,44.11000061035156,98.5349976696973,1.0804600985114508,dinuc,0.158176271228148,0.1651990295621876
JXIQ01000038.1,38943,38510,1,-1.952473377128252,0.0947688549721647,43.250003814697266,127.14183201351692,1.380379010102324,dinuc,0.3174984428384266,0.4122672978105913
JXIQ01000065.1,19636,20094,1,-2.4969083441226307,0.0939331448272587,54.6300048828125,100.47382098063852,0.919839353825656,dinuc,0.1655264901766103,0.2594596350038691
JXKH01000009.1,42879,42540,1,-3.776140792068633,0.0313082676423182,38.519996643066406,47.703621707887024,0.6086421082700808,dinuc,0.4321308609423758,0.463439128584694
JXNU01000003.1,2592036,2591580,1,-1.7494747851274788,0.1202991835347849,53.41999816894531,95.49133599513677,0.902688006494239,dinuc,0.4308926686573373,0.5511918521921222
JXQD01000018.1,409592,409168,1,-3.0404975327231267,0.0179287759632763,49.29999923706055,88.87621147808511,0.8932308141357455,dinuc,0.2594147501208257,0.2773435260841021
JXRP01000009.1,332881,333189,1,-3.59628953768544,0.0113194488346994,36.7400016784668,81.43252681964013,1.1688608576838395,dinuc,0.1812315061434151,0.1925509549781145
JXSS01000076.1,8620,8179,1,-2.4017024354409098,0.0329412769208619,64.22000122070312,72.55600838279364,0.6776422524824254,dinuc,0.1308363827200312,0.1637776596408932
JXSY01000018.1,294216,294639,1,-3.2145979135828906,0.0869849891450928,53.83000183105469,63.013356885567376,0.6744582531799055,dinuc,0.340191867136514,0.4271768562816068
JXXV01000028.1,234155,233705,1,-2.358175807783512,0.175480168284175,53.999996185302734,87.38033221553273,0.8559551227440009,dinuc,0.2781813572312581,0.4536615255154331
JXXZ01000006.1,113423,112988,1,-0.0715510556881577,0.0445942483347331,49.45000076293945,118.4664827660564,1.1442886752923542,dinuc,0.418697038093323,0.4632912864280561
JXYA01000001.1,186233,186643,1,-1.650892125082403,0.0345297147678804,44.8900032043457,76.72259923381024,0.7879852120635373,dinuc,0.1843589762534871,0.2188886910213676
JXYA01000056.1,23631,23265,1,-2.2250667813264884,0.0709701616314871,41.97999572753906,79.3013726968079,1.019480341847162,dinuc,0.5443431742224127,0.6153133358538999
JYFT01000060.1,63194,63079,1,-4.0643278621548315,0.095873207765656,19.330001831054688,6.649547930331012,0.2904301346622099,dinuc,0.4005131109469767,0.4963863187126328
KB375284.1,651097,651002,1,-1.0885366238512746,0.0170443399399836,11.300000190734863,15.027630867208982,0.6119109534355581,dinuc,0.4004618353629206,0.4175061753029043
KB944507.1,363314,363173,1,-0.6612796643090932,0.0783023931217002,17.639999389648438,27.52768359058347,0.8113511354502072,dinuc,0.4303461393151981,0.5086485324368983
KB944507.1,1728059,1728145,1,-1.4648433370860343,0.0713238261593708,8.739999771118164,16.67246627438646,0.8368345857211342,dinuc,0.2391257809950305,0.3104496071544014
KB944511.1,108221,108634,1,-5.9617969396804975,0.1255121669715329,56.53999328613281,31.945333935277787,0.3411309462528017,dinuc,0.2612872284703817,0.3867993954419146
KB944511.1,1376594,1376166,1,-4.880961503606651,0.0079488228496873,54.589996337890625,68.09806022805714,0.6215007577344885,dinuc,0.2514511530153462,0.2593999758650336
KB946294.1,245737,245346,1,-0.462996718530469,0.0811656060900066,41.160003662109375,88.28716803252567,0.9652251817020367,dinuc,0.5828701725261699,0.6640357786161766
KB946294.1,603501,603067,1,-2.462183285104444,0.0930886059883476,50.42000198364258,99.3612518627088,0.9406574352235112,dinuc,0.3536610137726431,0.4467496197609907
KB946309.1,1387267,1387649,1,-2.9834244560517007,0.0409828454015253,43.769996643066406,92.75978338598188,1.062033564487371,dinuc,0.3690915435171156,0.4100743889186409
KI391971.1,445251,445613,1,-2.813122745353355,0.0834511292104395,44.31999588012695,61.937261290059745,0.7645615958085827,dinuc,0.3056688633743804,0.38911999258482
KI517367.1,510939,510873,1,-4.096215755734131,0.0268743181939607,9.079999923706056,4.83713654470744,0.2875069030209823,dinuc,0.2693371233954884,0.2962114415894492
KI517367.1,772013,771903,1,-1.5843360075654822,0.0182356985318685,15.30000114440918,30.12987766992049,0.9902660215472436,dinuc,0.5483648008124716,0.5666004993443402
KI535340.1,1318417,1318058,1,-3.075352093463433,0.063610677858745,39.38999557495117,69.38179051111257,0.8289728120512008,dinuc,0.4979760253533921,0.5615867032121371
KI629785.1,66325,65926,1,-3.0509802332328313,0.2033990998805298,43.150001525878906,94.25174938998408,1.0520345535838738,dinuc,0.3675626682946162,0.5709617681751461
KI635562.1,325095,324694,1,-3.195105205825274,0.0304964577785979,50.95000457763672,91.14728262522276,0.9008315021706922,dinuc,0.4639921889309332,0.4944886467095311
KK036986.1,4165064,4165494,1,-0.991967456692764,0.0313582796875929,50.810001373291016,65.70853500177431,0.6837014477179019,dinuc,0.5369730154385137,0.5683312951261067
KK073875.1,3779571,3779894,1,-0.9795591122751668,0.0069815202984175,37.52000045776367,73.2407136192046,0.9903468881319936,dinuc,0.2363321298894384,0.2433136501878559
KQ130488.1,61997,62417,1,-3.669093678388279,0.0182650326749804,48.0099983215332,97.36048990364948,0.974759290250898,dinuc,0.1723157716274058,0.1905808043023863
KQ758462.1,62995,62634,1,-3.78538224871156,0.1225582488969572,49.28999328613281,54.56752644615822,0.6660429284598641,dinuc,0.2861745001130239,0.4087327490099811
KQ758640.1,22773,23143,1,-1.3481880161782074,0.1130637538092182,43.119998931884766,99.51439572914148,1.1435253189236236,dinuc,0.4936214091946712,0.6066851630038895
KZ319369.1,375178,374763,1,-2.7699051362111975,0.0668126747431682,50.03000259399414,65.08693969321965,0.7302533925689947,dinuc,0.5258372831549096,0.5926499578980778
KZ478068.1,8490,8872,1,0.0349521747678361,0.0574257425023285,43.79999923706055,89.89254687078986,1.0319787881176563,dinuc,0.3542688582726828,0.4116946007750113
LAHP01000001.1,237067,237506,1,-2.8804924666038,0.033088039269839,53.230003356933594,88.41995177489018,0.8556896219221977,dinuc,0.4373522182933874,0.4704402575632264
LAQR01000045.1,162080,162243,1,-1.9535262306602643,0.1577759318573177,18.42999839782715,39.64017627134817,0.984714708603669,dinuc,0.4454203508541903,0.603196282711508
LAQR01000048.1,168450,168080,1,-1.994000961920373,0.0519257414453901,42.96000289916992,80.7063443133902,0.9635626403146594,dinuc,0.4843654938298961,0.5362912352752863
LAQT01000002.1,305130,305519,1,-1.9351236579995843,0.009209963472071,54.89000701904297,86.04230701797471,0.932163911915349,dinuc,0.4683584924818795,0.4775684559539505
LAQT01000036.1,7243,6820,1,-1.8150717597550428,0.0204581624442079,53.79999542236328,79.43627406367405,0.8193742842590767,dinuc,0.4898605845246192,0.5103187469688272
LAYY01000007.1,39365,39775,1,-2.1309012506224643,0.1624862423442054,49.19999694824219,139.90598845711858,1.4379948815522108,dinuc,0.4057768479962545,0.56826309034046
LAZH01000016.1,32655,33065,1,-4.111611073694492,0.0918431209701741,48.48999786376953,67.36309054869596,0.7766459225965793,dinuc,0.3949009119062467,0.4867440328764209
LCYG01000016.1,201104,201197,1,-4.945895124525498,0.0443789387700852,15.750001907348633,14.012566726868814,0.5069090846749771,dinuc,0.3090175502406923,0.3533964890107776
LDOU01000013.1,165474,165884,1,-1.232708157283542,0.0072068986101339,42.86000061035156,107.08265632822835,1.1499832619876211,dinuc,0.2664482082409211,0.273655106851055
LDOU01000015.1,663973,664403,1,-2.7852303703588537,0.0601106084850132,49.709999084472656,69.74543505624466,0.7803160357436938,dinuc,0.3133121749536295,0.3734227834386427
LDOV01000037.1,69179,69647,1,-2.1239681242139743,0.0105716001521369,52.6099967956543,122.95157478351938,1.13816678797238,dinuc,0.2407204591801977,0.2512920593323346
LDZF01000003.1,197648,197219,1,1.1992000609404068,0.0477019572020676,44.0,100.69507238652824,1.0507963761107595,dinuc,0.397863233457593,0.4455651906596607
LECR01000035.1,13931,14118,1,1.4832557179114447,0.065883726967388,16.919998168945312,70.85389903048184,1.6610982307207829,dinuc,0.3544170660933756,0.4203007930607636
LECR01000074.1,32669,32216,1,-2.17385890302347,0.0606769368615064,55.97999572753906,54.26747804508562,0.5384629514550769,dinuc,0.289959122040731,0.3506360589022375
LELH02000006.1,144926,145253,1,-0.8690405786125016,0.1239611516884432,41.93000030517578,78.8693432770345,1.0653742818834615,dinuc,0.4231715328365573,0.5471326845250005
LELK01000001.1,537814,537486,1,-3.5181089502281515,0.2058256465960822,36.400001525878906,68.16082713718812,0.947578936644489,dinuc,0.5153370181808995,0.7211626647769818
LFDT01000008.1,26290,25892,1,-1.975439416435274,0.046300919418345,51.76000213623047,64.64909081581719,0.6592229181904605,dinuc,0.481814025920565,0.52811494533891
LFZV01000001.1,1690127,1689713,1,-0.9547565351476796,0.0227139281377114,40.36000061035156,100.02007611030092,1.0904523626982705,dinuc,0.4188279051105008,0.4415418332482122
LGAA01000018.1,32943,33424,1,-3.077869876769318,0.0650781200988313,55.89999771118164,87.55530323341792,0.8615585503044952,dinuc,0.4298539542674104,0.4949320743662417
LGAA01000018.1,135480,135945,1,-2.688070200647206,0.0942417544156161,52.52000045776367,43.35603035693817,0.465712805934617,dinuc,0.464913868276942,0.5591556226925581
LGAA01000018.1,139654,140039,1,-0.5749258527144491,0.0219036841450156,40.11000442504883,78.07004427242124,0.943322041882852,dinuc,0.4385439237048331,0.4604476078498487
LGAA01000026.1,356008,355620,1,-3.982745354168038,0.088078706584869,41.999996185302734,63.9345517043402,0.7310188255747889,dinuc,0.6047560394272968,0.6928347460121659
LGCM01000065.1,117901,117529,1,-2.007948676615371,0.1301387672343864,47.339996337890625,81.55929181040912,0.956657642874926,dinuc,0.3714272137193871,0.5015659809537735
LGHJ01000012.1,194730,195072,1,-0.9957110384132566,0.0198419134995248,38.62999725341797,100.92968819987422,1.3364644350056334,dinuc,0.3260777796956446,0.3459196931951695
LGIT01000004.1,413308,413231,1,-0.8016882151609303,0.0421800717520304,8.569999694824219,11.497941323441358,0.629124180472013,dinuc,0.3577692742247434,0.3999493459767739
LGIT01000009.1,892267,892711,1,-2.2289839891992043,0.0977418464037976,54.11000061035156,54.40224749431027,0.5316077797209362,dinuc,0.3141888538880196,0.4119307002918173
LGJH01000129.1,24931,25036,1,-2.345866011227301,0.0486239725300399,15.48000144958496,11.171722901329836,0.4227328671087321,dinuc,0.5152214137681782,0.5638453862982181
LGUE01000004.1,150637,150211,1,-2.592847347858815,0.0639949814766576,48.8699951171875,68.27901527253341,0.7876288161367276,dinuc,0.4674650431520252,0.5314600246286828
LGUG01000004.1,322857,323328,1,-3.6183579718397887,0.1273274540988985,59.150001525878906,85.5725177602548,0.7912485675110026,dinuc,0.4123463468780697,0.5396738009769683
LHPJ01000005.1,709228,709663,1,-1.983379403136967,-0.000910722698236,47.970001220703125,96.91770680454128,0.993171318410022,dinuc,0.2273686340893244,0.2264579113910884
LILC01000002.1,655816,655400,1,-1.927731176509894,0.0974385481715406,40.3599967956543,68.00780582336188,0.7358626199518737,dinuc,0.5768812793765772,0.6743198275481178
LITU01000082.1,60692,61019,1,-2.1105873469106093,0.0780259290336451,37.03999710083008,75.90980084023289,0.993638783434284,dinuc,0.2108297712252378,0.288855700258883
LIXZ01000001.1,339471,339825,1,-2.5949284186795314,0.1385536626395612,43.40999984741211,121.67747043375626,1.4417795710070258,dinuc,0.41206272783819,0.5506163904777512
LIXZ01000023.1,756,420,1,-4.821395855172551,0.0196288486187157,36.83000183105469,72.00999435765594,0.917709472312402,dinuc,0.3785223011071538,0.3981511497258695
LJTD01000001.1,81845,82296,1,-3.255775009150363,0.0346766660136494,61.11000061035156,95.69491206137296,0.8935142516459001,dinuc,0.2360036717542238,0.2706803377678733
LJTD01000002.1,187341,187785,1,-4.474494983216854,0.0321210587452879,64.11000061035156,65.34575946407038,0.6391235625858663,dinuc,0.3030968383862228,0.3352178971315107
LJTD01000009.1,24199,24625,1,-3.2066981311355396,0.1050711177391403,59.31999969482422,59.10754114043594,0.5860451891559785,dinuc,0.3168503014925974,0.4219214192317377
LKHS01000009.1,421814,421394,1,-2.1661021911686795,0.054623320047512,48.65999603271485,98.9545216513234,0.9949955417926416,dinuc,0.3734298223986381,0.4280531424461501
LKKK01000001.1,1014156,1014040,1,-2.4212239266308666,0.0350783397373843,16.970001220703125,12.692204063205995,0.4845112676085639,dinuc,0.5310911394427716,0.566169479180156
LLWI01000053.1,23172,23073,1,-1.9377623722620096,0.0421167419618133,14.969999313354492,7.868334749367007,0.3760133193889928,dinuc,0.3526907648502152,0.3948075068120285
LLZH01000285.1,3068,3398,1,-2.0656168444438308,0.0664630205061064,49.68999481201172,81.57712265361855,1.031582468713183,dinuc,0.4432067653773336,0.50966978588344
LMEA01000011.1,953687,953590,1,-3.341736544177764,-0.0017119809957524,11.479999542236328,12.89870478805602,0.573471854317118,dinuc,0.5153105434854904,0.513598562489738
LMGD01000004.1,152208,152118,1,-2.1030765442028394,0.0542167107815403,12.93000030517578,8.618720184592998,0.340236674524618,dinuc,0.2555228992619448,0.3097396100434852
LMGV01000006.1,56457,56872,1,-3.778648081822056,0.0433731851760221,64.94999694824219,77.34548178020736,0.7627693356762074,dinuc,0.264967881511545,0.3083410666875671
LMIB01000016.1,285324,285421,1,-3.3056096879385417,0.0428354058911215,16.329999923706055,9.784420417819376,0.4047921866403859,dinuc,0.2380182864984564,0.280853692389578
LMJW01000005.1,5842,5737,1,-4.101412111465884,0.0456928166507804,14.459999084472656,7.624713189897537,0.2979317291605906,dinuc,0.404189145807806,0.4498819624585865
LMXU01000033.1,66613,66168,1,-1.2476937103064034,0.0532662423104403,46.07999801635742,103.08812213132155,1.0865998282042104,dinuc,0.5170819883816092,0.5703482306920495
LN907827.1,1010905,1011355,1,-2.4283199224235887,0.0928116570923679,56.30000305175781,117.93851191645084,1.1010575182527116,dinuc,0.2417957336213193,0.3346073907136872
LN907828.1,384806,384326,1,-2.9497549368793377,0.0528989229143398,62.08000946044922,68.73704762666308,0.6150782942678598,dinuc,0.286685010056346,0.3395839329706859
LN999832.1,886669,887115,1,-4.240098393351232,0.0633832726463475,52.2599983215332,81.84188844168897,0.9003592860001484,dinuc,0.3476271433569984,0.411010416003346
LNAM01000175.1,44100,44611,1,-1.8893660494812263,0.0801645698847732,58.18000030517578,90.9299450159276,0.7967363605364216,dinuc,0.438328712823757,0.5184932827085302
LNTY01000060.1,78991,79427,1,-2.6998247428766073,0.011694603115934,50.589996337890625,86.89231932699631,0.8975144397082288,dinuc,0.141556721902762,0.1532513250186961
LOPX01000018.1,18815,18415,1,-4.294490391470806,0.0141238759209416,61.71000671386719,55.90130915962951,0.5565235363789593,dinuc,0.2194543323946827,0.2335782083156244
LR134493.1,2908010,2908200,1,1.268979374230367,0.0522198992026992,20.239999771118164,56.43176824387352,1.3146230941035055,dinuc,0.3561383928844798,0.408358292087179
LR590083.2,3415171,3415263,1,-2.5344204278495064,0.034866598310256,14.250001907348633,9.798312486992424,0.4531225005059643,dinuc,0.3283112020444252,0.3631778003546813
LR595862.1,44669,45085,1,-1.3883478409879246,0.0937859996625299,48.82000350952149,97.06157965927818,0.955038577646646,dinuc,0.2126761478797067,0.3064621475422366
LR699166.1,2631742,2631270,1,-1.725121945628428,0.1048739894988386,52.06999969482422,138.83707962716306,1.268997905104902,dinuc,0.4980213219726689,0.6028953114715075
LR700946.1,51822,51431,1,-1.9659056587181356,0.1203813288821864,35.2599983215332,103.82154792303356,1.2453385629834304,dinuc,0.3916081057357491,0.5119894346179356
LR733406.1,2265632,2265696,1,-0.9874307459808108,0.1186929336875439,8.609999656677246,13.587659300962418,0.7708579888560205,dinuc,0.3898384377533904,0.5085313714409344
LR733406.1,3829484,3829372,1,-4.919045606387158,0.0502306214230889,20.099998474121097,4.059544480668839,0.1836320906559914,dinuc,0.304852022635789,0.3550826440588779
LR890047.1,789161,788743,1,-4.088762872856967,0.1541515983175924,46.73999786376953,101.02104528330298,1.0627384316113633,dinuc,0.4941307795982508,0.6482823779158432
LRVM01000012.1,6902,7232,1,-5.808195287314421,0.0675355770468352,43.46999740600586,36.56682424652823,0.4821860182119202,dinuc,0.3888531600368325,0.4563887370836677
LS483466.1,1813977,1814379,1,-0.3300256946956305,0.0404807484693662,45.95999526977539,102.42730374742024,1.1350403875405446,dinuc,0.3182393344098179,0.3587200828791841
LS483470.1,1995174,1994767,1,-3.06131268219161,0.0133583382907485,47.76000213623047,57.437233200461286,0.6547650806140901,dinuc,0.4686394506940223,0.4819977889847708
LS483470.1,2313867,2313729,1,1.188961309283224,0.0740984495624654,12.420001029968262,32.47726529472933,1.1283075072319828,dinuc,0.5651233303408187,0.6392217799032842
LSZO01000112.1,32089,32150,1,-1.1967404878470032,0.0442947727267428,6.989999771118164,3.9097179375905897,0.3181321834296302,dinuc,0.4912933573677638,0.5355881300945067
LT629751.1,167331,167446,1,-1.7658970145131558,0.0529292979789292,16.340002059936523,5.523345160854652,0.2396079352966568,dinuc,0.3753855712305899,0.4283148692095191
LT629764.1,716067,715694,1,-0.7057203438962808,0.1660596079319224,38.73999786376953,104.73418101821434,1.2660532257161452,dinuc,0.4355152155392092,0.6015748234711317
LT629780.1,58192,58080,1,-2.2720011970677874,0.0804641914528586,19.470001220703125,7.792527762079184,0.3200019452691293,dinuc,0.2662588215998962,0.3467230130527548
LT629785.1,653385,653497,1,-1.4811993950230171,0.0137584692990033,15.90999984741211,19.77283103018126,0.6467348145053099,dinuc,0.4399162377937222,0.4536747070927255
LT629787.1,3208244,3207810,1,-4.789190567146139,0.0551493805206864,54.589996337890625,96.61702141559276,0.912075879332928,dinuc,0.2457061969312124,0.3008555774518989
LT699767.1,409136,408708,1,-0.6927231483185573,0.1312047605822695,47.64999771118164,117.60888348386946,1.2305481087517405,dinuc,0.5239582729812224,0.6551630335634919
LT699767.1,955371,955040,1,0.1111192724796452,0.0753059334166521,29.75,92.44294132523989,1.2532011758302124,dinuc,0.4835482231672225,0.5588541565838747
LT699767.1,1263784,1263646,1,-1.4978372775037394,0.0181736605409605,14.90999984741211,38.99026444033352,1.0344087139941949,dinuc,0.3859066648921684,0.4040803254331289
LT896716.1,3885024,3885406,1,-0.4584513896525457,0.0937209836763761,50.69999694824219,64.04072988811302,0.7334190931774958,dinuc,0.5706144573842317,0.6643354410606078
LT897836.1,572480,572033,1,-1.8320794347138345,0.1001732332134497,52.40999984741211,48.945176483060834,0.4892080948391031,dinuc,0.2039192083631482,0.304092441576598
LT897836.1,1511741,1511597,1,-1.009350650111691,0.0724160830525346,14.75,30.492255568560264,0.9765953288081548,dinuc,0.4920810659785383,0.564497149031073
LT906439.1,237936,238281,1,-1.82893512632139,0.0375127824659184,40.04999923706055,53.82468329018141,0.7081089457493321,dinuc,0.3217259316519057,0.3592387141178242
LT906479.1,1855134,1855593,1,-0.9171487472549268,0.0632787261375705,56.71000671386719,131.6181000887301,1.1697532638254813,dinuc,0.3769245111332021,0.4402032372707726
LT960612.1,912466,912895,1,-5.103381920764238,0.0807692518336485,56.18000030517578,69.22042061851924,0.6851934199106151,dinuc,0.4971599630503732,0.5779292148840217
LVIE01000001.1,454592,454149,1,-2.5214855929287854,0.1356555511038243,45.13999938964844,82.91124902714692,0.891978692529168,dinuc,0.4720447071813045,0.6077002582851289
LVIE01000035.1,105007,104551,1,-3.356836310347386,0.053972746512993,58.24000549316406,81.0418836365829,0.7708231390621957,dinuc,0.2206082473616439,0.2745809938746369
LWBR01000079.1,78328,77927,1,-4.657479297628367,0.041713178335444,37.68000030517578,62.57069551053059,0.7614934103060591,dinuc,0.2094617817093139,0.251174960044758
LWFH01001822.1,14350,14799,1,-4.186030684920312,0.0955582951662898,55.939998626708984,51.18167267040094,0.5559339660719966,dinuc,0.2722554560006681,0.3678137511669579
LWQT01000051.1,30345,30256,1,-2.6008565919626117,-0.0185899613665336,12.920001983642578,7.77173273908014,0.4123426321999025,dinuc,0.3568852395710433,0.3382952782045096
LXEN01000125.1,11483,11855,1,-2.527969706271186,0.0065054917639007,45.83000183105469,94.90432345243524,1.1108632400689762,dinuc,0.1615516677880333,0.1680571595519341
LXEN01000147.1,6375,6809,1,-0.3542392195299503,0.1049320518945472,48.37000274658203,100.82535390551963,1.0243687110230837,dinuc,0.4350409574632525,0.5399730093577998
LXEN01000152.1,7361,7799,1,0.023475856978407,0.1094963408043516,51.29000473022461,124.45160085696216,1.2738976533113158,dinuc,0.4183980896675167,0.5278944304718683
LXEW01000015.1,62134,61701,1,-2.9845510677338125,0.0588263382269855,48.09000015258789,79.45587779934439,0.8500258209097283,dinuc,0.5636541707756321,0.6224805090026176
LXJR01000022.1,10164,10280,1,-4.18352060402635,0.0273144168280629,17.130001068115234,10.177326150229945,0.3791737746505156,dinuc,0.3657208343754033,0.3930352512034663
LXTQ01000011.1,520149,520550,1,-2.6283234808027975,0.0711267431480682,51.80999755859375,66.37999082400852,0.6735696239124556,dinuc,0.3543378446049841,0.4254645877530523
LYBM01000017.1,72173,71735,1,-2.4232894971726116,0.1415639359851143,53.230003356933594,89.04581771229158,0.8603961335773069,dinuc,0.3894804218468879,0.5310443578320022
LYBM01000059.1,20408,20837,1,-2.292580917024469,-0.0172564775207818,52.94999694824219,124.78661388486792,1.2501915907553904,dinuc,0.384757004842613,0.3675005273218312
LZHQ01000005.1,26943,27092,1,-2.7747227214732386,0.0286605498244779,17.099998474121094,18.779588612931537,0.6239279412876919,dinuc,0.3495287690295889,0.3781893188540669
LZHQ01000011.1,190872,190495,1,-2.558026203779292,0.0923640275078263,36.810001373291016,50.49826502202401,0.6530736534912869,dinuc,0.4304624657788218,0.5228264932866482
LZHQ01000031.1,8152,8554,1,-2.394774715347176,0.0494931565503732,47.62000274658203,89.21639328164986,0.950476643739191,dinuc,0.2153791209836862,0.2648722775340594
MAIS01000062.1,323,777,1,-2.613255539793744,0.0364704508985045,56.42000198364258,76.9616109895557,0.7768749783365765,dinuc,0.4331500650891948,0.4696205159876994
MAJZ01000302.1,479,55,1,-3.6460446526800383,0.064376791184337,44.279998779296875,80.65857207218917,0.8383240593568884,dinuc,0.2626316844867824,0.3270084756711194
MAMP01000020.1,60201,60676,1,-1.8467508615049104,0.0884033778989322,55.3599967956543,136.87181934727462,1.249622383866394,dinuc,0.4318407624448012,0.5202441403437335
MASJ01000014.1,38300,37928,1,-5.3574813019396865,0.0268816519904311,44.20000457763672,58.62469312678391,0.6497920596453182,dinuc,0.4099446150163948,0.436826267006826
MAXC01000033.1,4640,4737,1,-2.5216627531350184,0.0398580170803745,15.920001983642578,7.821523586121137,0.3078445785542531,dinuc,0.3972785463087568,0.4371365633891313
MAYV01000012.1,54388,54739,1,-3.0452707200519415,-0.0042232201557719,43.52000427246094,50.92378226323707,0.6437458675161986,dinuc,0.2942280012868313,0.2900047811310594
MAYV01000019.1,75076,74743,1,-4.1636441683918,0.1043972916633895,36.150001525878906,55.1489864502842,0.7516090362474672,dinuc,0.3121607556706213,0.4165580473340108
MCUV01000035.1,30270,29823,1,-0.0759202893835846,-0.0131601391626247,47.68000030517578,86.90155318671009,0.9019532664652724,dinuc,0.6540667886730847,0.64090664951046
MDHN01000005.1,125221,124766,1,-1.215247156168572,0.054096792280645,44.48999786376953,122.03222165052765,1.1978102888461015,dinuc,0.4253665690656885,0.4794633613463336
MDHN01000034.1,50419,50857,1,-3.338935479915581,0.0097350231160666,51.160003662109375,112.66315968034051,1.1134721865986636,dinuc,0.3119805519045444,0.3217155750206111
MDJM01000004.1,10533,10189,1,-2.509430822132183,0.0268791935038747,34.71000289916992,54.88196208706254,0.7168447524267306,dinuc,0.4213933131759065,0.4482725066797813
MDTQ01000001.1,880043,880437,1,-3.9187651525151623,0.0823556076674725,50.91999053955078,78.61260200827064,0.8391866665923055,dinuc,0.4785833389693058,0.5609389466367783
MEIY01000001.1,926754,926317,1,-0.7747795978110573,0.0074471499868588,51.25,121.64142414306484,1.1814476876296969,dinuc,0.4651140230791013,0.4725611730659601
MIES01000033.1,252345,252673,1,-3.542031252697996,0.1161008281791469,43.61000061035156,66.73628929441216,0.8459234044523972,dinuc,0.4331791563572683,0.5492799845364152
MIHC01000039.1,52902,53287,1,-3.2490080636074796,0.0038412697478519,55.709999084472656,82.033781753343,0.857636704350956,dinuc,0.4679779489281458,0.4718192186759978
MIJE01000011.1,228252,227897,1,-2.8443063966711972,0.0692154375799498,34.33000183105469,100.22582633890728,1.2446345507057277,dinuc,0.465267192826044,0.5344826304059939
MINN01000074.1,924543,924181,1,-4.774608172050239,0.1612145614908994,38.9900016784668,54.78526867611837,0.6778793558389864,dinuc,0.2492470556008245,0.410461617091724
MINN01000085.1,298510,298123,1,-2.0610692142224036,0.1988362023101503,37.82000350952149,117.71654125482428,1.3951137460059642,dinuc,0.41733756612668,0.6161737684368304
MINN01000128.1,131506,131884,1,-4.482848309789038,0.0802218136383342,47.099998474121094,78.94855197299039,0.8614786774964345,dinuc,0.6622808380102608,0.7425026516485951
MJEH01000012.1,14778,14416,1,-2.6479670814683467,0.0638570130586729,38.88999938964844,50.95869586712251,0.6562552561495059,dinuc,0.3633567213858462,0.4272137344445192
MJIC01000014.1,65573,65946,1,-3.223679926446959,0.0576071002215539,48.06999969482422,96.22800002964492,1.047685121496286,dinuc,0.2854683787899975,0.3430754790115514
MJIC01000016.1,395596,395176,1,-1.363197184057804,0.0225169906355843,49.03999710083008,95.96209294366432,0.9428596620215411,dinuc,0.6833031568589193,0.7058201474945036
MJIL01000085.1,118300,117876,1,-2.8172630197750648,0.090350769075745,51.40999603271485,83.04368470707641,0.8365283568979306,dinuc,0.3284059081456349,0.4187566772213799
MK524177.1,43911,44310,1,-0.0930959853886333,0.050721902913313,45.33000183105469,103.4979140180944,1.1236521984173535,dinuc,0.3134462715088467,0.3641681744221598
MKIR01000022.1,91327,91018,1,-1.682467253406214,0.0737482277665578,33.72999954223633,93.41596685565078,1.2946532475337498,dinuc,0.3920895576713989,0.4658377854379568
ML064686.1,3056,2622,1,-3.516463869882911,0.0653660943948034,45.4900016784668,76.8747491751108,0.8011056810123206,dinuc,0.4968563033300767,0.5622223977248801
ML122577.1,29700,30098,1,-4.77640722582428,0.011954874163853,44.37000274658203,90.75609651201648,1.0174428083625595,dinuc,0.2232358365243669,0.2351907106882199
MLYR01000030.1,105189,105533,1,-3.813615955218151,0.1965959006930988,44.57999801635742,59.76557314011106,0.7259540216740247,dinuc,0.3443513132216857,0.5409472139147845
MNCH01000033.1,23059,23500,1,-3.093640801806961,0.0416907364345803,51.76000213623047,110.95838505551416,1.0937935306277693,dinuc,0.3725420595330423,0.4142327959676227
MODU01000004.1,217999,218419,1,-2.9712324709286313,0.0201910417246632,46.8599967956543,85.58771371597236,0.8494888624669824,dinuc,0.2768574555023575,0.2970484972270208
MPRL01000019.1,3358,3683,1,-0.5633491168643127,0.0372807585868866,43.56999969482422,81.93271598161108,1.032256423158728,dinuc,0.461010252688377,0.4982910112752636
MQVI01000010.1,57604,57218,1,-2.4545454361789565,0.2743438551967127,44.31999588012695,76.49503311766578,0.8616070499741162,dinuc,0.3139827777003394,0.5883266328970521
MRWE01000006.1,84532,84344,1,1.4469750460675532,0.056468368114461,25.009998321533203,53.7207272762164,1.2290428141087406,dinuc,0.3900642561350945,0.4465326242495555
MRWE01000012.1,115089,115463,1,-1.1873788054731784,0.0672595742446949,45.519996643066406,74.03216390390996,0.8926368519067557,dinuc,0.5492665418383929,0.6165261160830878
MRWE01000014.1,25448,25536,1,-0.0259613795057385,0.1455694959723694,7.080000400543213,25.73360211119426,1.186737688832337,dinuc,0.5699043575161792,0.7154738534885486
MRWQ01000010.1,53366,53802,1,-2.245429337780994,0.0607985715787922,50.459999084472656,91.79381227685631,0.8958618549904032,dinuc,0.2561916821919213,0.3169902537707135
MSCW01000007.1,669322,668874,1,-2.353768233840502,0.088327495960891,55.65999603271485,60.64251867910834,0.5695644108233237,dinuc,0.5453679311638967,0.6336954271247878
MSFI01000002.1,70442,70071,1,-3.0107235958385963,0.2734128824404552,42.21000289916992,50.45254963638218,0.6115244105511781,dinuc,0.3078851417239908,0.5812980241644461
MSZX01000007.1,102081,101678,1,-3.5190054325326647,0.1418075660797146,43.630001068115234,88.14898180089043,0.9477981377022576,dinuc,0.3402106537149061,0.4820182197946208
MTHD01000001.1,756646,757095,1,-1.434330233513179,0.1399812187159549,57.540000915527344,109.21006148922312,1.0743658451396547,dinuc,0.3589153690612358,0.4988965877771907
MTSD02000001.1,1063785,1063344,1,-2.853670101043919,-0.0158241546169123,52.16999816894531,95.20117941534336,0.9562492992921408,dinuc,0.402929083213194,0.3871049285962816
MVAD01000001.1,1621977,1621563,1,0.4780719177513324,0.0610654381348739,48.75,110.37637095227043,1.1543035060221956,dinuc,0.4231452519313107,0.4842106900661846
MVBK01000065.1,20949,20533,1,-3.7019985894477094,0.066058236972816,60.31000518798828,43.685165637923795,0.4732151297003354,dinuc,0.2087612440150983,0.2748194809879143
MXQD01000068.1,39457,39069,1,-6.704966404734558,0.0425402765075139,52.719993591308594,52.44367954757093,0.5794797810870855,dinuc,0.2729802664994359,0.3155205430069498
MZ779062.1,99361,98938,1,-1.2311725887402516,0.0244651630696583,48.20000457763672,116.46396426582687,1.187962535784854,dinuc,0.3449814591303944,0.3694466222000528
NEVQ01000013.1,1053409,1053017,1,-1.4991936030706678,0.0579484321532983,49.43000030517578,75.95161325479009,0.8291686701954227,dinuc,0.4818849992441354,0.5398334313974338
NFSA01000058.1,223743,224177,1,-3.7060500629144504,-0.0175509995938507,58.91999053955078,67.0295766844029,0.6781443626160814,dinuc,0.395317997290306,0.3777669976964552
NGJY01000001.1,4733,5084,1,-3.2950461635147534,0.0151307930992115,43.959999084472656,41.2036211771065,0.501719031506384,dinuc,0.4543062895130634,0.469437082612275
NGKA01000002.1,271987,271638,1,-3.2297175974686443,0.0325107719102057,35.56999969482422,63.22430445386335,0.8493672818983178,dinuc,0.4307298896613089,0.4632406615715146
NGKB01000024.1,15041,15433,1,-2.0850909992564515,0.0512977625955557,43.02000427246094,83.70733418099553,1.0303168817643795,dinuc,0.3947532448784305,0.4460510074739863
NHNG01000406.1,1,319,1,-3.0264192866780273,0.1012165824503202,35.95999526977539,70.34278661504769,0.9753756740984628,dinuc,0.4378837195325905,0.5391003019829108
NJIH01000003.1,217277,216855,1,-2.555903771337644,0.0429643449528649,48.91999053955078,98.84217983578972,0.949981185225071,dinuc,0.4126961055095863,0.4556604504624513
NKXM01000348.1,2020,2159,1,-0.7642696099429224,0.1367504817417484,16.98000144958496,26.581567415571,0.8234752647341367,dinuc,0.4200542491284441,0.5568047308701926
NKXM01000471.1,249,335,1,-1.183067926937562,0.1302218356423972,10.810000896453856,6.621225051538252,0.3682911606098233,dinuc,0.2934526396264592,0.4236744752688564
NOII01000055.1,1226,1615,1,-3.5384754766535393,0.0644967552211687,47.19000244140625,51.50058924327391,0.5949331427396161,dinuc,0.5922432939843353,0.656740049205504
NOKQ01000187.1,29600,30037,1,-2.7377546588939095,0.1266909187049002,51.20000076293945,111.02263881546877,1.1006968059144446,dinuc,0.4136822083837813,0.5403731270886816
NPDD01000088.1,19418,19777,1,-3.8899523179626727,0.0445688577535755,41.44999694824219,55.9811269714202,0.6552420248827665,dinuc,0.5851672232782807,0.6297360810318563
NPDD01000089.1,24280,24651,1,-4.44649242726996,0.0672755734559983,43.15999984741211,50.63014064253728,0.6285471411306489,dinuc,0.6771411760473216,0.7444167495033199
NPDD01000131.1,12485,12794,1,-3.287880371512284,0.010113850189776,37.250003814697266,72.41791681442179,0.9487705575395012,dinuc,0.2933328129136351,0.3034466631034112
NPIA01000003.1,340482,340818,1,-2.2514080187618952,0.0701596740845919,38.7400016784668,75.0063436917223,0.9433662466204012,dinuc,0.5128743008177732,0.5830339749023651
NQMR01000017.1,24157,24563,1,0.4740855154625742,0.0522176180811827,39.32000350952149,111.6088626330521,1.2803158378699169,dinuc,0.5279417189991242,0.580159337080307
NRDP01000011.1,22554,22125,1,-3.0763884034880764,0.0361616435851875,61.71000671386719,112.92587322765824,1.0054858101167825,dinuc,0.1960903709963007,0.2322520145814883
NRDP01000025.1,225548,225983,1,-5.6253545794289606,0.0184272213840829,65.6100082397461,54.999457945763034,0.5228861135258814,dinuc,0.1490438778369874,0.1674710992210703
NRGT01000057.1,128881,129285,1,-5.214488386903299,0.1116813119833851,56.03999328613281,63.84385005230999,0.6541244261017194,dinuc,0.4555354431706729,0.5672167551540581
NSKD01000003.1,327457,327879,1,-5.647523097017299,0.0345129254844288,61.59999084472656,57.28237269559528,0.5777849885956545,dinuc,0.4094908006298212,0.44400372611425
NSLB01000002.1,571031,570918,1,-2.1929996675972605,-0.0099339339132629,17.310001373291016,34.828220491161275,1.119938490241698,dinuc,0.4262443507632115,0.4163104168499486
NTTM01000006.1,13741,14092,1,-3.671279859091072,0.0609882026521896,46.55999755859375,80.8694167592801,0.9840500675267928,dinuc,0.3635843137301468,0.4245725163823365
NULG01000025.1,154804,154501,1,-1.7313842944440654,0.0676578222555494,30.86000061035156,60.31849339511949,0.8757667520582907,dinuc,0.5128503580947548,0.5805081803503042
NUMC01000057.1,29763,30143,1,-2.862255934353619,0.1185499775725462,41.730003356933594,78.84670447624546,0.9114275361139916,dinuc,0.4570928572601483,0.5756428348326945
NZ_AXWS01000007.1,378039,378405,1,-3.0035657556560715,0.0200723653119339,52.5,74.78825816022616,0.8843393455044883,dinuc,0.3656723227663899,0.3857446880783239
OAOP01000010.1,133038,132604,1,-1.658268389819845,0.0728391545110698,44.86000061035156,85.2502073951448,0.9052262086802771,dinuc,0.3468502827402721,0.4196894372513419
OBEM01000009.1,247915,248031,1,-1.2245827265643958,0.0420497112011473,18.43000030517578,23.006985125926796,0.7712029358536824,dinuc,0.4382211098292297,0.480270821030377
OFSM01000017.1,61075,61528,1,-4.110588863604651,0.0491548604007,56.290000915527344,106.59346996282268,1.0268101964589404,dinuc,0.5401300818395254,0.5892849422402254
OUND01000001.1,102487,102624,1,-0.4148646018747668,0.0680617906788134,12.559999465942385,34.49416246193574,1.0473990061577496,dinuc,0.4169362382062728,0.4849980288850862
OUND01000001.1,284983,285405,1,-0.1185835643460942,-0.0096897783306209,49.349998474121094,120.30502746000788,1.3030246254619249,dinuc,0.3390409987468393,0.3293512204162183
PCDP01000006.1,30036,30124,1,-2.0352312412690146,0.0958536494863167,15.610000610351562,9.72427808319658,0.4387980001758584,dinuc,0.2827778569144413,0.378631506400758
PCDP01000054.1,26179,26088,1,-2.057086503594016,0.0121241773993805,13.540000915527344,7.701636653391503,0.3350961779571115,dinuc,0.4038659431429069,0.4159901205422875
PDDX01000001.1,3143046,3142594,1,-2.3436437733848807,0.0276831887003733,47.61000442504883,108.00628518695366,1.0764598510042842,dinuc,0.5262243796221341,0.5539075683225074
PDDX01000001.1,3660979,3660523,1,-2.829105802963929,0.0706663808131311,54.37999725341797,76.87507827913112,0.7426712012104671,dinuc,0.5318883656705239,0.602554746483655
PDDX01000001.1,3667876,3667413,1,-1.1646190985365557,0.0826843132020429,52.52000045776367,100.05719174575248,0.9457999961687854,dinuc,0.4768793512526367,0.5595636644546796
PDKU01000001.1,342581,342216,1,-2.5167542757843995,0.0502472686738915,36.900001525878906,71.12942679187853,0.9080380846299126,dinuc,0.350050574812667,0.4002978434865585
PDOD01000005.1,255266,255620,1,-2.390313903493264,0.061213607966903,41.480003356933594,64.80165002559927,0.8644175100509726,dinuc,0.4705690834390308,0.5317826914059339
PDOF01000003.1,592301,591942,1,-0.603283018818948,0.0347819624055267,38.019996643066406,92.90338933305031,1.0843291425273132,dinuc,0.3170650366429291,0.3518469990484559
PGLV01000001.1,1072480,1072104,1,-1.1711119042022535,0.058235280662415,37.78999710083008,70.60570131253917,0.8989709932190849,dinuc,0.2496425987202611,0.3078778793826761
PGUW01000002.1,363013,363485,1,-1.424564051164197,0.0368512031012692,53.6400032043457,133.59734575946277,1.2293547147743082,dinuc,0.5698924844686412,0.6067436875699104
PGUZ01000013.1,31129,31499,1,-2.1739476356078207,0.0724716338164916,45.650001525878906,81.5514619024018,0.9494635001934052,dinuc,0.3902506902082149,0.4627223240247066
PGVB01000002.1,156288,156680,1,-3.479738858505232,0.0764163129410316,46.56999969482422,81.20738790237127,0.9102722238464028,dinuc,0.5453255541581277,0.6217418670991594
PGVB01000005.1,38772,39216,1,-3.4114641803429717,0.0920462683518237,56.119998931884766,99.49971701120528,1.0039422904164266,dinuc,0.3907644606225425,0.4828107289743663
PGVB01000025.1,24086,23655,1,-1.1887672271408285,0.0465056827000491,41.939998626708984,96.58150829519133,0.996888020280958,dinuc,0.4454733158423575,0.4919789985424067
PGVB01000052.1,10814,10355,1,-1.3975765387848762,0.0560663411519241,43.62999725341797,119.6112523958798,1.2134963705072384,dinuc,0.2533073341743444,0.3093736753262685
PGVE01000028.1,78464,78063,1,-3.094716286128125,0.0986478709711055,38.78999710083008,57.46893875432124,0.6559337247768818,dinuc,0.5297442640079761,0.6283921349790816
PGVE01000028.1,167993,167656,1,-2.0861433439033017,0.2549620055622758,34.15999984741211,64.77621468672203,0.8447633695353353,dinuc,0.3880540387413432,0.643016044303619
PIPI01000003.1,27316,27736,1,-1.9592184608359131,0.0376080014053591,49.8900032043457,82.13652946034087,0.8681734406680921,dinuc,0.3368648722038021,0.3744728736091612
PIPM01000001.1,471201,470799,1,-2.3187692719327004,0.0756154917994819,45.060001373291016,112.32050883540512,1.239829991529901,dinuc,0.271734186404824,0.3473496782043059
PIPO01000003.1,287812,288202,1,-2.719566253056154,0.0179544342229882,47.720001220703125,74.94179326508075,0.7869500669495245,dinuc,0.2231243320158262,0.2410787662388144
PIPO01000005.1,197781,197375,1,-2.077448374909339,0.0687035564170315,46.68999481201172,110.15581405605997,1.1252756971515934,dinuc,0.2583605393054334,0.327064095722465
PIPQ01000004.1,76551,76127,1,-2.6246717640099377,0.0451262543202319,46.689998626708984,107.36117647480506,1.1279766363124837,dinuc,0.3635385207153163,0.4086647750355482
PIQH01000001.1,400061,399640,1,-1.854652136161349,0.0761458922410138,48.87999725341797,115.2149131833158,1.1820970522214869,dinuc,0.4340266370271269,0.5101725292681407
PIQH01000002.1,180618,180222,1,-3.365155798254384,0.1250238965792091,48.43000030517578,58.657391335226784,0.6022607351524436,dinuc,0.3876660564558707,0.5126899530350799
PISE01000025.1,63343,62994,1,-1.3710923634584045,0.0375323060538057,33.02000427246094,103.87420253717436,1.3367465050283156,dinuc,0.5042102776045178,0.5417425836583235
PIYS01000006.1,78890,78777,1,-3.4755915627125944,0.0409837725814209,17.75,12.176716808988964,0.447281916593474,dinuc,0.3519650873822124,0.3929488599636334
PJBZ01000053.1,6484,6816,1,-2.620289736637301,0.2149291254850033,41.290000915527344,72.36468354141478,0.939767271338137,dinuc,0.3657699574775231,0.5806990829625265
PJNH01000003.1,51803,51478,1,-2.6020227604471176,-0.0214261473488898,34.47999954223633,64.83477595214897,0.8846605028716895,dinuc,0.4235952570839182,0.4021691097350283
PJZK01000001.1,507691,507272,1,-1.2914030989429195,0.070307514112109,49.36000061035156,80.3943457399893,0.8444210607279231,dinuc,0.443487149650419,0.513794663762528
PJZK01000023.1,8375,8848,1,-2.6531359450267553,0.101557478963028,61.469993591308594,95.13616089984627,0.8928405198782801,dinuc,0.3307089541456738,0.4322664331087019
PJZK01000027.1,39525,39067,1,-0.9383898823047112,0.1553173278153719,53.600006103515625,81.39989072851982,0.8072571091977896,dinuc,0.6930082739873382,0.8483256018027101
PKGB01000015.1,33078,33543,1,-3.138999186213663,0.0549069047769347,51.630001068115234,112.42852680922525,1.1082894157239138,dinuc,0.3932346404189863,0.4481415451959211
PNCO02000002.1,584786,585234,1,-3.0028762515829177,-0.0240417229450256,52.87999725341797,119.82979017407762,1.1610563593584993,dinuc,0.2721660269380535,0.2481243039930278
PNCO02000002.1,846419,846067,1,-3.630456473875214,0.0337932448765467,41.849998474121094,66.03284674020263,0.7881805523426774,dinuc,0.4019332295440152,0.4357264744205619
POTY01000591.1,373,3,1,-3.0975367789380703,0.0663968619878963,36.03000259399414,73.11797797877131,0.9082599737783604,dinuc,0.370730094722166,0.4371269567100623
PQGA01000002.1,596297,595988,1,-2.424995556614341,0.0725800652987813,39.98999786376953,71.7417555302652,0.9868756733825992,dinuc,0.3178513476158192,0.3904314129146005
PSRR01000053.1,20641,20760,1,-2.5497145587760444,0.0407778201545605,19.84000015258789,13.453723074525882,0.4176750390291015,dinuc,0.3600287574407638,0.4008065775953244
PUEJ01000001.1,87392,87497,1,-1.2643900019261716,0.1063279846634272,18.19999885559082,9.22376013142426,0.3462740412894856,dinuc,0.2648101740950518,0.371138158758479
PUEJ01000001.1,89677,89768,1,-3.469150341832363,0.1140062263946503,16.869998931884766,7.201665068145615,0.3134605296180994,dinuc,0.2854794306493264,0.3994856570439767
PUGF01000014.1,34405,33995,1,-1.6874698407141573,0.0222380257854833,41.57999801635742,83.98549772942799,0.9323021855539486,dinuc,0.7742079403066913,0.7964459660921747
PVNS01000007.1,154122,153764,1,-0.9177036558402508,0.0815687525004905,39.28000259399414,76.94405891685143,0.9775068806093952,dinuc,0.2937813059187439,0.3753500584192345
PVNS01000012.1,59863,59529,1,-2.9460214717811883,0.0155434661890159,37.400001525878906,70.34879075451332,0.9839964646829936,dinuc,0.5860975124833061,0.601640978672322
PXYL01000019.1,70493,70390,1,-0.2849275577341272,0.0277333288076936,13.349998474121094,16.22222790629527,0.6406989930295685,dinuc,0.4189174890120602,0.4466508178197538
PYFP01000001.1,1710774,1710270,1,0.3215975819841608,0.0531483259354021,54.689998626708984,123.33025137283823,1.099071480766334,dinuc,0.3543672343477116,0.4075155602831138
PYJQ01000002.1,21507,21599,1,-2.048271142950603,0.1056733087724946,15.580001831054688,7.085495675989147,0.3452447219353938,dinuc,0.3635987573762921,0.4692720661487867
PYMC01000003.1,455414,455863,1,-3.2861978457966425,0.0752214163530845,56.71000671386719,59.1739855266713,0.5850880167837696,dinuc,0.2705841183171268,0.3458055346702114
PZGG01000003.1,61042,61407,1,-4.639807137930545,0.0993132579138198,42.65999603271485,46.62881407973989,0.6037541999488913,dinuc,0.3539366213483013,0.4532498792621212
PZZP01000002.1,312605,312265,1,-7.194102239668423,0.0479478257941516,41.68999481201172,34.82381716809726,0.4533293674592877,dinuc,0.5632502684234214,0.6111980942175731
QAOJ01000013.1,152352,152468,1,-2.43003838925439,0.0049859167067455,17.65999984741211,13.58311207658878,0.4744658667386618,dinuc,0.524370608412035,0.5293565251187805
QASN01000002.1,163210,163097,1,-1.1987641558306026,0.0326535624511597,15.06999969482422,28.22145720753172,0.8810067267082987,dinuc,0.4208815465886043,0.4535351090397641
QCXQ01000002.1,273123,272678,1,-2.106281912337292,0.1506226199022685,44.77000045776367,128.7330298391364,1.2891257222444,dinuc,0.4230244296088165,0.573647049511085
QDKP01000043.1,41754,41663,1,-2.482226099519275,0.0112225401147979,14.64000129699707,3.634310334772578,0.1934853716152355,dinuc,0.2084069877513787,0.2196295278661766
QDKP01000049.1,135028,135123,1,-3.1757953840714666,0.0630389233212147,16.579999923706055,6.086368163659453,0.2650137280738787,dinuc,0.3612967749614279,0.4243356982826426
QETA01000001.1,443251,443672,1,-2.6018059852030975,0.0090561315155142,58.75,47.220244445948225,0.4992206522627657,dinuc,0.2494022331674507,0.258458364682965
QFFF01000001.1,1424974,1425069,1,-1.26124775854376,0.2058934277367612,16.26999855041504,15.913116216722509,0.6718039015915914,dinuc,0.335874362829232,0.5417677905659932
QFWX01000005.1,282518,282085,1,-3.026606824269148,0.0452760359436678,52.88999938964844,62.00914818559892,0.6176140308891063,dinuc,0.4007931652874392,0.446069201231107
QFXC01000011.1,29485,29043,1,-3.9401083126090097,0.0560045747651882,57.0099983215332,100.617149116896,0.9553111872204206,dinuc,0.3565612510457651,0.4125658258109533
QGGU01000001.1,469875,469428,1,-5.3640408762800345,0.0507379513381829,54.459999084472656,115.51345927263652,1.056305213602071,dinuc,0.314208869069981,0.364946820408164
QGGU01000010.1,78606,78977,1,-5.3601147415605634,0.0913122446459527,46.81999969482422,55.78070667853845,0.6353332001363295,dinuc,0.4124910853778015,0.5038033300237543
QJNR01000004.1,4229175,4229258,1,-1.3625506322376442,0.1060023228973733,12.600000381469728,11.504086359622525,0.5665007813851736,dinuc,0.3980353029711114,0.5040376258684848
QKRA01000002.1,546107,545662,1,-4.578352844251721,0.0906159777935895,56.720001220703125,56.68278302623675,0.5884243898587711,dinuc,0.4269321730156933,0.5175481508092828
QKRA01000006.1,26174,25732,1,-2.3292753860123816,0.0746040059711522,52.880001068115234,111.70155728630502,1.0595933700674467,dinuc,0.3300999393142774,0.4047039452854296
QLUW01000002.1,1112746,1112334,1,-2.2134212269491114,0.0746832909735223,42.18000030517578,75.77733073321527,0.8233774535303716,dinuc,0.5035365965959048,0.5782198875694271
QNQT01000001.1,888079,888428,1,-2.140542107707643,0.1759011915712605,43.30999755859375,79.6091235121303,0.9658316816508488,dinuc,0.4775036884187292,0.6534048799899898
QNQT01000005.1,97333,96956,1,-3.389160492161963,0.0153214729651139,41.15999984741211,53.93940048985245,0.6849524427580217,dinuc,0.3760269630417269,0.3913484360068409
QPGB01000002.1,518723,518324,1,-4.3089353335850245,0.039577471129371,45.540000915527344,81.99291132081949,0.9626849906967504,dinuc,0.5008472566008999,0.540424727730271
QPJJ01000005.1,92637,93033,1,-3.1685751864698646,0.0946415127016188,46.84000396728515,66.18024103421787,0.771302884773926,dinuc,0.5185243448061733,0.6131658575077921
QPJY01000003.1,177070,177463,1,-1.7101652427903324,0.0474556834145072,55.03999328613281,106.08723521568966,1.0909359257130058,dinuc,0.2042688341077653,0.2517245175222725
QQAK01000012.1,205889,206258,1,-7.543090539486078,0.0829605328760191,48.61000061035156,89.22007508053788,1.0067445453238832,dinuc,0.3918537237277503,0.4748142566037694
QQAY01000015.1,804,428,1,-2.611684236342209,0.0439340108152812,41.0,92.79999706552027,1.0786193106796709,dinuc,0.5435981107365814,0.5875321215518626
QQWI01000002.1,338199,338587,1,-2.38638694048768,0.0085771026996875,43.12999725341797,87.65686025036953,1.0296499566265722,dinuc,0.2255532876814956,0.2341303903811832
QQXK01000011.1,88949,88550,1,-3.639928173901314,0.0362250843411152,57.18999481201172,44.86133053315413,0.4816349629987055,dinuc,0.5041132707362782,0.5403383550773935
QRAP01000001.1,758539,758126,1,-1.991921674702537,0.1168951460038714,48.060001373291016,99.01596556208284,1.1000826954822498,dinuc,0.5974683751552131,0.7143635211590845
QRAP01000008.1,115424,115216,1,-2.692888357923618,0.1284334036481284,23.85000228881836,64.81023023887293,1.238214935217048,dinuc,0.4401181581710412,0.5685515618191697
QTJR01000004.1,160652,160215,1,-5.234033594827073,0.0270311484906868,67.30999755859375,97.1393810568894,0.8026288830428268,dinuc,0.3219050510352718,0.3489361995259586
QUDT01000015.1,69434,69060,1,-1.6190353334611784,0.0415002598978765,42.55000305175781,73.06373978198285,0.867737995728355,dinuc,0.402739450248249,0.4442397101461256
QUME01000019.1,43951,43587,1,-5.103488917613777,0.0861405430902739,43.76000213623047,53.650529309598035,0.6652111579454857,dinuc,0.2725753071538586,0.3587158502441326
QUOT01000001.1,3237493,3237049,1,-0.6186231034819732,0.0405162610427584,42.47999954223633,116.59544534055004,1.216597171962512,dinuc,0.5321813526243717,0.5726976136671301
QUQV01000002.1,65798,65399,1,-2.440092078861686,0.0904929893038897,39.540000915527344,59.84886804043649,0.7085082002304204,dinuc,0.2928682053825711,0.3833611946864609
QUZL01000034.1,52255,51869,1,-2.471945468539559,0.0270268428282118,52.350006103515625,54.62973575622978,0.6316690003691574,dinuc,0.2940453166780435,0.3210721595062554
QWEZ01000002.1,956661,956235,1,-3.274598713988122,0.0513312751399362,53.029998779296875,79.13965468749251,0.8757832970233274,dinuc,0.4943537555881082,0.5456850307280445
QWKJ01000043.1,32225,31811,1,-2.452611632264076,0.1146606560698298,53.58000183105469,118.50062456053136,1.228846715361298,dinuc,0.3600671182532569,0.4747277743230867
QWVT01000023.1,69440,69793,1,-2.2931606150358497,0.0789118256581825,43.93000030517578,83.71772197963897,1.0264856183768043,dinuc,0.539887983914022,0.6187998095722046
QWVT01000025.1,8473,8024,1,-4.029613574181294,0.0160977542697578,49.09000396728515,76.59179777821537,0.7807799199345186,dinuc,0.2058167512344302,0.2219145055041881
QWVT01000065.1,6235,6619,1,-3.050339188997083,0.0821912737630029,46.83000183105469,48.29550765756657,0.5937172385243179,dinuc,0.334843140697912,0.4170344144609149
QXIR01000001.1,3418,3807,1,-2.3734279812538466,0.0840164534065082,48.540000915527344,83.92882185043915,0.8553377604536534,dinuc,0.5225511348610535,0.6065675882675617
QYUN01000002.1,1779328,1779732,1,-1.5357159123747772,0.1175189752166675,50.5,110.90022763655908,1.2024850643574738,dinuc,0.2627275354016251,0.3802465106182927
QZEW01000207.1,1691,1794,1,-1.6030070122647548,0.0957259149910501,16.579999923706055,6.872536218374905,0.2501721144604284,dinuc,0.2989907896913732,0.3947167046824233
QZWZ01000013.1,180972,181064,1,-2.948807296738579,0.0881207242441926,15.15999984741211,13.357657175175229,0.5239644452390423,dinuc,0.399888287512668,0.4880090117568606
RAQO01000007.1,59736,60168,1,-3.7073946799184903,0.0514562451296748,51.20000457763672,67.22924710755012,0.6637326100276295,dinuc,0.2722893212233007,0.3237455663529756
RBOJ01000035.1,152246,152359,1,-3.620070877685881,0.0134919978493339,15.610000610351562,23.13789833833246,0.8203395643794242,dinuc,0.5525838167225187,0.5660758145718526
RBRL01000099.1,1885,1819,1,-1.5606581736035972,0.0299086322809361,8.270000457763672,5.716068248262216,0.3585527874179726,dinuc,0.3214313246520501,0.3513399569329862
RBRL01000356.1,2385,2495,1,-3.878007877580497,0.0304182580210129,17.439998626708984,21.18761179595601,0.6963532957847306,dinuc,0.4163890166532216,0.4468072746742346
RBWY01000001.1,1094545,1094144,1,-1.2827670663878192,0.0657799994240164,35.85000228881836,81.54935125034613,0.9058376861126746,dinuc,0.453160121254226,0.5189401206782425
RBZN01000015.1,67755,68132,1,-5.479021249488116,-0.0343131895297002,45.44000244140625,63.837687601447946,0.7307398795409162,dinuc,0.4486118010821147,0.4142986115524145
RCCI01000006.1,279138,278746,1,-0.8569399677051059,0.0372504245605436,47.69000244140625,93.69786579077942,1.0446428567246453,dinuc,0.4561770069244855,0.4934274314850291
RCFQ01000008.1,23779,23399,1,1.0744605199583446,0.0424650170021733,37.94999694824219,139.4654005672741,1.7114633638054977,dinuc,0.3094028168326231,0.3518678338347964
RHGZ01000043.1,14414,13978,1,-3.1223369311768816,0.0112526569358402,57.969993591308594,83.11433902158667,0.8122079441398606,dinuc,0.37819220794584,0.3894448648816803
RHHQ01000007.1,419772,420207,1,-5.8248659240172715,0.0067266513332114,56.160003662109375,69.72778734317438,0.6903527951601247,dinuc,0.1399194604334767,0.1466461117666881
RJVQ01000007.1,175607,175189,1,-2.8368983935587715,0.0240206571025665,47.250003814697266,74.74648662958894,0.8081225455147276,dinuc,0.5891235632731955,0.613144220375762
RKRF01000009.1,2057,1713,1,-2.1495131571147006,0.0536459300272345,38.70999526977539,82.70445710850134,1.0357264476049075,dinuc,0.304082092469871,0.3577280224971055
RPOK01000002.1,69127,68823,1,-1.5600926639520818,0.1304548250208838,33.75,50.489855397817294,0.7219323782391217,dinuc,0.4346591060971047,0.5651139311179885
RQXV01000001.1,277847,278296,1,-3.38722980079982,0.0245210325134024,53.10000228881836,80.70867214621171,0.7404702762082618,dinuc,0.4302304937242489,0.4547515262376513
RRCT01000017.1,55010,54622,1,-3.3814649855227294,0.0318561892592303,43.51000213623047,77.2203503960103,0.9544091385418352,dinuc,0.3154991104858128,0.3473552997450431
RXNR01000086.1,7844,8248,1,-4.8738206686077294,0.0003699920149021,48.30999755859375,77.03642951613818,0.9316651609954744,dinuc,0.2622919726059369,0.2626619646208391
RYVO01000037.1,4940,4511,1,-0.0192833796850609,0.0875635859700439,44.970001220703125,102.96502516526895,1.015787355617913,dinuc,0.4626527763343992,0.5502163623044432
RYVO01000064.1,14993,14905,1,-0.9978027476876044,-0.0103370468222789,9.869999885559082,6.123347827448991,0.3693908227818374,dinuc,0.5704331777335991,0.5600961309113202
RYVQ01000204.1,7872,7670,1,0.2236415067817999,0.0450408446947586,20.409997940063477,45.36695746097943,1.084960613119324,dinuc,0.5097793691096953,0.554820213804454
RYZR01000001.1,196188,196560,1,-5.409945711464672,0.0263785385003807,54.980003356933594,62.591222924061334,0.7277479739622561,dinuc,0.4162754505026405,0.4426539890030213
RYZZ01000033.1,966,535,1,-2.580280465868275,0.0415562397603143,44.81999969482422,80.04820205676964,0.8761810775533699,dinuc,0.3974927714131364,0.4390490111734508
RZHF01000005.1,169049,168604,1,-3.4053709341012963,0.0867754165578806,54.82999420166016,93.7297174679023,0.8917167213928684,dinuc,0.4076794710962858,0.4944548876541664
RZJR01000022.1,40454,40841,1,-3.7570721054205896,0.0199972580079492,50.6199951171875,111.93210778418734,1.2748777827108426,dinuc,0.1092515905647946,0.1292488485727439
RZNX01000013.1,58735,58393,1,-2.2801716872316975,0.1555072936323591,34.810001373291016,65.7141631801203,0.9008387434698194,dinuc,0.2824380774611088,0.4379453710934679
RZTZ01000002.1,749336,749675,1,-1.3912674289396705,0.0783836911998191,39.470001220703125,77.30663329677263,1.0970570209165458,dinuc,0.5496500358186613,0.6280337270184805
SCWB01000012.1,39611,39978,1,-3.896576684161494,-0.000482961520022,43.16999816894531,78.02056700229019,0.936141434742175,dinuc,0.2670035066699329,0.2665205451499108
SDMK01000004.1,235124,234754,1,-1.8769918244147012,0.0449134389367297,44.839996337890625,72.51650050481983,0.8858322487419844,dinuc,0.4566650072342838,0.5015784461710135
SDZE01000372.1,2353,2260,1,-0.5477594082605112,0.0229275600042415,11.479999542236328,11.90609556350467,0.5680187026370729,dinuc,0.3616185117179136,0.3845460717221551
SHKP01000005.1,628373,628783,1,-1.1696413113757502,0.0414582141659894,62.11000061035156,68.50933129121705,0.6633309717873191,dinuc,0.4611308739417712,0.5025890881077607
SIRE01000003.1,423714,424081,1,-0.2976609187636093,0.1243516677314885,43.099998474121094,75.80859863484724,0.9550755635973625,dinuc,0.2946392233782057,0.4189908911096943
SJOI01000001.1,400101,400569,1,-3.4388662472591296,0.0474987870456035,60.67000579833984,106.15528482864032,0.9453659331434188,dinuc,0.483517852253785,0.5310166392993886
SJOI01000001.1,2317734,2317309,1,-4.694602927736536,0.0108347936015915,48.13999938964844,60.41129288122763,0.6410097346553231,dinuc,0.3369582747487393,0.3477930683503308
SJST01000003.1,228163,228066,1,0.402257448030322,0.0679595493248196,13.040000915527344,23.34760546435818,1.00693823329018,dinuc,0.3242250977656925,0.3921846470905121
SKBM01000006.1,156019,155925,1,-1.5363447593250383,0.0185291177065842,15.290000915527344,12.658396854140454,0.5154636857398543,dinuc,0.3758659144126649,0.3943950321192492
SKFB01000005.1,167990,168389,1,-2.962210506335203,0.0735208848754134,47.31999969482422,95.7099161034506,0.9577483544700104,dinuc,0.5232044269956404,0.5967253118710538
SKFG01000011.1,111224,111619,1,-0.0745012952626032,0.1322819343872453,43.349998474121094,148.24191020197006,1.6479247826193362,dinuc,0.3231810882537985,0.4554630226410439
SLUK01000002.1,42915,42552,1,-3.5840112284336016,0.1268195122663481,46.75999450683594,79.1317609504368,0.9350013987864746,dinuc,0.6605496721696634,0.7873691844360116
SLVV01000009.1,239022,239442,1,-4.1013954605698,-0.0828466522870137,52.970001220703125,91.09454331978448,0.9828766654453204,dinuc,0.3983241957743831,0.3154775434873694
SLWF01000014.1,14379,14807,1,-3.4672282077813086,0.1475657346743645,54.55999755859375,98.55751068771004,0.9371315709444544,dinuc,0.2500195045989504,0.397585239273315
SLXK01000037.1,20254,19852,1,-0.8734508165976577,0.0626872287618203,40.70000076293945,58.8577915479256,0.675830949852936,dinuc,0.5165384250200888,0.5792256537819092
SLZQ01000001.1,171733,172110,1,-3.520674670083429,0.049485313573442,49.50000762939453,56.07687509232481,0.6390134904262216,dinuc,0.2776750896174819,0.327160403190924
SLZR01000007.1,150946,150534,1,-2.220193024746984,0.0447308657238411,46.44000244140625,108.743099275932,1.1510595849758507,dinuc,0.4525043126554413,0.4972351783792824
SMAA01000005.1,186979,186635,1,-2.707096266483975,0.1080964741029207,37.36000061035156,52.2969240926363,0.684638156138267,dinuc,0.5682967295483391,0.6763932036512599
SMAB01000014.1,47166,46779,1,-3.4508954623735977,0.0231061749700962,40.75,92.4533012451558,1.0150891134898383,dinuc,0.5093980880585556,0.5325042630286518
SMAN01000003.1,68544,68906,1,-2.443271891919118,0.090076658252662,44.45000457763672,103.40820538198784,1.1768013227257852,dinuc,0.3920592502514089,0.4821359085040709
SMCO01000007.1,25365,25799,1,-2.1227919161607844,0.088285874957762,54.260009765625,106.35765229226833,1.1075554221275898,dinuc,0.3044787578543717,0.3927646328121338
SMCR01000003.1,26429,26872,1,-3.675900717294742,0.1212957579767626,57.32999420166016,64.55312782632855,0.5875084009758643,dinuc,0.1923368206366797,0.3136325786134424
SMCR01000004.1,7914,8364,1,-0.6509718964414108,0.0586407078924986,52.80999755859375,72.54949379797942,0.7124014135286915,dinuc,0.5046417045714604,0.563282412463959
SMCR01000008.1,136387,136301,1,0.4017704674141027,0.059189305277623,8.469999313354492,31.442538408672775,1.479341072507505,dinuc,0.5852718725576803,0.6444611778353033
SMCR01000013.1,50469,50656,1,-0.3417251410763309,0.1030282916359316,22.48000144958496,48.935378334195576,1.1267438257116915,dinuc,0.2904300742034601,0.3934583658393918
SMFQ01000004.1,997016,997415,1,-3.808907721544602,0.0970486073367326,49.93000030517578,72.73010467388431,0.7701339368474963,dinuc,0.3559190421263423,0.4529676494630749
SMFQ01000005.1,278209,277837,1,-1.7101683571914057,0.0475990525593945,41.34000015258789,91.35223441897334,1.0898811816317977,dinuc,0.4698449295353459,0.5174439820947404
SMFX01000001.1,1167224,1166819,1,-2.9466887694969706,0.0296709269479693,53.209991455078125,99.84683938612945,0.9919697007703948,dinuc,0.2705792446924244,0.3002501716403937
SMFX01000001.1,2353964,2354356,1,-3.3889105843655054,0.0416658240319916,51.98999786376953,56.67087049800072,0.6381035513012644,dinuc,0.3486409788912426,0.3903068029232343
SMGD01000001.1,31287,31689,1,-1.5617973189932384,0.0404693798388335,46.27000427246094,103.11934964751194,1.1236493592457613,dinuc,0.3221045439202369,0.3625739237590705
SMGD01000012.1,295228,295647,1,-0.6014832716126328,-0.0097010202009455,45.099998474121094,54.74103008880002,0.632600114528128,dinuc,0.538649127429118,0.5289481072281724
SMSE01000003.1,280753,280318,1,-3.012094936830984,0.0368725147466468,49.58000183105469,57.85094671443174,0.6362483268916536,dinuc,0.298210816741993,0.3350833314886399
SMSJ01000014.1,53974,53883,1,-2.851286402530108,0.0130124046806699,12.770002365112305,3.906056799408692,0.2050071153978529,dinuc,0.2429172100389032,0.2559296147195732
SMSJ01000037.1,37602,37692,1,-1.535233072849861,0.0642473593197841,15.270002365112305,12.883428759198464,0.5494708088700055,dinuc,0.3563228383293052,0.4205701976490894
SMTK01000002.1,129088,129520,1,-3.413658202403038,0.0324034911510678,62.209999084472656,102.32058324795018,0.9553159423589852,dinuc,0.3828880952236493,0.4152915863747172
SNYM01000004.1,98192,97815,1,-2.778712969862005,0.1066453996208793,44.29000473022461,72.26756411800383,0.8389400510117703,dinuc,0.3856408949447266,0.492286294565606
SNZP01000006.1,182122,182545,1,-3.621532554980393,0.0506606451981823,50.62999725341797,81.82767367970733,0.8314530997932781,dinuc,0.2526711444448543,0.3033317896430367
SOHE01000056.1,82167,82512,1,-6.142949144639084,0.0115791974864012,53.93000793457031,61.189814201466056,0.722119319017408,dinuc,0.432632797961139,0.4442119954475402
SOQX01000001.1,755192,755607,1,-2.838531357080234,0.0173355281709076,51.089996337890625,89.7442126524279,0.8934480489015126,dinuc,0.2083797490239778,0.2257152771948854
SOQX01000005.1,90300,90700,1,-2.028238482636866,0.0021706053209827,47.209999084472656,130.43794104067433,1.3631502986506765,dinuc,0.2004724014860633,0.202643006807046
SPIA01000001.1,165720,166160,1,-2.9781469028143546,0.0060062054964069,53.05000305175781,130.31166510398626,1.2356210127122085,dinuc,0.316588044207207,0.3225942497036139
SPIB01000002.1,407294,407701,1,-3.235106393190054,0.1355186299012083,48.58000183105469,103.4761450670539,1.1122910053819768,dinuc,0.2910510934472017,0.4265697233484101
SRHY01000024.1,13593,13204,1,-3.7065358111792577,0.0714128575205392,43.1300048828125,109.80146365740096,1.166209689895241,dinuc,0.6329508446501527,0.704363702170692
SRJC01000001.1,1128034,1127620,1,-5.408381478070082,0.0466460535763068,45.88999938964844,71.8832464978377,0.790383333173893,dinuc,0.4144458829672183,0.4610919365435252
SRJD01000006.1,48682,48245,1,-2.6530743414494484,0.0212587484042571,45.8800048828125,57.4122412405439,0.5950588559420822,dinuc,0.2629161419016814,0.2841748903059385
SSOB01000010.1,93141,92767,1,0.0870602850996518,0.0545663414407129,39.029998779296875,108.99523460148453,1.2312430567052106,dinuc,0.4614913218882262,0.5160576633289392
SSOD01000003.1,337200,336799,1,-0.1375879944470071,0.0201201937350095,49.43999481201172,114.95855071941784,1.1350143744212595,dinuc,0.4660957779415399,0.4862159716765494
STGJ01000001.1,76357,76764,1,-2.9427042723241543,0.0815340013925229,52.279991149902344,66.70549639498309,0.6720824519196826,dinuc,0.3793796611996576,0.4609136625921806
SWCJ01000009.1,55178,54709,1,-1.7383123575812467,0.2381637018288556,48.59000015258789,108.70030704673272,1.084791383774276,dinuc,0.4895123088907714,0.7276760107196271
SWCN01000038.1,32581,32977,1,-4.061965616019801,0.2056676317247418,51.730003356933594,46.86494177320533,0.5360078203975566,dinuc,0.3971828595658154,0.6028504912905572
SWDB01000010.1,49909,49505,1,-4.827482297416243,0.0949289645581081,47.349998474121094,80.14808639989877,0.8501718111229661,dinuc,0.478443640762379,0.5733726053204872
SWLG01000006.1,220192,219794,1,-2.8047750648646135,0.0278191302588153,40.2400016784668,105.5400092833764,1.1847504881992392,dinuc,0.5310014151610088,0.5588205454198242
SWLG01000008.1,257206,257622,1,-1.1763775716272935,0.0621291352007625,47.779998779296875,99.855944361472,1.0747433764834595,dinuc,0.3642744155201454,0.4264035507209079
SWLG01000015.1,8774,9106,1,-2.3334837675449265,0.1523113056766218,39.480003356933594,61.61202203005734,0.8302094651936467,dinuc,0.4007101303465721,0.553021436023194
SZZW01000001.1,222995,222858,1,0.4412785106925496,0.1127863884838311,9.320000171661375,38.21217095867059,1.2489741218196837,dinuc,0.5045843271611962,0.6173707156450273
SZZX01000002.1,61055,61456,1,-6.297107028320212,0.1382069384561212,51.96000289916992,43.15874311076523,0.4990283621721142,dinuc,0.2452557342039082,0.3834626726600294
UFSO01000002.1,1053172,1053592,1,-1.94088798674101,0.0575391875142282,47.17000198364258,70.69340059168171,0.7435303141157537,dinuc,0.1456675250175338,0.2032067125317621
UFXZ01000001.1,1040276,1040428,1,-0.1296522413903585,0.1473213545323105,20.0,35.98705328713914,1.0363182234112995,dinuc,0.5190868450288725,0.666408199561183
UFXZ01000001.1,1440099,1440556,1,-1.3794562715535563,0.022618430469873,57.730003356933594,90.1324892948961,0.86730731299426,dinuc,0.2973877725934317,0.3200062030633047
UFXZ01000001.1,1948058,1947627,1,-1.9138187248484435,0.0912948471964042,53.720001220703125,86.00915280548567,0.8644628197735821,dinuc,0.5566941014129327,0.647988948609337
UFXZ01000001.1,2070735,2070303,1,-2.5074845529509813,0.077273466118462,51.87000274658203,63.22324488372772,0.6461120955129194,dinuc,0.7113480709911345,0.7886215371095966
UFXZ01000001.1,2287331,2287760,1,-0.7658622352208665,-0.0179297837180633,48.269996643066406,81.78714538897546,0.8737714595686065,dinuc,0.4729649558483529,0.4550351721302896
UGHS01000004.1,287972,288110,1,-1.831637221675925,0.0856492328976433,14.610000610351562,21.896953688491863,0.7053467999652906,dinuc,0.6191906615687028,0.7048398944663462
UGQS01000002.1,676644,677002,1,-3.250586856585044,0.0527088792517702,45.53999710083008,64.75409891744974,0.7792010592704417,dinuc,0.3219932884432083,0.3747021676949785
UGYO01000002.1,1331995,1331548,1,-2.787797114065292,0.0533273776805954,54.06999969482422,105.35212144698735,1.0022494805202913,dinuc,0.3718508050537771,0.4251781827343726
UHJG01000001.1,70625,71071,1,-2.247836357435744,0.052568042673187,54.66999816894531,82.1819157719313,0.7649676492965043,dinuc,0.5765483742393439,0.629116416912531
UHJG01000001.1,112780,112664,1,0.1312161699244299,0.0101904048158064,11.029999732971191,32.91973350532303,1.180096609194672,dinuc,0.5472102170696191,0.5574006218854256
UHJG01000001.1,744413,744276,1,-1.177750646923848,0.0832169217323608,16.219999313354492,22.290770552434715,0.6567370488518656,dinuc,0.4327113360682099,0.5159282578005707
UHJG01000001.1,765915,765484,1,-3.138402759271864,0.1039710042005912,49.1199951171875,87.34073336625298,0.906319288581914,dinuc,0.4306728099099908,0.534643814110582
UHJG01000001.1,1093075,1092624,1,-3.4803523746774996,0.0438866710779439,51.81999969482422,82.48110468466977,0.7966903833853055,dinuc,0.393895853822589,0.437782524900533
UHJG01000001.1,2157817,2157638,1,-2.6878662657367127,0.079174279461021,20.530000686645508,35.691966461470074,0.8385659304036204,dinuc,0.4633196062812727,0.5424938857422937
UWOC01000111.1,63205,63313,1,-1.6999330611651131,0.1331454389168127,19.94000244140625,6.468939470780659,0.2375801656727348,dinuc,0.2405583335350657,0.3737037724518784
UWPJ01000026.1,98225,97869,1,-1.9981807973088992,0.0197089014582019,47.889991760253906,54.636067070831345,0.5804856177081653,dinuc,0.2426709981731973,0.2623798996313993
VDFV01000082.1,7140,7249,1,-1.8880007874340117,0.0336915593146544,16.689998626708984,7.197336482727867,0.3129663772561895,dinuc,0.4924493970885606,0.5261409564032151
VDMP01000013.1,71714,71273,1,-5.383742168308436,0.0546559155770582,68.23001098632812,78.99889656568276,0.737517307597043,dinuc,0.4960147866246486,0.5506707022017069
VFRR01000002.1,106585,106174,1,-2.598451329221145,0.0756771341746512,43.51000213623047,70.21575795434592,0.8172351560435188,dinuc,0.5131079660826569,0.5887851002573081
VFRR01000004.1,119888,120287,1,-4.446865664821807,0.0663775256212454,46.46999740600586,87.47321632153765,0.9429753738084125,dinuc,0.2707594653871625,0.337136991008408
VIGH01000003.1,350041,350367,1,-3.0189145182963317,0.022687532674061,48.81999969482422,67.26841191477234,0.8584093610235812,dinuc,0.5085950683974458,0.5312826010715069
VIKR01000007.1,53181,53619,1,-4.282388384828472,-0.0044314240067914,52.26000213623047,77.56734534512724,0.787841243010342,dinuc,0.568904840729618,0.5644734167228266
VIWP01000010.1,84072,84162,1,-0.4633485150043794,0.1297682592292639,13.049999237060549,21.274928342636976,0.8016395964064086,dinuc,0.4625879045253848,0.5923561637546487
VJOY01000002.1,319777,319891,1,-2.374291841948511,0.0284427009039938,16.98999786376953,11.51565875292179,0.4643847522424215,dinuc,0.3832516328367977,0.4116943337407915
VKAD01000001.1,42271,42693,1,-2.6959087261416506,0.0597641777086934,50.380001068115234,78.32473854896996,0.8583925950463517,dinuc,0.378961466995621,0.4387256447043144
VLJN01000023.1,89837,89448,1,-2.9878701500589204,0.0814056155773728,53.06999969482422,103.17094216134632,1.1094295305487516,dinuc,0.4404487269716636,0.5218543425490364
VLLC01000001.1,142453,142912,1,-3.840365532704683,0.0533189331683295,55.21000671386719,108.36786398137338,1.0336162556479476,dinuc,0.4189993172421411,0.4723182504104706
VLTJ01000029.1,432329,432427,1,-4.020544180001229,0.0637542746155854,17.23999786376953,3.361039082649325,0.1660613392851828,dinuc,0.2271754065396337,0.2909296811552191
VLXZ01000001.1,406314,405936,1,-2.4939046892518544,0.1082303881776209,37.83000183105469,91.40442170774332,1.128803717260856,dinuc,0.3131629871031232,0.4213933752807442
VNJJ01000005.1,118430,118818,1,-3.9424831196989167,0.0730939186246245,47.44999694824219,77.89170407224158,0.8976220255442123,dinuc,0.4069837818715873,0.4800777004962118
VOLS01000008.1,9398,8963,1,-2.8798138710946746,0.027039268669667,50.78000259399414,47.08882362075613,0.521154472237515,dinuc,0.4318306283184193,0.4588698969880864
VOSK01000381.1,2376,2283,1,-2.5976847409285853,0.0183686379509392,12.920000076293944,6.544360127783227,0.2787111485581344,dinuc,0.5817916883093892,0.6001603262603284
VRTS01000001.1,108972,108515,1,-4.274856709407293,0.0665314238742936,66.38999938964844,74.11610387204345,0.6651000300056302,dinuc,0.4747279326706455,0.5412593565449392
VRVF01000022.1,14729,14633,1,-2.017821912961701,0.0084774945565142,13.749998092651367,8.11413089930119,0.3004117632985603,dinuc,0.3348770439561169,0.3433545385126311
VRYZ01000003.1,457147,456756,1,-5.167784346898022,0.0272276508902565,53.18000030517578,72.85755421406779,0.7927054555554978,dinuc,0.1751391365245144,0.2023667874147709
VSIW01000297.1,1446,1803,1,-2.471688123801227,0.0742654893250029,43.80999755859375,84.02745650932884,1.0357387925366834,dinuc,0.6052746602984996,0.6795401496235026
VTOW01000003.1,37788,37453,1,-5.8065527610187315,0.0350040104966553,42.1199951171875,59.53905657813137,0.7575827636154439,dinuc,0.3754260492316393,0.4104300597282946
VTXE01000004.1,82399,81968,1,-2.14919864788673,0.1413418028459723,51.87999725341797,97.599064267353,0.9502629728432505,dinuc,0.4177851009441343,0.5591269037901067
VTXE01000004.1,128509,128082,1,-3.767485244303864,-0.0074411673783172,48.399993896484375,104.42685394765311,0.9647116173036894,dinuc,0.5266481177871003,0.5192069504087831
VWUI01000053.1,22172,22601,1,-0.0419118537328627,0.0421740420729201,45.7599983215332,89.37135074875704,0.886037134215155,dinuc,0.5806298703712112,0.6228039124441314
VWXL01000053.1,141738,141348,1,-4.861324790820501,0.0371197345879543,43.709999084472656,56.945492954874155,0.6811873120507785,dinuc,0.4041455796943937,0.441265314282348
VYKJ01000005.1,145065,144616,1,-3.311279375448364,0.0744643931343721,52.55999755859375,100.1921915763946,0.9009534255615802,dinuc,0.5155666909791953,0.5900310841135674
VYKJ01000009.1,87128,86674,1,-1.2750543543991522,0.1284024755662381,52.16999816894531,96.18757237540748,0.9864584558006428,dinuc,0.2703132086934057,0.3987156842596439
VYXP01000001.1,324556,324923,1,-4.038650780279742,-0.0284030060158961,52.31999969482422,85.27950376724519,0.8863826961594095,dinuc,0.4088809263632221,0.3804779203473259
VYXP01000002.1,383765,383373,1,-0.898766718858922,0.0257693024441291,47.8800048828125,122.25822067638836,1.4458970954310313,dinuc,0.3074731729569343,0.3332424754010635
WBOT01000001.1,599846,600268,1,-1.479541167873334,0.1033845071805164,46.52000045776367,119.09030317503324,1.3057843274955698,dinuc,0.3880040085662184,0.4913885157467348
WEHU01000008.1,36685,36295,1,-2.42403080898939,0.0321281575777165,37.810001373291016,74.52074810067099,0.9179297043486496,dinuc,0.5335911507248853,0.5657193083026019
WEIO01000001.1,414277,413910,1,-1.1985303238034355,0.1613771578530838,30.81999969482422,102.43899825275147,1.2998560529093794,dinuc,0.57751499298239,0.7388921508354738
WEKT01000007.1,27091,26946,1,-0.9688271684816404,0.0568150408436857,15.400001525878906,31.318507465735745,0.8749606353326314,dinuc,0.5621858413408373,0.619000882184523
WEKT01000015.1,50882,51300,1,-2.062260243378663,-0.0136242976189278,48.66999816894531,118.53400986067562,1.178492102651183,dinuc,0.3481087706057744,0.3344844729868466
WEKT01000065.1,16349,15876,1,-3.5500215833802797,0.0478141000058055,51.51000213623047,95.61604929691129,0.8587983220000245,dinuc,0.6924821003659195,0.740296200371725
WHOH01000003.1,44090,44432,1,-4.652433859488994,0.0349411426739814,42.95000076293945,43.65076421085101,0.5547487103109983,dinuc,0.3253607288839314,0.3603018715579129
WITC01000045.1,55310,55406,1,-2.7551265707114405,-0.0222295068511667,16.619998931884766,19.993758617994818,0.7857410976999311,dinuc,0.4726859972928272,0.4504564904416605
WITC01000106.1,7882,7785,1,-2.0472584137365333,0.0176947586393121,11.179998397827148,13.896192539632157,0.6364763276091346,dinuc,0.3488708007444576,0.3665655593837697
WJQS01000010.1,17258,16898,1,-3.2866877088484054,0.1041121375114306,40.529998779296875,74.60300466346796,0.8966979298716782,dinuc,0.5271200154258457,0.6312321529372764
WJYB01000001.1,369988,370435,1,-2.805252726707686,0.0727321345382539,53.529991149902344,62.78170396467512,0.62043431651029,dinuc,0.4929766480695399,0.5657087826077939
WKJC01000001.1,187894,188294,1,-1.5410088277626184,0.0209412264635484,44.47999954223633,61.60943445816094,0.735937770159315,dinuc,0.1721023950617421,0.1930436215252905
WKJC01000001.1,486318,486726,1,-1.8870296770734696,0.0723644293145086,45.0099983215332,60.81283255496478,0.652640148108602,dinuc,0.4303794417357245,0.5027438710502331
WKKI01000032.1,23947,24311,1,-1.7934711124158695,0.068637427244064,43.230003356933594,72.01246755334216,0.919896538786662,dinuc,0.5322979041288267,0.6009353313728908
WKKI01000037.1,39596,40016,1,-4.485969408356174,0.0666779413331185,53.33000183105469,84.85784402781167,0.9552478131725868,dinuc,0.5711602083379763,0.6378381496710949
WOCD01000001.1,571014,570879,1,-1.4035533313804651,0.1160145310989993,13.709999084472656,21.187963482338517,0.7263438891147812,dinuc,0.4987093487927613,0.6147238798917607
WQLV01000009.1,173944,174303,1,-4.2189455784769185,0.0074884361109223,49.55999755859375,67.53004971848834,0.7402638428238077,dinuc,0.1940268912924671,0.2015153274033894
WSEK01000004.1,2433862,2433451,1,-3.214311648113388,0.041316335138774,58.220008850097656,108.24990666687462,1.054268846466804,dinuc,0.2808602625024051,0.3221765976411792
WSSB01000009.1,34607,35002,1,-3.3356305078630903,0.0271253322297297,50.410003662109375,54.9176210477559,0.60773134668081,dinuc,0.3070707369032181,0.3341960691329478
WSSB01000013.1,86787,86380,1,-2.0603908217428137,0.0887438788021105,50.1300048828125,96.51180424623529,1.0536842961699882,dinuc,0.3909795955444065,0.479723474346517
WTUZ01000015.1,164339,164735,1,-3.444174760822386,0.0209109424899937,48.84000015258789,96.29146624386613,0.9708935879893804,dinuc,0.4195193462515354,0.4404302887415292
WUBS01000012.1,28459,28546,1,-2.448726179158168,0.1733158890087953,10.34999942779541,9.840845315671046,0.5038972468794838,dinuc,0.4758397852910671,0.6491556742998624
WUUL01000015.1,55215,55563,1,-4.804328190885226,0.0614155750746946,43.58000183105469,37.28925813249842,0.4925680069379423,dinuc,0.3382691786929637,0.3996847537676584
WWCL01000004.1,726747,726384,1,-5.163533260914958,0.0684612756250577,48.349998474121094,31.29488649234287,0.4088252168965934,dinuc,0.3597902994924748,0.4282515751175326
WXWF01000034.1,453,20,1,-1.7165133355769937,0.1198549348216435,41.650001525878906,95.24356701668664,0.9801139707739758,dinuc,0.2970174880233286,0.4168724228449721
WXWF01000055.1,2233,1798,1,-0.9283223897851984,0.0293001013207145,43.76000213623047,108.43932263280216,1.122526047355367,dinuc,0.6263322573193246,0.6556323586400392
WXWF01000081.1,26309,26730,1,-4.003177180052326,0.0314209216848719,53.31999969482422,81.45930270277174,0.7973896000149788,dinuc,0.4602085967406822,0.4916295184255542
WXWF01000091.1,26142,26570,1,-2.660529599595458,0.1891311667088486,49.689998626708984,72.25340263385687,0.7026300229945285,dinuc,0.4700455226822685,0.6591766893911172
