=== Downloading taxon=Pseudomonadota (complete + reference) ===
Collecting 2,753 genome records [------------------------------------------------]   0% 0/2753
[1A[2KCollecting 2,753 genome records [------------------------------------------------]   0% 0/2753
[1A[2KCollecting 2,753 genome records [------------------------------------------------]   0% 0/2753
[1A[2KCollecting 2,753 genome records [------------------------------------------------]   0% 0/2753
[1A[2KCollecting 2,753 genome records [------------------------------------------------]   0% 0/2753
[1A[2KCollecting 2,753 genome records [------------------------------------------------]   0% 0/2753
[1A[2KCollecting 2,753 genome records [------------------------------------------------]   0% 0/2753
[1A[2KCollecting 2,753 genome records [------------------------------------------------]   0% 0/2753
[1A[2KCollecting 2,753 genome records [------------------------------------------------]   0% 0/2753
[1A[2KCollecting 2,753 genome records [------------------------------------------------]   0% 0/2753
[1A[2KCollecting 2,753 genome records [------------------------------------------------]   0% 0/2753
[1A[2KCollecting 2,753 genome records [------------------------------------------------]   0% 0/2753
[1A[2KCollecting 2,753 genome records [------------------------------------------------]   0% 0/2753
[1A[2KCollecting 2,753 genome records [------------------------------------------------]   0% 0/2753
[1A[2KCollecting 2,753 genome records [------------------------------------------------]   0% 0/2753
[1A[2KCollecting 2,753 genome records [------------------------------------------------]   0% 0/2753
[1A[2KCollecting 2,753 genome records [------------------------------------------------]   0% 0/2753
[1A[2KCollecting 2,753 genome records [------------------------------------------------]   0% 0/2753
[1A[2KCollecting 2,753 genome records [------------------------------------------------]   0% 0/2753
[1A[2KCollecting 2,753 genome records [------------------------------------------------]   0% 0/2753
[1A[2KCollecting 2,753 genome records [------------------------------------------------]   0% 0/2753
[1A[2KCollecting 2,753 genome records [------------------------------------------------]   0% 0/2753
[1A[2KCollecting 2,753 genome records [------------------------------------------------]   0% 0/2753
[1A[2KCollecting 2,753 genome records [------------------------------------------------]   0% 0/2753
[1A[2KCollecting 2,753 genome records [------------------------------------------------]   0% 0/2753
[1A[2KCollecting 2,753 genome records [------------------------------------------------]   0% 0/2753
[1A[2KCollecting 2,753 genome records [------------------------------------------------]   0% 0/2753
[1A[2KCollecting 2,753 genome records [------------------------------------------------]   0% 0/2753
[1A[2KCollecting 2,753 genome records [------------------------------------------------]   0% 0/2753
[1A[2KCollecting 2,753 genome records [------------------------------------------------]   0% 0/2753
[1A[2KCollecting 2,753 genome records [------------------------------------------------]   0% 0/2753
[1A[2KCollecting 2,753 genome records [------------------------------------------------]   0% 0/2753
[1A[2KCollecting 2,753 genome records [------------------------------------------------]   0% 0/2753
[1A[2KCollecting 2,753 genome records [------------------------------------------------]   0% 0/2753
[1A[2KCollecting 2,753 genome records [------------------------------------------------]   0% 0/2753
[1A[2KCollecting 2,753 genome records [------------------------------------------------]   0% 0/2753
[1A[2KCollecting 2,753 genome records [------------------------------------------------]   0% 0/2753
[1A[2KCollecting 2,753 genome records [------------------------------------------------]   0% 0/2753
[1A[2KCollecting 2,753 genome records [------------------------------------------------]   0% 0/2753
[1A[2KCollecting 2,753 genome records [------------------------------------------------]   0% 0/2753
[1A[2KCollecting 2,753 genome records [------------------------------------------------]   0% 0/2753
[1A[2KCollecting 2,753 genome records [------------------------------------------------]   0% 0/2753
[1A[2KCollecting 2,753 genome records [------------------------------------------------]   0% 0/2753
[1A[2KCollecting 2,753 genome records [------------------------------------------------]   0% 0/2753
[1A[2KCollecting 2,753 genome records [------------------------------------------------]   0% 0/2753
[1A[2KCollecting 2,753 genome records [------------------------------------------------]   0% 0/2753
[1A[2KCollecting 2,753 genome records [------------------------------------------------]   0% 0/2753
[1A[2KCollecting 2,753 genome records [------------------------------------------------]   0% 0/2753
[1A[2KCollecting 2,753 genome records [------------------------------------------------]   0% 0/2753
[1A[2KCollecting 2,753 genome records [------------------------------------------------]   0% 0/2753
[1A[2KCollecting 2,753 genome records [------------------------------------------------]   0% 0/2753
[1A[2KCollecting 2,753 genome records [------------------------------------------------]   0% 0/2753
[1A[2KCollecting 2,753 genome records [------------------------------------------------]   0% 0/2753
[1A[2KCollecting 2,753 genome records [------------------------------------------------]   0% 0/2753
[1A[2KCollecting 2,753 genome records [------------------------------------------------]   0% 0/2753
[1A[2KCollecting 2,753 genome records [------------------------------------------------]   0% 0/2753
[1A[2KCollecting 2,753 genome records [------------------------------------------------]   0% 0/2753
[1A[2KCollecting 2,753 genome records [------------------------------------------------]   0% 0/2753
[1A[2KCollecting 2,753 genome records [------------------------------------------------]   0% 0/2753
[1A[2KCollecting 2,753 genome records [------------------------------------------------]   0% 0/2753
[1A[2KCollecting 2,753 genome records [------------------------------------------------]   0% 0/2753
[1A[2KCollecting 2,753 genome records [------------------------------------------------]   0% 0/2753
[1A[2KCollecting 2,753 genome records [------------------------------------------------]   0% 0/2753
[1A[2KCollecting 2,753 genome records [------------------------------------------------]   0% 0/2753
[1A[2KCollecting 2,753 genome records [------------------------------------------------]   0% 0/2753
[1A[2KCollecting 2,753 genome records [------------------------------------------------]   0% 0/2753
[1A[2KCollecting 2,753 genome records [------------------------------------------------]   0% 0/2753
[1A[2KCollecting 2,753 genome records [------------------------------------------------]   0% 0/2753
[1A[2KCollecting 2,753 genome records [------------------------------------------------]   0% 0/2753
[1A[2KCollecting 2,753 genome records [------------------------------------------------]   0% 0/2753
[1A[2KCollecting 2,753 genome records [------------------------------------------------]   0% 0/2753
[1A[2KCollecting 2,753 genome records [------------------------------------------------]   0% 0/2753
[1A[2KCollecting 2,753 genome records [------------------------------------------------]   0% 0/2753
[1A[2KCollecting 2,753 genome records [------------------------------------------------]   0% 0/2753
[1A[2KCollecting 2,753 genome records [------------------------------------------------]   0% 0/2753
[1A[2KCollecting 2,753 genome records [------------------------------------------------]   0% 0/2753
[1A[2KCollecting 2,753 genome records [------------------------------------------------]   0% 0/2753
[1A[2KCollecting 2,753 genome records [------------------------------------------------]   0% 0/2753
[1A[2KCollecting 2,753 genome records [------------------------------------------------]   0% 0/2753
[1A[2KCollecting 2,753 genome records [------------------------------------------------]   0% 0/2753
[1A[2KCollecting 2,753 genome records [------------------------------------------------]   0% 0/2753
[1A[2KCollecting 2,753 genome records [------------------------------------------------]   0% 0/2753
[1A[2KCollecting 2,753 genome records [------------------------------------------------]   0% 0/2753
[1A[2KCollecting 2,753 genome records [------------------------------------------------]   0% 0/2753
[1A[2KCollecting 2,753 genome records [------------------------------------------------]   0% 0/2753
[1A[2KCollecting 2,753 genome records [------------------------------------------------]   0% 0/2753
[1A[2KCollecting 2,753 genome records [------------------------------------------------]   0% 0/2753
[1A[2KCollecting 2,753 genome records [------------------------------------------------]   0% 0/2753
[1A[2KCollecting 2,753 genome records [------------------------------------------------]   0% 0/2753
[1A[2KCollecting 2,753 genome records [------------------------------------------------]   0% 0/2753
[1A[2KCollecting 2,753 genome records [------------------------------------------------]   0% 0/2753
[1A[2KCollecting 2,753 genome records [------------------------------------------------]   0% 0/2753
[1A[2KCollecting 2,753 genome records [------------------------------------------------]   0% 0/2753
[1A[2KCollecting 2,753 genome records [------------------------------------------------]   0% 0/2753
[1A[2KCollecting 2,753 genome records [------------------------------------------------]   0% 0/2753
[1A[2KCollecting 2,753 genome records [------------------------------------------------]   0% 0/2753
[1A[2KCollecting 2,753 genome records [------------------------------------------------]   0% 0/2753
[1A[2KCollecting 2,753 genome records [------------------------------------------------]   0% 0/2753
[1A[2KCollecting 2,753 genome records [------------------------------------------------]   0% 0/2753
[1A[2KCollecting 2,753 genome records [------------------------------------------------]   0% 0/2753
[1A[2KCollecting 2,753 genome records [------------------------------------------------]   0% 0/2753
[1A[2KCollecting 2,753 genome records [------------------------------------------------]   0% 0/2753
[1A[2KCollecting 2,753 genome records [------------------------------------------------]   0% 0/2753
[1A[2KCollecting 2,753 genome records [------------------------------------------------]   0% 0/2753
[1A[2KCollecting 2,753 genome records [------------------------------------------------]   0% 0/2753
[1A[2KCollecting 2,753 genome records [------------------------------------------------]   0% 0/2753
[1A[2KCollecting 2,753 genome records [------------------------------------------------]   0% 0/2753
[1A[2KCollecting 2,753 genome records [================>-------------------------------]  36% 1000/2753
[1A[2KCollecting 2,753 genome records [================>-------------------------------]  36% 1000/2753
[1A[2KCollecting 2,753 genome records [================>-------------------------------]  36% 1000/2753
[1A[2KCollecting 2,753 genome records [================>-------------------------------]  36% 1000/2753
[1A[2KCollecting 2,753 genome records [================>-------------------------------]  36% 1000/2753
[1A[2KCollecting 2,753 genome records [================>-------------------------------]  36% 1000/2753
[1A[2KCollecting 2,753 genome records [================>-------------------------------]  36% 1000/2753
[1A[2KCollecting 2,753 genome records [================>-------------------------------]  36% 1000/2753
[1A[2KCollecting 2,753 genome records [================>-------------------------------]  36% 1000/2753
[1A[2KCollecting 2,753 genome records [================>-------------------------------]  36% 1000/2753
[1A[2KCollecting 2,753 genome records [================>-------------------------------]  36% 1000/2753
[1A[2KCollecting 2,753 genome records [================>-------------------------------]  36% 1000/2753
[1A[2KCollecting 2,753 genome records [================>-------------------------------]  36% 1000/2753
[1A[2KCollecting 2,753 genome records [================>-------------------------------]  36% 1000/2753
[1A[2KCollecting 2,753 genome records [================>-------------------------------]  36% 1000/2753
[1A[2KCollecting 2,753 genome records [================>-------------------------------]  36% 1000/2753
[1A[2KCollecting 2,753 genome records [================>-------------------------------]  36% 1000/2753
[1A[2KCollecting 2,753 genome records [================>-------------------------------]  36% 1000/2753
[1A[2KCollecting 2,753 genome records [================>-------------------------------]  36% 1000/2753
[1A[2KCollecting 2,753 genome records [================>-------------------------------]  36% 1000/2753
[1A[2KCollecting 2,753 genome records [================>-------------------------------]  36% 1000/2753
[1A[2KCollecting 2,753 genome records [================>-------------------------------]  36% 1000/2753
[1A[2KCollecting 2,753 genome records [================>-------------------------------]  36% 1000/2753
[1A[2KCollecting 2,753 genome records [================>-------------------------------]  36% 1000/2753
[1A[2KCollecting 2,753 genome records [================>-------------------------------]  36% 1000/2753
[1A[2KCollecting 2,753 genome records [================>-------------------------------]  36% 1000/2753
[1A[2KCollecting 2,753 genome records [================>-------------------------------]  36% 1000/2753
[1A[2KCollecting 2,753 genome records [================>-------------------------------]  36% 1000/2753
[1A[2KCollecting 2,753 genome records [================>-------------------------------]  36% 1000/2753
[1A[2KCollecting 2,753 genome records [================>-------------------------------]  36% 1000/2753
[1A[2KCollecting 2,753 genome records [================>-------------------------------]  36% 1000/2753
[1A[2KCollecting 2,753 genome records [================>-------------------------------]  36% 1000/2753
[1A[2KCollecting 2,753 genome records [================>-------------------------------]  36% 1000/2753
[1A[2KCollecting 2,753 genome records [================>-------------------------------]  36% 1000/2753
[1A[2KCollecting 2,753 genome records [================>-------------------------------]  36% 1000/2753
[1A[2KCollecting 2,753 genome records [================>-------------------------------]  36% 1000/2753
[1A[2KCollecting 2,753 genome records [================>-------------------------------]  36% 1000/2753
[1A[2KCollecting 2,753 genome records [================>-------------------------------]  36% 1000/2753
[1A[2KCollecting 2,753 genome records [================>-------------------------------]  36% 1000/2753
[1A[2KCollecting 2,753 genome records [================>-------------------------------]  36% 1000/2753
[1A[2KCollecting 2,753 genome records [================>-------------------------------]  36% 1000/2753
[1A[2KCollecting 2,753 genome records [================>-------------------------------]  36% 1000/2753
[1A[2KCollecting 2,753 genome records [================>-------------------------------]  36% 1000/2753
[1A[2KCollecting 2,753 genome records [================>-------------------------------]  36% 1000/2753
[1A[2KCollecting 2,753 genome records [================>-------------------------------]  36% 1000/2753
[1A[2KCollecting 2,753 genome records [================>-------------------------------]  36% 1000/2753
[1A[2KCollecting 2,753 genome records [================>-------------------------------]  36% 1000/2753
[1A[2KCollecting 2,753 genome records [================>-------------------------------]  36% 1000/2753
[1A[2KCollecting 2,753 genome records [================>-------------------------------]  36% 1000/2753
[1A[2KCollecting 2,753 genome records [================>-------------------------------]  36% 1000/2753
[1A[2KCollecting 2,753 genome records [================>-------------------------------]  36% 1000/2753
[1A[2KCollecting 2,753 genome records [================>-------------------------------]  36% 1000/2753
[1A[2KCollecting 2,753 genome records [================>-------------------------------]  36% 1000/2753
[1A[2KCollecting 2,753 genome records [================>-------------------------------]  36% 1000/2753
[1A[2KCollecting 2,753 genome records [================>-------------------------------]  36% 1000/2753
[1A[2KCollecting 2,753 genome records [================>-------------------------------]  36% 1000/2753
[1A[2KCollecting 2,753 genome records [================>-------------------------------]  36% 1000/2753
[1A[2KCollecting 2,753 genome records [================>-------------------------------]  36% 1000/2753
[1A[2KCollecting 2,753 genome records [================>-------------------------------]  36% 1000/2753
[1A[2KCollecting 2,753 genome records [================>-------------------------------]  36% 1000/2753
[1A[2KCollecting 2,753 genome records [================>-------------------------------]  36% 1000/2753
[1A[2KCollecting 2,753 genome records [================>-------------------------------]  36% 1000/2753
[1A[2KCollecting 2,753 genome records [================>-------------------------------]  36% 1000/2753
[1A[2KCollecting 2,753 genome records [================>-------------------------------]  36% 1000/2753
[1A[2KCollecting 2,753 genome records [================>-------------------------------]  36% 1000/2753
[1A[2KCollecting 2,753 genome records [================>-------------------------------]  36% 1000/2753
[1A[2KCollecting 2,753 genome records [================>-------------------------------]  36% 1000/2753
[1A[2KCollecting 2,753 genome records [================>-------------------------------]  36% 1000/2753
[1A[2KCollecting 2,753 genome records [================>-------------------------------]  36% 1000/2753
[1A[2KCollecting 2,753 genome records [================>-------------------------------]  36% 1000/2753
[1A[2KCollecting 2,753 genome records [================>-------------------------------]  36% 1000/2753
[1A[2KCollecting 2,753 genome records [================>-------------------------------]  36% 1000/2753
[1A[2KCollecting 2,753 genome records [================>-------------------------------]  36% 1000/2753
[1A[2KCollecting 2,753 genome records [================>-------------------------------]  36% 1000/2753
[1A[2KCollecting 2,753 genome records [================>-------------------------------]  36% 1000/2753
[1A[2KCollecting 2,753 genome records [================>-------------------------------]  36% 1000/2753
[1A[2KCollecting 2,753 genome records [==================================>-------------]  73% 2000/2753
[1A[2KCollecting 2,753 genome records [==================================>-------------]  73% 2000/2753
[1A[2KCollecting 2,753 genome records [==================================>-------------]  73% 2000/2753
[1A[2KCollecting 2,753 genome records [==================================>-------------]  73% 2000/2753
[1A[2KCollecting 2,753 genome records [==================================>-------------]  73% 2000/2753
[1A[2KCollecting 2,753 genome records [==================================>-------------]  73% 2000/2753
[1A[2KCollecting 2,753 genome records [==================================>-------------]  73% 2000/2753
[1A[2KCollecting 2,753 genome records [==================================>-------------]  73% 2000/2753
[1A[2KCollecting 2,753 genome records [==================================>-------------]  73% 2000/2753
[1A[2KCollecting 2,753 genome records [==================================>-------------]  73% 2000/2753
[1A[2KCollecting 2,753 genome records [==================================>-------------]  73% 2000/2753
[1A[2KCollecting 2,753 genome records [==================================>-------------]  73% 2000/2753
[1A[2KCollecting 2,753 genome records [==================================>-------------]  73% 2000/2753
[1A[2KCollecting 2,753 genome records [==================================>-------------]  73% 2000/2753
[1A[2KCollecting 2,753 genome records [==================================>-------------]  73% 2000/2753
[1A[2KCollecting 2,753 genome records [==================================>-------------]  73% 2000/2753
[1A[2KCollecting 2,753 genome records [==================================>-------------]  73% 2000/2753
[1A[2KCollecting 2,753 genome records [==================================>-------------]  73% 2000/2753
[1A[2KCollecting 2,753 genome records [==================================>-------------]  73% 2000/2753
[1A[2KCollecting 2,753 genome records [==================================>-------------]  73% 2000/2753
[1A[2KCollecting 2,753 genome records [==================================>-------------]  73% 2000/2753
[1A[2KCollecting 2,753 genome records [==================================>-------------]  73% 2000/2753
[1A[2KCollecting 2,753 genome records [==================================>-------------]  73% 2000/2753
[1A[2KCollecting 2,753 genome records [==================================>-------------]  73% 2000/2753
[1A[2KCollecting 2,753 genome records [==================================>-------------]  73% 2000/2753
[1A[2KCollecting 2,753 genome records [==================================>-------------]  73% 2000/2753
[1A[2KCollecting 2,753 genome records [==================================>-------------]  73% 2000/2753
[1A[2KCollecting 2,753 genome records [==================================>-------------]  73% 2000/2753
[1A[2KCollecting 2,753 genome records [==================================>-------------]  73% 2000/2753
[1A[2KCollecting 2,753 genome records [==================================>-------------]  73% 2000/2753
[1A[2KCollecting 2,753 genome records [==================================>-------------]  73% 2000/2753
[1A[2KCollecting 2,753 genome records [==================================>-------------]  73% 2000/2753
[1A[2KCollecting 2,753 genome records [==================================>-------------]  73% 2000/2753
[1A[2KCollecting 2,753 genome records [==================================>-------------]  73% 2000/2753
[1A[2KCollecting 2,753 genome records [==================================>-------------]  73% 2000/2753
[1A[2KCollecting 2,753 genome records [==================================>-------------]  73% 2000/2753
[1A[2KCollecting 2,753 genome records [==================================>-------------]  73% 2000/2753
[1A[2KCollecting 2,753 genome records [==================================>-------------]  73% 2000/2753
[1A[2KCollecting 2,753 genome records [==================================>-------------]  73% 2000/2753
[1A[2KCollecting 2,753 genome records [==================================>-------------]  73% 2000/2753
[1A[2KCollecting 2,753 genome records [==================================>-------------]  73% 2000/2753
[1A[2KCollecting 2,753 genome records [==================================>-------------]  73% 2000/2753
[1A[2KCollecting 2,753 genome records [==================================>-------------]  73% 2000/2753
[1A[2KCollecting 2,753 genome records [==================================>-------------]  73% 2000/2753
[1A[2KCollecting 2,753 genome records [==================================>-------------]  73% 2000/2753
[1A[2KCollecting 2,753 genome records [==================================>-------------]  73% 2000/2753
[1A[2KCollecting 2,753 genome records [==================================>-------------]  73% 2000/2753
[1A[2KCollecting 2,753 genome records [==================================>-------------]  73% 2000/2753
[1A[2KCollecting 2,753 genome records [==================================>-------------]  73% 2000/2753
[1A[2KCollecting 2,753 genome records [==================================>-------------]  73% 2000/2753
[1A[2KCollecting 2,753 genome records [==================================>-------------]  73% 2000/2753
[1A[2KCollecting 2,753 genome records [==================================>-------------]  73% 2000/2753
[1A[2KCollecting 2,753 genome records [==================================>-------------]  73% 2000/2753
[1A[2KCollecting 2,753 genome records [==================================>-------------]  73% 2000/2753
[1A[2KCollecting 2,753 genome records [==================================>-------------]  73% 2000/2753
[1A[2KCollecting 2,753 genome records [==================================>-------------]  73% 2000/2753
[1A[2KCollecting 2,753 genome records [==================================>-------------]  73% 2000/2753
[1A[2KCollecting 2,753 genome records [==================================>-------------]  73% 2000/2753
[1A[2KCollecting 2,753 genome records [==================================>-------------]  73% 2000/2753
[1A[2KCollecting 2,753 genome records [==================================>-------------]  73% 2000/2753
[1A[2KCollecting 2,753 genome records [==================================>-------------]  73% 2000/2753
[1A[2KCollecting 2,753 genome records [==================================>-------------]  73% 2000/2753
[1A[2KCollecting 2,753 genome records [==================================>-------------]  73% 2000/2753
[1A[2KCollecting 2,753 genome records [==================================>-------------]  73% 2000/2753
[1A[2KCollecting 2,753 genome records [==================================>-------------]  73% 2000/2753
[1A[2KCollecting 2,753 genome records [==================================>-------------]  73% 2000/2753
[1A[2KCollecting 2,753 genome records [==================================>-------------]  73% 2000/2753
[1A[2KCollecting 2,753 genome records [==================================>-------------]  73% 2000/2753
[1A[2KCollecting 2,753 genome records [==================================>-------------]  73% 2000/2753
[1A[2KCollecting 2,753 genome records [==================================>-------------]  73% 2000/2753
[1A[2KCollecting 2,753 genome records [==================================>-------------]  73% 2000/2753
[1A[2KCollecting 2,753 genome records [================================================] 100% 2753/2753
[1A[2KCollecting 2,753 genome records [================================================] 100% 2753/2753
[1A[2KCollecting 2,753 genome records [================================================] 100% 2753/2753
[1A[2KCollecting 2,753 genome records [================================================] 100% 2753/2753
[1A[2KCollecting 2,753 genome records [================================================] 100% 2753/2753
[1A[2KCollecting 2,753 genome records [================================================] 100% 2753/2753
[1A[2KCollecting 2,753 genome records [================================================] 100% 2753/2753
[1A[2KCollecting 2,753 genome records [================================================] 100% 2753/2753
[1A[2KCollecting 2,753 genome records [================================================] 100% 2753/2753
[1A[2KCollecting 2,753 genome records [================================================] 100% 2753/2753
[1A[2KCollecting 2,753 genome records [================================================] 100% 2753/2753
[1A[2KCollecting 2,753 genome records [================================================] 100% 2753/2753
[1A[2KCollecting 2,753 genome records [================================================] 100% 2753/2753
[1A[2KCollecting 2,753 genome records [================================================] 100% 2753/2753
[1A[2KCollecting 2,753 genome records [================================================] 100% 2753/2753
[1A[2KCollecting 2,753 genome records [================================================] 100% 2753/2753
[1A[2KCollecting 2,753 genome records [================================================] 100% 2753/2753
[1A[2KCollecting 2,753 genome records [================================================] 100% 2753/2753
[1A[2KCollecting 2,753 genome records [================================================] 100% 2753/2753
[1A[2KCollecting 2,753 genome records [================================================] 100% 2753/2753
[1A[2KCollecting 2,753 genome records [================================================] 100% 2753/2753
[1A[2KCollecting 2,753 genome records [================================================] 100% 2753/2753
[1A[2KCollecting 2,753 genome records [================================================] 100% 2753/2753
[1A[2KCollecting 2,753 genome records [================================================] 100% 2753/2753
[1A[2KCollecting 2,753 genome records [================================================] 100% 2753/2753
[1A[2KCollecting 2,753 genome records [================================================] 100% 2753/2753
[1A[2KCollecting 2,753 genome records [================================================] 100% 2753/2753
[1A[2KCollecting 2,753 genome records [================================================] 100% 2753/2753
[1A[2KCollecting 2,753 genome records [================================================] 100% 2753/2753
[1A[2KCollecting 2,753 genome records [================================================] 100% 2753/2753
[1A[2KCollecting 2,753 genome records [================================================] 100% 2753/2753
[1A[2KCollecting 2,753 genome records [================================================] 100% 2753/2753
[1A[2KCollecting 2,753 genome records [================================================] 100% 2753/2753
[1A[2KCollecting 2,753 genome records [================================================] 100% 2753/2753
[1A[2KCollecting 2,753 genome records [================================================] 100% 2753/2753
[1A[2KCollecting 2,753 genome records [================================================] 100% 2753/2753
[1A[2KCollecting 2,753 genome records [================================================] 100% 2753/2753
[1A[2KCollecting 2,753 genome records [================================================] 100% 2753/2753
[1A[2KCollecting 2,753 genome records [================================================] 100% 2753/2753
[1A[2KCollecting 2,753 genome records [================================================] 100% 2753/2753
[1A[2KCollecting 2,753 genome records [================================================] 100% 2753/2753
[1A[2KCollecting 2,753 genome records [================================================] 100% 2753/2753
[1A[2KCollecting 2,753 genome records [================================================] 100% 2753/2753
[1A[2KCollecting 2,753 genome records [================================================] 100% 2753/2753
[1A[2KCollecting 2,753 genome records [================================================] 100% 2753/2753
[1A[2KCollecting 2,753 genome records [================================================] 100% 2753/2753
[1A[2KCollecting 2,753 genome records [================================================] 100% 2753/2753
[1A[2KCollecting 2,753 genome records [================================================] 100% 2753/2753
Downloading: data/raw/refseq_genomes/Pseudomonadota/genomes.zip    847B 747kB/s
[1A[2K[1A[2KCollecting 2,753 genome records [================================================] 100% 2753/2753
Downloading: data/raw/refseq_genomes/Pseudomonadota/genomes.zip    847B 747kB/s
[1A[2K[1A[2KCollecting 2,753 genome records [================================================] 100% 2753/2753
Downloading: data/raw/refseq_genomes/Pseudomonadota/genomes.zip    847B 747kB/s
[1A[2K[1A[2KCollecting 2,753 genome records [================================================] 100% 2753/2753
Downloading: data/raw/refseq_genomes/Pseudomonadota/genomes.zip    847B 747kB/s
[1A[2K[1A[2KCollecting 2,753 genome records [================================================] 100% 2753/2753
Downloading: data/raw/refseq_genomes/Pseudomonadota/genomes.zip    847B 747kB/s
[1A[2K[1A[2KCollecting 2,753 genome records [================================================] 100% 2753/2753
Downloading: data/raw/refseq_genomes/Pseudomonadota/genomes.zip    847B 747kB/s
[1A[2K[1A[2KCollecting 2,753 genome records [================================================] 100% 2753/2753
Downloading: data/raw/refseq_genomes/Pseudomonadota/genomes.zip    847B 747kB/s
[1A[2K[1A[2KCollecting 2,753 genome records [================================================] 100% 2753/2753
Downloading: data/raw/refseq_genomes/Pseudomonadota/genomes.zip    847B 747kB/s
[1A[2K[1A[2KCollecting 2,753 genome records [================================================] 100% 2753/2753
Downloading: data/raw/refseq_genomes/Pseudomonadota/genomes.zip    847B 747kB/s
[1A[2K[1A[2KCollecting 2,753 genome records [================================================] 100% 2753/2753
Downloading: data/raw/refseq_genomes/Pseudomonadota/genomes.zip    847B 747kB/s
[1A[2K[1A[2KCollecting 2,753 genome records [================================================] 100% 2753/2753
Downloading: data/raw/refseq_genomes/Pseudomonadota/genomes.zip    847B 747kB/s
[1A[2K[1A[2KCollecting 2,753 genome records [================================================] 100% 2753/2753
Downloading: data/raw/refseq_genomes/Pseudomonadota/genomes.zip    847B 747kB/s
[1A[2K[1A[2KCollecting 2,753 genome records [================================================] 100% 2753/2753
Downloading: data/raw/refseq_genomes/Pseudomonadota/genomes.zip    847B 747kB/s
[1A[2K[1A[2KCollecting 2,753 genome records [================================================] 100% 2753/2753
Downloading: data/raw/refseq_genomes/Pseudomonadota/genomes.zip    847B 747kB/s
[1A[2K[1A[2KCollecting 2,753 genome records [================================================] 100% 2753/2753
Downloading: data/raw/refseq_genomes/Pseudomonadota/genomes.zip    847B 747kB/s
[1A[2K[1A[2KCollecting 2,753 genome records [================================================] 100% 2753/2753
Downloading: data/raw/refseq_genomes/Pseudomonadota/genomes.zip    847B 747kB/s
[1A[2K[1A[2KCollecting 2,753 genome records [================================================] 100% 2753/2753
Downloading: data/raw/refseq_genomes/Pseudomonadota/genomes.zip    847B 747kB/s
[1A[2K[1A[2KCollecting 2,753 genome records [================================================] 100% 2753/2753
Downloading: data/raw/refseq_genomes/Pseudomonadota/genomes.zip    847B 747kB/s
[1A[2K[1A[2KCollecting 2,753 genome records [================================================] 100% 2753/2753
Downloading: data/raw/refseq_genomes/Pseudomonadota/genomes.zip    847B 747kB/s
[1A[2K[1A[2KCollecting 2,753 genome records [================================================] 100% 2753/2753
Downloading: data/raw/refseq_genomes/Pseudomonadota/genomes.zip    847B 747kB/s
[1A[2K[1A[2KCollecting 2,753 genome records [================================================] 100% 2753/2753
Downloading: data/raw/refseq_genomes/Pseudomonadota/genomes.zip    847B 747kB/s
[1A[2K[1A[2KCollecting 2,753 genome records [================================================] 100% 2753/2753
Downloading: data/raw/refseq_genomes/Pseudomonadota/genomes.zip    847B 747kB/s
[1A[2K[1A[2KCollecting 2,753 genome records [================================================] 100% 2753/2753
Downloading: data/raw/refseq_genomes/Pseudomonadota/genomes.zip    847B 747kB/s
[1A[2K[1A[2KCollecting 2,753 genome records [================================================] 100% 2753/2753
Downloading: data/raw/refseq_genomes/Pseudomonadota/genomes.zip    847B 747kB/s
[1A[2K[1A[2KCollecting 2,753 genome records [================================================] 100% 2753/2753
Downloading: data/raw/refseq_genomes/Pseudomonadota/genomes.zip    847B 747kB/s
[1A[2K[1A[2KCollecting 2,753 genome records [================================================] 100% 2753/2753
Downloading: data/raw/refseq_genomes/Pseudomonadota/genomes.zip    847B 747kB/s
[1A[2K[1A[2KCollecting 2,753 genome records [================================================] 100% 2753/2753
Downloading: data/raw/refseq_genomes/Pseudomonadota/genomes.zip    847B 747kB/s
[1A[2K[1A[2KCollecting 2,753 genome records [================================================] 100% 2753/2753
Downloading: data/raw/refseq_genomes/Pseudomonadota/genomes.zip    847B 747kB/s
[1A[2K[1A[2KCollecting 2,753 genome records [================================================] 100% 2753/2753
Downloading: data/raw/refseq_genomes/Pseudomonadota/genomes.zip    847B 747kB/s
[1A[2K[1A[2KCollecting 2,753 genome records [================================================] 100% 2753/2753
Downloading: data/raw/refseq_genomes/Pseudomonadota/genomes.zip    847B 747kB/s
[1A[2K[1A[2KCollecting 2,753 genome records [================================================] 100% 2753/2753
Downloading: data/raw/refseq_genomes/Pseudomonadota/genomes.zip    847B 747kB/s
[1A[2K[1A[2KCollecting 2,753 genome records [================================================] 100% 2753/2753
Downloading: data/raw/refseq_genomes/Pseudomonadota/genomes.zip    847B 747kB/s
[1A[2K[1A[2KCollecting 2,753 genome records [================================================] 100% 2753/2753
Downloading: data/raw/refseq_genomes/Pseudomonadota/genomes.zip    847B 747kB/s
[1A[2K[1A[2KCollecting 2,753 genome records [================================================] 100% 2753/2753
Downloading: data/raw/refseq_genomes/Pseudomonadota/genomes.zip    847B 747kB/s
[1A[2K[1A[2KCollecting 2,753 genome records [================================================] 100% 2753/2753
Downloading: data/raw/refseq_genomes/Pseudomonadota/genomes.zip    847B 747kB/s
[1A[2K[1A[2KCollecting 2,753 genome records [================================================] 100% 2753/2753
Downloading: data/raw/refseq_genomes/Pseudomonadota/genomes.zip    847B 747kB/s
[1A[2K[1A[2KCollecting 2,753 genome records [================================================] 100% 2753/2753
Downloading: data/raw/refseq_genomes/Pseudomonadota/genomes.zip    847B 747kB/s
[1A[2K[1A[2KCollecting 2,753 genome records [================================================] 100% 2753/2753
Downloading: data/raw/refseq_genomes/Pseudomonadota/genomes.zip    847B 747kB/s
[1A[2K[1A[2KCollecting 2,753 genome records [================================================] 100% 2753/2753
Downloading: data/raw/refseq_genomes/Pseudomonadota/genomes.zip    847B 747kB/s
[1A[2K[1A[2KCollecting 2,753 genome records [================================================] 100% 2753/2753
Downloading: data/raw/refseq_genomes/Pseudomonadota/genomes.zip    847B 747kB/s
[1A[2K[1A[2KCollecting 2,753 genome records [================================================] 100% 2753/2753
Downloading: data/raw/refseq_genomes/Pseudomonadota/genomes.zip    847B 747kB/s
[1A[2K[1A[2KCollecting 2,753 genome records [================================================] 100% 2753/2753
Downloading: data/raw/refseq_genomes/Pseudomonadota/genomes.zip    847B 747kB/s
[1A[2K[1A[2KCollecting 2,753 genome records [================================================] 100% 2753/2753
Downloading: data/raw/refseq_genomes/Pseudomonadota/genomes.zip    847B 747kB/s
[1A[2K[1A[2KCollecting 2,753 genome records [================================================] 100% 2753/2753
Downloading: data/raw/refseq_genomes/Pseudomonadota/genomes.zip    847B 747kB/s
[1A[2K[1A[2KCollecting 2,753 genome records [================================================] 100% 2753/2753
Downloading: data/raw/refseq_genomes/Pseudomonadota/genomes.zip    847B 747kB/s
[1A[2K[1A[2KCollecting 2,753 genome records [================================================] 100% 2753/2753
Downloading: data/raw/refseq_genomes/Pseudomonadota/genomes.zip    847B 747kB/s
[1A[2K[1A[2KCollecting 2,753 genome records [================================================] 100% 2753/2753
Downloading: data/raw/refseq_genomes/Pseudomonadota/genomes.zip    847B 747kB/s
[1A[2K[1A[2KCollecting 2,753 genome records [================================================] 100% 2753/2753
Downloading: data/raw/refseq_genomes/Pseudomonadota/genomes.zip    847B 747kB/s
[1A[2K[1A[2KCollecting 2,753 genome records [================================================] 100% 2753/2753
Downloading: data/raw/refseq_genomes/Pseudomonadota/genomes.zip    847B 747kB/s
[1A[2K[1A[2KCollecting 2,753 genome records [================================================] 100% 2753/2753
Downloading: data/raw/refseq_genomes/Pseudomonadota/genomes.zip    847B 747kB/s
[1A[2K[1A[2KCollecting 2,753 genome records [================================================] 100% 2753/2753
Downloading: data/raw/refseq_genomes/Pseudomonadota/genomes.zip    847B 747kB/s
[1A[2K[1A[2KCollecting 2,753 genome records [================================================] 100% 2753/2753
Downloading: data/raw/refseq_genomes/Pseudomonadota/genomes.zip    847B 747kB/s
[1A[2K[1A[2KCollecting 2,753 genome records [================================================] 100% 2753/2753
Downloading: data/raw/refseq_genomes/Pseudomonadota/genomes.zip    847B 747kB/s
[1A[2K[1A[2KCollecting 2,753 genome records [================================================] 100% 2753/2753
Downloading: data/raw/refseq_genomes/Pseudomonadota/genomes.zip    847B 747kB/s
[1A[2K[1A[2KCollecting 2,753 genome records [================================================] 100% 2753/2753
Downloading: data/raw/refseq_genomes/Pseudomonadota/genomes.zip    847B 747kB/s
[1A[2K[1A[2KCollecting 2,753 genome records [================================================] 100% 2753/2753
Downloading: data/raw/refseq_genomes/Pseudomonadota/genomes.zip    847B 747kB/s
[1A[2K[1A[2KCollecting 2,753 genome records [================================================] 100% 2753/2753
Downloading: data/raw/refseq_genomes/Pseudomonadota/genomes.zip    32.8kB 53kB/s
[1A[2K[1A[2KCollecting 2,753 genome records [================================================] 100% 2753/2753
Downloading: data/raw/refseq_genomes/Pseudomonadota/genomes.zip    32.8kB 53kB/s
[1A[2K[1A[2KCollecting 2,753 genome records [================================================] 100% 2753/2753
Downloading: data/raw/refseq_genomes/Pseudomonadota/genomes.zip    32.8kB 53kB/s
[1A[2K[1A[2KCollecting 2,753 genome records [================================================] 100% 2753/2753
Downloading: data/raw/refseq_genomes/Pseudomonadota/genomes.zip    32.8kB 53kB/s
[1A[2K[1A[2KCollecting 2,753 genome records [================================================] 100% 2753/2753
Downloading: data/raw/refseq_genomes/Pseudomonadota/genomes.zip    32.8kB 53kB/s
[1A[2K[1A[2KCollecting 2,753 genome records [================================================] 100% 2753/2753
Downloading: data/raw/refseq_genomes/Pseudomonadota/genomes.zip    32.8kB 53kB/s
[1A[2K[1A[2KCollecting 2,753 genome records [================================================] 100% 2753/2753
Downloading: data/raw/refseq_genomes/Pseudomonadota/genomes.zip    32.8kB 53kB/s
[1A[2K[1A[2KCollecting 2,753 genome records [================================================] 100% 2753/2753
Downloading: data/raw/refseq_genomes/Pseudomonadota/genomes.zip    65.5kB 95.8kB/s
[1A[2K[1A[2KCollecting 2,753 genome records [================================================] 100% 2753/2753
Downloading: data/raw/refseq_genomes/Pseudomonadota/genomes.zip    65.5kB 95.8kB/s
[1A[2K[1A[2KCollecting 2,753 genome records [================================================] 100% 2753/2753
Downloading: data/raw/refseq_genomes/Pseudomonadota/genomes.zip    65.5kB 95.8kB/s
[1A[2K[1A[2KCollecting 2,753 genome records [================================================] 100% 2753/2753
Downloading: data/raw/refseq_genomes/Pseudomonadota/genomes.zip    65.5kB 95.8kB/s
[1A[2K[1A[2KCollecting 2,753 genome records [================================================] 100% 2753/2753
Downloading: data/raw/refseq_genomes/Pseudomonadota/genomes.zip    65.5kB 95.8kB/s
[1A[2K[1A[2KCollecting 2,753 genome records [================================================] 100% 2753/2753
Downloading: data/raw/refseq_genomes/Pseudomonadota/genomes.zip    65.5kB 95.8kB/s
[1A[2K[1A[2KCollecting 2,753 genome records [================================================] 100% 2753/2753
Downloading: data/raw/refseq_genomes/Pseudomonadota/genomes.zip    65.5kB 95.8kB/s
[1A[2K[1A[2KCollecting 2,753 genome records [================================================] 100% 2753/2753
Downloading: data/raw/refseq_genomes/Pseudomonadota/genomes.zip    164kB 213kB/s
[1A[2K[1A[2KCollecting 2,753 genome records [================================================] 100% 2753/2753
Downloading: data/raw/refseq_genomes/Pseudomonadota/genomes.zip    197kB 253kB/s
[1A[2K[1A[2KCollecting 2,753 genome records [================================================] 100% 2753/2753
Downloading: data/raw/refseq_genomes/Pseudomonadota/genomes.zip    197kB 253kB/s
[1A[2K[1A[2KCollecting 2,753 genome records [================================================] 100% 2753/2753
Downloading: data/raw/refseq_genomes/Pseudomonadota/genomes.zip    197kB 253kB/s
[1A[2K[1A[2KCollecting 2,753 genome records [================================================] 100% 2753/2753
Downloading: data/raw/refseq_genomes/Pseudomonadota/genomes.zip    197kB 253kB/s
[1A[2K[1A[2KCollecting 2,753 genome records [================================================] 100% 2753/2753
Downloading: data/raw/refseq_genomes/Pseudomonadota/genomes.zip    197kB 253kB/s
[1A[2K[1A[2KCollecting 2,753 genome records [================================================] 100% 2753/2753
Downloading: data/raw/refseq_genomes/Pseudomonadota/genomes.zip    229kB 275kB/s
[1A[2K[1A[2KCollecting 2,753 genome records [================================================] 100% 2753/2753
Downloading: data/raw/refseq_genomes/Pseudomonadota/genomes.zip    337kB 399kB/s
[1A[2K[1A[2KCollecting 2,753 genome records [================================================] 100% 2753/2753
Downloading: data/raw/refseq_genomes/Pseudomonadota/genomes.zip    337kB 399kB/s
[1A[2K[1A[2KCollecting 2,753 genome records [================================================] 100% 2753/2753
Downloading: data/raw/refseq_genomes/Pseudomonadota/genomes.zip    337kB 399kB/s
[1A[2K[1A[2KCollecting 2,753 genome records [================================================] 100% 2753/2753
Downloading: data/raw/refseq_genomes/Pseudomonadota/genomes.zip    337kB 399kB/s
[1A[2K[1A[2KCollecting 2,753 genome records [================================================] 100% 2753/2753
Downloading: data/raw/refseq_genomes/Pseudomonadota/genomes.zip    337kB 399kB/s
[1A[2K[1A[2KCollecting 2,753 genome records [================================================] 100% 2753/2753
Downloading: data/raw/refseq_genomes/Pseudomonadota/genomes.zip    337kB 399kB/s
[1A[2K[1A[2KCollecting 2,753 genome records [================================================] 100% 2753/2753
Downloading: data/raw/refseq_genomes/Pseudomonadota/genomes.zip    337kB 399kB/s
[1A[2K[1A[2KCollecting 2,753 genome records [================================================] 100% 2753/2753
Downloading: data/raw/refseq_genomes/Pseudomonadota/genomes.zip    337kB 399kB/s
[1A[2K[1A[2KCollecting 2,753 genome records [================================================] 100% 2753/2753
Downloading: data/raw/refseq_genomes/Pseudomonadota/genomes.zip    337kB 399kB/s
[1A[2K[1A[2KCollecting 2,753 genome records [================================================] 100% 2753/2753
Downloading: data/raw/refseq_genomes/Pseudomonadota/genomes.zip    337kB 399kB/s
[1A[2K[1A[2KCollecting 2,753 genome records [================================================] 100% 2753/2753
Downloading: data/raw/refseq_genomes/Pseudomonadota/genomes.zip    337kB 399kB/s
[1A[2K[1A[2KCollecting 2,753 genome records [================================================] 100% 2753/2753
Downloading: data/raw/refseq_genomes/Pseudomonadota/genomes.zip    337kB 399kB/s
[1A[2K[1A[2KCollecting 2,753 genome records [================================================] 100% 2753/2753
Downloading: data/raw/refseq_genomes/Pseudomonadota/genomes.zip    337kB 399kB/s
[1A[2K[1A[2KCollecting 2,753 genome records [================================================] 100% 2753/2753
Downloading: data/raw/refseq_genomes/Pseudomonadota/genomes.zip    337kB 399kB/s
[1A[2K[1A[2KCollecting 2,753 genome records [================================================] 100% 2753/2753
Downloading: data/raw/refseq_genomes/Pseudomonadota/genomes.zip    337kB 399kB/s
[1A[2K[1A[2KCollecting 2,753 genome records [================================================] 100% 2753/2753
Downloading: data/raw/refseq_genomes/Pseudomonadota/genomes.zip    337kB 399kB/s
[1A[2K[1A[2KCollecting 2,753 genome records [================================================] 100% 2753/2753
Downloading: data/raw/refseq_genomes/Pseudomonadota/genomes.zip    337kB 399kB/s
[1A[2K[1A[2KCollecting 2,753 genome records [================================================] 100% 2753/2753
Downloading: data/raw/refseq_genomes/Pseudomonadota/genomes.zip    337kB 399kB/s
[1A[2K[1A[2KCollecting 2,753 genome records [================================================] 100% 2753/2753
Downloading: data/raw/refseq_genomes/Pseudomonadota/genomes.zip    337kB 399kB/s
[1A[2K[1A[2KCollecting 2,753 genome records [================================================] 100% 2753/2753
Downloading: data/raw/refseq_genomes/Pseudomonadota/genomes.zip    337kB 399kB/s
[1A[2K[1A[2KCollecting 2,753 genome records [================================================] 100% 2753/2753
Downloading: data/raw/refseq_genomes/Pseudomonadota/genomes.zip    337kB 399kB/s
[1A[2K[1A[2KCollecting 2,753 genome records [================================================] 100% 2753/2753
Downloading: data/raw/refseq_genomes/Pseudomonadota/genomes.zip    338kB 317kB/s
[1A[2K[1A[2KCollecting 2,753 genome records [================================================] 100% 2753/2753
Downloading: data/raw/refseq_genomes/Pseudomonadota/genomes.zip    492kB 455kB/s
[1A[2K[1A[2KCollecting 2,753 genome records [================================================] 100% 2753/2753
Downloading: data/raw/refseq_genomes/Pseudomonadota/genomes.zip    590kB 540kB/s
[1A[2K[1A[2KCollecting 2,753 genome records [================================================] 100% 2753/2753
Downloading: data/raw/refseq_genomes/Pseudomonadota/genomes.zip    590kB 540kB/s
[1A[2K[1A[2KCollecting 2,753 genome records [================================================] 100% 2753/2753
Downloading: data/raw/refseq_genomes/Pseudomonadota/genomes.zip    590kB 540kB/s
[1A[2K[1A[2KCollecting 2,753 genome records [================================================] 100% 2753/2753
Downloading: data/raw/refseq_genomes/Pseudomonadota/genomes.zip    590kB 540kB/s
[1A[2K[1A[2KCollecting 2,753 genome records [================================================] 100% 2753/2753
Downloading: data/raw/refseq_genomes/Pseudomonadota/genomes.zip    590kB 540kB/s
[1A[2K[1A[2KCollecting 2,753 genome records [================================================] 100% 2753/2753
Downloading: data/raw/refseq_genomes/Pseudomonadota/genomes.zip    590kB 540kB/s
[1A[2K[1A[2KCollecting 2,753 genome records [================================================] 100% 2753/2753
Downloading: data/raw/refseq_genomes/Pseudomonadota/genomes.zip    674kB 588kB/s
[1A[2K[1A[2KCollecting 2,753 genome records [================================================] 100% 2753/2753
Downloading: data/raw/refseq_genomes/Pseudomonadota/genomes.zip    674kB 588kB/s
[1A[2K[1A[2KCollecting 2,753 genome records [================================================] 100% 2753/2753
Downloading: data/raw/refseq_genomes/Pseudomonadota/genomes.zip    674kB 588kB/s
[1A[2K[1A[2KCollecting 2,753 genome records [================================================] 100% 2753/2753
Downloading: data/raw/refseq_genomes/Pseudomonadota/genomes.zip    674kB 588kB/s
[1A[2K[1A[2KCollecting 2,753 genome records [================================================] 100% 2753/2753
Downloading: data/raw/refseq_genomes/Pseudomonadota/genomes.zip    674kB 588kB/s
[1A[2K[1A[2KCollecting 2,753 genome records [================================================] 100% 2753/2753
Downloading: data/raw/refseq_genomes/Pseudomonadota/genomes.zip    674kB 588kB/s
[1A[2K[1A[2KCollecting 2,753 genome records [================================================] 100% 2753/2753
Downloading: data/raw/refseq_genomes/Pseudomonadota/genomes.zip    674kB 588kB/s
[1A[2K[1A[2KCollecting 2,753 genome records [================================================] 100% 2753/2753
Downloading: data/raw/refseq_genomes/Pseudomonadota/genomes.zip    674kB 588kB/s
[1A[2K[1A[2KCollecting 2,753 genome records [================================================] 100% 2753/2753
Downloading: data/raw/refseq_genomes/Pseudomonadota/genomes.zip    674kB 588kB/s
[1A[2K[1A[2KCollecting 2,753 genome records [================================================] 100% 2753/2753
Downloading: data/raw/refseq_genomes/Pseudomonadota/genomes.zip    674kB 588kB/s
[1A[2K[1A[2KCollecting 2,753 genome records [================================================] 100% 2753/2753
Downloading: data/raw/refseq_genomes/Pseudomonadota/genomes.zip    674kB 588kB/s
[1A[2K[1A[2KCollecting 2,753 genome records [================================================] 100% 2753/2753
Downloading: data/raw/refseq_genomes/Pseudomonadota/genomes.zip    674kB 588kB/s
[1A[2K[1A[2KCollecting 2,753 genome records [================================================] 100% 2753/2753
Downloading: data/raw/refseq_genomes/Pseudomonadota/genomes.zip    674kB 588kB/s
[1A[2K[1A[2KCollecting 2,753 genome records [================================================] 100% 2753/2753
Downloading: data/raw/refseq_genomes/Pseudomonadota/genomes.zip    674kB 588kB/s
[1A[2K[1A[2KCollecting 2,753 genome records [================================================] 100% 2753/2753
Downloading: data/raw/refseq_genomes/Pseudomonadota/genomes.zip    674kB 588kB/s
[1A[2K[1A[2KCollecting 2,753 genome records [================================================] 100% 2753/2753
Downloading: data/raw/refseq_genomes/Pseudomonadota/genomes.zip    674kB 588kB/s
[1A[2K[1A[2KCollecting 2,753 genome records [================================================] 100% 2753/2753
Downloading: data/raw/refseq_genomes/Pseudomonadota/genomes.zip    674kB 588kB/s
[1A[2K[1A[2KCollecting 2,753 genome records [================================================] 100% 2753/2753
Downloading: data/raw/refseq_genomes/Pseudomonadota/genomes.zip    674kB 588kB/s
[1A[2K[1A[2KCollecting 2,753 genome records [================================================] 100% 2753/2753
Downloading: data/raw/refseq_genomes/Pseudomonadota/genomes.zip    674kB 588kB/s
[1A[2K[1A[2KCollecting 2,753 genome records [================================================] 100% 2753/2753
Downloading: data/raw/refseq_genomes/Pseudomonadota/genomes.zip    674kB 588kB/s
[1A[2K[1A[2KCollecting 2,753 genome records [================================================] 100% 2753/2753
Downloading: data/raw/refseq_genomes/Pseudomonadota/genomes.zip    674kB 588kB/s
[1A[2K[1A[2KCollecting 2,753 genome records [================================================] 100% 2753/2753
Downloading: data/raw/refseq_genomes/Pseudomonadota/genomes.zip    674kB 588kB/s
[1A[2K[1A[2KCollecting 2,753 genome records [================================================] 100% 2753/2753
Downloading: data/raw/refseq_genomes/Pseudomonadota/genomes.zip    674kB 588kB/s
[1A[2K[1A[2KCollecting 2,753 genome records [================================================] 100% 2753/2753
Downloading: data/raw/refseq_genomes/Pseudomonadota/genomes.zip    674kB 588kB/s
[1A[2K[1A[2KCollecting 2,753 genome records [================================================] 100% 2753/2753
Downloading: data/raw/refseq_genomes/Pseudomonadota/genomes.zip    674kB 588kB/s
[1A[2K[1A[2KCollecting 2,753 genome records [================================================] 100% 2753/2753
Downloading: data/raw/refseq_genomes/Pseudomonadota/genomes.zip    674kB 588kB/s
[1A[2K[1A[2KCollecting 2,753 genome records [================================================] 100% 2753/2753
Downloading: data/raw/refseq_genomes/Pseudomonadota/genomes.zip    674kB 588kB/s
[1A[2K[1A[2KCollecting 2,753 genome records [================================================] 100% 2753/2753
Downloading: data/raw/refseq_genomes/Pseudomonadota/genomes.zip    674kB 588kB/s
[1A[2K[1A[2KCollecting 2,753 genome records [================================================] 100% 2753/2753
Downloading: data/raw/refseq_genomes/Pseudomonadota/genomes.zip    674kB 588kB/s
[1A[2K[1A[2KCollecting 2,753 genome records [================================================] 100% 2753/2753
Downloading: data/raw/refseq_genomes/Pseudomonadota/genomes.zip    674kB 588kB/s
[1A[2K[1A[2KCollecting 2,753 genome records [================================================] 100% 2753/2753
Downloading: data/raw/refseq_genomes/Pseudomonadota/genomes.zip    674kB 588kB/s
[1A[2K[1A[2KCollecting 2,753 genome records [================================================] 100% 2753/2753
Downloading: data/raw/refseq_genomes/Pseudomonadota/genomes.zip    674kB 588kB/s
[1A[2K[1A[2KCollecting 2,753 genome records [================================================] 100% 2753/2753
Downloading: data/raw/refseq_genomes/Pseudomonadota/genomes.zip    674kB 588kB/s
[1A[2K[1A[2KCollecting 2,753 genome records [================================================] 100% 2753/2753
Downloading: data/raw/refseq_genomes/Pseudomonadota/genomes.zip    674kB 588kB/s
[1A[2K[1A[2KCollecting 2,753 genome records [================================================] 100% 2753/2753
Downloading: data/raw/refseq_genomes/Pseudomonadota/genomes.zip    674kB 588kB/s
[1A[2K[1A[2KCollecting 2,753 genome records [================================================] 100% 2753/2753
Downloading: data/raw/refseq_genomes/Pseudomonadota/genomes.zip    674kB 588kB/s
[1A[2K[1A[2KCollecting 2,753 genome records [================================================] 100% 2753/2753
Downloading: data/raw/refseq_genomes/Pseudomonadota/genomes.zip    674kB 588kB/s
[1A[2K[1A[2KCollecting 2,753 genome records [================================================] 100% 2753/2753
Downloading: data/raw/refseq_genomes/Pseudomonadota/genomes.zip    674kB 588kB/s
[1A[2K[1A[2KCollecting 2,753 genome records [================================================] 100% 2753/2753
Downloading: data/raw/refseq_genomes/Pseudomonadota/genomes.zip    674kB 588kB/s
[1A[2K[1A[2KCollecting 2,753 genome records [================================================] 100% 2753/2753
Downloading: data/raw/refseq_genomes/Pseudomonadota/genomes.zip    674kB 588kB/s
[1A[2K[1A[2KCollecting 2,753 genome records [================================================] 100% 2753/2753
Downloading: data/raw/refseq_genomes/Pseudomonadota/genomes.zip    674kB 588kB/s
[1A[2K[1A[2KCollecting 2,753 genome records [================================================] 100% 2753/2753
Downloading: data/raw/refseq_genomes/Pseudomonadota/genomes.zip    674kB 588kB/s
[1A[2K[1A[2KCollecting 2,753 genome records [================================================] 100% 2753/2753
Downloading: data/raw/refseq_genomes/Pseudomonadota/genomes.zip    674kB 588kB/s
[1A[2K[1A[2KCollecting 2,753 genome records [================================================] 100% 2753/2753
Downloading: data/raw/refseq_genomes/Pseudomonadota/genomes.zip    674kB 588kB/s
[1A[2K[1A[2KCollecting 2,753 genome records [================================================] 100% 2753/2753
Downloading: data/raw/refseq_genomes/Pseudomonadota/genomes.zip    674kB 588kB/s
[1A[2K[1A[2KCollecting 2,753 genome records [================================================] 100% 2753/2753
Downloading: data/raw/refseq_genomes/Pseudomonadota/genomes.zip    674kB 588kB/s
[1A[2K[1A[2KCollecting 2,753 genome records [================================================] 100% 2753/2753
Downloading: data/raw/refseq_genomes/Pseudomonadota/genomes.zip    674kB 588kB/s
[1A[2K[1A[2KCollecting 2,753 genome records [================================================] 100% 2753/2753
Downloading: data/raw/refseq_genomes/Pseudomonadota/genomes.zip    674kB 588kB/s
[1A[2K[1A[2KCollecting 2,753 genome records [================================================] 100% 2753/2753
Downloading: data/raw/refseq_genomes/Pseudomonadota/genomes.zip    674kB 588kB/s
[1A[2K[1A[2KCollecting 2,753 genome records [================================================] 100% 2753/2753
Downloading: data/raw/refseq_genomes/Pseudomonadota/genomes.zip    674kB 588kB/s
[1A[2K[1A[2KCollecting 2,753 genome records [================================================] 100% 2753/2753
Downloading: data/raw/refseq_genomes/Pseudomonadota/genomes.zip    674kB 588kB/s
[1A[2K[1A[2KCollecting 2,753 genome records [================================================] 100% 2753/2753
Downloading: data/raw/refseq_genomes/Pseudomonadota/genomes.zip    674kB 588kB/s
[1A[2K[1A[2KCollecting 2,753 genome records [================================================] 100% 2753/2753
Downloading: data/raw/refseq_genomes/Pseudomonadota/genomes.zip    674kB 588kB/s
[1A[2K[1A[2KCollecting 2,753 genome records [================================================] 100% 2753/2753
Downloading: data/raw/refseq_genomes/Pseudomonadota/genomes.zip    674kB 588kB/s
[1A[2K[1A[2KCollecting 2,753 genome records [================================================] 100% 2753/2753
Downloading: data/raw/refseq_genomes/Pseudomonadota/genomes.zip    674kB 588kB/s
[1A[2K[1A[2KCollecting 2,753 genome records [================================================] 100% 2753/2753
Downloading: data/raw/refseq_genomes/Pseudomonadota/genomes.zip    674kB 588kB/s
[1A[2K[1A[2KCollecting 2,753 genome records [================================================] 100% 2753/2753
Downloading: data/raw/refseq_genomes/Pseudomonadota/genomes.zip    674kB 588kB/s
[1A[2K[1A[2KCollecting 2,753 genome records [================================================] 100% 2753/2753
Downloading: data/raw/refseq_genomes/Pseudomonadota/genomes.zip    674kB 588kB/s
[1A[2K[1A[2KCollecting 2,753 genome records [================================================] 100% 2753/2753
Downloading: data/raw/refseq_genomes/Pseudomonadota/genomes.zip    674kB 588kB/s
[1A[2K[1A[2KCollecting 2,753 genome records [================================================] 100% 2753/2753
Downloading: data/raw/refseq_genomes/Pseudomonadota/genomes.zip    674kB 588kB/s
[1A[2K[1A[2KCollecting 2,753 genome records [================================================] 100% 2753/2753
Downloading: data/raw/refseq_genomes/Pseudomonadota/genomes.zip    674kB 588kB/s
[1A[2K[1A[2KCollecting 2,753 genome records [================================================] 100% 2753/2753
Downloading: data/raw/refseq_genomes/Pseudomonadota/genomes.zip    674kB 588kB/s
[1A[2K[1A[2KCollecting 2,753 genome records [================================================] 100% 2753/2753
Downloading: data/raw/refseq_genomes/Pseudomonadota/genomes.zip    674kB 588kB/s
[1A[2K[1A[2KCollecting 2,753 genome records [================================================] 100% 2753/2753
Downloading: data/raw/refseq_genomes/Pseudomonadota/genomes.zip    674kB 588kB/s
[1A[2K[1A[2KCollecting 2,753 genome records [================================================] 100% 2753/2753
Downloading: data/raw/refseq_genomes/Pseudomonadota/genomes.zip    674kB 588kB/s
[1A[2K[1A[2KCollecting 2,753 genome records [================================================] 100% 2753/2753
Downloading: data/raw/refseq_genomes/Pseudomonadota/genomes.zip    674kB 588kB/s
[1A[2K[1A[2KCollecting 2,753 genome records [================================================] 100% 2753/2753
Downloading: data/raw/refseq_genomes/Pseudomonadota/genomes.zip    674kB 588kB/s
[1A[2K[1A[2KCollecting 2,753 genome records [================================================] 100% 2753/2753
Downloading: data/raw/refseq_genomes/Pseudomonadota/genomes.zip    674kB 588kB/s
[1A[2K[1A[2KCollecting 2,753 genome records [================================================] 100% 2753/2753
Downloading: data/raw/refseq_genomes/Pseudomonadota/genomes.zip    674kB 588kB/s
[1A[2K[1A[2KCollecting 2,753 genome records [================================================] 100% 2753/2753
Downloading: data/raw/refseq_genomes/Pseudomonadota/genomes.zip    674kB 588kB/s
[1A[2K[1A[2KCollecting 2,753 genome records [================================================] 100% 2753/2753
Downloading: data/raw/refseq_genomes/Pseudomonadota/genomes.zip    674kB 588kB/s
[1A[2K[1A[2KCollecting 2,753 genome records [================================================] 100% 2753/2753
Downloading: data/raw/refseq_genomes/Pseudomonadota/genomes.zip    674kB 588kB/s
[1A[2K[1A[2KCollecting 2,753 genome records [================================================] 100% 2753/2753
Downloading: data/raw/refseq_genomes/Pseudomonadota/genomes.zip    674kB 588kB/s
[1A[2K[1A[2KCollecting 2,753 genome records [================================================] 100% 2753/2753
Downloading: data/raw/refseq_genomes/Pseudomonadota/genomes.zip    674kB 588kB/s
[1A[2K[1A[2KCollecting 2,753 genome records [================================================] 100% 2753/2753
Downloading: data/raw/refseq_genomes/Pseudomonadota/genomes.zip    674kB 588kB/s
[1A[2K[1A[2KCollecting 2,753 genome records [================================================] 100% 2753/2753
Downloading: data/raw/refseq_genomes/Pseudomonadota/genomes.zip    754kB 381kB/s
[1A[2K[1A[2KCollecting 2,753 genome records [================================================] 100% 2753/2753
Downloading: data/raw/refseq_genomes/Pseudomonadota/genomes.zip    819kB 413kB/s
[1A[2K[1A[2KCollecting 2,753 genome records [================================================] 100% 2753/2753
Downloading: data/raw/refseq_genomes/Pseudomonadota/genomes.zip    819kB 413kB/s
[1A[2K[1A[2KCollecting 2,753 genome records [================================================] 100% 2753/2753
Downloading: data/raw/refseq_genomes/Pseudomonadota/genomes.zip    819kB 413kB/s
[1A[2K[1A[2KCollecting 2,753 genome records [================================================] 100% 2753/2753
Downloading: data/raw/refseq_genomes/Pseudomonadota/genomes.zip    819kB 413kB/s
[1A[2K[1A[2KCollecting 2,753 genome records [================================================] 100% 2753/2753
Downloading: data/raw/refseq_genomes/Pseudomonadota/genomes.zip    819kB 413kB/s
[1A[2K[1A[2KCollecting 2,753 genome records [================================================] 100% 2753/2753
Downloading: data/raw/refseq_genomes/Pseudomonadota/genomes.zip    1.04MB 511kB/s
[1A[2K[1A[2KCollecting 2,753 genome records [================================================] 100% 2753/2753
Downloading: data/raw/refseq_genomes/Pseudomonadota/genomes.zip    1.04MB 511kB/s
[1A[2K[1A[2KCollecting 2,753 genome records [================================================] 100% 2753/2753
Downloading: data/raw/refseq_genomes/Pseudomonadota/genomes.zip    1.04MB 511kB/s
[1A[2K[1A[2KCollecting 2,753 genome records [================================================] 100% 2753/2753
Downloading: data/raw/refseq_genomes/Pseudomonadota/genomes.zip    1.04MB 511kB/s
[1A[2K[1A[2KCollecting 2,753 genome records [================================================] 100% 2753/2753
Downloading: data/raw/refseq_genomes/Pseudomonadota/genomes.zip    1.04MB 511kB/s
[1A[2K[1A[2KCollecting 2,753 genome records [================================================] 100% 2753/2753
Downloading: data/raw/refseq_genomes/Pseudomonadota/genomes.zip    1.04MB 511kB/s
[1A[2K[1A[2KCollecting 2,753 genome records [================================================] 100% 2753/2753
Downloading: data/raw/refseq_genomes/Pseudomonadota/genomes.zip    1.04MB 511kB/s
[1A[2K[1A[2KCollecting 2,753 genome records [================================================] 100% 2753/2753
Downloading: data/raw/refseq_genomes/Pseudomonadota/genomes.zip    1.04MB 511kB/s
[1A[2K[1A[2KCollecting 2,753 genome records [================================================] 100% 2753/2753
Downloading: data/raw/refseq_genomes/Pseudomonadota/genomes.zip    1.04MB 511kB/s
[1A[2K[1A[2KCollecting 2,753 genome records [================================================] 100% 2753/2753
Downloading: data/raw/refseq_genomes/Pseudomonadota/genomes.zip    1.04MB 511kB/s
[1A[2K[1A[2KCollecting 2,753 genome records [================================================] 100% 2753/2753
Downloading: data/raw/refseq_genomes/Pseudomonadota/genomes.zip    1.04MB 511kB/s
[1A[2K[1A[2KCollecting 2,753 genome records [================================================] 100% 2753/2753
Downloading: data/raw/refseq_genomes/Pseudomonadota/genomes.zip    1.04MB 511kB/s
[1A[2K[1A[2KCollecting 2,753 genome records [================================================] 100% 2753/2753
Downloading: data/raw/refseq_genomes/Pseudomonadota/genomes.zip    1.04MB 511kB/s
[1A[2K[1A[2KCollecting 2,753 genome records [================================================] 100% 2753/2753
Downloading: data/raw/refseq_genomes/Pseudomonadota/genomes.zip    1.04MB 511kB/s
[1A[2K[1A[2KCollecting 2,753 genome records [================================================] 100% 2753/2753
Downloading: data/raw/refseq_genomes/Pseudomonadota/genomes.zip    1.04MB 511kB/s
[1A[2K[1A[2KCollecting 2,753 genome records [================================================] 100% 2753/2753
Downloading: data/raw/refseq_genomes/Pseudomonadota/genomes.zip    1.04MB 511kB/s
[1A[2K[1A[2KCollecting 2,753 genome records [================================================] 100% 2753/2753
Downloading: data/raw/refseq_genomes/Pseudomonadota/genomes.zip    1.04MB 511kB/s
[1A[2K[1A[2KCollecting 2,753 genome records [================================================] 100% 2753/2753
Downloading: data/raw/refseq_genomes/Pseudomonadota/genomes.zip    1.04MB 511kB/s
[1A[2K[1A[2KCollecting 2,753 genome records [================================================] 100% 2753/2753
Downloading: data/raw/refseq_genomes/Pseudomonadota/genomes.zip    1.04MB 511kB/s
[1A[2K[1A[2KCollecting 2,753 genome records [================================================] 100% 2753/2753
Downloading: data/raw/refseq_genomes/Pseudomonadota/genomes.zip    1.04MB 511kB/s
[1A[2K[1A[2KCollecting 2,753 genome records [================================================] 100% 2753/2753
Downloading: data/raw/refseq_genomes/Pseudomonadota/genomes.zip    1.04MB 511kB/s
[1A[2K[1A[2KCollecting 2,753 genome records [================================================] 100% 2753/2753
Downloading: data/raw/refseq_genomes/Pseudomonadota/genomes.zip    1.04MB 511kB/s
[1A[2K[1A[2KCollecting 2,753 genome records [================================================] 100% 2753/2753
Downloading: data/raw/refseq_genomes/Pseudomonadota/genomes.zip    1.04MB 511kB/s
[1A[2K[1A[2KCollecting 2,753 genome records [================================================] 100% 2753/2753
Downloading: data/raw/refseq_genomes/Pseudomonadota/genomes.zip    1.04MB 511kB/s
[1A[2K[1A[2KCollecting 2,753 genome records [================================================] 100% 2753/2753
Downloading: data/raw/refseq_genomes/Pseudomonadota/genomes.zip    1.04MB 511kB/s
[1A[2K[1A[2KCollecting 2,753 genome records [================================================] 100% 2753/2753
Downloading: data/raw/refseq_genomes/Pseudomonadota/genomes.zip    1.04MB 511kB/s
[1A[2K[1A[2KCollecting 2,753 genome records [================================================] 100% 2753/2753
Downloading: data/raw/refseq_genomes/Pseudomonadota/genomes.zip    1.04MB 511kB/s
[1A[2K[1A[2KCollecting 2,753 genome records [================================================] 100% 2753/2753
Downloading: data/raw/refseq_genomes/Pseudomonadota/genomes.zip    1.05MB 448kB/s
[1A[2K[1A[2KCollecting 2,753 genome records [================================================] 100% 2753/2753
Downloading: data/raw/refseq_genomes/Pseudomonadota/genomes.zip    1.28MB 545kB/s
[1A[2K[1A[2KCollecting 2,753 genome records [================================================] 100% 2753/2753
Downloading: data/raw/refseq_genomes/Pseudomonadota/genomes.zip    1.28MB 545kB/s
[1A[2K[1A[2KCollecting 2,753 genome records [================================================] 100% 2753/2753
Downloading: data/raw/refseq_genomes/Pseudomonadota/genomes.zip    1.28MB 545kB/s
[1A[2K[1A[2KCollecting 2,753 genome records [================================================] 100% 2753/2753
Downloading: data/raw/refseq_genomes/Pseudomonadota/genomes.zip    1.28MB 545kB/s
[1A[2K[1A[2KCollecting 2,753 genome records [================================================] 100% 2753/2753
Downloading: data/raw/refseq_genomes/Pseudomonadota/genomes.zip    1.28MB 545kB/s
[1A[2K[1A[2KCollecting 2,753 genome records [================================================] 100% 2753/2753
Downloading: data/raw/refseq_genomes/Pseudomonadota/genomes.zip    1.28MB 545kB/s
[1A[2K[1A[2KCollecting 2,753 genome records [================================================] 100% 2753/2753
Downloading: data/raw/refseq_genomes/Pseudomonadota/genomes.zip    1.28MB 545kB/s
[1A[2K[1A[2KCollecting 2,753 genome records [================================================] 100% 2753/2753
Downloading: data/raw/refseq_genomes/Pseudomonadota/genomes.zip    1.38MB 570kB/s
[1A[2K[1A[2KCollecting 2,753 genome records [================================================] 100% 2753/2753
Downloading: data/raw/refseq_genomes/Pseudomonadota/genomes.zip    1.38MB 570kB/s
[1A[2K[1A[2KCollecting 2,753 genome records [================================================] 100% 2753/2753
Downloading: data/raw/refseq_genomes/Pseudomonadota/genomes.zip    1.38MB 570kB/s
[1A[2K[1A[2KCollecting 2,753 genome records [================================================] 100% 2753/2753
Downloading: data/raw/refseq_genomes/Pseudomonadota/genomes.zip    1.38MB 570kB/s
[1A[2K[1A[2KCollecting 2,753 genome records [================================================] 100% 2753/2753
Downloading: data/raw/refseq_genomes/Pseudomonadota/genomes.zip    1.38MB 570kB/s
[1A[2K[1A[2KCollecting 2,753 genome records [================================================] 100% 2753/2753
Downloading: data/raw/refseq_genomes/Pseudomonadota/genomes.zip    1.38MB 570kB/s
[1A[2K[1A[2KCollecting 2,753 genome records [================================================] 100% 2753/2753
Downloading: data/raw/refseq_genomes/Pseudomonadota/genomes.zip    1.38MB 570kB/s
[1A[2K[1A[2KCollecting 2,753 genome records [================================================] 100% 2753/2753
Downloading: data/raw/refseq_genomes/Pseudomonadota/genomes.zip    1.38MB 570kB/s
[1A[2K[1A[2KCollecting 2,753 genome records [================================================] 100% 2753/2753
Downloading: data/raw/refseq_genomes/Pseudomonadota/genomes.zip    1.38MB 570kB/s
[1A[2K[1A[2KCollecting 2,753 genome records [================================================] 100% 2753/2753
Downloading: data/raw/refseq_genomes/Pseudomonadota/genomes.zip    1.38MB 570kB/s
[1A[2K[1A[2KCollecting 2,753 genome records [================================================] 100% 2753/2753
Downloading: data/raw/refseq_genomes/Pseudomonadota/genomes.zip    1.38MB 570kB/s
[1A[2K[1A[2KCollecting 2,753 genome records [================================================] 100% 2753/2753
Downloading: data/raw/refseq_genomes/Pseudomonadota/genomes.zip    1.38MB 570kB/s
[1A[2K[1A[2KCollecting 2,753 genome records [================================================] 100% 2753/2753
Downloading: data/raw/refseq_genomes/Pseudomonadota/genomes.zip    1.38MB 570kB/s
[1A[2K[1A[2KCollecting 2,753 genome records [================================================] 100% 2753/2753
Downloading: data/raw/refseq_genomes/Pseudomonadota/genomes.zip    1.38MB 570kB/s
[1A[2K[1A[2KCollecting 2,753 genome records [================================================] 100% 2753/2753
Downloading: data/raw/refseq_genomes/Pseudomonadota/genomes.zip    1.38MB 570kB/s
[1A[2K[1A[2KCollecting 2,753 genome records [================================================] 100% 2753/2753
Downloading: data/raw/refseq_genomes/Pseudomonadota/genomes.zip    1.38MB 570kB/s
[1A[2K[1A[2KCollecting 2,753 genome records [================================================] 100% 2753/2753
Downloading: data/raw/refseq_genomes/Pseudomonadota/genomes.zip    1.38MB 570kB/s
[1A[2K[1A[2KCollecting 2,753 genome records [================================================] 100% 2753/2753
Downloading: data/raw/refseq_genomes/Pseudomonadota/genomes.zip    1.38MB 570kB/s
[1A[2K[1A[2KCollecting 2,753 genome records [================================================] 100% 2753/2753
Downloading: data/raw/refseq_genomes/Pseudomonadota/genomes.zip    1.38MB 570kB/s
[1A[2K[1A[2KCollecting 2,753 genome records [================================================] 100% 2753/2753
Downloading: data/raw/refseq_genomes/Pseudomonadota/genomes.zip    1.38MB 570kB/s
[1A[2K[1A[2KCollecting 2,753 genome records [================================================] 100% 2753/2753
Downloading: data/raw/refseq_genomes/Pseudomonadota/genomes.zip    1.38MB 570kB/s
[1A[2K[1A[2KCollecting 2,753 genome records [================================================] 100% 2753/2753
Downloading: data/raw/refseq_genomes/Pseudomonadota/genomes.zip    1.38MB 570kB/s
[1A[2K[1A[2KCollecting 2,753 genome records [================================================] 100% 2753/2753
Downloading: data/raw/refseq_genomes/Pseudomonadota/genomes.zip    1.38MB 570kB/s
[1A[2K[1A[2KCollecting 2,753 genome records [================================================] 100% 2753/2753
Downloading: data/raw/refseq_genomes/Pseudomonadota/genomes.zip    1.38MB 570kB/s
[1A[2K[1A[2KCollecting 2,753 genome records [================================================] 100% 2753/2753
Downloading: data/raw/refseq_genomes/Pseudomonadota/genomes.zip    1.38MB 570kB/s
[1A[2K[1A[2KCollecting 2,753 genome records [================================================] 100% 2753/2753
Downloading: data/raw/refseq_genomes/Pseudomonadota/genomes.zip    1.38MB 570kB/s
[1A[2K[1A[2KCollecting 2,753 genome records [================================================] 100% 2753/2753
Downloading: data/raw/refseq_genomes/Pseudomonadota/genomes.zip    1.38MB 570kB/s
[1A[2K[1A[2KCollecting 2,753 genome records [================================================] 100% 2753/2753
Downloading: data/raw/refseq_genomes/Pseudomonadota/genomes.zip    1.38MB 570kB/s
[1A[2K[1A[2KCollecting 2,753 genome records [================================================] 100% 2753/2753
Downloading: data/raw/refseq_genomes/Pseudomonadota/genomes.zip    1.38MB 570kB/s
[1A[2K[1A[2KCollecting 2,753 genome records [================================================] 100% 2753/2753
Downloading: data/raw/refseq_genomes/Pseudomonadota/genomes.zip    1.38MB 570kB/s
[1A[2K[1A[2KCollecting 2,753 genome records [================================================] 100% 2753/2753
Downloading: data/raw/refseq_genomes/Pseudomonadota/genomes.zip    1.38MB 570kB/s
[1A[2K[1A[2KCollecting 2,753 genome records [================================================] 100% 2753/2753
Downloading: data/raw/refseq_genomes/Pseudomonadota/genomes.zip    1.38MB 570kB/s
[1A[2K[1A[2KCollecting 2,753 genome records [================================================] 100% 2753/2753
Downloading: data/raw/refseq_genomes/Pseudomonadota/genomes.zip    1.38MB 570kB/s
[1A[2K[1A[2KCollecting 2,753 genome records [================================================] 100% 2753/2753
Downloading: data/raw/refseq_genomes/Pseudomonadota/genomes.zip    1.38MB 570kB/s
[1A[2K[1A[2KCollecting 2,753 genome records [================================================] 100% 2753/2753
Downloading: data/raw/refseq_genomes/Pseudomonadota/genomes.zip    1.38MB 570kB/s
[1A[2K[1A[2KCollecting 2,753 genome records [================================================] 100% 2753/2753
Downloading: data/raw/refseq_genomes/Pseudomonadota/genomes.zip    1.38MB 570kB/s
[1A[2K[1A[2KCollecting 2,753 genome records [================================================] 100% 2753/2753
Downloading: data/raw/refseq_genomes/Pseudomonadota/genomes.zip    1.38MB 570kB/s
[1A[2K[1A[2KCollecting 2,753 genome records [================================================] 100% 2753/2753
Downloading: data/raw/refseq_genomes/Pseudomonadota/genomes.zip    1.38MB 570kB/s
[1A[2K[1A[2KCollecting 2,753 genome records [================================================] 100% 2753/2753
Downloading: data/raw/refseq_genomes/Pseudomonadota/genomes.zip    1.38MB 570kB/s
[1A[2K[1A[2KCollecting 2,753 genome records [================================================] 100% 2753/2753
Downloading: data/raw/refseq_genomes/Pseudomonadota/genomes.zip    1.38MB 570kB/s
[1A[2K[1A[2KCollecting 2,753 genome records [================================================] 100% 2753/2753
Downloading: data/raw/refseq_genomes/Pseudomonadota/genomes.zip    1.38MB 570kB/s
[1A[2K[1A[2KCollecting 2,753 genome records [================================================] 100% 2753/2753
Downloading: data/raw/refseq_genomes/Pseudomonadota/genomes.zip    1.38MB 570kB/s
[1A[2K[1A[2KCollecting 2,753 genome records [================================================] 100% 2753/2753
Downloading: data/raw/refseq_genomes/Pseudomonadota/genomes.zip    1.38MB 570kB/s
[1A[2K[1A[2KCollecting 2,753 genome records [================================================] 100% 2753/2753
Downloading: data/raw/refseq_genomes/Pseudomonadota/genomes.zip    1.38MB 570kB/s
[1A[2K[1A[2KCollecting 2,753 genome records [================================================] 100% 2753/2753
Downloading: data/raw/refseq_genomes/Pseudomonadota/genomes.zip    1.38MB 570kB/s
[1A[2K[1A[2KCollecting 2,753 genome records [================================================] 100% 2753/2753
Downloading: data/raw/refseq_genomes/Pseudomonadota/genomes.zip    1.38MB 570kB/s
[1A[2K[1A[2KCollecting 2,753 genome records [================================================] 100% 2753/2753
Downloading: data/raw/refseq_genomes/Pseudomonadota/genomes.zip    1.38MB 570kB/s
[1A[2K[1A[2KCollecting 2,753 genome records [================================================] 100% 2753/2753
Downloading: data/raw/refseq_genomes/Pseudomonadota/genomes.zip    1.38MB 570kB/s
[1A[2K[1A[2KCollecting 2,753 genome records [================================================] 100% 2753/2753
Downloading: data/raw/refseq_genomes/Pseudomonadota/genomes.zip    1.38MB 570kB/s
[1A[2K[1A[2KCollecting 2,753 genome records [================================================] 100% 2753/2753
Downloading: data/raw/refseq_genomes/Pseudomonadota/genomes.zip    1.64MB 553kB/s
[1A[2K[1A[2KCollecting 2,753 genome records [================================================] 100% 2753/2753
Downloading: data/raw/refseq_genomes/Pseudomonadota/genomes.zip    1.67MB 562kB/s
[1A[2K[1A[2KCollecting 2,753 genome records [================================================] 100% 2753/2753
Downloading: data/raw/refseq_genomes/Pseudomonadota/genomes.zip    1.67MB 562kB/s
[1A[2K[1A[2KCollecting 2,753 genome records [================================================] 100% 2753/2753
Downloading: data/raw/refseq_genomes/Pseudomonadota/genomes.zip    1.67MB 562kB/s
[1A[2K[1A[2KCollecting 2,753 genome records [================================================] 100% 2753/2753
Downloading: data/raw/refseq_genomes/Pseudomonadota/genomes.zip    1.69MB 562kB/s
[1A[2K[1A[2KCollecting 2,753 genome records [================================================] 100% 2753/2753
Downloading: data/raw/refseq_genomes/Pseudomonadota/genomes.zip    1.69MB 562kB/s
[1A[2K[1A[2KCollecting 2,753 genome records [================================================] 100% 2753/2753
Downloading: data/raw/refseq_genomes/Pseudomonadota/genomes.zip    1.69MB 562kB/s
[1A[2K[1A[2KCollecting 2,753 genome records [================================================] 100% 2753/2753
Downloading: data/raw/refseq_genomes/Pseudomonadota/genomes.zip    1.69MB 562kB/s
[1A[2K[1A[2KCollecting 2,753 genome records [================================================] 100% 2753/2753
Downloading: data/raw/refseq_genomes/Pseudomonadota/genomes.zip    1.69MB 562kB/s
[1A[2K[1A[2KCollecting 2,753 genome records [================================================] 100% 2753/2753
Downloading: data/raw/refseq_genomes/Pseudomonadota/genomes.zip    1.88MB 614kB/s
[1A[2K[1A[2KCollecting 2,753 genome records [================================================] 100% 2753/2753
Downloading: data/raw/refseq_genomes/Pseudomonadota/genomes.zip    1.88MB 614kB/s
[1A[2K[1A[2KCollecting 2,753 genome records [================================================] 100% 2753/2753
Downloading: data/raw/refseq_genomes/Pseudomonadota/genomes.zip    1.88MB 614kB/s
[1A[2K[1A[2KCollecting 2,753 genome records [================================================] 100% 2753/2753
Downloading: data/raw/refseq_genomes/Pseudomonadota/genomes.zip    1.88MB 614kB/s
[1A[2K[1A[2KCollecting 2,753 genome records [================================================] 100% 2753/2753
Downloading: data/raw/refseq_genomes/Pseudomonadota/genomes.zip    1.88MB 614kB/s
[1A[2K[1A[2KCollecting 2,753 genome records [================================================] 100% 2753/2753
Downloading: data/raw/refseq_genomes/Pseudomonadota/genomes.zip    1.88MB 614kB/s
[1A[2K[1A[2KCollecting 2,753 genome records [================================================] 100% 2753/2753
Downloading: data/raw/refseq_genomes/Pseudomonadota/genomes.zip    1.88MB 614kB/s
[1A[2K[1A[2KCollecting 2,753 genome records [================================================] 100% 2753/2753
Downloading: data/raw/refseq_genomes/Pseudomonadota/genomes.zip    1.88MB 614kB/s
[1A[2K[1A[2KCollecting 2,753 genome records [================================================] 100% 2753/2753
Downloading: data/raw/refseq_genomes/Pseudomonadota/genomes.zip    1.88MB 598kB/s
[1A[2K[1A[2KCollecting 2,753 genome records [================================================] 100% 2753/2753
Downloading: data/raw/refseq_genomes/Pseudomonadota/genomes.zip    2.2MB 695kB/s
[1A[2K[1A[2KCollecting 2,753 genome records [================================================] 100% 2753/2753
Downloading: data/raw/refseq_genomes/Pseudomonadota/genomes.zip    2.2MB 695kB/s
[1A[2K[1A[2KCollecting 2,753 genome records [================================================] 100% 2753/2753
Downloading: data/raw/refseq_genomes/Pseudomonadota/genomes.zip    2.46MB 773kB/s
[1A[2K[1A[2KCollecting 2,753 genome records [================================================] 100% 2753/2753
Downloading: data/raw/refseq_genomes/Pseudomonadota/genomes.zip    2.46MB 773kB/s
[1A[2K[1A[2KCollecting 2,753 genome records [================================================] 100% 2753/2753
Downloading: data/raw/refseq_genomes/Pseudomonadota/genomes.zip    2.46MB 773kB/s
[1A[2K[1A[2KCollecting 2,753 genome records [================================================] 100% 2753/2753
Downloading: data/raw/refseq_genomes/Pseudomonadota/genomes.zip    2.46MB 773kB/s
[1A[2K[1A[2KCollecting 2,753 genome records [================================================] 100% 2753/2753
Downloading: data/raw/refseq_genomes/Pseudomonadota/genomes.zip    2.46MB 773kB/s
[1A[2K[1A[2KCollecting 2,753 genome records [================================================] 100% 2753/2753
Downloading: data/raw/refseq_genomes/Pseudomonadota/genomes.zip    2.82MB 873kB/s
[1A[2K[1A[2KCollecting 2,753 genome records [================================================] 100% 2753/2753
Downloading: data/raw/refseq_genomes/Pseudomonadota/genomes.zip    2.95MB 911kB/s
[1A[2K[1A[2KCollecting 2,753 genome records [================================================] 100% 2753/2753
Downloading: data/raw/refseq_genomes/Pseudomonadota/genomes.zip    3.33MB 1.03MB/s
[1A[2K[1A[2KCollecting 2,753 genome records [================================================] 100% 2753/2753
Downloading: data/raw/refseq_genomes/Pseudomonadota/genomes.zip    3.33MB 1.03MB/s
[1A[2K[1A[2KCollecting 2,753 genome records [================================================] 100% 2753/2753
Downloading: data/raw/refseq_genomes/Pseudomonadota/genomes.zip    3.38MB 1.03MB/s
[1A[2K[1A[2KCollecting 2,753 genome records [================================================] 100% 2753/2753
Downloading: data/raw/refseq_genomes/Pseudomonadota/genomes.zip    3.4MB 1.04MB/s
[1A[2K[1A[2KCollecting 2,753 genome records [================================================] 100% 2753/2753
Downloading: data/raw/refseq_genomes/Pseudomonadota/genomes.zip    3.4MB 1.04MB/s
[1A[2K[1A[2KCollecting 2,753 genome records [================================================] 100% 2753/2753
Downloading: data/raw/refseq_genomes/Pseudomonadota/genomes.zip    3.4MB 1.04MB/s
[1A[2K[1A[2KCollecting 2,753 genome records [================================================] 100% 2753/2753
Downloading: data/raw/refseq_genomes/Pseudomonadota/genomes.zip    3.4MB 1.04MB/s
[1A[2K[1A[2KCollecting 2,753 genome records [================================================] 100% 2753/2753
Downloading: data/raw/refseq_genomes/Pseudomonadota/genomes.zip    3.4MB 1.04MB/s
[1A[2K[1A[2KCollecting 2,753 genome records [================================================] 100% 2753/2753
Downloading: data/raw/refseq_genomes/Pseudomonadota/genomes.zip    3.4MB 1.04MB/s
[1A[2K[1A[2KCollecting 2,753 genome records [================================================] 100% 2753/2753
Downloading: data/raw/refseq_genomes/Pseudomonadota/genomes.zip    3.4MB 1.04MB/s
[1A[2K[1A[2KCollecting 2,753 genome records [================================================] 100% 2753/2753
Downloading: data/raw/refseq_genomes/Pseudomonadota/genomes.zip    3.4MB 1.04MB/s
[1A[2K[1A[2KCollecting 2,753 genome records [================================================] 100% 2753/2753
Downloading: data/raw/refseq_genomes/Pseudomonadota/genomes.zip    3.4MB 1.04MB/s
[1A[2K[1A[2KCollecting 2,753 genome records [================================================] 100% 2753/2753
Downloading: data/raw/refseq_genomes/Pseudomonadota/genomes.zip    3.4MB 1.04MB/s
[1A[2K[1A[2KCollecting 2,753 genome records [================================================] 100% 2753/2753
Downloading: data/raw/refseq_genomes/Pseudomonadota/genomes.zip    3.4MB 1.04MB/s
[1A[2K[1A[2KCollecting 2,753 genome records [================================================] 100% 2753/2753
Downloading: data/raw/refseq_genomes/Pseudomonadota/genomes.zip    3.51MB 1.03MB/s
[1A[2K[1A[2KCollecting 2,753 genome records [================================================] 100% 2753/2753
Downloading: data/raw/refseq_genomes/Pseudomonadota/genomes.zip    3.8MB 1.11MB/s
[1A[2K[1A[2KCollecting 2,753 genome records [================================================] 100% 2753/2753
Downloading: data/raw/refseq_genomes/Pseudomonadota/genomes.zip    3.9MB 1.14MB/s
[1A[2K[1A[2KCollecting 2,753 genome records [================================================] 100% 2753/2753
Downloading: data/raw/refseq_genomes/Pseudomonadota/genomes.zip    4.38MB 1.28MB/s
[1A[2K[1A[2KCollecting 2,753 genome records [================================================] 100% 2753/2753
Downloading: data/raw/refseq_genomes/Pseudomonadota/genomes.zip    4.38MB 1.27MB/s
[1A[2K[1A[2KCollecting 2,753 genome records [================================================] 100% 2753/2753
Downloading: data/raw/refseq_genomes/Pseudomonadota/genomes.zip    4.62MB 1.34MB/s
[1A[2K[1A[2KCollecting 2,753 genome records [================================================] 100% 2753/2753
Downloading: data/raw/refseq_genomes/Pseudomonadota/genomes.zip    4.67MB 1.35MB/s
[1A[2K[1A[2KCollecting 2,753 genome records [================================================] 100% 2753/2753
Downloading: data/raw/refseq_genomes/Pseudomonadota/genomes.zip    4.75MB 1.37MB/s
[1A[2K[1A[2KCollecting 2,753 genome records [================================================] 100% 2753/2753
Downloading: data/raw/refseq_genomes/Pseudomonadota/genomes.zip    4.98MB 1.43MB/s
[1A[2K[1A[2KCollecting 2,753 genome records [================================================] 100% 2753/2753
Downloading: data/raw/refseq_genomes/Pseudomonadota/genomes.zip    5.31MB 1.52MB/s
[1A[2K[1A[2KCollecting 2,753 genome records [================================================] 100% 2753/2753
Downloading: data/raw/refseq_genomes/Pseudomonadota/genomes.zip    5.35MB 1.53MB/s
[1A[2K[1A[2KCollecting 2,753 genome records [================================================] 100% 2753/2753
Downloading: data/raw/refseq_genomes/Pseudomonadota/genomes.zip    5.35MB 1.53MB/s
[1A[2K[1A[2KCollecting 2,753 genome records [================================================] 100% 2753/2753
Downloading: data/raw/refseq_genomes/Pseudomonadota/genomes.zip    5.35MB 1.53MB/s
[1A[2K[1A[2KCollecting 2,753 genome records [================================================] 100% 2753/2753
Downloading: data/raw/refseq_genomes/Pseudomonadota/genomes.zip    5.35MB 1.53MB/s
[1A[2K[1A[2KCollecting 2,753 genome records [================================================] 100% 2753/2753
Downloading: data/raw/refseq_genomes/Pseudomonadota/genomes.zip    5.56MB 1.57MB/s
[1A[2K[1A[2KCollecting 2,753 genome records [================================================] 100% 2753/2753
Downloading: data/raw/refseq_genomes/Pseudomonadota/genomes.zip    5.56MB 1.56MB/s
[1A[2K[1A[2KCollecting 2,753 genome records [================================================] 100% 2753/2753
Downloading: data/raw/refseq_genomes/Pseudomonadota/genomes.zip    5.83MB 1.64MB/s
[1A[2K[1A[2KCollecting 2,753 genome records [================================================] 100% 2753/2753
Downloading: data/raw/refseq_genomes/Pseudomonadota/genomes.zip    6.26MB 1.75MB/s
[1A[2K[1A[2KCollecting 2,753 genome records [================================================] 100% 2753/2753
Downloading: data/raw/refseq_genomes/Pseudomonadota/genomes.zip    6.49MB 1.81MB/s
[1A[2K[1A[2KCollecting 2,753 genome records [================================================] 100% 2753/2753
Downloading: data/raw/refseq_genomes/Pseudomonadota/genomes.zip    6.49MB 1.8MB/s
[1A[2K[1A[2KCollecting 2,753 genome records [================================================] 100% 2753/2753
Downloading: data/raw/refseq_genomes/Pseudomonadota/genomes.zip    6.65MB 1.84MB/s
[1A[2K[1A[2KCollecting 2,753 genome records [================================================] 100% 2753/2753
Downloading: data/raw/refseq_genomes/Pseudomonadota/genomes.zip    6.68MB 1.85MB/s
[1A[2K[1A[2KCollecting 2,753 genome records [================================================] 100% 2753/2753
Downloading: data/raw/refseq_genomes/Pseudomonadota/genomes.zip    6.95MB 1.91MB/s
[1A[2K[1A[2KCollecting 2,753 genome records [================================================] 100% 2753/2753
Downloading: data/raw/refseq_genomes/Pseudomonadota/genomes.zip    7.11MB 1.95MB/s
[1A[2K[1A[2KCollecting 2,753 genome records [================================================] 100% 2753/2753
Downloading: data/raw/refseq_genomes/Pseudomonadota/genomes.zip    7.54MB 2.06MB/s
[1A[2K[1A[2KCollecting 2,753 genome records [================================================] 100% 2753/2753
Downloading: data/raw/refseq_genomes/Pseudomonadota/genomes.zip    8.03MB 2.19MB/s
[1A[2K[1A[2KCollecting 2,753 genome records [================================================] 100% 2753/2753
Downloading: data/raw/refseq_genomes/Pseudomonadota/genomes.zip    8.26MB 2.25MB/s
[1A[2K[1A[2KCollecting 2,753 genome records [================================================] 100% 2753/2753
Downloading: data/raw/refseq_genomes/Pseudomonadota/genomes.zip    8.26MB 2.25MB/s
[1A[2K[1A[2KCollecting 2,753 genome records [================================================] 100% 2753/2753
Downloading: data/raw/refseq_genomes/Pseudomonadota/genomes.zip    8.26MB 2.25MB/s
[1A[2K[1A[2KCollecting 2,753 genome records [================================================] 100% 2753/2753
Downloading: data/raw/refseq_genomes/Pseudomonadota/genomes.zip    8.26MB 2.23MB/s
[1A[2K[1A[2KCollecting 2,753 genome records [================================================] 100% 2753/2753
Downloading: data/raw/refseq_genomes/Pseudomonadota/genomes.zip    8.39MB 2.26MB/s
[1A[2K[1A[2KCollecting 2,753 genome records [================================================] 100% 2753/2753
Downloading: data/raw/refseq_genomes/Pseudomonadota/genomes.zip    8.68MB 2.33MB/s
[1A[2K[1A[2KCollecting 2,753 genome records [================================================] 100% 2753/2753
Downloading: data/raw/refseq_genomes/Pseudomonadota/genomes.zip    8.91MB 2.39MB/s
[1A[2K[1A[2KCollecting 2,753 genome records [================================================] 100% 2753/2753
Downloading: data/raw/refseq_genomes/Pseudomonadota/genomes.zip    8.91MB 2.39MB/s
[1A[2K[1A[2KCollecting 2,753 genome records [================================================] 100% 2753/2753
Downloading: data/raw/refseq_genomes/Pseudomonadota/genomes.zip    8.97MB 2.39MB/s
[1A[2K[1A[2KCollecting 2,753 genome records [================================================] 100% 2753/2753
Downloading: data/raw/refseq_genomes/Pseudomonadota/genomes.zip    8.97MB 2.39MB/s
[1A[2K[1A[2KCollecting 2,753 genome records [================================================] 100% 2753/2753
Downloading: data/raw/refseq_genomes/Pseudomonadota/genomes.zip    8.97MB 2.39MB/s
[1A[2K[1A[2KCollecting 2,753 genome records [================================================] 100% 2753/2753
Downloading: data/raw/refseq_genomes/Pseudomonadota/genomes.zip    8.97MB 2.39MB/s
[1A[2K[1A[2KCollecting 2,753 genome records [================================================] 100% 2753/2753
Downloading: data/raw/refseq_genomes/Pseudomonadota/genomes.zip    8.97MB 2.39MB/s
[1A[2K[1A[2KCollecting 2,753 genome records [================================================] 100% 2753/2753
Downloading: data/raw/refseq_genomes/Pseudomonadota/genomes.zip    8.97MB 2.39MB/s
[1A[2K[1A[2KCollecting 2,753 genome records [================================================] 100% 2753/2753
Downloading: data/raw/refseq_genomes/Pseudomonadota/genomes.zip    8.97MB 2.35MB/s
[1A[2K[1A[2KCollecting 2,753 genome records [================================================] 100% 2753/2753
Downloading: data/raw/refseq_genomes/Pseudomonadota/genomes.zip    9.04MB 2.36MB/s
[1A[2K[1A[2KCollecting 2,753 genome records [================================================] 100% 2753/2753
Downloading: data/raw/refseq_genomes/Pseudomonadota/genomes.zip    9.04MB 2.36MB/s
[1A[2K[1A[2KCollecting 2,753 genome records [================================================] 100% 2753/2753
Downloading: data/raw/refseq_genomes/Pseudomonadota/genomes.zip    9.04MB 2.36MB/s
[1A[2K[1A[2KCollecting 2,753 genome records [================================================] 100% 2753/2753
Downloading: data/raw/refseq_genomes/Pseudomonadota/genomes.zip    9.04MB 2.36MB/s
[1A[2K[1A[2KCollecting 2,753 genome records [================================================] 100% 2753/2753
Downloading: data/raw/refseq_genomes/Pseudomonadota/genomes.zip    9.44MB 2.44MB/s
[1A[2K[1A[2KCollecting 2,753 genome records [================================================] 100% 2753/2753
Downloading: data/raw/refseq_genomes/Pseudomonadota/genomes.zip    9.44MB 2.44MB/s
[1A[2K[1A[2KCollecting 2,753 genome records [================================================] 100% 2753/2753
Downloading: data/raw/refseq_genomes/Pseudomonadota/genomes.zip    10.2MB 2.61MB/s
[1A[2K[1A[2KCollecting 2,753 genome records [================================================] 100% 2753/2753
Downloading: data/raw/refseq_genomes/Pseudomonadota/genomes.zip    10.2MB 2.62MB/s
[1A[2K[1A[2KCollecting 2,753 genome records [================================================] 100% 2753/2753
Downloading: data/raw/refseq_genomes/Pseudomonadota/genomes.zip    10.2MB 2.62MB/s
[1A[2K[1A[2KCollecting 2,753 genome records [================================================] 100% 2753/2753
Downloading: data/raw/refseq_genomes/Pseudomonadota/genomes.zip    10.2MB 2.61MB/s
[1A[2K[1A[2KCollecting 2,753 genome records [================================================] 100% 2753/2753
Downloading: data/raw/refseq_genomes/Pseudomonadota/genomes.zip    10.5MB 2.66MB/s
[1A[2K[1A[2KCollecting 2,753 genome records [================================================] 100% 2753/2753
Downloading: data/raw/refseq_genomes/Pseudomonadota/genomes.zip    10.8MB 2.74MB/s
[1A[2K[1A[2KCollecting 2,753 genome records [================================================] 100% 2753/2753
Downloading: data/raw/refseq_genomes/Pseudomonadota/genomes.zip    11MB 2.78MB/s
[1A[2K[1A[2KCollecting 2,753 genome records [================================================] 100% 2753/2753
Downloading: data/raw/refseq_genomes/Pseudomonadota/genomes.zip    11MB 2.78MB/s
[1A[2K[1A[2KCollecting 2,753 genome records [================================================] 100% 2753/2753
Downloading: data/raw/refseq_genomes/Pseudomonadota/genomes.zip    11MB 2.78MB/s
[1A[2K[1A[2KCollecting 2,753 genome records [================================================] 100% 2753/2753
Downloading: data/raw/refseq_genomes/Pseudomonadota/genomes.zip    11MB 2.78MB/s
[1A[2K[1A[2KCollecting 2,753 genome records [================================================] 100% 2753/2753
Downloading: data/raw/refseq_genomes/Pseudomonadota/genomes.zip    11MB 2.78MB/s
[1A[2K[1A[2KCollecting 2,753 genome records [================================================] 100% 2753/2753
Downloading: data/raw/refseq_genomes/Pseudomonadota/genomes.zip    11MB 2.75MB/s
[1A[2K[1A[2KCollecting 2,753 genome records [================================================] 100% 2753/2753
Downloading: data/raw/refseq_genomes/Pseudomonadota/genomes.zip    11.1MB 2.77MB/s
[1A[2K[1A[2KCollecting 2,753 genome records [================================================] 100% 2753/2753
Downloading: data/raw/refseq_genomes/Pseudomonadota/genomes.zip    11.1MB 2.77MB/s
[1A[2K[1A[2KCollecting 2,753 genome records [================================================] 100% 2753/2753
Downloading: data/raw/refseq_genomes/Pseudomonadota/genomes.zip    11.2MB 2.76MB/s
[1A[2K[1A[2KCollecting 2,753 genome records [================================================] 100% 2753/2753
Downloading: data/raw/refseq_genomes/Pseudomonadota/genomes.zip    11.5MB 2.84MB/s
[1A[2K[1A[2KCollecting 2,753 genome records [================================================] 100% 2753/2753
Downloading: data/raw/refseq_genomes/Pseudomonadota/genomes.zip    11.9MB 2.92MB/s
[1A[2K[1A[2KCollecting 2,753 genome records [================================================] 100% 2753/2753
Downloading: data/raw/refseq_genomes/Pseudomonadota/genomes.zip    12.2MB 2.98MB/s
[1A[2K[1A[2KCollecting 2,753 genome records [================================================] 100% 2753/2753
Downloading: data/raw/refseq_genomes/Pseudomonadota/genomes.zip    12.7MB 3.1MB/s
[1A[2K[1A[2KCollecting 2,753 genome records [================================================] 100% 2753/2753
Downloading: data/raw/refseq_genomes/Pseudomonadota/genomes.zip    12.9MB 3.14MB/s
[1A[2K[1A[2KCollecting 2,753 genome records [================================================] 100% 2753/2753
Downloading: data/raw/refseq_genomes/Pseudomonadota/genomes.zip    12.9MB 3.15MB/s
[1A[2K[1A[2KCollecting 2,753 genome records [================================================] 100% 2753/2753
Downloading: data/raw/refseq_genomes/Pseudomonadota/genomes.zip    13.1MB 3.18MB/s
[1A[2K[1A[2KCollecting 2,753 genome records [================================================] 100% 2753/2753
Downloading: data/raw/refseq_genomes/Pseudomonadota/genomes.zip    13.3MB 3.22MB/s
[1A[2K[1A[2KCollecting 2,753 genome records [================================================] 100% 2753/2753
Downloading: data/raw/refseq_genomes/Pseudomonadota/genomes.zip    13.5MB 3.27MB/s
[1A[2K[1A[2KCollecting 2,753 genome records [================================================] 100% 2753/2753
Downloading: data/raw/refseq_genomes/Pseudomonadota/genomes.zip    13.6MB 3.27MB/s
[1A[2K[1A[2KCollecting 2,753 genome records [================================================] 100% 2753/2753
Downloading: data/raw/refseq_genomes/Pseudomonadota/genomes.zip    13.9MB 3.34MB/s
[1A[2K[1A[2KCollecting 2,753 genome records [================================================] 100% 2753/2753
Downloading: data/raw/refseq_genomes/Pseudomonadota/genomes.zip    14.3MB 3.42MB/s
[1A[2K[1A[2KCollecting 2,753 genome records [================================================] 100% 2753/2753
Downloading: data/raw/refseq_genomes/Pseudomonadota/genomes.zip    14.5MB 3.48MB/s
[1A[2K[1A[2KCollecting 2,753 genome records [================================================] 100% 2753/2753
Downloading: data/raw/refseq_genomes/Pseudomonadota/genomes.zip    14.6MB 3.49MB/s
[1A[2K[1A[2KCollecting 2,753 genome records [================================================] 100% 2753/2753
Downloading: data/raw/refseq_genomes/Pseudomonadota/genomes.zip    15.2MB 3.61MB/s
[1A[2K[1A[2KCollecting 2,753 genome records [================================================] 100% 2753/2753
Downloading: data/raw/refseq_genomes/Pseudomonadota/genomes.zip    15.7MB 3.74MB/s
[1A[2K[1A[2KCollecting 2,753 genome records [================================================] 100% 2753/2753
Downloading: data/raw/refseq_genomes/Pseudomonadota/genomes.zip    15.9MB 3.77MB/s
[1A[2K[1A[2KCollecting 2,753 genome records [================================================] 100% 2753/2753
Downloading: data/raw/refseq_genomes/Pseudomonadota/genomes.zip    16MB 3.78MB/s
[1A[2K[1A[2KCollecting 2,753 genome records [================================================] 100% 2753/2753
Downloading: data/raw/refseq_genomes/Pseudomonadota/genomes.zip    16MB 3.78MB/s
[1A[2K[1A[2KCollecting 2,753 genome records [================================================] 100% 2753/2753
Downloading: data/raw/refseq_genomes/Pseudomonadota/genomes.zip    16MB 3.76MB/s
[1A[2K[1A[2KCollecting 2,753 genome records [================================================] 100% 2753/2753
Downloading: data/raw/refseq_genomes/Pseudomonadota/genomes.zip    16.2MB 3.79MB/s
[1A[2K[1A[2KCollecting 2,753 genome records [================================================] 100% 2753/2753
Downloading: data/raw/refseq_genomes/Pseudomonadota/genomes.zip    16.5MB 3.86MB/s
[1A[2K[1A[2KCollecting 2,753 genome records [================================================] 100% 2753/2753
Downloading: data/raw/refseq_genomes/Pseudomonadota/genomes.zip    16.5MB 3.86MB/s
[1A[2K[1A[2KCollecting 2,753 genome records [================================================] 100% 2753/2753
Downloading: data/raw/refseq_genomes/Pseudomonadota/genomes.zip    16.8MB 3.91MB/s
[1A[2K[1A[2KCollecting 2,753 genome records [================================================] 100% 2753/2753
Downloading: data/raw/refseq_genomes/Pseudomonadota/genomes.zip    17.1MB 3.97MB/s
[1A[2K[1A[2KCollecting 2,753 genome records [================================================] 100% 2753/2753
Downloading: data/raw/refseq_genomes/Pseudomonadota/genomes.zip    17.4MB 4.02MB/s
[1A[2K[1A[2KCollecting 2,753 genome records [================================================] 100% 2753/2753
Downloading: data/raw/refseq_genomes/Pseudomonadota/genomes.zip    17.6MB 4.07MB/s
[1A[2K[1A[2KCollecting 2,753 genome records [================================================] 100% 2753/2753
Downloading: data/raw/refseq_genomes/Pseudomonadota/genomes.zip    17.9MB 4.12MB/s
[1A[2K[1A[2KCollecting 2,753 genome records [================================================] 100% 2753/2753
Downloading: data/raw/refseq_genomes/Pseudomonadota/genomes.zip    17.9MB 4.12MB/s
[1A[2K[1A[2KCollecting 2,753 genome records [================================================] 100% 2753/2753
Downloading: data/raw/refseq_genomes/Pseudomonadota/genomes.zip    17.9MB 4.12MB/s
[1A[2K[1A[2KCollecting 2,753 genome records [================================================] 100% 2753/2753
Downloading: data/raw/refseq_genomes/Pseudomonadota/genomes.zip    17.9MB 4.12MB/s
[1A[2K[1A[2KCollecting 2,753 genome records [================================================] 100% 2753/2753
Downloading: data/raw/refseq_genomes/Pseudomonadota/genomes.zip    17.9MB 4.09MB/s
[1A[2K[1A[2KCollecting 2,753 genome records [================================================] 100% 2753/2753
Downloading: data/raw/refseq_genomes/Pseudomonadota/genomes.zip    17.9MB 4.09MB/s
[1A[2K[1A[2KCollecting 2,753 genome records [================================================] 100% 2753/2753
Downloading: data/raw/refseq_genomes/Pseudomonadota/genomes.zip    17.9MB 4.09MB/s
[1A[2K[1A[2KCollecting 2,753 genome records [================================================] 100% 2753/2753
Downloading: data/raw/refseq_genomes/Pseudomonadota/genomes.zip    18.1MB 4.09MB/s
[1A[2K[1A[2KCollecting 2,753 genome records [================================================] 100% 2753/2753
Downloading: data/raw/refseq_genomes/Pseudomonadota/genomes.zip    18.6MB 4.21MB/s
[1A[2K[1A[2KCollecting 2,753 genome records [================================================] 100% 2753/2753
Downloading: data/raw/refseq_genomes/Pseudomonadota/genomes.zip    18.8MB 4.25MB/s
[1A[2K[1A[2KCollecting 2,753 genome records [================================================] 100% 2753/2753
Downloading: data/raw/refseq_genomes/Pseudomonadota/genomes.zip    19.3MB 4.35MB/s
[1A[2K[1A[2KCollecting 2,753 genome records [================================================] 100% 2753/2753
Downloading: data/raw/refseq_genomes/Pseudomonadota/genomes.zip    19.6MB 4.39MB/s
[1A[2K[1A[2KCollecting 2,753 genome records [================================================] 100% 2753/2753
Downloading: data/raw/refseq_genomes/Pseudomonadota/genomes.zip    19.9MB 4.45MB/s
[1A[2K[1A[2KCollecting 2,753 genome records [================================================] 100% 2753/2753
Downloading: data/raw/refseq_genomes/Pseudomonadota/genomes.zip    20.1MB 4.49MB/s
[1A[2K[1A[2KCollecting 2,753 genome records [================================================] 100% 2753/2753
Downloading: data/raw/refseq_genomes/Pseudomonadota/genomes.zip    20.1MB 4.49MB/s
[1A[2K[1A[2KCollecting 2,753 genome records [================================================] 100% 2753/2753
Downloading: data/raw/refseq_genomes/Pseudomonadota/genomes.zip    20.2MB 4.48MB/s
[1A[2K[1A[2KCollecting 2,753 genome records [================================================] 100% 2753/2753
Downloading: data/raw/refseq_genomes/Pseudomonadota/genomes.zip    20.2MB 4.5MB/s
[1A[2K[1A[2KCollecting 2,753 genome records [================================================] 100% 2753/2753
Downloading: data/raw/refseq_genomes/Pseudomonadota/genomes.zip    20.2MB 4.5MB/s
[1A[2K[1A[2KCollecting 2,753 genome records [================================================] 100% 2753/2753
Downloading: data/raw/refseq_genomes/Pseudomonadota/genomes.zip    20.2MB 4.5MB/s
[1A[2K[1A[2KCollecting 2,753 genome records [================================================] 100% 2753/2753
Downloading: data/raw/refseq_genomes/Pseudomonadota/genomes.zip    20.2MB 4.5MB/s
[1A[2K[1A[2KCollecting 2,753 genome records [================================================] 100% 2753/2753
Downloading: data/raw/refseq_genomes/Pseudomonadota/genomes.zip    20.2MB 4.45MB/s
[1A[2K[1A[2KCollecting 2,753 genome records [================================================] 100% 2753/2753
Downloading: data/raw/refseq_genomes/Pseudomonadota/genomes.zip    20.4MB 4.49MB/s
[1A[2K[1A[2KCollecting 2,753 genome records [================================================] 100% 2753/2753
Downloading: data/raw/refseq_genomes/Pseudomonadota/genomes.zip    20.8MB 4.56MB/s
[1A[2K[1A[2KCollecting 2,753 genome records [================================================] 100% 2753/2753
Downloading: data/raw/refseq_genomes/Pseudomonadota/genomes.zip    21.2MB 4.63MB/s
[1A[2K[1A[2KCollecting 2,753 genome records [================================================] 100% 2753/2753
Downloading: data/raw/refseq_genomes/Pseudomonadota/genomes.zip    21.5MB 4.69MB/s
[1A[2K[1A[2KCollecting 2,753 genome records [================================================] 100% 2753/2753
Downloading: data/raw/refseq_genomes/Pseudomonadota/genomes.zip    22.1MB 4.8MB/s
[1A[2K[1A[2KCollecting 2,753 genome records [================================================] 100% 2753/2753
Downloading: data/raw/refseq_genomes/Pseudomonadota/genomes.zip    22.2MB 4.81MB/s
[1A[2K[1A[2KCollecting 2,753 genome records [================================================] 100% 2753/2753
Downloading: data/raw/refseq_genomes/Pseudomonadota/genomes.zip    22.5MB 4.87MB/s
[1A[2K[1A[2KCollecting 2,753 genome records [================================================] 100% 2753/2753
Downloading: data/raw/refseq_genomes/Pseudomonadota/genomes.zip    22.6MB 4.88MB/s
[1A[2K[1A[2KCollecting 2,753 genome records [================================================] 100% 2753/2753
Downloading: data/raw/refseq_genomes/Pseudomonadota/genomes.zip    22.6MB 4.87MB/s
[1A[2K[1A[2KCollecting 2,753 genome records [================================================] 100% 2753/2753
Downloading: data/raw/refseq_genomes/Pseudomonadota/genomes.zip    22.9MB 4.92MB/s
[1A[2K[1A[2KCollecting 2,753 genome records [================================================] 100% 2753/2753
Downloading: data/raw/refseq_genomes/Pseudomonadota/genomes.zip    23.3MB 4.99MB/s
[1A[2K[1A[2KCollecting 2,753 genome records [================================================] 100% 2753/2753
Downloading: data/raw/refseq_genomes/Pseudomonadota/genomes.zip    23.5MB 5.04MB/s
[1A[2K[1A[2KCollecting 2,753 genome records [================================================] 100% 2753/2753
Downloading: data/raw/refseq_genomes/Pseudomonadota/genomes.zip    23.6MB 5.05MB/s
[1A[2K[1A[2KCollecting 2,753 genome records [================================================] 100% 2753/2753
Downloading: data/raw/refseq_genomes/Pseudomonadota/genomes.zip    23.8MB 5.08MB/s
[1A[2K[1A[2KCollecting 2,753 genome records [================================================] 100% 2753/2753
Downloading: data/raw/refseq_genomes/Pseudomonadota/genomes.zip    23.8MB 5.08MB/s
[1A[2K[1A[2KCollecting 2,753 genome records [================================================] 100% 2753/2753
Downloading: data/raw/refseq_genomes/Pseudomonadota/genomes.zip    24MB 5.09MB/s
[1A[2K[1A[2KCollecting 2,753 genome records [================================================] 100% 2753/2753
Downloading: data/raw/refseq_genomes/Pseudomonadota/genomes.zip    24.4MB 5.16MB/s
[1A[2K[1A[2KCollecting 2,753 genome records [================================================] 100% 2753/2753
Downloading: data/raw/refseq_genomes/Pseudomonadota/genomes.zip    24.5MB 5.19MB/s
[1A[2K[1A[2KCollecting 2,753 genome records [================================================] 100% 2753/2753
Downloading: data/raw/refseq_genomes/Pseudomonadota/genomes.zip    24.5MB 5.19MB/s
[1A[2K[1A[2KCollecting 2,753 genome records [================================================] 100% 2753/2753
Downloading: data/raw/refseq_genomes/Pseudomonadota/genomes.zip    24.7MB 5.2MB/s
[1A[2K[1A[2KCollecting 2,753 genome records [================================================] 100% 2753/2753
Downloading: data/raw/refseq_genomes/Pseudomonadota/genomes.zip    24.7MB 5.2MB/s
[1A[2K[1A[2KCollecting 2,753 genome records [================================================] 100% 2753/2753
Downloading: data/raw/refseq_genomes/Pseudomonadota/genomes.zip    24.7MB 5.2MB/s
[1A[2K[1A[2KCollecting 2,753 genome records [================================================] 100% 2753/2753
Downloading: data/raw/refseq_genomes/Pseudomonadota/genomes.zip    24.7MB 5.2MB/s
[1A[2K[1A[2KCollecting 2,753 genome records [================================================] 100% 2753/2753
Downloading: data/raw/refseq_genomes/Pseudomonadota/genomes.zip    24.9MB 5.18MB/s
[1A[2K[1A[2KCollecting 2,753 genome records [================================================] 100% 2753/2753
Downloading: data/raw/refseq_genomes/Pseudomonadota/genomes.zip    25.3MB 5.26MB/s
[1A[2K[1A[2KCollecting 2,753 genome records [================================================] 100% 2753/2753
Downloading: data/raw/refseq_genomes/Pseudomonadota/genomes.zip    25.7MB 5.32MB/s
[1A[2K[1A[2KCollecting 2,753 genome records [================================================] 100% 2753/2753
Downloading: data/raw/refseq_genomes/Pseudomonadota/genomes.zip    25.7MB 5.33MB/s
[1A[2K[1A[2KCollecting 2,753 genome records [================================================] 100% 2753/2753
Downloading: data/raw/refseq_genomes/Pseudomonadota/genomes.zip    25.7MB 5.31MB/s
[1A[2K[1A[2KCollecting 2,753 genome records [================================================] 100% 2753/2753
Downloading: data/raw/refseq_genomes/Pseudomonadota/genomes.zip    26MB 5.36MB/s
[1A[2K[1A[2KCollecting 2,753 genome records [================================================] 100% 2753/2753
Downloading: data/raw/refseq_genomes/Pseudomonadota/genomes.zip    26MB 5.36MB/s
[1A[2K[1A[2KCollecting 2,753 genome records [================================================] 100% 2753/2753
Downloading: data/raw/refseq_genomes/Pseudomonadota/genomes.zip    26MB 5.36MB/s
[1A[2K[1A[2KCollecting 2,753 genome records [================================================] 100% 2753/2753
Downloading: data/raw/refseq_genomes/Pseudomonadota/genomes.zip    26MB 5.36MB/s
[1A[2K[1A[2KCollecting 2,753 genome records [================================================] 100% 2753/2753
Downloading: data/raw/refseq_genomes/Pseudomonadota/genomes.zip    26MB 5.36MB/s
[1A[2K[1A[2KCollecting 2,753 genome records [================================================] 100% 2753/2753
Downloading: data/raw/refseq_genomes/Pseudomonadota/genomes.zip    26MB 5.36MB/s
[1A[2K[1A[2KCollecting 2,753 genome records [================================================] 100% 2753/2753
Downloading: data/raw/refseq_genomes/Pseudomonadota/genomes.zip    26MB 5.36MB/s
[1A[2K[1A[2KCollecting 2,753 genome records [================================================] 100% 2753/2753
Downloading: data/raw/refseq_genomes/Pseudomonadota/genomes.zip    26.1MB 5.3MB/s
[1A[2K[1A[2KCollecting 2,753 genome records [================================================] 100% 2753/2753
Downloading: data/raw/refseq_genomes/Pseudomonadota/genomes.zip    26.4MB 5.35MB/s
[1A[2K[1A[2KCollecting 2,753 genome records [================================================] 100% 2753/2753
Downloading: data/raw/refseq_genomes/Pseudomonadota/genomes.zip    26.7MB 5.41MB/s
[1A[2K[1A[2KCollecting 2,753 genome records [================================================] 100% 2753/2753
Downloading: data/raw/refseq_genomes/Pseudomonadota/genomes.zip    27MB 5.46MB/s
[1A[2K[1A[2KCollecting 2,753 genome records [================================================] 100% 2753/2753
Downloading: data/raw/refseq_genomes/Pseudomonadota/genomes.zip    27.4MB 5.51MB/s
[1A[2K[1A[2KCollecting 2,753 genome records [================================================] 100% 2753/2753
Downloading: data/raw/refseq_genomes/Pseudomonadota/genomes.zip    27.7MB 5.56MB/s
[1A[2K[1A[2KCollecting 2,753 genome records [================================================] 100% 2753/2753
Downloading: data/raw/refseq_genomes/Pseudomonadota/genomes.zip    28MB 5.61MB/s
[1A[2K[1A[2KCollecting 2,753 genome records [================================================] 100% 2753/2753
Downloading: data/raw/refseq_genomes/Pseudomonadota/genomes.zip    28MB 5.62MB/s
[1A[2K[1A[2KCollecting 2,753 genome records [================================================] 100% 2753/2753
Downloading: data/raw/refseq_genomes/Pseudomonadota/genomes.zip    28MB 5.62MB/s
[1A[2K[1A[2KCollecting 2,753 genome records [================================================] 100% 2753/2753
Downloading: data/raw/refseq_genomes/Pseudomonadota/genomes.zip    28MB 5.62MB/s
[1A[2K[1A[2KCollecting 2,753 genome records [================================================] 100% 2753/2753
Downloading: data/raw/refseq_genomes/Pseudomonadota/genomes.zip    28MB 5.62MB/s
[1A[2K[1A[2KCollecting 2,753 genome records [================================================] 100% 2753/2753
Downloading: data/raw/refseq_genomes/Pseudomonadota/genomes.zip    28MB 5.57MB/s
[1A[2K[1A[2KCollecting 2,753 genome records [================================================] 100% 2753/2753
Downloading: data/raw/refseq_genomes/Pseudomonadota/genomes.zip    28.1MB 5.58MB/s
[1A[2K[1A[2KCollecting 2,753 genome records [================================================] 100% 2753/2753
Downloading: data/raw/refseq_genomes/Pseudomonadota/genomes.zip    28.1MB 5.58MB/s
[1A[2K[1A[2KCollecting 2,753 genome records [================================================] 100% 2753/2753
Downloading: data/raw/refseq_genomes/Pseudomonadota/genomes.zip    28.1MB 5.58MB/s
[1A[2K[1A[2KCollecting 2,753 genome records [================================================] 100% 2753/2753
Downloading: data/raw/refseq_genomes/Pseudomonadota/genomes.zip    28.1MB 5.58MB/s
[1A[2K[1A[2KCollecting 2,753 genome records [================================================] 100% 2753/2753
Downloading: data/raw/refseq_genomes/Pseudomonadota/genomes.zip    28.1MB 5.58MB/s
[1A[2K[1A[2KCollecting 2,753 genome records [================================================] 100% 2753/2753
Downloading: data/raw/refseq_genomes/Pseudomonadota/genomes.zip    28.1MB 5.58MB/s
[1A[2K[1A[2KCollecting 2,753 genome records [================================================] 100% 2753/2753
Downloading: data/raw/refseq_genomes/Pseudomonadota/genomes.zip    28.1MB 5.58MB/s
[1A[2K[1A[2KCollecting 2,753 genome records [================================================] 100% 2753/2753
Downloading: data/raw/refseq_genomes/Pseudomonadota/genomes.zip    28.1MB 5.5MB/s
[1A[2K[1A[2KCollecting 2,753 genome records [================================================] 100% 2753/2753
Downloading: data/raw/refseq_genomes/Pseudomonadota/genomes.zip    28.6MB 5.57MB/s
[1A[2K[1A[2KCollecting 2,753 genome records [================================================] 100% 2753/2753
Downloading: data/raw/refseq_genomes/Pseudomonadota/genomes.zip    28.9MB 5.61MB/s
[1A[2K[1A[2KCollecting 2,753 genome records [================================================] 100% 2753/2753
Downloading: data/raw/refseq_genomes/Pseudomonadota/genomes.zip    29MB 5.63MB/s
[1A[2K[1A[2KCollecting 2,753 genome records [================================================] 100% 2753/2753
Downloading: data/raw/refseq_genomes/Pseudomonadota/genomes.zip    29MB 5.63MB/s
[1A[2K[1A[2KCollecting 2,753 genome records [================================================] 100% 2753/2753
Downloading: data/raw/refseq_genomes/Pseudomonadota/genomes.zip    29MB 5.63MB/s
[1A[2K[1A[2KCollecting 2,753 genome records [================================================] 100% 2753/2753
Downloading: data/raw/refseq_genomes/Pseudomonadota/genomes.zip    29MB 5.63MB/s
[1A[2K[1A[2KCollecting 2,753 genome records [================================================] 100% 2753/2753
Downloading: data/raw/refseq_genomes/Pseudomonadota/genomes.zip    29MB 5.58MB/s
[1A[2K[1A[2KCollecting 2,753 genome records [================================================] 100% 2753/2753
Downloading: data/raw/refseq_genomes/Pseudomonadota/genomes.zip    29.1MB 5.59MB/s
[1A[2K[1A[2KCollecting 2,753 genome records [================================================] 100% 2753/2753
Downloading: data/raw/refseq_genomes/Pseudomonadota/genomes.zip    29.3MB 5.62MB/s
[1A[2K[1A[2KCollecting 2,753 genome records [================================================] 100% 2753/2753
Downloading: data/raw/refseq_genomes/Pseudomonadota/genomes.zip    29.3MB 5.62MB/s
[1A[2K[1A[2KCollecting 2,753 genome records [================================================] 100% 2753/2753
Downloading: data/raw/refseq_genomes/Pseudomonadota/genomes.zip    29.3MB 5.62MB/s
[1A[2K[1A[2KCollecting 2,753 genome records [================================================] 100% 2753/2753
Downloading: data/raw/refseq_genomes/Pseudomonadota/genomes.zip    29.3MB 5.58MB/s
[1A[2K[1A[2KCollecting 2,753 genome records [================================================] 100% 2753/2753
Downloading: data/raw/refseq_genomes/Pseudomonadota/genomes.zip    29.5MB 5.61MB/s
[1A[2K[1A[2KCollecting 2,753 genome records [================================================] 100% 2753/2753
Downloading: data/raw/refseq_genomes/Pseudomonadota/genomes.zip    29.9MB 5.67MB/s
[1A[2K[1A[2KCollecting 2,753 genome records [================================================] 100% 2753/2753
Downloading: data/raw/refseq_genomes/Pseudomonadota/genomes.zip    30.3MB 5.73MB/s
[1A[2K[1A[2KCollecting 2,753 genome records [================================================] 100% 2753/2753
Downloading: data/raw/refseq_genomes/Pseudomonadota/genomes.zip    30.4MB 5.75MB/s
[1A[2K[1A[2KCollecting 2,753 genome records [================================================] 100% 2753/2753
Downloading: data/raw/refseq_genomes/Pseudomonadota/genomes.zip    30.4MB 5.73MB/s
[1A[2K[1A[2KCollecting 2,753 genome records [================================================] 100% 2753/2753
Downloading: data/raw/refseq_genomes/Pseudomonadota/genomes.zip    30.7MB 5.78MB/s
[1A[2K[1A[2KCollecting 2,753 genome records [================================================] 100% 2753/2753
Downloading: data/raw/refseq_genomes/Pseudomonadota/genomes.zip    30.7MB 5.78MB/s
[1A[2K[1A[2KCollecting 2,753 genome records [================================================] 100% 2753/2753
Downloading: data/raw/refseq_genomes/Pseudomonadota/genomes.zip    30.7MB 5.75MB/s
[1A[2K[1A[2KCollecting 2,753 genome records [================================================] 100% 2753/2753
Downloading: data/raw/refseq_genomes/Pseudomonadota/genomes.zip    30.8MB 5.76MB/s
[1A[2K[1A[2KCollecting 2,753 genome records [================================================] 100% 2753/2753
Downloading: data/raw/refseq_genomes/Pseudomonadota/genomes.zip    31.3MB 5.84MB/s
[1A[2K[1A[2KCollecting 2,753 genome records [================================================] 100% 2753/2753
Downloading: data/raw/refseq_genomes/Pseudomonadota/genomes.zip    31.4MB 5.85MB/s
[1A[2K[1A[2KCollecting 2,753 genome records [================================================] 100% 2753/2753
Downloading: data/raw/refseq_genomes/Pseudomonadota/genomes.zip    31.6MB 5.87MB/s
[1A[2K[1A[2KCollecting 2,753 genome records [================================================] 100% 2753/2753
Downloading: data/raw/refseq_genomes/Pseudomonadota/genomes.zip    31.6MB 5.87MB/s
[1A[2K[1A[2KCollecting 2,753 genome records [================================================] 100% 2753/2753
Downloading: data/raw/refseq_genomes/Pseudomonadota/genomes.zip    31.6MB 5.87MB/s
[1A[2K[1A[2KCollecting 2,753 genome records [================================================] 100% 2753/2753
Downloading: data/raw/refseq_genomes/Pseudomonadota/genomes.zip    31.6MB 5.84MB/s
[1A[2K[1A[2KCollecting 2,753 genome records [================================================] 100% 2753/2753
Downloading: data/raw/refseq_genomes/Pseudomonadota/genomes.zip    31.6MB 5.84MB/s
[1A[2K[1A[2KCollecting 2,753 genome records [================================================] 100% 2753/2753
Downloading: data/raw/refseq_genomes/Pseudomonadota/genomes.zip    31.9MB 5.87MB/s
[1A[2K[1A[2KCollecting 2,753 genome records [================================================] 100% 2753/2753
Downloading: data/raw/refseq_genomes/Pseudomonadota/genomes.zip    32.7MB 6MB/s
[1A[2K[1A[2KCollecting 2,753 genome records [================================================] 100% 2753/2753
Downloading: data/raw/refseq_genomes/Pseudomonadota/genomes.zip    32.8MB 6.02MB/s
[1A[2K[1A[2KCollecting 2,753 genome records [================================================] 100% 2753/2753
Downloading: data/raw/refseq_genomes/Pseudomonadota/genomes.zip    32.8MB 6.02MB/s
[1A[2K[1A[2KCollecting 2,753 genome records [================================================] 100% 2753/2753
Downloading: data/raw/refseq_genomes/Pseudomonadota/genomes.zip    32.9MB 6.01MB/s
[1A[2K[1A[2KCollecting 2,753 genome records [================================================] 100% 2753/2753
Downloading: data/raw/refseq_genomes/Pseudomonadota/genomes.zip    33.3MB 6.07MB/s
[1A[2K[1A[2KCollecting 2,753 genome records [================================================] 100% 2753/2753
Downloading: data/raw/refseq_genomes/Pseudomonadota/genomes.zip    33.6MB 6.11MB/s
[1A[2K[1A[2KCollecting 2,753 genome records [================================================] 100% 2753/2753
Downloading: data/raw/refseq_genomes/Pseudomonadota/genomes.zip    33.8MB 6.14MB/s
[1A[2K[1A[2KCollecting 2,753 genome records [================================================] 100% 2753/2753
Downloading: data/raw/refseq_genomes/Pseudomonadota/genomes.zip    34MB 6.18MB/s
[1A[2K[1A[2KCollecting 2,753 genome records [================================================] 100% 2753/2753
Downloading: data/raw/refseq_genomes/Pseudomonadota/genomes.zip    34.4MB 6.23MB/s
[1A[2K[1A[2KCollecting 2,753 genome records [================================================] 100% 2753/2753
Downloading: data/raw/refseq_genomes/Pseudomonadota/genomes.zip    34.4MB 6.23MB/s
[1A[2K[1A[2KCollecting 2,753 genome records [================================================] 100% 2753/2753
Downloading: data/raw/refseq_genomes/Pseudomonadota/genomes.zip    34.4MB 6.23MB/s
[1A[2K[1A[2KCollecting 2,753 genome records [================================================] 100% 2753/2753
Downloading: data/raw/refseq_genomes/Pseudomonadota/genomes.zip    34.4MB 6.23MB/s
[1A[2K[1A[2KCollecting 2,753 genome records [================================================] 100% 2753/2753
Downloading: data/raw/refseq_genomes/Pseudomonadota/genomes.zip    34.4MB 6.18MB/s
[1A[2K[1A[2KCollecting 2,753 genome records [================================================] 100% 2753/2753
Downloading: data/raw/refseq_genomes/Pseudomonadota/genomes.zip    34.6MB 6.2MB/s
[1A[2K[1A[2KCollecting 2,753 genome records [================================================] 100% 2753/2753
Downloading: data/raw/refseq_genomes/Pseudomonadota/genomes.zip    34.8MB 6.23MB/s
[1A[2K[1A[2KCollecting 2,753 genome records [================================================] 100% 2753/2753
Downloading: data/raw/refseq_genomes/Pseudomonadota/genomes.zip    34.8MB 6.23MB/s
[1A[2K[1A[2KCollecting 2,753 genome records [================================================] 100% 2753/2753
Downloading: data/raw/refseq_genomes/Pseudomonadota/genomes.zip    35MB 6.25MB/s
[1A[2K[1A[2KCollecting 2,753 genome records [================================================] 100% 2753/2753
Downloading: data/raw/refseq_genomes/Pseudomonadota/genomes.zip    35.1MB 6.26MB/s
[1A[2K[1A[2KCollecting 2,753 genome records [================================================] 100% 2753/2753
Downloading: data/raw/refseq_genomes/Pseudomonadota/genomes.zip    35.1MB 6.26MB/s
[1A[2K[1A[2KCollecting 2,753 genome records [================================================] 100% 2753/2753
Downloading: data/raw/refseq_genomes/Pseudomonadota/genomes.zip    35.1MB 6.23MB/s
[1A[2K[1A[2KCollecting 2,753 genome records [================================================] 100% 2753/2753
Downloading: data/raw/refseq_genomes/Pseudomonadota/genomes.zip    35.2MB 6.24MB/s
[1A[2K[1A[2KCollecting 2,753 genome records [================================================] 100% 2753/2753
Downloading: data/raw/refseq_genomes/Pseudomonadota/genomes.zip    35.2MB 6.24MB/s
[1A[2K[1A[2KCollecting 2,753 genome records [================================================] 100% 2753/2753
Downloading: data/raw/refseq_genomes/Pseudomonadota/genomes.zip    35.2MB 6.24MB/s
[1A[2K[1A[2KCollecting 2,753 genome records [================================================] 100% 2753/2753
Downloading: data/raw/refseq_genomes/Pseudomonadota/genomes.zip    35.2MB 6.24MB/s
[1A[2K[1A[2KCollecting 2,753 genome records [================================================] 100% 2753/2753
Downloading: data/raw/refseq_genomes/Pseudomonadota/genomes.zip    35.2MB 6.24MB/s
[1A[2K[1A[2KCollecting 2,753 genome records [================================================] 100% 2753/2753
Downloading: data/raw/refseq_genomes/Pseudomonadota/genomes.zip    35.2MB 6.18MB/s
[1A[2K[1A[2KCollecting 2,753 genome records [================================================] 100% 2753/2753
Downloading: data/raw/refseq_genomes/Pseudomonadota/genomes.zip    35.5MB 6.21MB/s
[1A[2K[1A[2KCollecting 2,753 genome records [================================================] 100% 2753/2753
Downloading: data/raw/refseq_genomes/Pseudomonadota/genomes.zip    35.9MB 6.28MB/s
[1A[2K[1A[2KCollecting 2,753 genome records [================================================] 100% 2753/2753
Downloading: data/raw/refseq_genomes/Pseudomonadota/genomes.zip    36.2MB 6.32MB/s
[1A[2K[1A[2KCollecting 2,753 genome records [================================================] 100% 2753/2753
Downloading: data/raw/refseq_genomes/Pseudomonadota/genomes.zip    36.3MB 6.32MB/s
[1A[2K[1A[2KCollecting 2,753 genome records [================================================] 100% 2753/2753
Downloading: data/raw/refseq_genomes/Pseudomonadota/genomes.zip    36.3MB 6.3MB/s
[1A[2K[1A[2KCollecting 2,753 genome records [================================================] 100% 2753/2753
Downloading: data/raw/refseq_genomes/Pseudomonadota/genomes.zip    36.5MB 6.34MB/s
[1A[2K[1A[2KCollecting 2,753 genome records [================================================] 100% 2753/2753
Downloading: data/raw/refseq_genomes/Pseudomonadota/genomes.zip    36.6MB 6.34MB/s
[1A[2K[1A[2KCollecting 2,753 genome records [================================================] 100% 2753/2753
Downloading: data/raw/refseq_genomes/Pseudomonadota/genomes.zip    36.6MB 6.34MB/s
[1A[2K[1A[2KCollecting 2,753 genome records [================================================] 100% 2753/2753
Downloading: data/raw/refseq_genomes/Pseudomonadota/genomes.zip    36.6MB 6.34MB/s
[1A[2K[1A[2KCollecting 2,753 genome records [================================================] 100% 2753/2753
Downloading: data/raw/refseq_genomes/Pseudomonadota/genomes.zip    36.6MB 6.34MB/s
[1A[2K[1A[2KCollecting 2,753 genome records [================================================] 100% 2753/2753
Downloading: data/raw/refseq_genomes/Pseudomonadota/genomes.zip    36.6MB 6.34MB/s
[1A[2K[1A[2KCollecting 2,753 genome records [================================================] 100% 2753/2753
Downloading: data/raw/refseq_genomes/Pseudomonadota/genomes.zip    36.6MB 6.34MB/s
[1A[2K[1A[2KCollecting 2,753 genome records [================================================] 100% 2753/2753
Downloading: data/raw/refseq_genomes/Pseudomonadota/genomes.zip    36.6MB 6.34MB/s
[1A[2K[1A[2KCollecting 2,753 genome records [================================================] 100% 2753/2753
Downloading: data/raw/refseq_genomes/Pseudomonadota/genomes.zip    36.6MB 6.25MB/s
[1A[2K[1A[2KCollecting 2,753 genome records [================================================] 100% 2753/2753
Downloading: data/raw/refseq_genomes/Pseudomonadota/genomes.zip    36.8MB 6.28MB/s
[1A[2K[1A[2KCollecting 2,753 genome records [================================================] 100% 2753/2753
Downloading: data/raw/refseq_genomes/Pseudomonadota/genomes.zip    37.3MB 6.35MB/s
[1A[2K[1A[2KCollecting 2,753 genome records [================================================] 100% 2753/2753
Downloading: data/raw/refseq_genomes/Pseudomonadota/genomes.zip    37.7MB 6.4MB/s
[1A[2K[1A[2KCollecting 2,753 genome records [================================================] 100% 2753/2753
Downloading: data/raw/refseq_genomes/Pseudomonadota/genomes.zip    37.9MB 6.44MB/s
[1A[2K[1A[2KCollecting 2,753 genome records [================================================] 100% 2753/2753
Downloading: data/raw/refseq_genomes/Pseudomonadota/genomes.zip    38.1MB 6.45MB/s
[1A[2K[1A[2KCollecting 2,753 genome records [================================================] 100% 2753/2753
Downloading: data/raw/refseq_genomes/Pseudomonadota/genomes.zip    38.3MB 6.48MB/s
[1A[2K[1A[2KCollecting 2,753 genome records [================================================] 100% 2753/2753
Downloading: data/raw/refseq_genomes/Pseudomonadota/genomes.zip    38.3MB 6.48MB/s
[1A[2K[1A[2KCollecting 2,753 genome records [================================================] 100% 2753/2753
Downloading: data/raw/refseq_genomes/Pseudomonadota/genomes.zip    38.3MB 6.48MB/s
[1A[2K[1A[2KCollecting 2,753 genome records [================================================] 100% 2753/2753
Downloading: data/raw/refseq_genomes/Pseudomonadota/genomes.zip    38.3MB 6.48MB/s
[1A[2K[1A[2KCollecting 2,753 genome records [================================================] 100% 2753/2753
Downloading: data/raw/refseq_genomes/Pseudomonadota/genomes.zip    38.3MB 6.48MB/s
[1A[2K[1A[2KCollecting 2,753 genome records [================================================] 100% 2753/2753
Downloading: data/raw/refseq_genomes/Pseudomonadota/genomes.zip    38.3MB 6.48MB/s
[1A[2K[1A[2KCollecting 2,753 genome records [================================================] 100% 2753/2753
Downloading: data/raw/refseq_genomes/Pseudomonadota/genomes.zip    38.3MB 6.48MB/s
[1A[2K[1A[2KCollecting 2,753 genome records [================================================] 100% 2753/2753
Downloading: data/raw/refseq_genomes/Pseudomonadota/genomes.zip    38.3MB 6.48MB/s
[1A[2K[1A[2KCollecting 2,753 genome records [================================================] 100% 2753/2753
Downloading: data/raw/refseq_genomes/Pseudomonadota/genomes.zip    38.4MB 6.39MB/s
[1A[2K[1A[2KCollecting 2,753 genome records [================================================] 100% 2753/2753
Downloading: data/raw/refseq_genomes/Pseudomonadota/genomes.zip    38.7MB 6.43MB/s
[1A[2K[1A[2KCollecting 2,753 genome records [================================================] 100% 2753/2753
Downloading: data/raw/refseq_genomes/Pseudomonadota/genomes.zip    39MB 6.47MB/s
[1A[2K[1A[2KCollecting 2,753 genome records [================================================] 100% 2753/2753
Downloading: data/raw/refseq_genomes/Pseudomonadota/genomes.zip    39.1MB 6.48MB/s
[1A[2K[1A[2KCollecting 2,753 genome records [================================================] 100% 2753/2753
Downloading: data/raw/refseq_genomes/Pseudomonadota/genomes.zip    39.4MB 6.53MB/s
[1A[2K[1A[2KCollecting 2,753 genome records [================================================] 100% 2753/2753
Downloading: data/raw/refseq_genomes/Pseudomonadota/genomes.zip    39.4MB 6.53MB/s
[1A[2K[1A[2KCollecting 2,753 genome records [================================================] 100% 2753/2753
Downloading: data/raw/refseq_genomes/Pseudomonadota/genomes.zip    39.4MB 6.53MB/s
[1A[2K[1A[2KCollecting 2,753 genome records [================================================] 100% 2753/2753
Downloading: data/raw/refseq_genomes/Pseudomonadota/genomes.zip    39.4MB 6.53MB/s
[1A[2K[1A[2KCollecting 2,753 genome records [================================================] 100% 2753/2753
Downloading: data/raw/refseq_genomes/Pseudomonadota/genomes.zip    39.4MB 6.53MB/s
[1A[2K[1A[2KCollecting 2,753 genome records [================================================] 100% 2753/2753
Downloading: data/raw/refseq_genomes/Pseudomonadota/genomes.zip    39.4MB 6.46MB/s
[1A[2K[1A[2KCollecting 2,753 genome records [================================================] 100% 2753/2753
Downloading: data/raw/refseq_genomes/Pseudomonadota/genomes.zip    39.7MB 6.5MB/s
[1A[2K[1A[2KCollecting 2,753 genome records [================================================] 100% 2753/2753
Downloading: data/raw/refseq_genomes/Pseudomonadota/genomes.zip    39.7MB 6.5MB/s
[1A[2K[1A[2KCollecting 2,753 genome records [================================================] 100% 2753/2753
Downloading: data/raw/refseq_genomes/Pseudomonadota/genomes.zip    39.7MB 6.5MB/s
[1A[2K[1A[2KCollecting 2,753 genome records [================================================] 100% 2753/2753
Downloading: data/raw/refseq_genomes/Pseudomonadota/genomes.zip    39.7MB 6.5MB/s
[1A[2K[1A[2KCollecting 2,753 genome records [================================================] 100% 2753/2753
Downloading: data/raw/refseq_genomes/Pseudomonadota/genomes.zip    39.7MB 6.5MB/s
[1A[2K[1A[2KCollecting 2,753 genome records [================================================] 100% 2753/2753
Downloading: data/raw/refseq_genomes/Pseudomonadota/genomes.zip    39.7MB 6.45MB/s
[1A[2K[1A[2KCollecting 2,753 genome records [================================================] 100% 2753/2753
Downloading: data/raw/refseq_genomes/Pseudomonadota/genomes.zip    39.8MB 6.46MB/s
[1A[2K[1A[2KCollecting 2,753 genome records [================================================] 100% 2753/2753
Downloading: data/raw/refseq_genomes/Pseudomonadota/genomes.zip    40.1MB 6.49MB/s
[1A[2K[1A[2KCollecting 2,753 genome records [================================================] 100% 2753/2753
Downloading: data/raw/refseq_genomes/Pseudomonadota/genomes.zip    40.6MB 6.56MB/s
[1A[2K[1A[2KCollecting 2,753 genome records [================================================] 100% 2753/2753
Downloading: data/raw/refseq_genomes/Pseudomonadota/genomes.zip    40.8MB 6.58MB/s
[1A[2K[1A[2KCollecting 2,753 genome records [================================================] 100% 2753/2753
Downloading: data/raw/refseq_genomes/Pseudomonadota/genomes.zip    41.3MB 6.65MB/s
[1A[2K[1A[2KCollecting 2,753 genome records [================================================] 100% 2753/2753
Downloading: data/raw/refseq_genomes/Pseudomonadota/genomes.zip    41.7MB 6.7MB/s
[1A[2K[1A[2KCollecting 2,753 genome records [================================================] 100% 2753/2753
Downloading: data/raw/refseq_genomes/Pseudomonadota/genomes.zip    41.7MB 6.7MB/s
[1A[2K[1A[2KCollecting 2,753 genome records [================================================] 100% 2753/2753
Downloading: data/raw/refseq_genomes/Pseudomonadota/genomes.zip    42.6MB 6.82MB/s
[1A[2K[1A[2KCollecting 2,753 genome records [================================================] 100% 2753/2753
Downloading: data/raw/refseq_genomes/Pseudomonadota/genomes.zip    42.7MB 6.84MB/s
[1A[2K[1A[2KCollecting 2,753 genome records [================================================] 100% 2753/2753
Downloading: data/raw/refseq_genomes/Pseudomonadota/genomes.zip    43.2MB 6.89MB/s
[1A[2K[1A[2KCollecting 2,753 genome records [================================================] 100% 2753/2753
Downloading: data/raw/refseq_genomes/Pseudomonadota/genomes.zip    43.6MB 6.94MB/s
[1A[2K[1A[2KCollecting 2,753 genome records [================================================] 100% 2753/2753
Downloading: data/raw/refseq_genomes/Pseudomonadota/genomes.zip    43.8MB 6.98MB/s
[1A[2K[1A[2KCollecting 2,753 genome records [================================================] 100% 2753/2753
Downloading: data/raw/refseq_genomes/Pseudomonadota/genomes.zip    43.8MB 6.96MB/s
[1A[2K[1A[2KCollecting 2,753 genome records [================================================] 100% 2753/2753
Downloading: data/raw/refseq_genomes/Pseudomonadota/genomes.zip    44.1MB 6.99MB/s
[1A[2K[1A[2KCollecting 2,753 genome records [================================================] 100% 2753/2753
Downloading: data/raw/refseq_genomes/Pseudomonadota/genomes.zip    44.6MB 7.06MB/s
[1A[2K[1A[2KCollecting 2,753 genome records [================================================] 100% 2753/2753
Downloading: data/raw/refseq_genomes/Pseudomonadota/genomes.zip    45.1MB 7.12MB/s
[1A[2K[1A[2KCollecting 2,753 genome records [================================================] 100% 2753/2753
Downloading: data/raw/refseq_genomes/Pseudomonadota/genomes.zip    45.2MB 7.13MB/s
[1A[2K[1A[2KCollecting 2,753 genome records [================================================] 100% 2753/2753
Downloading: data/raw/refseq_genomes/Pseudomonadota/genomes.zip    45.5MB 7.17MB/s
[1A[2K[1A[2KCollecting 2,753 genome records [================================================] 100% 2753/2753
Downloading: data/raw/refseq_genomes/Pseudomonadota/genomes.zip    45.6MB 7.17MB/s
[1A[2K[1A[2KCollecting 2,753 genome records [================================================] 100% 2753/2753
Downloading: data/raw/refseq_genomes/Pseudomonadota/genomes.zip    45.6MB 7.15MB/s
[1A[2K[1A[2KCollecting 2,753 genome records [================================================] 100% 2753/2753
Downloading: data/raw/refseq_genomes/Pseudomonadota/genomes.zip    45.8MB 7.17MB/s
[1A[2K[1A[2KCollecting 2,753 genome records [================================================] 100% 2753/2753
Downloading: data/raw/refseq_genomes/Pseudomonadota/genomes.zip    46.2MB 7.22MB/s
[1A[2K[1A[2KCollecting 2,753 genome records [================================================] 100% 2753/2753
Downloading: data/raw/refseq_genomes/Pseudomonadota/genomes.zip    46.2MB 7.22MB/s
[1A[2K[1A[2KCollecting 2,753 genome records [================================================] 100% 2753/2753
Downloading: data/raw/refseq_genomes/Pseudomonadota/genomes.zip    46.2MB 7.22MB/s
[1A[2K[1A[2KCollecting 2,753 genome records [================================================] 100% 2753/2753
Downloading: data/raw/refseq_genomes/Pseudomonadota/genomes.zip    46.6MB 7.25MB/s
[1A[2K[1A[2KCollecting 2,753 genome records [================================================] 100% 2753/2753
Downloading: data/raw/refseq_genomes/Pseudomonadota/genomes.zip    46.8MB 7.29MB/s
[1A[2K[1A[2KCollecting 2,753 genome records [================================================] 100% 2753/2753
Downloading: data/raw/refseq_genomes/Pseudomonadota/genomes.zip    46.8MB 7.29MB/s
[1A[2K[1A[2KCollecting 2,753 genome records [================================================] 100% 2753/2753
Downloading: data/raw/refseq_genomes/Pseudomonadota/genomes.zip    46.8MB 7.29MB/s
[1A[2K[1A[2KCollecting 2,753 genome records [================================================] 100% 2753/2753
Downloading: data/raw/refseq_genomes/Pseudomonadota/genomes.zip    46.8MB 7.29MB/s
[1A[2K[1A[2KCollecting 2,753 genome records [================================================] 100% 2753/2753
Downloading: data/raw/refseq_genomes/Pseudomonadota/genomes.zip    46.8MB 7.29MB/s
[1A[2K[1A[2KCollecting 2,753 genome records [================================================] 100% 2753/2753
Downloading: data/raw/refseq_genomes/Pseudomonadota/genomes.zip    46.8MB 7.29MB/s
[1A[2K[1A[2KCollecting 2,753 genome records [================================================] 100% 2753/2753
Downloading: data/raw/refseq_genomes/Pseudomonadota/genomes.zip    47MB 7.23MB/s
[1A[2K[1A[2KCollecting 2,753 genome records [================================================] 100% 2753/2753
Downloading: data/raw/refseq_genomes/Pseudomonadota/genomes.zip    47.5MB 7.3MB/s
[1A[2K[1A[2KCollecting 2,753 genome records [================================================] 100% 2753/2753
Downloading: data/raw/refseq_genomes/Pseudomonadota/genomes.zip    47.6MB 7.31MB/s
[1A[2K[1A[2KCollecting 2,753 genome records [================================================] 100% 2753/2753
Downloading: data/raw/refseq_genomes/Pseudomonadota/genomes.zip    48.1MB 7.37MB/s
[1A[2K[1A[2KCollecting 2,753 genome records [================================================] 100% 2753/2753
Downloading: data/raw/refseq_genomes/Pseudomonadota/genomes.zip    48.3MB 7.39MB/s
[1A[2K[1A[2KCollecting 2,753 genome records [================================================] 100% 2753/2753
Downloading: data/raw/refseq_genomes/Pseudomonadota/genomes.zip    48.3MB 7.38MB/s
[1A[2K[1A[2KCollecting 2,753 genome records [================================================] 100% 2753/2753
Downloading: data/raw/refseq_genomes/Pseudomonadota/genomes.zip    48.6MB 7.4MB/s
[1A[2K[1A[2KCollecting 2,753 genome records [================================================] 100% 2753/2753
Downloading: data/raw/refseq_genomes/Pseudomonadota/genomes.zip    48.7MB 7.42MB/s
[1A[2K[1A[2KCollecting 2,753 genome records [================================================] 100% 2753/2753
Downloading: data/raw/refseq_genomes/Pseudomonadota/genomes.zip    48.7MB 7.42MB/s
[1A[2K[1A[2KCollecting 2,753 genome records [================================================] 100% 2753/2753
Downloading: data/raw/refseq_genomes/Pseudomonadota/genomes.zip    48.8MB 7.4MB/s
[1A[2K[1A[2KCollecting 2,753 genome records [================================================] 100% 2753/2753
Downloading: data/raw/refseq_genomes/Pseudomonadota/genomes.zip    49MB 7.43MB/s
[1A[2K[1A[2KCollecting 2,753 genome records [================================================] 100% 2753/2753
Downloading: data/raw/refseq_genomes/Pseudomonadota/genomes.zip    49.7MB 7.51MB/s
[1A[2K[1A[2KCollecting 2,753 genome records [================================================] 100% 2753/2753
Downloading: data/raw/refseq_genomes/Pseudomonadota/genomes.zip    49.9MB 7.53MB/s
[1A[2K[1A[2KCollecting 2,753 genome records [================================================] 100% 2753/2753
Downloading: data/raw/refseq_genomes/Pseudomonadota/genomes.zip    50MB 7.54MB/s
[1A[2K[1A[2KCollecting 2,753 genome records [================================================] 100% 2753/2753
Downloading: data/raw/refseq_genomes/Pseudomonadota/genomes.zip    50MB 7.54MB/s
[1A[2K[1A[2KCollecting 2,753 genome records [================================================] 100% 2753/2753
Downloading: data/raw/refseq_genomes/Pseudomonadota/genomes.zip    50MB 7.54MB/s
[1A[2K[1A[2KCollecting 2,753 genome records [================================================] 100% 2753/2753
Downloading: data/raw/refseq_genomes/Pseudomonadota/genomes.zip    50.1MB 7.52MB/s
[1A[2K[1A[2KCollecting 2,753 genome records [================================================] 100% 2753/2753
Downloading: data/raw/refseq_genomes/Pseudomonadota/genomes.zip    50.4MB 7.55MB/s
[1A[2K[1A[2KCollecting 2,753 genome records [================================================] 100% 2753/2753
Downloading: data/raw/refseq_genomes/Pseudomonadota/genomes.zip    50.7MB 7.58MB/s
[1A[2K[1A[2KCollecting 2,753 genome records [================================================] 100% 2753/2753
Downloading: data/raw/refseq_genomes/Pseudomonadota/genomes.zip    50.7MB 7.58MB/s
[1A[2K[1A[2KCollecting 2,753 genome records [================================================] 100% 2753/2753
Downloading: data/raw/refseq_genomes/Pseudomonadota/genomes.zip    50.7MB 7.55MB/s
[1A[2K[1A[2KCollecting 2,753 genome records [================================================] 100% 2753/2753
Downloading: data/raw/refseq_genomes/Pseudomonadota/genomes.zip    50.8MB 7.56MB/s
[1A[2K[1A[2KCollecting 2,753 genome records [================================================] 100% 2753/2753
Downloading: data/raw/refseq_genomes/Pseudomonadota/genomes.zip    51MB 7.58MB/s
[1A[2K[1A[2KCollecting 2,753 genome records [================================================] 100% 2753/2753
Downloading: data/raw/refseq_genomes/Pseudomonadota/genomes.zip    51MB 7.58MB/s
[1A[2K[1A[2KCollecting 2,753 genome records [================================================] 100% 2753/2753
Downloading: data/raw/refseq_genomes/Pseudomonadota/genomes.zip    51MB 7.58MB/s
[1A[2K[1A[2KCollecting 2,753 genome records [================================================] 100% 2753/2753
Downloading: data/raw/refseq_genomes/Pseudomonadota/genomes.zip    51MB 7.56MB/s
[1A[2K[1A[2KCollecting 2,753 genome records [================================================] 100% 2753/2753
Downloading: data/raw/refseq_genomes/Pseudomonadota/genomes.zip    51MB 7.56MB/s
[1A[2K[1A[2KCollecting 2,753 genome records [================================================] 100% 2753/2753
Downloading: data/raw/refseq_genomes/Pseudomonadota/genomes.zip    51MB 7.56MB/s
[1A[2K[1A[2KCollecting 2,753 genome records [================================================] 100% 2753/2753
Downloading: data/raw/refseq_genomes/Pseudomonadota/genomes.zip    51MB 7.56MB/s
[1A[2K[1A[2KCollecting 2,753 genome records [================================================] 100% 2753/2753
Downloading: data/raw/refseq_genomes/Pseudomonadota/genomes.zip    51MB 7.56MB/s
[1A[2K[1A[2KCollecting 2,753 genome records [================================================] 100% 2753/2753
Downloading: data/raw/refseq_genomes/Pseudomonadota/genomes.zip    51MB 7.56MB/s
[1A[2K[1A[2KCollecting 2,753 genome records [================================================] 100% 2753/2753
Downloading: data/raw/refseq_genomes/Pseudomonadota/genomes.zip    51MB 7.56MB/s
[1A[2K[1A[2KCollecting 2,753 genome records [================================================] 100% 2753/2753
Downloading: data/raw/refseq_genomes/Pseudomonadota/genomes.zip    51MB 7.56MB/s
[1A[2K[1A[2KCollecting 2,753 genome records [================================================] 100% 2753/2753
Downloading: data/raw/refseq_genomes/Pseudomonadota/genomes.zip    51MB 7.56MB/s
[1A[2K[1A[2KCollecting 2,753 genome records [================================================] 100% 2753/2753
Downloading: data/raw/refseq_genomes/Pseudomonadota/genomes.zip    51MB 7.56MB/s
[1A[2K[1A[2KCollecting 2,753 genome records [================================================] 100% 2753/2753
Downloading: data/raw/refseq_genomes/Pseudomonadota/genomes.zip    51MB 7.43MB/s
[1A[2K[1A[2KCollecting 2,753 genome records [================================================] 100% 2753/2753
Downloading: data/raw/refseq_genomes/Pseudomonadota/genomes.zip    51.3MB 7.46MB/s
[1A[2K[1A[2KCollecting 2,753 genome records [================================================] 100% 2753/2753
Downloading: data/raw/refseq_genomes/Pseudomonadota/genomes.zip    51.5MB 7.48MB/s
[1A[2K[1A[2KCollecting 2,753 genome records [================================================] 100% 2753/2753
Downloading: data/raw/refseq_genomes/Pseudomonadota/genomes.zip    51.8MB 7.51MB/s
[1A[2K[1A[2KCollecting 2,753 genome records [================================================] 100% 2753/2753
Downloading: data/raw/refseq_genomes/Pseudomonadota/genomes.zip    52.2MB 7.55MB/s
[1A[2K[1A[2KCollecting 2,753 genome records [================================================] 100% 2753/2753
Downloading: data/raw/refseq_genomes/Pseudomonadota/genomes.zip    52.2MB 7.55MB/s
[1A[2K[1A[2KCollecting 2,753 genome records [================================================] 100% 2753/2753
Downloading: data/raw/refseq_genomes/Pseudomonadota/genomes.zip    52.4MB 7.57MB/s
[1A[2K[1A[2KCollecting 2,753 genome records [================================================] 100% 2753/2753
Downloading: data/raw/refseq_genomes/Pseudomonadota/genomes.zip    52.5MB 7.57MB/s
[1A[2K[1A[2KCollecting 2,753 genome records [================================================] 100% 2753/2753
Downloading: data/raw/refseq_genomes/Pseudomonadota/genomes.zip    52.9MB 7.6MB/s
[1A[2K[1A[2KCollecting 2,753 genome records [================================================] 100% 2753/2753
Downloading: data/raw/refseq_genomes/Pseudomonadota/genomes.zip    53.2MB 7.64MB/s
[1A[2K[1A[2KCollecting 2,753 genome records [================================================] 100% 2753/2753
Downloading: data/raw/refseq_genomes/Pseudomonadota/genomes.zip    53.2MB 7.64MB/s
[1A[2K[1A[2KCollecting 2,753 genome records [================================================] 100% 2753/2753
Downloading: data/raw/refseq_genomes/Pseudomonadota/genomes.zip    53.4MB 7.65MB/s
[1A[2K[1A[2KCollecting 2,753 genome records [================================================] 100% 2753/2753
Downloading: data/raw/refseq_genomes/Pseudomonadota/genomes.zip    53.4MB 7.65MB/s
[1A[2K[1A[2KCollecting 2,753 genome records [================================================] 100% 2753/2753
Downloading: data/raw/refseq_genomes/Pseudomonadota/genomes.zip    53.4MB 7.65MB/s
[1A[2K[1A[2KCollecting 2,753 genome records [================================================] 100% 2753/2753
Downloading: data/raw/refseq_genomes/Pseudomonadota/genomes.zip    53.4MB 7.65MB/s
[1A[2K[1A[2KCollecting 2,753 genome records [================================================] 100% 2753/2753
Downloading: data/raw/refseq_genomes/Pseudomonadota/genomes.zip    53.4MB 7.65MB/s
[1A[2K[1A[2KCollecting 2,753 genome records [================================================] 100% 2753/2753
Downloading: data/raw/refseq_genomes/Pseudomonadota/genomes.zip    53.4MB 7.59MB/s
[1A[2K[1A[2KCollecting 2,753 genome records [================================================] 100% 2753/2753
Downloading: data/raw/refseq_genomes/Pseudomonadota/genomes.zip    53.8MB 7.64MB/s
[1A[2K[1A[2KCollecting 2,753 genome records [================================================] 100% 2753/2753
Downloading: data/raw/refseq_genomes/Pseudomonadota/genomes.zip    54.1MB 7.67MB/s
[1A[2K[1A[2KCollecting 2,753 genome records [================================================] 100% 2753/2753
Downloading: data/raw/refseq_genomes/Pseudomonadota/genomes.zip    54.5MB 7.72MB/s
[1A[2K[1A[2KCollecting 2,753 genome records [================================================] 100% 2753/2753
Downloading: data/raw/refseq_genomes/Pseudomonadota/genomes.zip    54.7MB 7.74MB/s
[1A[2K[1A[2KCollecting 2,753 genome records [================================================] 100% 2753/2753
Downloading: data/raw/refseq_genomes/Pseudomonadota/genomes.zip    54.8MB 7.73MB/s
[1A[2K[1A[2KCollecting 2,753 genome records [================================================] 100% 2753/2753
Downloading: data/raw/refseq_genomes/Pseudomonadota/genomes.zip    55.1MB 7.77MB/s
[1A[2K[1A[2KCollecting 2,753 genome records [================================================] 100% 2753/2753
Downloading: data/raw/refseq_genomes/Pseudomonadota/genomes.zip    55.1MB 7.77MB/s
[1A[2K[1A[2KCollecting 2,753 genome records [================================================] 100% 2753/2753
Downloading: data/raw/refseq_genomes/Pseudomonadota/genomes.zip    55.1MB 7.77MB/s
[1A[2K[1A[2KCollecting 2,753 genome records [================================================] 100% 2753/2753
Downloading: data/raw/refseq_genomes/Pseudomonadota/genomes.zip    55.1MB 7.73MB/s
[1A[2K[1A[2KCollecting 2,753 genome records [================================================] 100% 2753/2753
Downloading: data/raw/refseq_genomes/Pseudomonadota/genomes.zip    55.3MB 7.75MB/s
[1A[2K[1A[2KCollecting 2,753 genome records [================================================] 100% 2753/2753
Downloading: data/raw/refseq_genomes/Pseudomonadota/genomes.zip    55.7MB 7.8MB/s
[1A[2K[1A[2KCollecting 2,753 genome records [================================================] 100% 2753/2753
Downloading: data/raw/refseq_genomes/Pseudomonadota/genomes.zip    56.2MB 7.85MB/s
[1A[2K[1A[2KCollecting 2,753 genome records [================================================] 100% 2753/2753
Downloading: data/raw/refseq_genomes/Pseudomonadota/genomes.zip    56.5MB 7.87MB/s
[1A[2K[1A[2KCollecting 2,753 genome records [================================================] 100% 2753/2753
Downloading: data/raw/refseq_genomes/Pseudomonadota/genomes.zip    56.6MB 7.88MB/s
[1A[2K[1A[2KCollecting 2,753 genome records [================================================] 100% 2753/2753
Downloading: data/raw/refseq_genomes/Pseudomonadota/genomes.zip    56.7MB 7.89MB/s
[1A[2K[1A[2KCollecting 2,753 genome records [================================================] 100% 2753/2753
Downloading: data/raw/refseq_genomes/Pseudomonadota/genomes.zip    56.7MB 7.89MB/s
[1A[2K[1A[2KCollecting 2,753 genome records [================================================] 100% 2753/2753
Downloading: data/raw/refseq_genomes/Pseudomonadota/genomes.zip    56.7MB 7.89MB/s
[1A[2K[1A[2KCollecting 2,753 genome records [================================================] 100% 2753/2753
Downloading: data/raw/refseq_genomes/Pseudomonadota/genomes.zip    56.8MB 7.86MB/s
[1A[2K[1A[2KCollecting 2,753 genome records [================================================] 100% 2753/2753
Downloading: data/raw/refseq_genomes/Pseudomonadota/genomes.zip    57.2MB 7.91MB/s
[1A[2K[1A[2KCollecting 2,753 genome records [================================================] 100% 2753/2753
Downloading: data/raw/refseq_genomes/Pseudomonadota/genomes.zip    57.7MB 7.97MB/s
[1A[2K[1A[2KCollecting 2,753 genome records [================================================] 100% 2753/2753
Downloading: data/raw/refseq_genomes/Pseudomonadota/genomes.zip    57.8MB 7.97MB/s
[1A[2K[1A[2KCollecting 2,753 genome records [================================================] 100% 2753/2753
Downloading: data/raw/refseq_genomes/Pseudomonadota/genomes.zip    58.1MB 8MB/s
[1A[2K[1A[2KCollecting 2,753 genome records [================================================] 100% 2753/2753
Downloading: data/raw/refseq_genomes/Pseudomonadota/genomes.zip    58.3MB 8.01MB/s
[1A[2K[1A[2KCollecting 2,753 genome records [================================================] 100% 2753/2753
Downloading: data/raw/refseq_genomes/Pseudomonadota/genomes.zip    58.3MB 8.01MB/s
[1A[2K[1A[2KCollecting 2,753 genome records [================================================] 100% 2753/2753
Downloading: data/raw/refseq_genomes/Pseudomonadota/genomes.zip    58.3MB 7.99MB/s
[1A[2K[1A[2KCollecting 2,753 genome records [================================================] 100% 2753/2753
Downloading: data/raw/refseq_genomes/Pseudomonadota/genomes.zip    58.3MB 7.99MB/s
[1A[2K[1A[2KCollecting 2,753 genome records [================================================] 100% 2753/2753
Downloading: data/raw/refseq_genomes/Pseudomonadota/genomes.zip    58.7MB 8.03MB/s
[1A[2K[1A[2KCollecting 2,753 genome records [================================================] 100% 2753/2753
Downloading: data/raw/refseq_genomes/Pseudomonadota/genomes.zip    59MB 8.05MB/s
[1A[2K[1A[2KCollecting 2,753 genome records [================================================] 100% 2753/2753
Downloading: data/raw/refseq_genomes/Pseudomonadota/genomes.zip    59.4MB 8.1MB/s
[1A[2K[1A[2KCollecting 2,753 genome records [================================================] 100% 2753/2753
Downloading: data/raw/refseq_genomes/Pseudomonadota/genomes.zip    59.7MB 8.13MB/s
[1A[2K[1A[2KCollecting 2,753 genome records [================================================] 100% 2753/2753
Downloading: data/raw/refseq_genomes/Pseudomonadota/genomes.zip    59.8MB 8.13MB/s
[1A[2K[1A[2KCollecting 2,753 genome records [================================================] 100% 2753/2753
Downloading: data/raw/refseq_genomes/Pseudomonadota/genomes.zip    60.1MB 8.16MB/s
[1A[2K[1A[2KCollecting 2,753 genome records [================================================] 100% 2753/2753
Downloading: data/raw/refseq_genomes/Pseudomonadota/genomes.zip    60.1MB 8.16MB/s
[1A[2K[1A[2KCollecting 2,753 genome records [================================================] 100% 2753/2753
Downloading: data/raw/refseq_genomes/Pseudomonadota/genomes.zip    60.1MB 8.16MB/s
[1A[2K[1A[2KCollecting 2,753 genome records [================================================] 100% 2753/2753
Downloading: data/raw/refseq_genomes/Pseudomonadota/genomes.zip    60.1MB 8.16MB/s
[1A[2K[1A[2KCollecting 2,753 genome records [================================================] 100% 2753/2753
Downloading: data/raw/refseq_genomes/Pseudomonadota/genomes.zip    60.1MB 8.16MB/s
[1A[2K[1A[2KCollecting 2,753 genome records [================================================] 100% 2753/2753
Downloading: data/raw/refseq_genomes/Pseudomonadota/genomes.zip    60.1MB 8.16MB/s
[1A[2K[1A[2KCollecting 2,753 genome records [================================================] 100% 2753/2753
Downloading: data/raw/refseq_genomes/Pseudomonadota/genomes.zip    60.5MB 8.14MB/s
[1A[2K[1A[2KCollecting 2,753 genome records [================================================] 100% 2753/2753
Downloading: data/raw/refseq_genomes/Pseudomonadota/genomes.zip    60.9MB 8.19MB/s
[1A[2K[1A[2KCollecting 2,753 genome records [================================================] 100% 2753/2753
Downloading: data/raw/refseq_genomes/Pseudomonadota/genomes.zip    61.4MB 8.24MB/s
[1A[2K[1A[2KCollecting 2,753 genome records [================================================] 100% 2753/2753
Downloading: data/raw/refseq_genomes/Pseudomonadota/genomes.zip    61.7MB 8.27MB/s
[1A[2K[1A[2KCollecting 2,753 genome records [================================================] 100% 2753/2753
Downloading: data/raw/refseq_genomes/Pseudomonadota/genomes.zip    61.8MB 8.28MB/s
[1A[2K[1A[2KCollecting 2,753 genome records [================================================] 100% 2753/2753
Downloading: data/raw/refseq_genomes/Pseudomonadota/genomes.zip    62MB 8.28MB/s
[1A[2K[1A[2KCollecting 2,753 genome records [================================================] 100% 2753/2753
Downloading: data/raw/refseq_genomes/Pseudomonadota/genomes.zip    62MB 8.28MB/s
[1A[2K[1A[2KCollecting 2,753 genome records [================================================] 100% 2753/2753
Downloading: data/raw/refseq_genomes/Pseudomonadota/genomes.zip    62MB 8.28MB/s
[1A[2K[1A[2KCollecting 2,753 genome records [================================================] 100% 2753/2753
Downloading: data/raw/refseq_genomes/Pseudomonadota/genomes.zip    62MB 8.28MB/s
[1A[2K[1A[2KCollecting 2,753 genome records [================================================] 100% 2753/2753
Downloading: data/raw/refseq_genomes/Pseudomonadota/genomes.zip    62.1MB 8.25MB/s
[1A[2K[1A[2KCollecting 2,753 genome records [================================================] 100% 2753/2753
Downloading: data/raw/refseq_genomes/Pseudomonadota/genomes.zip    62.5MB 8.29MB/s
[1A[2K[1A[2KCollecting 2,753 genome records [================================================] 100% 2753/2753
Downloading: data/raw/refseq_genomes/Pseudomonadota/genomes.zip    62.8MB 8.32MB/s
[1A[2K[1A[2KCollecting 2,753 genome records [================================================] 100% 2753/2753
Downloading: data/raw/refseq_genomes/Pseudomonadota/genomes.zip    63.1MB 8.36MB/s
[1A[2K[1A[2KCollecting 2,753 genome records [================================================] 100% 2753/2753
Downloading: data/raw/refseq_genomes/Pseudomonadota/genomes.zip    63.4MB 8.37MB/s
[1A[2K[1A[2KCollecting 2,753 genome records [================================================] 100% 2753/2753
Downloading: data/raw/refseq_genomes/Pseudomonadota/genomes.zip    63.4MB 8.38MB/s
[1A[2K[1A[2KCollecting 2,753 genome records [================================================] 100% 2753/2753
Downloading: data/raw/refseq_genomes/Pseudomonadota/genomes.zip    63.7MB 8.4MB/s
[1A[2K[1A[2KCollecting 2,753 genome records [================================================] 100% 2753/2753
Downloading: data/raw/refseq_genomes/Pseudomonadota/genomes.zip    63.9MB 8.41MB/s
[1A[2K[1A[2KCollecting 2,753 genome records [================================================] 100% 2753/2753
Downloading: data/raw/refseq_genomes/Pseudomonadota/genomes.zip    63.9MB 8.41MB/s
[1A[2K[1A[2KCollecting 2,753 genome records [================================================] 100% 2753/2753
Downloading: data/raw/refseq_genomes/Pseudomonadota/genomes.zip    63.9MB 8.41MB/s
[1A[2K[1A[2KCollecting 2,753 genome records [================================================] 100% 2753/2753
Downloading: data/raw/refseq_genomes/Pseudomonadota/genomes.zip    63.9MB 8.38MB/s
[1A[2K[1A[2KCollecting 2,753 genome records [================================================] 100% 2753/2753
Downloading: data/raw/refseq_genomes/Pseudomonadota/genomes.zip    64.1MB 8.38MB/s
[1A[2K[1A[2KCollecting 2,753 genome records [================================================] 100% 2753/2753
Downloading: data/raw/refseq_genomes/Pseudomonadota/genomes.zip    64.6MB 8.44MB/s
[1A[2K[1A[2KCollecting 2,753 genome records [================================================] 100% 2753/2753
Downloading: data/raw/refseq_genomes/Pseudomonadota/genomes.zip    64.9MB 8.47MB/s
[1A[2K[1A[2KCollecting 2,753 genome records [================================================] 100% 2753/2753
Downloading: data/raw/refseq_genomes/Pseudomonadota/genomes.zip    65MB 8.47MB/s
[1A[2K[1A[2KCollecting 2,753 genome records [================================================] 100% 2753/2753
Downloading: data/raw/refseq_genomes/Pseudomonadota/genomes.zip    65MB 8.47MB/s
[1A[2K[1A[2KCollecting 2,753 genome records [================================================] 100% 2753/2753
Downloading: data/raw/refseq_genomes/Pseudomonadota/genomes.zip    65.4MB 8.5MB/s
[1A[2K[1A[2KCollecting 2,753 genome records [================================================] 100% 2753/2753
Downloading: data/raw/refseq_genomes/Pseudomonadota/genomes.zip    65.6MB 8.51MB/s
[1A[2K[1A[2KCollecting 2,753 genome records [================================================] 100% 2753/2753
Downloading: data/raw/refseq_genomes/Pseudomonadota/genomes.zip    65.8MB 8.53MB/s
[1A[2K[1A[2KCollecting 2,753 genome records [================================================] 100% 2753/2753
Downloading: data/raw/refseq_genomes/Pseudomonadota/genomes.zip    66MB 8.54MB/s
[1A[2K[1A[2KCollecting 2,753 genome records [================================================] 100% 2753/2753
Downloading: data/raw/refseq_genomes/Pseudomonadota/genomes.zip    66.5MB 8.6MB/s
[1A[2K[1A[2KCollecting 2,753 genome records [================================================] 100% 2753/2753
Downloading: data/raw/refseq_genomes/Pseudomonadota/genomes.zip    66.7MB 8.61MB/s
[1A[2K[1A[2KCollecting 2,753 genome records [================================================] 100% 2753/2753
Downloading: data/raw/refseq_genomes/Pseudomonadota/genomes.zip    66.8MB 8.62MB/s
[1A[2K[1A[2KCollecting 2,753 genome records [================================================] 100% 2753/2753
Downloading: data/raw/refseq_genomes/Pseudomonadota/genomes.zip    66.8MB 8.62MB/s
[1A[2K[1A[2KCollecting 2,753 genome records [================================================] 100% 2753/2753
Downloading: data/raw/refseq_genomes/Pseudomonadota/genomes.zip    66.8MB 8.62MB/s
[1A[2K[1A[2KCollecting 2,753 genome records [================================================] 100% 2753/2753
Downloading: data/raw/refseq_genomes/Pseudomonadota/genomes.zip    66.8MB 8.62MB/s
[1A[2K[1A[2KCollecting 2,753 genome records [================================================] 100% 2753/2753
Downloading: data/raw/refseq_genomes/Pseudomonadota/genomes.zip    66.8MB 8.62MB/s
[1A[2K[1A[2KCollecting 2,753 genome records [================================================] 100% 2753/2753
Downloading: data/raw/refseq_genomes/Pseudomonadota/genomes.zip    66.9MB 8.57MB/s
[1A[2K[1A[2KCollecting 2,753 genome records [================================================] 100% 2753/2753
Downloading: data/raw/refseq_genomes/Pseudomonadota/genomes.zip    67.3MB 8.61MB/s
[1A[2K[1A[2KCollecting 2,753 genome records [================================================] 100% 2753/2753
Downloading: data/raw/refseq_genomes/Pseudomonadota/genomes.zip    67.5MB 8.63MB/s
[1A[2K[1A[2KCollecting 2,753 genome records [================================================] 100% 2753/2753
Downloading: data/raw/refseq_genomes/Pseudomonadota/genomes.zip    68MB 8.68MB/s
[1A[2K[1A[2KCollecting 2,753 genome records [================================================] 100% 2753/2753
Downloading: data/raw/refseq_genomes/Pseudomonadota/genomes.zip    68.3MB 8.7MB/s
[1A[2K[1A[2KCollecting 2,753 genome records [================================================] 100% 2753/2753
Downloading: data/raw/refseq_genomes/Pseudomonadota/genomes.zip    68.4MB 8.71MB/s
[1A[2K[1A[2KCollecting 2,753 genome records [================================================] 100% 2753/2753
Downloading: data/raw/refseq_genomes/Pseudomonadota/genomes.zip    68.4MB 8.71MB/s
[1A[2K[1A[2KCollecting 2,753 genome records [================================================] 100% 2753/2753
Downloading: data/raw/refseq_genomes/Pseudomonadota/genomes.zip    68.4MB 8.71MB/s
[1A[2K[1A[2KCollecting 2,753 genome records [================================================] 100% 2753/2753
Downloading: data/raw/refseq_genomes/Pseudomonadota/genomes.zip    68.4MB 8.71MB/s
[1A[2K[1A[2KCollecting 2,753 genome records [================================================] 100% 2753/2753
Downloading: data/raw/refseq_genomes/Pseudomonadota/genomes.zip    68.4MB 8.71MB/s
[1A[2K[1A[2KCollecting 2,753 genome records [================================================] 100% 2753/2753
Downloading: data/raw/refseq_genomes/Pseudomonadota/genomes.zip    68.4MB 8.71MB/s
[1A[2K[1A[2KCollecting 2,753 genome records [================================================] 100% 2753/2753
Downloading: data/raw/refseq_genomes/Pseudomonadota/genomes.zip    68.4MB 8.71MB/s
[1A[2K[1A[2KCollecting 2,753 genome records [================================================] 100% 2753/2753
Downloading: data/raw/refseq_genomes/Pseudomonadota/genomes.zip    68.4MB 8.62MB/s
[1A[2K[1A[2KCollecting 2,753 genome records [================================================] 100% 2753/2753
Downloading: data/raw/refseq_genomes/Pseudomonadota/genomes.zip    68.5MB 8.62MB/s
[1A[2K[1A[2KCollecting 2,753 genome records [================================================] 100% 2753/2753
Downloading: data/raw/refseq_genomes/Pseudomonadota/genomes.zip    68.9MB 8.66MB/s
[1A[2K[1A[2KCollecting 2,753 genome records [================================================] 100% 2753/2753
Downloading: data/raw/refseq_genomes/Pseudomonadota/genomes.zip    69.4MB 8.71MB/s
[1A[2K[1A[2KCollecting 2,753 genome records [================================================] 100% 2753/2753
Downloading: data/raw/refseq_genomes/Pseudomonadota/genomes.zip    69.6MB 8.73MB/s
[1A[2K[1A[2KCollecting 2,753 genome records [================================================] 100% 2753/2753
Downloading: data/raw/refseq_genomes/Pseudomonadota/genomes.zip    69.7MB 8.74MB/s
[1A[2K[1A[2KCollecting 2,753 genome records [================================================] 100% 2753/2753
Downloading: data/raw/refseq_genomes/Pseudomonadota/genomes.zip    70.2MB 8.78MB/s
[1A[2K[1A[2KCollecting 2,753 genome records [================================================] 100% 2753/2753
Downloading: data/raw/refseq_genomes/Pseudomonadota/genomes.zip    70.2MB 8.78MB/s
[1A[2K[1A[2KCollecting 2,753 genome records [================================================] 100% 2753/2753
Downloading: data/raw/refseq_genomes/Pseudomonadota/genomes.zip    70.2MB 8.78MB/s
[1A[2K[1A[2KCollecting 2,753 genome records [================================================] 100% 2753/2753
Downloading: data/raw/refseq_genomes/Pseudomonadota/genomes.zip    70.3MB 8.77MB/s
[1A[2K[1A[2KCollecting 2,753 genome records [================================================] 100% 2753/2753
Downloading: data/raw/refseq_genomes/Pseudomonadota/genomes.zip    70.3MB 8.77MB/s
[1A[2K[1A[2KCollecting 2,753 genome records [================================================] 100% 2753/2753
Downloading: data/raw/refseq_genomes/Pseudomonadota/genomes.zip    70.3MB 8.77MB/s
[1A[2K[1A[2KCollecting 2,753 genome records [================================================] 100% 2753/2753
Downloading: data/raw/refseq_genomes/Pseudomonadota/genomes.zip    70.3MB 8.77MB/s
[1A[2K[1A[2KCollecting 2,753 genome records [================================================] 100% 2753/2753
Downloading: data/raw/refseq_genomes/Pseudomonadota/genomes.zip    70.3MB 8.77MB/s
[1A[2K[1A[2KCollecting 2,753 genome records [================================================] 100% 2753/2753
Downloading: data/raw/refseq_genomes/Pseudomonadota/genomes.zip    70.3MB 8.77MB/s
[1A[2K[1A[2KCollecting 2,753 genome records [================================================] 100% 2753/2753
Downloading: data/raw/refseq_genomes/Pseudomonadota/genomes.zip    70.3MB 8.77MB/s
[1A[2K[1A[2KCollecting 2,753 genome records [================================================] 100% 2753/2753
Downloading: data/raw/refseq_genomes/Pseudomonadota/genomes.zip    70.5MB 8.69MB/s
[1A[2K[1A[2KCollecting 2,753 genome records [================================================] 100% 2753/2753
Downloading: data/raw/refseq_genomes/Pseudomonadota/genomes.zip    70.8MB 8.72MB/s
[1A[2K[1A[2KCollecting 2,753 genome records [================================================] 100% 2753/2753
Downloading: data/raw/refseq_genomes/Pseudomonadota/genomes.zip    71.1MB 8.75MB/s
[1A[2K[1A[2KCollecting 2,753 genome records [================================================] 100% 2753/2753
Downloading: data/raw/refseq_genomes/Pseudomonadota/genomes.zip    71.5MB 8.79MB/s
[1A[2K[1A[2KCollecting 2,753 genome records [================================================] 100% 2753/2753
Downloading: data/raw/refseq_genomes/Pseudomonadota/genomes.zip    71.9MB 8.83MB/s
[1A[2K[1A[2KCollecting 2,753 genome records [================================================] 100% 2753/2753
Downloading: data/raw/refseq_genomes/Pseudomonadota/genomes.zip    72.3MB 8.87MB/s
[1A[2K[1A[2KCollecting 2,753 genome records [================================================] 100% 2753/2753
Downloading: data/raw/refseq_genomes/Pseudomonadota/genomes.zip    72.4MB 8.87MB/s
[1A[2K[1A[2KCollecting 2,753 genome records [================================================] 100% 2753/2753
Downloading: data/raw/refseq_genomes/Pseudomonadota/genomes.zip    72.6MB 8.88MB/s
[1A[2K[1A[2KCollecting 2,753 genome records [================================================] 100% 2753/2753
Downloading: data/raw/refseq_genomes/Pseudomonadota/genomes.zip    73MB 8.92MB/s
[1A[2K[1A[2KCollecting 2,753 genome records [================================================] 100% 2753/2753
Downloading: data/raw/refseq_genomes/Pseudomonadota/genomes.zip    73MB 8.92MB/s
[1A[2K[1A[2KCollecting 2,753 genome records [================================================] 100% 2753/2753
Downloading: data/raw/refseq_genomes/Pseudomonadota/genomes.zip    73.1MB 8.9MB/s
[1A[2K[1A[2KCollecting 2,753 genome records [================================================] 100% 2753/2753
Downloading: data/raw/refseq_genomes/Pseudomonadota/genomes.zip    73.1MB 8.9MB/s
[1A[2K[1A[2KCollecting 2,753 genome records [================================================] 100% 2753/2753
Downloading: data/raw/refseq_genomes/Pseudomonadota/genomes.zip    73.1MB 8.9MB/s
[1A[2K[1A[2KCollecting 2,753 genome records [================================================] 100% 2753/2753
Downloading: data/raw/refseq_genomes/Pseudomonadota/genomes.zip    73.1MB 8.9MB/s
[1A[2K[1A[2KCollecting 2,753 genome records [================================================] 100% 2753/2753
Downloading: data/raw/refseq_genomes/Pseudomonadota/genomes.zip    73.1MB 8.9MB/s
[1A[2K[1A[2KCollecting 2,753 genome records [================================================] 100% 2753/2753
Downloading: data/raw/refseq_genomes/Pseudomonadota/genomes.zip    73.1MB 8.9MB/s
[1A[2K[1A[2KCollecting 2,753 genome records [================================================] 100% 2753/2753
Downloading: data/raw/refseq_genomes/Pseudomonadota/genomes.zip    73.1MB 8.9MB/s
[1A[2K[1A[2KCollecting 2,753 genome records [================================================] 100% 2753/2753
Downloading: data/raw/refseq_genomes/Pseudomonadota/genomes.zip    73.1MB 8.82MB/s
[1A[2K[1A[2KCollecting 2,753 genome records [================================================] 100% 2753/2753
Downloading: data/raw/refseq_genomes/Pseudomonadota/genomes.zip    73.2MB 8.83MB/s
[1A[2K[1A[2KCollecting 2,753 genome records [================================================] 100% 2753/2753
Downloading: data/raw/refseq_genomes/Pseudomonadota/genomes.zip    73.2MB 8.83MB/s
[1A[2K[1A[2KCollecting 2,753 genome records [================================================] 100% 2753/2753
Downloading: data/raw/refseq_genomes/Pseudomonadota/genomes.zip    73.2MB 8.83MB/s
[1A[2K[1A[2KCollecting 2,753 genome records [================================================] 100% 2753/2753
Downloading: data/raw/refseq_genomes/Pseudomonadota/genomes.zip    73.2MB 8.83MB/s
[1A[2K[1A[2KCollecting 2,753 genome records [================================================] 100% 2753/2753
Downloading: data/raw/refseq_genomes/Pseudomonadota/genomes.zip    73.2MB 8.83MB/s
[1A[2K[1A[2KCollecting 2,753 genome records [================================================] 100% 2753/2753
Downloading: data/raw/refseq_genomes/Pseudomonadota/genomes.zip    73.2MB 8.83MB/s
[1A[2K[1A[2KCollecting 2,753 genome records [================================================] 100% 2753/2753
Downloading: data/raw/refseq_genomes/Pseudomonadota/genomes.zip    73.2MB 8.83MB/s
[1A[2K[1A[2KCollecting 2,753 genome records [================================================] 100% 2753/2753
Downloading: data/raw/refseq_genomes/Pseudomonadota/genomes.zip    73.2MB 8.83MB/s
[1A[2K[1A[2KCollecting 2,753 genome records [================================================] 100% 2753/2753
Downloading: data/raw/refseq_genomes/Pseudomonadota/genomes.zip    73.2MB 8.83MB/s
[1A[2K[1A[2KCollecting 2,753 genome records [================================================] 100% 2753/2753
Downloading: data/raw/refseq_genomes/Pseudomonadota/genomes.zip    73.2MB 8.83MB/s
[1A[2K[1A[2KCollecting 2,753 genome records [================================================] 100% 2753/2753
Downloading: data/raw/refseq_genomes/Pseudomonadota/genomes.zip    73.2MB 8.72MB/s
[1A[2K[1A[2KCollecting 2,753 genome records [================================================] 100% 2753/2753
Downloading: data/raw/refseq_genomes/Pseudomonadota/genomes.zip    73.2MB 8.72MB/s
[1A[2K[1A[2KCollecting 2,753 genome records [================================================] 100% 2753/2753
Downloading: data/raw/refseq_genomes/Pseudomonadota/genomes.zip    74MB 8.78MB/s
[1A[2K[1A[2KCollecting 2,753 genome records [================================================] 100% 2753/2753
Downloading: data/raw/refseq_genomes/Pseudomonadota/genomes.zip    74.2MB 8.8MB/s
[1A[2K[1A[2KCollecting 2,753 genome records [================================================] 100% 2753/2753
Downloading: data/raw/refseq_genomes/Pseudomonadota/genomes.zip    74.5MB 8.82MB/s
[1A[2K[1A[2KCollecting 2,753 genome records [================================================] 100% 2753/2753
Downloading: data/raw/refseq_genomes/Pseudomonadota/genomes.zip    74.6MB 8.84MB/s
[1A[2K[1A[2KCollecting 2,753 genome records [================================================] 100% 2753/2753
Downloading: data/raw/refseq_genomes/Pseudomonadota/genomes.zip    74.6MB 8.84MB/s
[1A[2K[1A[2KCollecting 2,753 genome records [================================================] 100% 2753/2753
Downloading: data/raw/refseq_genomes/Pseudomonadota/genomes.zip    74.6MB 8.84MB/s
[1A[2K[1A[2KCollecting 2,753 genome records [================================================] 100% 2753/2753
Downloading: data/raw/refseq_genomes/Pseudomonadota/genomes.zip    74.6MB 8.84MB/s
[1A[2K[1A[2KCollecting 2,753 genome records [================================================] 100% 2753/2753
Downloading: data/raw/refseq_genomes/Pseudomonadota/genomes.zip    74.6MB 8.84MB/s
[1A[2K[1A[2KCollecting 2,753 genome records [================================================] 100% 2753/2753
Downloading: data/raw/refseq_genomes/Pseudomonadota/genomes.zip    74.6MB 8.84MB/s
[1A[2K[1A[2KCollecting 2,753 genome records [================================================] 100% 2753/2753
Downloading: data/raw/refseq_genomes/Pseudomonadota/genomes.zip    74.6MB 8.84MB/s
[1A[2K[1A[2KCollecting 2,753 genome records [================================================] 100% 2753/2753
Downloading: data/raw/refseq_genomes/Pseudomonadota/genomes.zip    74.6MB 8.84MB/s
[1A[2K[1A[2KCollecting 2,753 genome records [================================================] 100% 2753/2753
Downloading: data/raw/refseq_genomes/Pseudomonadota/genomes.zip    74.6MB 8.84MB/s
[1A[2K[1A[2KCollecting 2,753 genome records [================================================] 100% 2753/2753
Downloading: data/raw/refseq_genomes/Pseudomonadota/genomes.zip    74.6MB 8.84MB/s
[1A[2K[1A[2KCollecting 2,753 genome records [================================================] 100% 2753/2753
Downloading: data/raw/refseq_genomes/Pseudomonadota/genomes.zip    74.6MB 8.84MB/s
[1A[2K[1A[2KCollecting 2,753 genome records [================================================] 100% 2753/2753
Downloading: data/raw/refseq_genomes/Pseudomonadota/genomes.zip    74.6MB 8.84MB/s
[1A[2K[1A[2KCollecting 2,753 genome records [================================================] 100% 2753/2753
Downloading: data/raw/refseq_genomes/Pseudomonadota/genomes.zip    74.6MB 8.7MB/s
[1A[2K[1A[2KCollecting 2,753 genome records [================================================] 100% 2753/2753
Downloading: data/raw/refseq_genomes/Pseudomonadota/genomes.zip    75MB 8.72MB/s
[1A[2K[1A[2KCollecting 2,753 genome records [================================================] 100% 2753/2753
Downloading: data/raw/refseq_genomes/Pseudomonadota/genomes.zip    75.1MB 8.73MB/s
[1A[2K[1A[2KCollecting 2,753 genome records [================================================] 100% 2753/2753
Downloading: data/raw/refseq_genomes/Pseudomonadota/genomes.zip    75.3MB 8.74MB/s
[1A[2K[1A[2KCollecting 2,753 genome records [================================================] 100% 2753/2753
Downloading: data/raw/refseq_genomes/Pseudomonadota/genomes.zip    75.3MB 8.74MB/s
[1A[2K[1A[2KCollecting 2,753 genome records [================================================] 100% 2753/2753
Downloading: data/raw/refseq_genomes/Pseudomonadota/genomes.zip    75.3MB 8.74MB/s
[1A[2K[1A[2KCollecting 2,753 genome records [================================================] 100% 2753/2753
Downloading: data/raw/refseq_genomes/Pseudomonadota/genomes.zip    75.3MB 8.72MB/s
[1A[2K[1A[2KCollecting 2,753 genome records [================================================] 100% 2753/2753
Downloading: data/raw/refseq_genomes/Pseudomonadota/genomes.zip    75.4MB 8.72MB/s
[1A[2K[1A[2KCollecting 2,753 genome records [================================================] 100% 2753/2753
Downloading: data/raw/refseq_genomes/Pseudomonadota/genomes.zip    75.6MB 8.73MB/s
[1A[2K[1A[2KCollecting 2,753 genome records [================================================] 100% 2753/2753
Downloading: data/raw/refseq_genomes/Pseudomonadota/genomes.zip    75.8MB 8.74MB/s
[1A[2K[1A[2KCollecting 2,753 genome records [================================================] 100% 2753/2753
Downloading: data/raw/refseq_genomes/Pseudomonadota/genomes.zip    75.8MB 8.73MB/s
[1A[2K[1A[2KCollecting 2,753 genome records [================================================] 100% 2753/2753
Downloading: data/raw/refseq_genomes/Pseudomonadota/genomes.zip    75.9MB 8.72MB/s
[1A[2K[1A[2KCollecting 2,753 genome records [================================================] 100% 2753/2753
Downloading: data/raw/refseq_genomes/Pseudomonadota/genomes.zip    75.9MB 8.72MB/s
[1A[2K[1A[2KCollecting 2,753 genome records [================================================] 100% 2753/2753
Downloading: data/raw/refseq_genomes/Pseudomonadota/genomes.zip    76MB 8.72MB/s
[1A[2K[1A[2KCollecting 2,753 genome records [================================================] 100% 2753/2753
Downloading: data/raw/refseq_genomes/Pseudomonadota/genomes.zip    76.2MB 8.72MB/s
[1A[2K[1A[2KCollecting 2,753 genome records [================================================] 100% 2753/2753
Downloading: data/raw/refseq_genomes/Pseudomonadota/genomes.zip    76.2MB 8.72MB/s
[1A[2K[1A[2KCollecting 2,753 genome records [================================================] 100% 2753/2753
Downloading: data/raw/refseq_genomes/Pseudomonadota/genomes.zip    76.2MB 8.72MB/s
[1A[2K[1A[2KCollecting 2,753 genome records [================================================] 100% 2753/2753
Downloading: data/raw/refseq_genomes/Pseudomonadota/genomes.zip    76.2MB 8.72MB/s
[1A[2K[1A[2KCollecting 2,753 genome records [================================================] 100% 2753/2753
Downloading: data/raw/refseq_genomes/Pseudomonadota/genomes.zip    76.2MB 8.72MB/s
[1A[2K[1A[2KCollecting 2,753 genome records [================================================] 100% 2753/2753
Downloading: data/raw/refseq_genomes/Pseudomonadota/genomes.zip    76.2MB 8.68MB/s
[1A[2K[1A[2KCollecting 2,753 genome records [================================================] 100% 2753/2753
Downloading: data/raw/refseq_genomes/Pseudomonadota/genomes.zip    76.3MB 8.68MB/s
[1A[2K[1A[2KCollecting 2,753 genome records [================================================] 100% 2753/2753
Downloading: data/raw/refseq_genomes/Pseudomonadota/genomes.zip    76.5MB 8.69MB/s
[1A[2K[1A[2KCollecting 2,753 genome records [================================================] 100% 2753/2753
Downloading: data/raw/refseq_genomes/Pseudomonadota/genomes.zip    76.7MB 8.7MB/s
[1A[2K[1A[2KCollecting 2,753 genome records [================================================] 100% 2753/2753
Downloading: data/raw/refseq_genomes/Pseudomonadota/genomes.zip    76.7MB 8.69MB/s
[1A[2K[1A[2KCollecting 2,753 genome records [================================================] 100% 2753/2753
Downloading: data/raw/refseq_genomes/Pseudomonadota/genomes.zip    76.9MB 8.7MB/s
[1A[2K[1A[2KCollecting 2,753 genome records [================================================] 100% 2753/2753
Downloading: data/raw/refseq_genomes/Pseudomonadota/genomes.zip    76.9MB 8.7MB/s
[1A[2K[1A[2KCollecting 2,753 genome records [================================================] 100% 2753/2753
Downloading: data/raw/refseq_genomes/Pseudomonadota/genomes.zip    77MB 8.7MB/s
[1A[2K[1A[2KCollecting 2,753 genome records [================================================] 100% 2753/2753
Downloading: data/raw/refseq_genomes/Pseudomonadota/genomes.zip    77.1MB 8.7MB/s
[1A[2K[1A[2KCollecting 2,753 genome records [================================================] 100% 2753/2753
Downloading: data/raw/refseq_genomes/Pseudomonadota/genomes.zip    77.1MB 8.69MB/s
[1A[2K[1A[2KCollecting 2,753 genome records [================================================] 100% 2753/2753
Downloading: data/raw/refseq_genomes/Pseudomonadota/genomes.zip    77.4MB 8.7MB/s
[1A[2K[1A[2KCollecting 2,753 genome records [================================================] 100% 2753/2753
Downloading: data/raw/refseq_genomes/Pseudomonadota/genomes.zip    77.4MB 8.7MB/s
