rfamseq_acc,seq_start,seq_end,label,seq_length,nupack_Tm,nupack_hill_coeff,nupack_amplitude,nupack_mean_exposure,nupack_MFE,nupack_max_stem_length,nupack_max_loop_length,nupack_gc_content,nupack_sd_pair_prob_10C,nupack_sd_pair_prob_80C,nupack_fit_status
CP022437.1,68521,68315,0,207,45.592526399667776,5.856733005379742,0.17470204800641276,0.6906230455270129,-21.545942306518555,25,39,0.45893719806763283,0.6394740799126938,0.7306357913092559,ok
CP071182.1,12426,12240,0,187,68.59079971810561,4.741838880522376,0.4207590483547656,0.46775686604655303,-41.74382781982422,18,15,0.5347593582887701,0.42558361232609754,0.5134974078318468,ok
FOIM01000047.1,25434,25640,0,207,49.688707839605435,7.010712293208509,0.10322448976572013,0.5173143276216158,-44.726436614990234,13,15,0.5748792270531401,0.4872915332734231,0.5447222788630421,ok
BMEL01000002.1,569386,569545,0,160,61.368001540590726,5.6915990527079074,0.19817859631893642,0.5566670796937192,-35.62220764160156,11,12,0.55,0.528801636081701,0.5873859875646712,ok
LGDE01000475.1,15188,15050,0,139,81.21383727920369,4.178189953331313,0.5960563364688012,0.4628015043914975,-36.089744567871094,22,7,0.6834532374100719,0.4261709520785598,0.5025293662419019,ok
RCUY01000002.1,56658,56719,0,62,63.800376803738054,4.413645116515576,0.2266666636877458,0.6633405881602071,-10.670170783996582,7,17,0.5645161290322581,0.6341495771171107,0.6928563143808775,ok
JPVQ01000037.1,25068,24853,0,216,62.897670819247956,5.501373745266473,0.46285101177890886,0.6962252787313087,-18.65970230102539,15,17,0.4212962962962963,0.6364145071702256,0.7623527138930954,ok
NMQW01000013.1,177209,177118,0,92,74.2133957831603,5.138135695181487,0.6074397077521837,0.5588625048013675,-16.75568199157715,16,10,0.5108695652173914,0.5167761967275298,0.6079156929072393,ok
FNFL01000006.1,164527,164322,0,206,41.4825385996956,4.8620194479397725,0.17632499256018275,0.6189930324988727,-24.934062957763672,25,13,0.46116504854368934,0.5744390094428131,0.6510282561077758,ok
CP031223.1,442854,442704,0,151,57.81130226626993,5.170013351880037,0.3263785211278257,0.6410217826007378,-16.3433895111084,13,17,0.4304635761589404,0.584783346690061,0.6973783324841127,ok
JPVN01000011.1,30254,30023,0,232,36.76821241240757,1.7665143770285885,0.9944788217920035,0.7298219191395036,-15.719805717468262,17,25,0.3577586206896552,0.6347907833629808,0.8017939141118576,ok
NIOJ01000032.1,22752,22631,0,122,58.61513940808325,6.252616581060096,0.3434156363741261,0.6461134160323301,-16.577499389648438,11,25,0.5245901639344263,0.5892764163189816,0.7088379717526778,ok
JABEPQ010000003.1,126952,126887,0,66,88.72503940305958,4.8836702149518,0.5485242168555255,0.40036220778479786,-21.203153610229492,13,7,0.6818181818181818,0.38157148040988964,0.4227565058190386,ok
CP053661.1,3283144,3282966,0,179,81.34422895757129,4.569808032562288,0.5835802106282069,0.513457976967787,-34.77748107910156,46,25,0.553072625698324,0.48139998465128486,0.5495865655097409,ok
KI629782.1,750192,749985,0,208,69.23799919627788,3.7898020110535784,0.42752688957175017,0.5169855539221199,-41.74858856201172,16,21,0.5144230769230769,0.4718927430648869,0.5614790617011916,ok
BA000039.2,281279,281411,0,133,55.07888057473169,6.3119646639993165,0.1773462655618223,0.5726558550051116,-29.716842651367188,16,19,0.5488721804511278,0.5360159802328757,0.6109611478961031,ok
CP002343.1,3929829,3930034,0,206,91.5064130340725,3.871222299292353,0.5332474416533421,0.38826338496678475,-76.12359619140625,22,9,0.6747572815533981,0.36428091510078886,0.4140875171196992,ok
KE993502.1,259387,259175,0,213,73.49194503426249,2.8842730201429556,0.5961749521335347,0.7611510456519589,-11.915367126464844,16,36,0.3615023474178404,0.7049685482675149,0.812813619664935,ok
FOTY01000001.1,264299,264407,0,109,47.323199489778425,5.424516836635609,0.3919175138864695,0.5189105295327265,-22.015363693237305,15,8,0.48623853211009177,0.41482859782626463,0.6049473259181988,ok
SMAB01000006.1,53350,53489,0,140,93.2901567451746,3.968683131627342,0.5615475698573817,0.5919262102607908,-24.166519165039062,7,14,0.45714285714285713,0.5689895021721006,0.6168315527968941,ok
CP040812.1,4268122,4268402,0,281,81.17571321352041,2.3516927945192156,0.7007949247679117,0.5694789037237514,-44.43051528930664,22,23,0.43416370106761565,0.513922368044071,0.6194682478052559,ok
QGUB01000004.1,47075,47321,0,247,41.197452258715906,15.314018515489805,0.03166319322684952,0.43104117399504266,-79.2043685913086,19,12,0.6720647773279352,0.4132532253512501,0.4412057998359094,ok
CP015249.1,873726,873844,0,119,89.32743153820542,0.8838200620860998,0.8261978729234888,0.4147185188547425,-36.47196960449219,15,12,0.680672268907563,0.37793701638913163,0.4443947159639245,ok
MAYV01000015.1,298764,298554,0,211,47.16821674706216,3.7981391926147254,0.3295894869945052,0.7268046110365468,-17.597442626953125,35,45,0.3981042654028436,0.6614341646197753,0.7791461205353148,ok
QVQC01000029.1,122240,122296,0,57,83.61622286197387,1.3121283011003069,0.14404474032946746,0.5335009710910189,-19.810731887817383,7,9,0.6666666666666666,0.5247333277340459,0.5407175343348974,ok
RBLM01000009.1,20397,20493,0,97,83.01541145891737,4.826785426687885,0.5678688053073389,0.45159190920580455,-23.96989631652832,25,12,0.6494845360824743,0.42513733790953245,0.4826277434809931,ok
FNDK01000012.1,40119,40219,0,101,53.44291045990458,7.1772664459605835,0.2369413039726273,0.5396528886315498,-17.974056243896484,11,19,0.49504950495049505,0.4839232145195729,0.5987012852449926,ok
RHIB01000001.1,58417,58614,0,198,74.34215084453527,5.612617826539511,0.5928691127413876,0.45054874367358244,-34.205726623535156,48,10,0.51010101010101,0.4137481219368847,0.4956113017600772,ok
CP022437.1,3385740,3385636,0,105,42.39725357314867,6.074980674768035,0.15853371065343147,0.6956432952921322,-7.069692611694336,18,28,0.38095238095238093,0.6467531830136809,0.7299035068468478,ok
LIXZ01000022.1,21510,21764,0,255,86.7804045685309,2.422418955306507,0.6663025532852525,0.542826644349012,-38.20792007446289,11,29,0.4470588235294118,0.49484853359462727,0.5866112939737192,ok
QYTU02000039.1,17708,17844,0,137,74.73680594184188,4.66872473660233,0.6199761945975165,0.5301738996874134,-31.592113494873047,13,21,0.46715328467153283,0.4835194016592916,0.5818054973271838,ok
LVJZ01000003.1,3795818,3795683,0,136,19.720194772691663,2.063185303584785,0.6371657997542773,0.625593358010522,-21.845382690429688,13,14,0.5588235294117647,0.5845128009845806,0.6541277923519343,ok
CP003326.1,2710900,2710797,0,104,53.38287188883892,4.1597864883273035,0.6047418522932518,0.6398077607606534,-7.621589660644531,24,24,0.28846153846153844,0.5267324380697628,0.7396037331105725,ok
CP051461.1,2829018,2828911,0,108,77.38686542173883,4.551659502641189,0.6059312370434966,0.5442236343790327,-21.076894760131836,18,15,0.5555555555555556,0.5036082351260377,0.5894257895102092,ok
KV791895.1,48058,47971,0,88,77.38011302476629,4.278914619980034,0.6168953885187323,0.6149019833362986,-10.625438690185547,11,25,0.4431818181818182,0.5704663733849584,0.6629239342690871,ok
CP000423.1,1228640,1228841,0,202,61.30194386057073,8.065775178500777,0.17247510112975295,0.46097675086293527,-40.24921417236328,20,15,0.504950495049505,0.440812998923619,0.4886884201019993,ok
JAGSOJ010000001.1,876028,875929,0,100,40.25335982719175,5.613218426871921,0.23731229458770708,0.8172474376557924,-4.760344982147217,5,53,0.29,0.7505797517777922,0.8616292840303782,ok
WXYP01000001.1,317696,317575,0,122,69.89969118133958,4.634083706717643,0.6649439334729916,0.6864494658265669,-8.94637680053711,12,38,0.319672131147541,0.6227610323907546,0.7550864712551582,ok
CP010976.1,4112498,4112406,0,93,71.43272925837547,6.478041256696646,0.5927664359664861,0.5207402909631793,-14.734748840332031,15,11,0.46236559139784944,0.4837169496817377,0.5690452445866421,ok
CP060298.1,2750717,2750831,0,115,76.44598469085273,7.026232171286235,0.5496281035749044,0.48283745147281637,-34.65903091430664,31,12,0.6521739130434783,0.46338968804596165,0.5100615633952891,ok
MQVR01000008.1,22948,23097,0,150,49.71226569702101,6.290008319584779,0.17319457524843107,0.5104464279904314,-33.299224853515625,30,6,0.5866666666666667,0.4632609375601538,0.5530289699963205,ok
BASE01000010.1,7220,7389,0,170,94.99999999940333,2.8316859658185303,0.5379719497329711,0.5094815940218952,-33.27391815185547,16,19,0.4470588235294118,0.4786510708636329,0.5396010576358639,ok
JBOK01000001.1,271197,270982,0,216,94.9999999925948,2.591887438036634,0.45654031060224776,0.44413096393192886,-61.86339569091797,25,9,0.6342592592592593,0.4166092546696053,0.4700247563076399,ok
JABFWE010001006.1,1558,1401,0,158,45.2944550250722,4.542978951736503,0.07396565735473903,0.4178408308298464,-60.46661376953125,20,7,0.7215189873417721,0.40027258229704477,0.4313753523644201,ok
CP013213.1,1215230,1215326,0,97,90.05917422738585,1.7013128382336797,0.6408044381060087,0.674112585004933,-8.749250411987305,8,26,0.29896907216494845,0.6319678565927752,0.7103016724997924,ok
CP028922.1,3651064,3650791,0,274,73.33088320567873,3.719721936774402,0.3685393177160501,0.5834488600944888,-46.997093200683594,20,34,0.5218978102189781,0.5498134386386894,0.6170874986114426,ok
QFCQ01000165.1,2737,2577,0,161,80.00583061808,5.601111276942361,0.5574954196301639,0.4468386548002827,-49.70045471191406,15,11,0.639751552795031,0.4226823074764909,0.4769319222107002,ok
HF988106.1,43932,43719,0,214,73.24797160484518,3.5251887602226284,0.2070547235224932,0.5183817670333541,-54.5610466003418,14,15,0.5747663551401869,0.499116349848347,0.5373072975139636,ok
CP002432.1,1012091,1012194,0,104,77.62333452971595,5.005973266797601,0.5895931748547419,0.5167416991124177,-17.50913429260254,12,12,0.4807692307692308,0.4815522954118788,0.5576319926478362,ok
BJXW01000009.1,32592,32720,0,129,76.61774263049432,5.200529614022468,0.5904390585679387,0.48750311963002074,-26.37779426574707,13,10,0.3488372093023256,0.4515786933859764,0.5299914317905718,ok
NOWF01000004.1,300638,300790,0,153,72.62428447134539,6.1870509392731545,0.5776998858658622,0.49012216067460074,-38.2747917175293,12,13,0.5490196078431373,0.4554980119582112,0.5345093840341298,ok
CP023254.1,4294169,4294359,0,191,52.06710600906484,3.7496410157944293,0.3226853741698557,0.6152034990635875,-26.804821014404297,22,37,0.43455497382198954,0.5570512501529331,0.6646986478478168,ok
RJVG01000006.1,10585,10350,0,236,58.067240880102766,5.71591198754239,0.5058250893836492,0.6660438964308674,-19.13651466369629,22,14,0.3516949152542373,0.579364914686567,0.757523549697632,ok
GL830877.1,7905,7654,0,252,54.863856376422056,6.7478002758445115,0.22367636249977085,0.6198116250795225,-30.322010040283203,40,20,0.5119047619047619,0.5723540197218762,0.6703759345798962,ok
PUFO01000080.1,18666,18754,0,89,60.61248906752301,5.099623466140023,0.3465847628159092,0.6300221679899788,-11.722747802734375,9,12,0.4606741573033708,0.5784691592183204,0.6838079274683788,ok
AMRG01000005.1,131914,132014,0,101,45.652053413418905,8.670141297504683,0.05025851281121252,0.5839238307492302,-18.272655487060547,11,16,0.48514851485148514,0.5643888031011596,0.5991525827625177,ok
CP043046.1,6077249,6077476,0,228,54.50177747182027,5.736032917003647,0.14101845458515416,0.4513884453742505,-68.23880004882812,31,9,0.6535087719298246,0.42200083467146765,0.4805419000520209,ok
VTWH01000002.1,294662,294512,0,151,82.4417065130294,4.109629218549329,0.5957743818563603,0.5689104916094888,-23.343021392822266,29,22,0.5165562913907285,0.5326199014171815,0.6080007105651567,ok
VKDC01000001.1,307732,307956,0,225,85.87870569863124,4.758603186085496,0.5603069469453859,0.49375969852910906,-46.86606979370117,23,17,0.4577777777777778,0.47044197181125635,0.5210013608181894,ok
WOCA01000014.1,64720,64505,0,216,30.95924199329772,1.7199137400577218,0.86791414724544,0.6573322384959269,-21.004051208496094,20,32,0.41203703703703703,0.5812483137660506,0.7137936783641539,ok
QQWI01000006.1,232969,232870,0,100,43.45502619364662,7.941329845722066,0.07513404556598946,0.6592506900613453,-13.508163452148438,7,28,0.37,0.6305911851956334,0.679077876763975,ok
KE136354.1,86417,86548,0,132,78.30014171773354,5.716572254783162,0.5164509770006582,0.5317701344313489,-21.16379737854004,11,15,0.3939393939393939,0.508002480414282,0.5615526078148882,ok
JACXAH010000002.1,444254,444443,0,190,75.153550332719,5.3317807669351875,0.5951907466895486,0.4743862783692077,-33.69419479370117,35,8,0.4631578947368421,0.43687073392109327,0.5192134822133111,ok
JABEND010000002.1,212542,212645,0,104,76.06457626264364,4.808663442012229,0.4512198876695793,0.44666731576331453,-28.18560791015625,23,7,0.6634615384615384,0.41640739562962714,0.4811405188884232,ok
AP013294.1,1265284,1265468,0,185,46.77754991368247,9.49715540018212,0.0824713865545722,0.5876043416653647,-25.747169494628906,22,17,0.4972972972972973,0.5552202018636867,0.6148639927517976,ok
AP023415.1,1269940,1269701,0,240,90.10208327447592,4.312455465923936,0.5599916879141138,0.44668252675439457,-64.87802124023438,53,8,0.625,0.42389786757917225,0.4724147236235553,ok
FOEC01000008.1,103083,102947,0,137,59.306646035202014,5.988803712218672,0.15300122263364918,0.48371741581169275,-44.58003234863281,19,17,0.583941605839416,0.4595708985365189,0.5105377425866775,ok
PVZC01000004.1,12119,12276,0,158,49.04692976519647,5.179605148584761,0.14210249417370252,0.4543953277129759,-58.595611572265625,26,7,0.7215189873417721,0.4194996489584999,0.48422088870911884,ok
CP058557.1,2426999,2427206,0,208,51.66111739351109,5.161123520099646,0.3288729964695557,0.6257455356172369,-23.73809242248535,12,12,0.40384615384615385,0.5516916352295064,0.6924590339529572,ok
GL987999.1,104176,104353,0,178,54.953351927114284,5.335481077258705,0.3980300714539271,0.6386687984639962,-17.571273803710938,16,21,0.3707865168539326,0.5593155170022444,0.7156501094606104,ok
FQVU01000004.1,391132,391006,0,127,53.72783733006412,17.070697280201085,0.046321384358612216,0.41936624061432637,-36.951900482177734,37,20,0.6929133858267716,0.410367345498484,0.43740766324636776,ok
FNIG01000013.1,41654,41505,0,150,63.62552396644595,5.350767600779836,0.28081409627797604,0.5798277342058988,-29.439437866210938,15,19,0.54,0.5447801394157282,0.6184393543647354,ok
LDZY01000006.1,150173,150022,0,152,69.94986139243002,4.619546829372471,0.6646801119437674,0.6142789706132201,-16.33114242553711,11,26,0.4473684210526316,0.5508201468835501,0.682536690838269,ok
QKRX01000017.1,39750,39704,0,47,94.99999999459452,2.8374838761827266,0.24775559592514917,0.5714464726273162,-11.74666690826416,6,16,0.6170212765957447,0.5572125821114807,0.5852935094581446,ok
NGKA01000004.1,58539,58444,0,96,40.8290823245378,6.689661246268863,0.08989857508395105,0.7346503996776254,-11.94731330871582,7,29,0.4895833333333333,0.7051891650000115,0.7533243999962969,ok
FR896352.1,20183,20392,0,210,94.9999999288638,3.001212799393363,0.539628990249607,0.5576729025635486,-40.04484558105469,13,19,0.5333333333333333,0.5284481545856119,0.5864309182677038,ok
CAJPFA010000045.1,181404,181586,0,183,94.99998676141561,3.2522986483608385,0.5280046770099625,0.5464788306265509,-43.612300872802734,13,27,0.5737704918032787,0.519803566585408,0.573612215216999,ok
BMDC01000001.1,1019294,1019163,0,132,74.18762017254672,5.6754083834951246,0.5937172580712154,0.4700058536675577,-26.46163558959961,36,20,0.5833333333333334,0.43227974985655204,0.5164048666496909,ok
BMOY01000005.1,25661,25864,0,204,88.89920188796245,4.163498622571808,0.5680595259090453,0.4028962300381482,-62.364593505859375,46,10,0.6519607843137255,0.3772837580237283,0.43121796014320607,ok
JACHGH010000007.1,77324,77533,0,210,51.0614040210248,5.739427337186389,0.33801548333376796,0.6352433160499806,-23.532934188842773,25,17,0.3904761904761905,0.5526717378732765,0.7111871403508943,ok
AYKG01000013.1,995,860,0,136,46.317377183078435,6.2411842950776935,0.08091666412251747,0.46995219823531426,-39.63981628417969,14,24,0.6176470588235294,0.4453812975480581,0.4894726444065749,ok
JXKH01000004.1,332373,332601,0,229,23.002508385969314,2.049142879903427,0.6897292660309031,0.5774208983014545,-42.945838928222656,27,17,0.49344978165938863,0.5235616872874007,0.6161654890598741,ok
PYGE01000006.1,227642,227522,0,121,94.86546075429281,3.7000891312855986,0.5669798110030956,0.33183889240494474,-46.600624084472656,44,8,0.7107438016528925,0.30747691003294925,0.35785446617898503,ok
GG669993.1,9473,9232,0,242,47.043183670604854,7.581373121918286,0.3068889316638136,0.7004469784398024,-15.591514587402344,16,49,0.38016528925619836,0.5964706605116775,0.7888124806175313,ok
QJKH01000001.1,262423,262568,0,146,94.99999999999399,3.1119933978261516,0.5138874112037517,0.5810677816863725,-23.79045867919922,12,19,0.5068493150684932,0.554100553795786,0.6080356062446518,ok
LFZV01000001.1,1674404,1674521,0,118,42.76672180774016,19.966621908933597,-0.026511436538723898,0.6111421374722976,-18.09491729736328,11,30,0.4576271186440678,0.6275884728188326,0.6039697752897858,ok
JACJPO010000066.1,195076,194930,0,147,88.12636837565847,2.612425289005644,0.38367991804288054,0.5068084063090555,-35.54560852050781,24,16,0.5714285714285714,0.4806186193760627,0.5313693724680115,ok
SOML01000001.1,773529,773338,0,192,80.16930854064874,3.825792514811646,0.6194000517825903,0.6088522394012625,-23.894329071044922,18,21,0.4010416666666667,0.5650453077996541,0.6546180624538552,ok
JAKNID010000003.1,90159,90057,0,103,80.52270555537181,3.730288700434299,0.6207177054527775,0.5487573711737584,-14.275568962097168,18,18,0.5339805825242718,0.5051590454396072,0.5936801014761169,ok
FN806773.1,1710047,1709937,0,111,63.804382405832506,3.70389231479368,0.24297416281849943,0.3748833861045724,-44.68138885498047,39,6,0.6396396396396397,0.343883471363347,0.40427751437099585,ok
CP080467.1,3325286,3325118,0,169,43.6155996594532,8.271888970685193,0.0818211751510719,0.6111002250191483,-28.681350708007812,15,27,0.5621301775147929,0.5789746702681026,0.6333072447080331,ok
WSLF01000002.1,370932,371033,0,102,50.503478221519394,7.367425738979019,0.19658142586290756,0.5723878160366737,-9.936761856079102,26,12,0.3137254901960784,0.5166836455399566,0.6269017792289727,ok
KE159629.1,489875,489758,0,118,57.35947771761106,4.557807492550513,0.28482112288394335,0.637028236693144,-16.246570587158203,11,15,0.4661016949152542,0.5886001017552307,0.6834208784162891,ok
CP022011.1,737073,737232,0,160,66.12453168218236,2.3709335550998545,0.823259696392243,0.6200432099186316,-17.588956832885742,11,37,0.375,0.5353144409240883,0.6928439141020286,ok
LITT01000023.1,289397,289260,0,138,51.328816589895794,4.861952560638193,0.3166792113623472,0.6217640550995257,-15.817168235778809,15,12,0.41304347826086957,0.5522723302732684,0.6833735701447152,ok
AFCE01000097.1,8083,8245,0,163,91.5255347778277,4.082065258031811,0.5629263279101058,0.5103007292808327,-36.188636779785156,13,19,0.48466257668711654,0.48665009910095425,0.5363171817794964,ok
UHIO01000001.1,1368964,1368764,0,201,58.706736839659634,5.1048668843554035,0.2903520631980977,0.6353580977402831,-18.35848045349121,36,20,0.4626865671641791,0.5876676410294567,0.683742052284649,ok
PXZH01000001.1,847832,847737,0,96,38.6226664286488,8.325875964245078,0.10642407032872847,0.6771326441469268,-10.352506637573242,7,28,0.3541666666666667,0.6397378847799234,0.6968156623378949,ok
JACJVR010000023.1,10954,11245,0,292,94.99941667424002,3.3264705245676627,0.3815764030355014,0.43051070899674776,-85.7183609008789,38,13,0.636986301369863,0.4117812422528131,0.4496826103801037,ok
SPQR01000010.1,92452,92339,0,114,91.47808120691968,3.5583145822450857,0.5822140169091558,0.6342856657543808,-13.64410400390625,23,28,0.45614035087719296,0.6048143748705743,0.6649935408568107,ok
VPFL01000030.1,16713,16639,0,75,94.99999999795533,2.8490318579777756,0.33818181429149274,0.5550545379296888,-19.05156898498535,14,11,0.6133333333333333,0.5360058452131657,0.5735031660527515,ok
FOGD01000009.1,29568,29470,0,99,79.95281992461165,4.2887721431889005,0.346510034203757,0.48557567148130526,-32.1632194519043,22,14,0.6363636363636364,0.4637016748345479,0.5094125579609091,ok
MJAT01000040.1,93516,93599,0,84,66.68250999779359,2.8793101644334347,0.7873348582438039,0.5928596979452658,-9.17597484588623,12,8,0.4166666666666667,0.5058212044407477,0.671102289882479,ok
PXOQ01000015.1,238633,238841,0,209,55.618061805561865,6.052147041177334,0.5172340165201867,0.6038662802839808,-20.727432250976562,23,22,0.33014354066985646,0.5010572695310777,0.7104261994929569,ok
NULG01000004.1,125283,125613,0,331,51.0407723015321,6.942032183802799,0.34342296494931457,0.6502833376424578,-30.92765998840332,15,22,0.3504531722054381,0.5578200635127619,0.7396827107320859,ok
CP034437.1,5249109,5248838,0,272,86.54944094782718,3.6791576026310113,0.5946767141736796,0.608044791893008,-42.811100006103516,19,31,0.4889705882352941,0.5737721618951079,0.6437861267646745,ok
AP024619.1,975604,975789,0,186,79.84900253953741,4.865488465410104,0.30964561838638316,0.371359969219992,-72.96587371826172,28,8,0.7096774193548387,0.3546362375687427,0.39090845574498667,ok
QXQA01000009.1,50313,50076,0,238,40.69005651040794,6.524267125698011,0.10462281235271936,0.4764941783055085,-67.67106628417969,25,21,0.6050420168067226,0.4430473490507516,0.4984026844901456,ok
FPBY01000035.1,13529,13758,0,230,64.82633362140302,4.468528776839739,0.6647759406114155,0.6130916907350009,-22.902069091796875,20,21,0.3782608695652174,0.5313300412095525,0.6965675828573642,ok
JRMX01000005.1,71827,71971,0,145,92.02235311859675,4.072757546143029,0.5617088297420736,0.5088513891675014,-30.738452911376953,21,17,0.5655172413793104,0.4856687471914076,0.5342772267811801,ok
LAZH01000040.1,48234,48133,0,102,41.95125591439804,9.488879489766425,0.20877308134101158,0.6628501756580897,-9.185821533203125,22,18,0.3627450980392157,0.5727125873252149,0.7171447871733957,ok
QGHC01000004.1,83500,83422,0,79,80.22231213217226,5.780309630863234,0.5565179394194566,0.5058758685471435,-19.983585357666016,17,12,0.6962025316455697,0.48366063020689826,0.5340809275413307,ok
AJWX01000032.1,63325,63455,0,131,94.99999959113232,2.956423333519618,0.5031873953762609,0.48865625322914585,-30.577810287475586,22,12,0.6030534351145038,0.460981498351531,0.5157874129732091,ok
FOOE01000018.1,61265,61021,0,245,69.88096059103567,5.171289199840664,0.6454191409298832,0.6746286441606074,-22.118183135986328,17,24,0.35918367346938773,0.6173176726344003,0.7399959051162712,ok
BIFV01000021.1,64969,65096,0,128,70.47552073634333,5.853590706695009,0.6174637860678822,0.5067436636645953,-28.50884246826172,13,14,0.4296875,0.45977228430959927,0.5639944960676591,ok
BMFK01000002.1,423041,422821,0,221,45.734615600811026,5.272078138020757,0.2089986478564524,0.6603327862357495,-19.932954788208008,20,20,0.4072398190045249,0.6042847523690384,0.7042073234368819,ok
MUIE01000163.1,2734,2634,0,101,58.33789534390783,2.6095091906215497,0.26879856702858496,0.4821995734585527,-29.306232452392578,27,7,0.6435643564356436,0.44901800728515096,0.5103791809546618,ok
JMIR01000042.1,11744,11576,0,169,89.87363797402008,2.8175979965766347,0.6259504808270824,0.5249867442571183,-35.50285720825195,16,13,0.5443786982248521,0.4848437330134682,0.5636039460704116,ok
WBSF01000007.1,206676,206881,0,206,92.0364852751175,3.9140522055847122,0.5427913811146321,0.4886115802022623,-55.4482421875,34,15,0.5728155339805825,0.4650509401808101,0.5140603616882219,ok
FNPI01000001.1,178204,178432,0,229,80.58043743476907,4.01839779608588,0.6083552592707757,0.5798795145817702,-38.31877136230469,21,16,0.47161572052401746,0.5394279052059229,0.6228279442219509,ok
NQYC01000001.1,4032068,4032186,0,119,87.61994194386119,1.6839563323346938,0.23494297507944256,0.4892874778065341,-33.85906219482422,11,30,0.44537815126050423,0.4734299086941101,0.5029089705576941,ok
CP000885.1,599497,599784,0,288,58.67042967138423,5.7847114455767485,0.5096414177155184,0.5825215993841341,-32.104618072509766,27,17,0.3854166666666667,0.4982738927751103,0.6728984363954426,ok
CP019433.1,2150966,2150765,0,202,73.09759918607044,4.007077805770738,0.6603759836340424,0.6924124385846079,-18.18852996826172,15,35,0.400990099009901,0.6330083445531955,0.7534731759747385,ok
FNBQ01000017.1,68477,68381,0,97,80.93686624439208,4.430272511615778,0.5905515645035342,0.6172198381784098,-13.667527198791504,13,19,0.4639175257731959,0.5827269419631284,0.6556350762042865,ok
BMDT01000023.1,1350,1401,0,52,53.092727407161966,6.867062440761531,0.26618446881810104,0.39188225686797123,-21.469715118408203,18,8,0.46153846153846156,0.3286334573086164,0.4571912363837271,ok
RKQL01000001.1,138931,138863,0,69,94.99999999794173,2.6140788979318015,0.22611349349967036,0.5532486370910582,-19.26007843017578,15,12,0.6666666666666666,0.539662415481839,0.5661265068976423,ok
LZRP01000004.1,276403,276336,0,68,80.10172222832301,5.6806759548893355,0.5597787125489945,0.4723982222665904,-15.540641784667969,18,7,0.6911764705882353,0.4486513955755573,0.5022021141299031,ok
LZPM01000042.1,12528,12634,0,107,76.25019370307598,5.442751292212094,0.5845665344264422,0.6502986398325677,-14.980815887451172,6,19,0.308411214953271,0.6170179147282147,0.6905963196629064,ok
BOOU01000013.1,197875,198034,0,160,62.76514012483589,4.210210406157812,0.15119434920339336,0.5215349449011156,-47.61009979248047,11,18,0.63125,0.5011715334329453,0.5415002145861856,ok
JACJNZ010000029.1,201862,201736,0,127,48.270240305122464,6.8036056733469685,0.15132391794210903,0.5340379773451426,-25.32452392578125,17,7,0.5748031496062992,0.48830459832120476,0.5742877637732189,ok
CP002105.1,1355639,1355540,0,100,90.83664188033462,3.3788256487556043,0.5924674844681151,0.6027014983887714,-13.792362213134766,16,16,0.57,0.5701182789127571,0.6359428056642675,ok
PVWD01000098.1,5109,5277,0,169,56.35741403957505,4.65413258517195,0.3199669330224108,0.5066502831817179,-34.78411102294922,36,10,0.5029585798816568,0.4495608579053976,0.5609221417897716,ok
MBTG01000028.1,19710,19598,0,113,86.66999586636037,4.110228170113453,0.5779487977105359,0.5270934042123869,-21.41897964477539,19,13,0.5486725663716814,0.49756368407345186,0.5592973921516874,ok
CP060696.1,2607666,2607883,0,218,94.99999999999994,3.924135523290295,0.43779375617499894,0.4547919227994914,-64.4725112915039,21,12,0.6009174311926605,0.4375376313001611,0.4737302205343991,ok
CP041372.2,327079,327241,0,163,88.93756756389878,3.0834578850001853,0.39785007497076585,0.5237470548516924,-39.00394821166992,14,13,0.558282208588957,0.49918475013887526,0.5479098876216696,ok
CP060296.1,2739402,2739580,0,179,94.99979128335117,3.4063310951795187,0.3397372803378929,0.342824816839965,-73.17871856689453,28,10,0.6256983240223464,0.32671117905789,0.35942599687325105,ok
JAGFNW010000002.1,361536,361665,0,130,87.2231795033583,1.459147420694034,0.22361772491482879,0.5139923090003768,-34.13246154785156,13,15,0.6615384615384615,0.49986238385584203,0.5257963541662624,ok
JH725147.1,1921161,1921409,0,249,83.89053521970314,2.9353622702951494,0.6457545747235423,0.5835831698112343,-41.44832992553711,12,19,0.40562248995983935,0.5363791147058931,0.6290149661715226,ok
FR888281.1,42612,42842,0,231,70.92568251898261,5.0383146164697505,0.6349132445860831,0.5700234000807233,-38.5313720703125,17,15,0.4805194805194805,0.5161185700821868,0.6310494087653511,ok
PDDX01000001.1,723209,722909,0,301,94.99794218469935,2.219912064111503,0.5757300035287667,0.6641593018529875,-42.39149475097656,11,38,0.3853820598006645,0.627773188951039,0.6970851850491784,ok
CACSIK010000001.1,2162476,2162719,0,244,54.260146585772276,6.157016080865023,0.25849857017096006,0.5079332671218714,-49.23477554321289,15,20,0.5081967213114754,0.4521966758401027,0.564405334692566,ok
JABAGC010000008.1,72953,72684,0,270,68.51817404228453,3.6429375114034337,0.7250980033579554,0.7048675713700657,-19.48810577392578,20,42,0.28888888888888886,0.6255374804142098,0.781754579860776,ok
CP003732.1,2756178,2756055,0,124,43.58098060522019,8.786598317201717,0.06301392318304211,0.5426082192414181,-28.24720001220703,9,27,0.5887096774193549,0.5167909348954851,0.5602514269730283,ok
NGJS01000025.1,11952,11722,0,231,60.712679884845954,4.7778708776881365,0.5205943152283296,0.6426105441772455,-21.26292610168457,12,31,0.36796536796536794,0.5653689617299787,0.7205441506081185,ok
JAFKCV010000003.1,62980,63136,0,157,70.95906042152252,6.548772230835757,0.5951220004013169,0.4916949182750719,-31.741077423095703,17,7,0.5414012738853503,0.4532925026148888,0.541420697771271,ok
WHOD01000020.1,23349,23490,0,142,39.2696656414089,6.216182797378008,0.1652919426139584,0.6669920562177526,-16.895153045654297,21,32,0.4507042253521127,0.6181318897878635,0.6984678750309625,ok
BLXX01000012.1,72626,72372,0,255,44.3613033190671,8.811938606848127,0.14719060137557088,0.5182663698670468,-53.00241470336914,35,11,0.5882352941176471,0.4587634460622214,0.5621592045853631,ok
BRPL01000002.1,101630,101452,0,179,77.47182101883882,2.9148991991926576,0.6843477045776793,0.6222516315772412,-21.717092514038086,18,16,0.4581005586592179,0.5637894114936225,0.6770792904906767,ok
CP013653.1,1468491,1468746,0,256,48.23217018062144,12.892123851383463,0.1658497790560945,0.428845789568794,-63.63676452636719,56,8,0.6015625,0.36178817646121564,0.4970017017752067,ok
QPJD01000033.1,5915,5821,0,95,73.71246211554646,5.559726418102191,0.5976573351446854,0.6102868681681156,-10.07388973236084,15,14,0.45263157894736844,0.571648203398739,0.657180269866722,ok
LXEW01000016.1,123757,123618,0,140,58.86672087363869,5.2075773845596105,0.3961230318350184,0.61794482078677,-17.77958869934082,13,10,0.44285714285714284,0.5533845688910087,0.6843854045156503,ok
MDJN01000003.1,7956,8041,0,86,47.110206124831016,6.06354323657176,0.24091869037876368,0.6171254818215671,-8.992830276489258,13,17,0.38372093023255816,0.5469387080380481,0.674430641761516,ok
LILC01000013.1,481136,480934,0,203,34.073045970542736,1.1719792311447743,0.9539517156316457,0.6943842223805746,-22.643573760986328,26,35,0.37438423645320196,0.6335954644902403,0.7411477731645358,ok
LT906446.1,119753,119853,0,101,70.07772989676012,2.936218001772615,0.7478333396783285,0.5954372059574069,-10.710103988647461,12,36,0.25742574257425743,0.5181068119697486,0.6671785426513089,ok
MVDD01000011.1,22225,22434,0,210,75.24988540798806,4.953811050887401,0.6069611916901998,0.551707041799421,-31.317394256591797,20,21,0.4095238095238095,0.5097559054033795,0.6000378374830923,ok
RBZO01000004.1,14403,14512,0,110,87.86179994225517,3.5561734509192084,0.5950995703016073,0.5414074272725814,-19.143783569335938,13,12,0.4818181818181818,0.5072723547718948,0.5766239855196114,ok
MZGX01000032.1,38858,38959,0,102,43.909769313471045,10.016537251668268,0.09720264632853637,0.6362298714318286,-12.236333847045898,8,23,0.4019607843137255,0.5930291641852528,0.6659411888335985,ok
DS499653.1,1859,1966,0,108,94.29188736290199,1.461625091003931,0.7286208951390534,0.6419037485181388,-15.595306396484375,8,19,0.42592592592592593,0.5977899000896479,0.6791401636309703,ok
CP038231.1,190171,190053,0,119,88.97387686292564,1.6043140974919725,0.5343975287569783,0.4156090299486417,-33.494754791259766,22,19,0.5714285714285714,0.38101016187323405,0.4449389857943788,ok
RZTZ01000004.1,13441,13668,0,228,76.71858742650187,3.889268634299219,0.637625355294905,0.5473033187307942,-38.810951232910156,20,21,0.44298245614035087,0.49692708467061875,0.5995899074173114,ok
JAMQKB010000011.1,71720,71920,0,201,72.22215389215917,4.9891822905953065,0.6291283052757008,0.5473969229359146,-35.697086334228516,17,9,0.48756218905472637,0.49678902729698377,0.6049011278814068,ok
CP035807.1,3133663,3133564,0,100,45.276188611493,5.364767584513469,0.12160375938447421,0.7035834400678009,-9.309610366821289,8,19,0.36,0.6702848543934671,0.7293165066950625,ok
JXKQ01000004.1,22037,22252,0,216,57.39595504103056,6.0971723057713385,0.5026904365314152,0.5793679298106406,-26.455543518066406,27,11,0.4027777777777778,0.4892921952213325,0.6756021632348544,ok
MCIB01000001.1,82094,82306,0,213,73.36050507686542,5.345187982447488,0.6072832730535116,0.49659184079463037,-36.81379318237305,29,12,0.40375586854460094,0.45446232922544644,0.5465855429917796,ok
BOSH01000008.1,88451,88263,0,189,58.09760847740854,2.292753953569466,0.2797485428731142,0.5196311706724003,-42.56364822387695,12,21,0.5714285714285714,0.48808672867586533,0.5458221503065201,ok
CP000612.1,2758480,2758409,0,72,82.87101122668375,3.9663706391665876,0.5978921461739711,0.5484888921843256,-11.243598937988281,13,15,0.4722222222222222,0.5117789441493934,0.5876346293522874,ok
JAFNJE010000016.1,45373,45424,0,52,62.97754482028667,6.556463784318322,0.7075108388764508,0.38351143526534437,-12.313056945800781,14,6,0.5,0.29896434163313984,0.48690885933953665,ok
BMLP01000002.1,97799,97707,0,93,94.99959135351422,3.549138442916477,0.4129149815129014,0.4169622236062594,-28.714664459228516,15,7,0.6559139784946236,0.3981855278914819,0.4366160015931181,ok
LZFP01000002.1,62642,62723,0,82,62.32066770753672,4.296055134567095,0.4716419474492751,0.6640031482240402,-8.907501220703125,10,24,0.36585365853658536,0.599276174184484,0.7278830998836103,ok
AYZL01000006.1,102624,102798,0,175,51.31569358385909,1.1697795002995486,1.0439778130996378,0.5236693190928411,-33.28825759887695,15,12,0.44,0.4562705157372508,0.5773052209925588,ok
CM001376.1,360270,360424,0,155,94.9999999958713,2.7132840489565226,0.5969026876977348,0.4750722058753711,-43.685672760009766,27,15,0.6580645161290323,0.4401701613543387,0.5086586137014606,ok
CP053746.1,3581574,3581445,0,130,45.913363547745824,1.795905176285423,0.16011740417240072,0.355593987424389,-63.326904296875,40,4,0.7230769230769231,0.33979450358047153,0.36801959568602854,ok
CDRZ01000060.1,4791,4654,0,138,93.75926440372864,1.0574195398319548,0.41061083607485155,0.5355630730822933,-22.868921279907227,21,23,0.5289855072463768,0.5150304914794958,0.5525429322598996,ok
QSDR01000042.1,11646,11815,0,170,91.26923436829587,2.531066137473513,0.474665505878921,0.5106890887048454,-41.283241271972656,52,7,0.5705882352941176,0.4798081515874272,0.5393919743426514,ok
SRMF01000002.1,16714,16493,0,222,94.99999999967635,1.6832385989317409,0.44280756304706403,0.47819822036667786,-56.99910354614258,41,22,0.5900900900900901,0.4501856405979446,0.5025158561112413,ok
CP064936.1,29506,29604,0,99,50.10360173143221,6.4422453710168455,0.2331700075934348,0.5669789136697172,-18.52484703063965,18,13,0.5050505050505051,0.5037300291761286,0.6253831438805199,ok
LZFO01000020.1,2391,2307,0,85,47.323097709214466,6.177467233011463,0.23564851978641588,0.7368839742905288,-5.501557350158691,7,37,0.3411764705882353,0.6679084302224114,0.7945538609149341,ok
FQYV01000014.1,78522,78601,0,80,63.13318072780782,4.178173484033241,0.42428568442637804,0.695319188822022,-9.87287712097168,16,26,0.35,0.6390431956766476,0.7505294422410925,ok
JH590861.1,606109,605880,0,230,58.16567188312446,3.707850820688059,0.21492401909060516,0.5444562438362237,-47.28239440917969,25,16,0.6086956521739131,0.5115962440289075,0.5739773207817244,ok
JACJSA010000003.1,514184,514341,0,158,69.78137876471091,4.455470912590351,0.43993268343781944,0.5188125835947854,-29.184066772460938,23,27,0.46835443037974683,0.4758250085975779,0.5643758872131737,ok
CP003326.1,2865655,2865399,0,257,51.502824345340485,6.821480357224657,0.18695516619466301,0.6623662401634158,-26.521963119506836,9,51,0.35797665369649806,0.613568035833434,0.7097996432621532,ok
BSNM01000006.1,11206,11320,0,115,84.1296843352169,4.137874540279878,0.5859573209672748,0.6163747746995584,-15.382463455200195,7,11,0.41739130434782606,0.5839848213044129,0.6514147478105614,ok
QPJJ01000011.1,1568,1794,0,227,75.10359329888152,4.218594987772939,0.6346259911465113,0.6393965645344685,-27.892168045043945,10,41,0.3788546255506608,0.588663686897327,0.693227788800696,ok
SORW01000053.1,16890,17097,0,208,88.25856213700662,3.5893799196436693,0.5920426568589677,0.5724612100206471,-40.26220703125,17,19,0.5336538461538461,0.5392425416133644,0.6067843080699978,ok
CP080467.1,918412,918665,0,254,86.11534366279861,4.4035326906061805,0.571518729332629,0.4745878892857042,-57.0877799987793,24,17,0.5236220472440944,0.44729394600880445,0.5061850046308514,ok
FNJA01000001.1,643611,643502,0,110,47.45386732599576,6.059800984604338,0.13477943395082304,0.5383114150595991,-28.27074432373047,18,12,0.6,0.4995046907970587,0.5706536398546969,ok
CP009438.1,3539616,3539443,0,174,77.4780198163529,4.4716807194227925,0.6082358634268993,0.41492449250158775,-48.5811653137207,33,12,0.6379310344827587,0.3734172919670358,0.4605308090673226,ok
CP001818.1,1581537,1581387,0,151,57.47781499424564,13.107094634946046,0.06173210780040428,0.45482613074552897,-53.73434829711914,22,13,0.6423841059602649,0.44708592022787846,0.46902079600539576,ok
PISE01000023.1,60,253,0,194,60.08396661891538,4.502577324475908,0.3958989349701155,0.6049123001051507,-26.515460968017578,45,10,0.42783505154639173,0.5447866403099744,0.6635418976269397,ok
KZ857178.1,70326,70111,0,216,88.79989985178246,2.8353771015491818,0.32590245052809885,0.43226038344721496,-63.65201950073242,47,15,0.6435185185185185,0.410979398920474,0.4527464386220976,ok
BGZJ01000001.1,1164864,1165056,0,193,50.26393910472104,5.778537598770378,0.15113700905145755,0.4290836605516337,-56.29407501220703,24,10,0.6062176165803109,0.3907685009108509,0.4635373672686637,ok
JAUNQW010000008.1,37181,36966,0,216,63.05788466574361,2.958847453910184,0.8088010411268713,0.670459311170332,-15.464644432067871,26,29,0.3425925925925926,0.5723823729163781,0.757688293945935,ok
CP003607.1,3669586,3669490,0,97,94.28687840164403,2.5107429441133604,0.2929838263587483,0.4364499364948659,-30.25887680053711,23,13,0.5670103092783505,0.4183398090002472,0.45334294935552916,ok
LYMK01000029.1,46811,46704,0,108,66.45449731405938,19.99999999934028,0.5128322647084156,0.4402954332989187,-30.019023895263672,7,17,0.6296296296296297,0.44515185923847744,0.4500770228039637,ok
BBJB01000021.1,57693,57837,0,145,94.99999999729071,3.5734885449152363,0.5513281065913173,0.40808850217726644,-28.382823944091797,44,13,0.5103448275862069,0.38298372266900826,0.4344958537877658,ok
MPKA01000113.1,11167,11391,0,225,80.4255048714671,3.777383765681393,0.6197107271414053,0.5738707739195626,-36.31024169921875,17,15,0.4533333333333333,0.5302435235852112,0.6191418280221551,ok
CP011502.1,2256690,2256591,0,100,90.41949519740747,4.531206100641108,0.5385794687427787,0.3339855581885551,-38.788902282714844,35,6,0.73,0.3144307776228829,0.35653299299896657,ok
AZDA01000133.1,25434,25513,0,80,69.73560966545084,6.19210722808966,0.6176946246521924,0.49302764046347497,-12.028003692626953,11,14,0.4125,0.4446775238689453,0.5530500671124854,ok
CP001672.1,2091155,2091387,0,233,59.49268010568722,5.541565287710437,0.5098150853443901,0.5684786489307658,-31.270389556884766,31,19,0.40772532188841204,0.487964330127667,0.6539514755479006,ok
PTJA01000001.1,284843,284970,0,128,74.6330735640921,3.647973358001059,0.6642569217821175,0.5600120848243998,-18.686548233032227,20,12,0.4765625,0.5017100739578817,0.6183595255776702,ok
MASJ01000014.1,67134,67348,0,215,58.40413679353766,4.714237525684409,0.46091257829685933,0.5154053062203082,-34.280517578125,27,14,0.4372093023255814,0.4393994869281572,0.5891539283352274,ok
NGJZ01000001.1,303580,303844,0,265,42.069624517126655,1.3210698103739469,1.0927090272187452,0.5792330736881125,-34.726158142089844,23,25,0.3849056603773585,0.4992041847742945,0.6411664549048095,ok
JH470338.1,865643,865537,0,107,49.018790698765315,7.826505945362808,0.21113042318252023,0.526723929613056,-25.82302474975586,28,8,0.6074766355140186,0.4599631119359676,0.5890815345008654,ok
JYOP01000003.1,608696,608564,0,133,88.32994799367849,4.282921275118728,0.5527831586130849,0.5158707936410435,-31.777050018310547,22,10,0.6165413533834586,0.4916253570731255,0.5429557113359317,ok
CP059066.1,190949,190848,0,102,37.63388437955018,6.630120940694931,0.15584272425896195,0.7262690860296073,-12.18276596069336,6,28,0.47058823529411764,0.6813503118941748,0.7517626969349877,ok
FR889469.1,1845,1942,0,98,66.79034990314422,3.0341786463753726,0.7776376841282068,0.7451612839836468,-4.346285820007324,8,26,0.23469387755102042,0.6575476310732835,0.8246163246400935,ok
CP071182.1,2506903,2507029,0,127,84.34028480578257,4.365976497580683,0.5777428019996946,0.39255092588073076,-39.68566131591797,16,8,0.5118110236220472,0.362932686035125,0.4256230183121338,ok
JABVCQ010000013.1,61131,61395,0,265,60.24870554632589,4.919580283178455,0.2954375245700916,0.4835347901119476,-64.60514068603516,20,12,0.5660377358490566,0.4387715285807792,0.5293528514498583,ok
JAAIYP010000044.1,38790,38676,0,115,55.66635705108033,4.363009757734846,0.21485714093492175,0.5052695979228313,-34.48685836791992,15,16,0.6347826086956522,0.4669509674349668,0.5405779892735065,ok
UPPP01000070.1,7879,7991,0,113,88.87192266608452,4.525202638144405,0.5572166190504051,0.6097390443394023,-18.329008102416992,15,18,0.5221238938053098,0.587818178215717,0.634873815395684,ok
JACHEN010000003.1,199706,199481,0,226,55.51394355123003,5.112871100077913,0.3526048759738206,0.672738451485976,-25.276634216308594,11,19,0.4247787610619469,0.6052947845619377,0.7379979146193723,ok
MWPS01000043.1,66270,66353,0,84,30.30972755035421,1.4106663378105166,0.5674379289526025,0.5846433089352586,-15.277914047241211,18,10,0.5119047619047619,0.543003527524573,0.6161267033261534,ok
JACMJI010000007.1,2672,2783,0,112,36.62498646584293,2.875513271698657,0.1036855448131433,0.6102209670707358,-21.08740997314453,8,21,0.49107142857142855,0.5948072404358344,0.6213039277985303,ok
JZDQ02000056.1,15601,15865,0,265,87.06920785089802,5.621819457872353,0.5389802184880791,0.36188315255463915,-86.07460021972656,38,6,0.6377358490566037,0.346345066783008,0.38179035410590295,ok
CP003326.1,1332113,1332226,0,114,50.46520149548242,6.175848794238671,0.1431907915489644,0.5515180416368131,-19.279844284057617,25,8,0.4824561403508772,0.514125426805999,0.5859465400429771,ok
QQOU01000053.1,7429,7332,0,98,46.90719115636312,6.601225834757433,0.21714071091070086,0.6354446400152954,-10.094552040100098,11,27,0.3877551020408163,0.5680655583920563,0.6915079147766413,ok
BMMF01000017.1,51501,51680,0,180,90.14639502679533,5.270668802954309,0.5372660300358176,0.422916573079452,-63.728084564208984,19,8,0.7444444444444445,0.4084003563765856,0.4409766062568096,ok
LEKT01000028.1,4753,4856,0,104,92.73209128883106,2.5334861819129584,0.6341737648838857,0.5856943300069393,-18.34697151184082,10,12,0.5192307692307693,0.5452916782479865,0.6236614812286728,ok
CM001844.1,1197814,1197662,0,153,70.4111085941857,4.394334265309744,0.6688211576948955,0.5702537043761123,-21.63264274597168,21,16,0.41830065359477125,0.506289986221399,0.6378650588186451,ok
FODJ01000001.1,149968,149747,0,222,68.17391897311633,5.377448032730009,0.657101921854288,0.5527212555690172,-25.761667251586914,30,26,0.35585585585585583,0.49054874286454264,0.6243909722241081,ok
LR134406.1,1352492,1352618,0,127,62.550459365223126,5.6560592128438705,0.4222133846039072,0.48334023002590515,-25.75345230102539,39,8,0.6299212598425197,0.4281392210610762,0.5449639821865934,ok
BJXB01000017.1,121972,121865,0,108,83.92868394959002,6.480831873945737,0.5099399948807972,0.4509725973425263,-21.832382202148438,22,13,0.5462962962962963,0.4389108921650644,0.46752131320988427,ok
CP009286.1,4293901,4293626,0,276,75.20035251180326,4.687840802252772,0.6149624318716392,0.5336444230361229,-52.38541030883789,24,15,0.5579710144927537,0.48926044861680595,0.583302315926721,ok
CP063169.1,324808,324705,0,104,82.82787968400795,5.055190723572761,0.5063948540878969,0.49296191023549357,-22.66751480102539,32,12,0.625,0.4706836788672582,0.519323084403353,ok
KQ965520.1,1349160,1348914,0,247,51.688486185665596,4.42691875100714,0.4145783258466856,0.632973217098969,-30.20513153076172,14,11,0.4817813765182186,0.5483024901457303,0.7069678388570121,ok
CP011834.1,372105,372209,0,105,83.8462923610287,5.481374984877014,0.5483347933979058,0.515758673209434,-25.358837127685547,20,16,0.5714285714285714,0.49633933949904924,0.5400100197402476,ok
QKTW01000007.1,104757,104947,0,191,46.65167865906105,6.966316075744235,0.11677488753868936,0.5497240235701714,-32.3979606628418,27,25,0.4397905759162304,0.5116993533927445,0.580784394520548,ok
AEXQ01000095.1,18646,18423,0,224,47.996780364134345,8.75754264079041,0.14929066992184692,0.6590522415955643,-20.681079864501953,9,17,0.41517857142857145,0.6059679508653789,0.7061135155350575,ok
RHLK01000005.1,269028,268799,0,230,94.99999999986427,2.9614456733813426,0.5480219096621989,0.5775175753553425,-34.7530517578125,34,29,0.5260869565217391,0.5467985457766413,0.6080065247716848,ok
WHTJ01000075.1,14257,14110,0,148,87.07506300859336,1.4731296413358568,0.3937134976714646,0.5306383216772349,-41.081451416015625,27,13,0.6756756756756757,0.5055102566402858,0.551718404015475,ok
SPQR01000003.1,324318,324185,0,134,51.34710466680131,3.9117484279678925,0.3199568419401806,0.675228556100052,-13.245678901672363,15,14,0.48507462686567165,0.614771420873537,0.7265025187323664,ok
SRMF01000004.1,74366,74522,0,157,55.130896742417335,4.146770933061661,0.1693293554807183,0.4461988342816554,-52.27194595336914,19,17,0.6305732484076433,0.4162145941144022,0.4732346914770273,ok
CP021023.1,321410,321228,0,183,49.86538035679269,3.283997213799011,0.31384247352973815,0.6123871326983384,-24.552932739257812,49,26,0.47540983606557374,0.5594295262835608,0.6555883569435568,ok
LMTR01000049.1,8190,7989,0,202,85.35577223812088,5.537550979883069,0.544060135816685,0.5296684777472919,-48.72158432006836,12,16,0.6138613861386139,0.5121365310887876,0.5514025624820114,ok
MRTH01000061.1,16901,16646,0,256,63.36878318162005,5.3913090824435335,0.5227888346398311,0.5868583747209782,-34.245296478271484,37,13,0.50390625,0.5206572261174456,0.6594864877569914,ok
RYDV01000005.1,15432,15593,0,162,84.72275877394249,4.219898593751525,0.5808403998291747,0.4386774007676512,-40.56898880004883,15,7,0.5679012345679012,0.40832254642621957,0.4721290798461965,ok
FR898842.1,22077,22312,0,236,73.47258600977754,4.645254799593441,0.6308810123934174,0.5998890176862036,-31.294246673583984,25,25,0.4025423728813559,0.5492282537025567,0.6557151616533612,ok
PYAV01000005.1,159369,159468,0,100,50.54857930734669,7.473769089214658,0.14079006504335034,0.556619058439598,-15.887269973754883,22,18,0.43,0.516445537052606,0.5958309944014502,ok
LTBB01000005.1,80464,80223,0,242,52.463734205167505,4.768804037106858,0.37367618589503027,0.7442661385353221,-13.971240997314453,7,60,0.34710743801652894,0.6661916675613636,0.8144785095307008,ok
RAZH01000001.1,555430,555327,0,104,57.53633678051309,4.201179748067621,0.3551716949768735,0.6405128960365007,-14.221556663513184,20,9,0.5,0.5821334433674342,0.6948002063328235,ok
GL405260.1,1612253,1612379,0,127,64.08757160637242,4.5621845024013234,0.1849926215516181,0.5415393973862584,-31.579416275024414,9,12,0.5748031496062992,0.5180523189533897,0.5655250041567916,ok
WBOS01000005.1,83222,82846,0,377,44.3393527763097,6.283723875074095,0.136300084747623,0.6007562659253961,-59.90406036376953,27,32,0.4297082228116711,0.557741925539379,0.6327259212036561,ok
NFMA01000007.1,15453,15344,0,110,53.76482260316918,7.687588797436921,0.1825064223935997,0.5862591461203174,-21.16533660888672,16,15,0.5636363636363636,0.5438380167682287,0.6332676467319988,ok
UWPJ01000005.1,275001,275248,0,248,87.36512480713144,4.590779807196006,0.5393468066821675,0.3950585430984974,-82.9503402709961,27,11,0.6653225806451613,0.37275516585678853,0.4204752386457945,ok
RJQC01000002.1,178600,178388,0,213,88.88398042363961,3.1051856588816107,0.6129332719268479,0.7259851580060278,-18.97385025024414,19,48,0.4225352112676056,0.6879053186727889,0.7633739286527009,ok
SORV01000001.1,22477,22189,0,289,48.88149256849031,6.260111667368524,0.2158301772709692,0.6541958532200212,-26.19562530517578,21,20,0.35986159169550175,0.5935231906782096,0.7071988496603459,ok
UWOC01000011.1,58316,58404,0,89,43.92112478222414,7.2118524078605954,0.05707224081527884,0.4978080235570744,-22.553619384765625,15,8,0.7303370786516854,0.47766393591419276,0.5124406057401601,ok
KE136389.1,1664681,1664487,0,195,46.22226510693917,4.958396037944009,0.2582485056781155,0.738237692103045,-12.120957374572754,14,56,0.4153846153846154,0.6729498258606331,0.7900070641214235,ok
CP035280.1,113837,113605,0,233,72.0057045036787,4.993659843279427,0.630993789667849,0.5985599998061055,-28.76227569580078,18,30,0.3905579399141631,0.5469474961506495,0.6569066814084941,ok
QWVT01000013.1,93576,93388,0,189,54.220825708668684,3.810618636583198,0.37817331061345,0.5844000423884194,-28.58650016784668,38,21,0.4973544973544973,0.5190663502545234,0.6418657434050452,ok
DS022272.1,308793,308853,0,61,79.92404244678033,3.4395022224464364,0.6392170965627715,0.5527076066913233,-9.623316764831543,17,7,0.6065573770491803,0.50379073107953,0.6015374953580622,ok
BORC01000002.1,355647,355694,0,48,65.76525197314203,2.3549786027686084,0.8301437571266914,0.5147408949113795,-7.261094570159912,16,5,0.4583333333333333,0.4289679535404087,0.5891821422810843,ok
CP041372.2,2641693,2641490,0,204,52.73352175136197,6.189034271173655,0.2257172201668649,0.5868176727271859,-25.659324645996094,24,14,0.46568627450980393,0.5336783259622173,0.6381743770611612,ok
KI518119.1,45939,46036,0,98,46.61591417928324,7.065979258447268,0.23562549395062404,0.7830866654188543,-5.6102375984191895,10,29,0.2755102040816326,0.7055888375885685,0.8467169209251115,ok
QWVS01000028.1,44191,44013,0,179,77.42770092167258,3.49204276542822,0.6515198847960203,0.6408443008767991,-21.470535278320312,16,15,0.49162011173184356,0.5878947682967864,0.693534113931117,ok
VRTT01000025.1,64075,64165,0,91,46.72610381473594,5.719086966373229,0.20913635594883379,0.5912503953939026,-13.896564483642578,17,7,0.5494505494505495,0.5324880023892259,0.6387741489862172,ok
CP059258.1,762197,761966,0,232,18.907327658413042,3.9724066782822587,0.5303088345892216,0.48583739906139,-55.122615814208984,30,18,0.6293103448275862,0.46846039450788457,0.4967882198199739,ok
LMCY01000043.1,196799,196934,0,136,94.99989784593376,3.3016295832010276,0.38307374749516104,0.4021395184577052,-41.191741943359375,21,9,0.625,0.38330167228699413,0.42135600287935904,ok
CP002395.1,673754,673945,0,192,45.70802266181742,6.5470706110147585,0.11026398862528775,0.5250691923446539,-47.19043731689453,24,29,0.625,0.4900016270187205,0.5530013402807793,ok
ALPT02000117.1,2947,2846,0,102,52.76001863741491,5.1871895035086535,0.33929238083579,0.6123413765151003,-11.963862419128418,10,22,0.4117647058823529,0.5388965048859522,0.6802177815831619,ok
FOIM01000001.1,402037,402237,0,201,94.99819863267402,2.5631646897222398,0.513407306344652,0.4717860105043797,-46.326499938964844,21,13,0.5771144278606966,0.4408939247423461,0.5008403732680256,ok
CP002521.1,2364468,2364339,0,130,94.99999999244342,2.694615366192132,0.36720467822453773,0.3673013037058704,-53.29920196533203,31,12,0.7230769230769231,0.3458130298832418,0.3878775197548381,ok
CP068053.1,3723404,3723583,0,180,86.91917559408098,3.9008894042953157,0.5845178123943694,0.49738639213347763,-33.71457290649414,30,28,0.4444444444444444,0.46596883600163574,0.530920238582957,ok
MPKA01000054.1,27983,28196,0,214,72.58941247647311,4.504042906106195,0.6434499944112635,0.5825855529337363,-30.087032318115234,25,22,0.4439252336448598,0.5276687229509622,0.641940340992964,ok
CCRF01000067.1,36116,35983,0,134,56.18217665538968,5.7435605678914285,0.23520918992691853,0.6562457583733786,-22.715469360351562,8,20,0.44029850746268656,0.6114122245674237,0.7022599161741332,ok
KN174163.1,624448,624619,0,172,50.362088334248746,7.1659042995894415,0.09307970439092728,0.5073513774459701,-52.76781463623047,17,13,0.6744186046511628,0.4809544517661099,0.5324523619955723,ok
JXKD01000004.1,38647,38887,0,241,55.268884086130114,7.792612097418388,0.281104309975759,0.5436290702250571,-39.71921157836914,28,12,0.4149377593360996,0.48549330730047685,0.6116171430477005,ok
BMOF01000060.1,4874,4999,0,126,61.47382215676954,4.2165700295165625,0.21780569367485392,0.43221999553204277,-39.50517272949219,15,7,0.6190476190476191,0.40131930037329006,0.462168445091545,ok
JACVXA010000049.1,32450,32327,0,124,93.51374966060955,2.797349913440658,0.4399109240361454,0.47006191573697503,-37.21868896484375,35,10,0.7016129032258065,0.4441775626407974,0.4949015755549748,ok
MVHS01000025.1,21954,22151,0,198,40.088559485636544,0.5695904779251367,0.8736248741134386,0.4996210512141594,-59.04046630859375,15,14,0.6818181818181818,0.4717981098265765,0.5214865447920393,ok
MAIS01000106.1,9031,8840,0,192,94.9999999999995,3.542263788305947,0.5426215667441954,0.5559391566622803,-40.48031234741211,18,16,0.5364583333333334,0.5314667627314845,0.5815701311719582,ok
JACHIW010000001.1,3338224,3338038,0,187,84.58053457587178,4.268437214052036,0.5409240322083246,0.41580830232867827,-56.35209655761719,33,8,0.6737967914438503,0.38776763210637477,0.44669078481907903,ok
CP001814.1,1771338,1771423,0,86,94.99999999706264,2.46965547848459,0.4321905865432833,0.45744005082388056,-21.282901763916016,28,7,0.7325581395348837,0.4307778679194365,0.4824987025529468,ok
FNJM01000012.1,28305,28545,0,241,73.25250374994448,3.256734704640437,0.6967111990606873,0.6321026229226056,-27.698871612548828,18,13,0.3983402489626556,0.5662052459916707,0.6950512011027231,ok
CP010552.1,1207723,1207647,0,77,48.10905271191003,4.88713004009333,0.3432394802766951,0.6503223645625166,-5.799015998840332,9,14,0.42857142857142855,0.5677154952724948,0.7191145550039139,ok
VWXL01000053.1,6695,6937,0,243,44.998537482448086,1.113495512046541,1.11184071933013,0.5687232670033043,-35.8109016418457,17,17,0.49382716049382713,0.49997047203198103,0.6223873574295998,ok
SLWV01000002.1,209707,209603,0,105,60.16930688219006,7.219804139840947,0.48101907414071476,0.5939987926501981,-12.619562149047852,26,9,0.4,0.5265211943677385,0.6777200184168313,ok
QDAE01000035.1,9132,9266,0,135,51.87201391967344,0.5681513858760185,1.017235275404829,0.5149052350292319,-35.27898406982422,20,15,0.5925925925925926,0.48280136119006434,0.5401544013688868,ok
WRPM01000068.1,46031,46155,0,125,57.92419811557806,3.192594463561079,0.15427048746637528,0.5414281760221472,-31.01382064819336,13,19,0.592,0.5195070372645013,0.5604392546704279,ok
AFCE01000067.1,74,191,0,118,16.054939625173922,1.0530936485268254,0.7079649765733987,0.5415186548626986,-27.91843032836914,10,27,0.5084745762711864,0.5092698608759895,0.5657562506457118,ok
CP014160.1,172247,172176,0,72,91.20645581248789,2.413354094002982,0.6483247983732194,0.6360335225435775,-11.370138168334961,17,17,0.4722222222222222,0.5930018821383667,0.6757399190051657,ok
AP023418.1,1089413,1089294,0,120,45.12401002935228,5.997995676985035,0.11972103050145844,0.5097525312040945,-29.29255485534668,24,12,0.55,0.4738656102621313,0.5378241883546556,ok
AKJX01000164.1,100968,101095,0,128,48.92279406401562,5.595951082177888,0.18211795004837705,0.5232040984349502,-33.624839782714844,12,11,0.6171875,0.4756839172209195,0.5637385354875302,ok
FOFK01000003.1,52159,52389,0,231,61.493725603837966,4.174086388350288,0.44580502243741166,0.590741972219318,-31.8911190032959,18,13,0.41125541125541126,0.527607334052613,0.6516207434264852,ok
BJVC01000001.1,618017,617938,0,80,59.77468761606717,4.125973524040002,0.3410629722279447,0.6504977561884482,-10.039907455444336,14,8,0.575,0.5991763234750007,0.6992980479603432,ok
PFXK01000001.1,423573,423473,0,101,64.9341841321999,5.138499164016576,0.445493850013809,0.5321728278564908,-13.82913589477539,27,11,0.49504950495049505,0.479847847565483,0.5894936584248318,ok
NFHL01000009.1,21179,21298,0,120,77.83093710326465,3.3807584255630254,0.6556978794883795,0.633238250907067,-13.80282974243164,11,17,0.4083333333333333,0.5794282658971239,0.6865632971341545,ok
CP010978.1,4330320,4330159,0,162,58.67473953377309,2.992017061508348,0.2980269765313853,0.6518866046585599,-25.857650756835938,11,44,0.4074074074074074,0.6118739441609933,0.6865829400115713,ok
RAYU01000015.1,25407,25609,0,203,94.81632022564484,2.671666817217191,0.5733116713938088,0.5676041164329743,-41.676239013671875,19,21,0.5073891625615764,0.5338594324738141,0.5995775831632855,ok
CP101527.1,4090344,4090143,0,202,94.99912563240834,1.719905544915276,0.3348075251442739,0.5967069207229815,-31.375051498413086,24,36,0.4752475247524752,0.5751343466950253,0.6158086901151977,ok
RJSG01000002.1,954379,954527,0,149,52.61207081355154,18.18279390204948,0.06536473758005046,0.4827506559003458,-40.732398986816406,24,12,0.6040268456375839,0.46850564946324136,0.5118670173684597,ok
MJIL01000046.1,33688,33862,0,175,49.11440885824489,6.334944766123873,0.16391802181485388,0.5667655266997701,-25.853187561035156,18,17,0.44571428571428573,0.5207909039968985,0.6074720744058536,ok
FRCF01000004.1,190386,190616,0,231,53.1099665147742,5.163082226130539,0.23090999237797272,0.5967531780845731,-39.34794235229492,24,11,0.45454545454545453,0.5476617867342661,0.6426140965953043,ok
BMHP01000002.1,1762004,1761810,0,195,78.97315195600012,5.75653918627211,0.5628603843237923,0.497367514648054,-41.46834182739258,22,28,0.5692307692307692,0.4725002072454629,0.5287747909965146,ok
LR778135.1,913350,913447,0,98,92.87855568856213,2.579206687264916,0.6297776407297269,0.6382036465275663,-9.885293006896973,13,17,0.47959183673469385,0.5988171630326354,0.6751538078974596,ok
LFCW01000002.1,235852,235955,0,104,94.99999991978179,3.423774694157163,0.5232819842199998,0.349641817581283,-31.36019515991211,31,8,0.6057692307692307,0.32456489056073795,0.3755740178279159,ok
HF999354.1,201,433,0,233,74.73296050899027,4.9286212360439805,0.6104920993870631,0.5350687219429832,-47.95081329345703,12,21,0.44635193133047213,0.4921413149392437,0.5842468950772378,ok
JACOOR010000001.1,432414,432188,0,227,64.89485149975975,19.999999999939366,0.5188762654529979,0.5688761669630814,-36.401695251464844,33,24,0.5550660792951542,0.5675148848695292,0.5828405264961786,ok
CP010796.1,1575883,1576168,0,286,72.0673991499768,3.672730615468826,0.6859718494734637,0.5899157894507289,-35.47185516357422,26,21,0.3986013986013986,0.5235384412075973,0.6556102815503095,ok
PDCJ01000001.1,844211,843956,0,256,48.68556004293188,5.292043596338327,0.32639195756338746,0.7984765760096945,-10.62051773071289,14,92,0.30859375,0.7162043611394572,0.8683436770952541,ok
JRUN01000012.1,51996,51779,0,218,65.28475612767997,7.940653910686397,0.629898549523509,0.522643055267615,-32.63665771484375,32,19,0.38073394495412843,0.47042692441816925,0.5956367787705883,ok
FNPI01000024.1,34283,34153,0,131,85.8755764944522,3.4175114416298866,0.6091553985014035,0.4933127443365665,-28.613697052001953,18,10,0.5267175572519084,0.45521380314757803,0.5319409185068017,ok
CP038145.1,1617287,1617455,0,169,80.03268055397768,3.6316930870389914,0.6286352883989322,0.5962844117018711,-19.009490966796875,21,37,0.30177514792899407,0.5501817632763226,0.6432992859280748,ok
FOTY01000048.1,3562,3300,0,263,63.19980092786395,5.051438347045853,0.2923373155615332,0.5677161401694163,-40.2273063659668,18,16,0.5095057034220533,0.5295205272241689,0.6078722572857728,ok
CP039704.1,678823,678940,0,118,42.68407640567167,4.711783594902718,0.0791969137091576,0.47561006005494927,-36.997581481933594,21,11,0.711864406779661,0.4560042893267205,0.49008907019509934,ok
KQ033878.1,760310,760489,0,180,69.72195215304028,3.808592908650875,0.7029168663393663,0.5755885932705729,-23.4254093170166,18,15,0.37222222222222223,0.5028446289341366,0.6480634625976366,ok
MSZX01000022.1,47091,46852,0,240,87.97557685765338,3.566364282071855,0.5939717717549681,0.5907394864131617,-35.74871063232422,10,22,0.5083333333333333,0.5571289720903434,0.6255006602341296,ok
CAJRAF010000001.1,1324642,1324575,0,68,91.61938149232958,1.642362677326268,0.4685076382292711,0.6056792506200549,-11.806015014648438,7,15,0.5,0.5758089084932216,0.6311284755257998,ok
KQ758617.1,224437,224541,0,105,59.226848317105116,7.4038872843400005,0.31826585362848747,0.5777304118116295,-18.657304763793945,25,21,0.5333333333333333,0.5299376538989408,0.6370644841521397,ok
FOKR01000020.1,27413,27673,0,261,85.97622429928859,2.3741923207214586,0.6737952856335204,0.6313439964800054,-31.766273498535156,42,25,0.41762452107279696,0.5820427528673912,0.6760751707331937,ok
FNBG01000049.1,3090,3208,0,119,84.3638758218235,3.2194236658220556,0.6267699483207676,0.6655672405675334,-15.585391998291016,13,23,0.4957983193277311,0.6222024673974684,0.7083165631834356,ok
AYMW01000001.1,619927,619812,0,116,62.14615569985428,6.373798104509364,0.3446566180945656,0.5000880767012128,-22.68012046813965,22,9,0.5258620689655172,0.45611603022446245,0.5523527356581331,ok
FOKI01000006.1,44418,44185,0,234,46.19305286104482,6.1663109344280596,0.21892373173212942,0.7691183549850295,-14.78095817565918,10,48,0.3418803418803419,0.703346777257153,0.8223440365290184,ok
QYUP01000087.1,56916,56868,0,49,58.110176549570554,3.5363883374346963,0.36060961672300695,0.5227264385872621,-12.588255882263184,11,4,0.7551020408163265,0.468939478053246,0.5710722258677806,ok
CP000673.1,2198688,2198492,0,197,50.0715530077116,8.41181169023135,0.20006761721990707,0.707790504969875,-16.601499557495117,23,30,0.41624365482233505,0.6461721609690682,0.7691406173813192,ok
LMFH01000005.1,137734,137600,0,135,93.52901550488825,1.4854745688924733,0.561223676358316,0.5135784137541111,-35.85511779785156,16,13,0.6444444444444445,0.47958003777036756,0.5420787205676011,ok
QAJF01000835.1,3574,3654,0,81,94.99986756696394,3.9916144425551967,0.3804061751617477,0.3604056281234002,-35.8250846862793,27,7,0.654320987654321,0.34604665382332955,0.37616490433646194,ok
BMOS01000040.1,4295,4084,0,212,59.94038516818374,6.620873369915942,0.1613256339099225,0.6488409432408115,-22.45453643798828,35,51,0.4339622641509434,0.6249398221414023,0.6769163694612268,ok
QOUX01000045.1,198783,198572,0,212,67.47202684294498,6.062944475371267,0.6458091385811064,0.574642694896787,-28.180400848388672,30,16,0.42924528301886794,0.5157762584143084,0.6462648225085673,ok
BATM01000060.1,28255,28142,0,114,68.47231126058077,3.238959056665286,0.4112763008041307,0.6861810580635307,-11.609508514404297,8,19,0.45614035087719296,0.6415282134389053,0.7277473829855511,ok
AMSQ01000007.1,70143,69849,0,295,70.53402646281619,4.1155618538732135,0.6795626147764682,0.574259192973018,-40.63337707519531,24,16,0.38305084745762713,0.507572881136159,0.6427189236218722,ok
QUBQ01000001.1,277625,277446,0,180,94.99999965696666,3.0007290038463443,0.5495924108435812,0.4987488070232557,-42.381771087646484,14,11,0.5611111111111111,0.4689860840680719,0.5280752514261187,ok
LAKY01000073.1,82222,82160,0,63,93.74682544953372,2.7782352316212426,0.546703737647311,0.5730316541591214,-13.429343223571777,9,8,0.5555555555555556,0.5408532821955626,0.6038607837616871,ok
QUEE01000006.1,277270,277471,0,202,76.79402071249315,2.0286919742033462,0.7544213156642352,0.5788629478241978,-35.91750717163086,14,21,0.5297029702970297,0.5173534473536994,0.632036059727643,ok
JRAN01000056.1,54361,54158,0,204,72.01311847751433,3.6666923037988495,0.6356794600093991,0.6237558049640123,-23.150365829467773,29,30,0.45098039215686275,0.562612359043385,0.6840472168410233,ok
KE159681.1,193274,193044,0,231,56.50846343464253,4.597211808520067,0.39685605271031466,0.745573921882805,-15.732388496398926,9,34,0.4155844155844156,0.675479684614374,0.8119536979503746,ok
ACVI01000038.1,41955,41758,0,198,43.503420998106755,19.449210491207474,0.022757124226831182,0.7343693543432783,-17.73713493347168,11,49,0.398989898989899,0.7203647723973989,0.7380715833490823,ok
WHTV01000099.1,13120,13224,0,105,76.3333930177708,10.70189973192443,0.45753364999740853,0.5547558786118799,-22.63116455078125,11,11,0.6095238095238096,0.5493029499055949,0.5634361092428113,ok
WTUZ01000021.1,271895,271663,0,233,60.57854695306672,5.135807520735016,0.3253477937198529,0.6596282306779115,-27.873706817626953,27,22,0.47639484978540775,0.6110908107349377,0.7102218257431291,ok
CP059261.1,2003572,2003512,0,61,75.39900702140918,1.2623129027263946,0.13746041198589865,0.44742650320565086,-22.07793617248535,16,10,0.7213114754098361,0.43889835184724996,0.4543619779715509,ok
CP001022.1,216092,216276,0,185,93.63073970128116,3.1282577975163957,0.5955597283784291,0.4727885418948301,-38.436378479003906,23,16,0.44324324324324327,0.4401342535249999,0.5054233490762126,ok
CP060697.1,462643,462791,0,149,40.87043501002686,8.03620819244509,0.03145014737335616,0.4323517973894319,-53.51069641113281,37,8,0.6845637583892618,0.42054380168371414,0.43984114464234203,ok
JXYS01000029.1,3639,3428,0,212,94.9999996094073,3.1451744461690025,0.553321831468718,0.6043273056918322,-34.82394027709961,12,23,0.5,0.5755879894853203,0.6330813389930166,ok
CH672395.1,2226,2162,0,65,51.37126462217233,1.5975919185365202,0.5035870787595738,0.663502066925911,-9.254186630249023,8,19,0.46153846153846156,0.6198720416535924,0.6980954018855282,ok
CP048630.1,3281215,3281087,0,129,54.30376958548072,5.304800930762419,0.11026846857871314,0.5063411000136178,-35.99424743652344,15,10,0.6744186046511628,0.4837417206364563,0.5279527249041804,ok
SOHE01000005.1,8473,8323,0,151,47.29359013726236,6.566883165014201,0.1805661673228814,0.45721751060921306,-37.575599670410156,47,12,0.6357615894039735,0.4020508657218724,0.5037791436517015,ok
AP009389.1,667698,667820,0,123,53.25137031946435,19.999999999999996,-0.004331061379786005,0.49838846648790364,-33.864044189453125,18,18,0.5284552845528455,0.4952307331204962,0.49512593794187976,ok
CP003326.1,2041590,2041489,0,102,56.95157773997478,3.589342377162655,0.4623975229252296,0.6894332343666535,-7.629156112670898,19,37,0.3137254901960784,0.617593539502013,0.7531765447177696,ok
LSVF01000004.1,169236,169474,0,239,17.828298420049848,2.0872081315770417,0.5835868014600547,0.5606266770215881,-40.79255294799805,13,16,0.5062761506276151,0.5285702167121841,0.5834179090018832,ok
BJCC01000019.1,42509,42362,0,148,54.722680506556856,5.154285186105196,0.24569261603010867,0.5587255422000076,-23.18600845336914,32,13,0.43243243243243246,0.5099414163964466,0.6055571778624022,ok
MAPZ01000019.1,46345,46182,0,164,77.21080734142146,3.3287295722559023,0.6630211770242311,0.6922604333884844,-11.821693420410156,16,47,0.38414634146341464,0.6363584718115868,0.7473013605414964,ok
VTOY01000013.1,28127,28422,0,296,90.78097541250065,3.5175698491969243,0.5863864508409304,0.5367880384499365,-61.293212890625,16,27,0.5337837837837838,0.5057943570482596,0.5688009036482596,ok
CP000284.1,1286474,1286696,0,223,45.43394170292131,7.705350841957494,0.09989897886321453,0.5205733177882111,-54.40389633178711,13,15,0.5695067264573991,0.48435574335697446,0.547883843241947,ok
LT629302.1,325299,325524,0,226,67.43335779078932,5.052457550156991,0.6784728389177855,0.5591659720883229,-34.43805694580078,15,26,0.3893805309734513,0.489243982118943,0.6366359702141473,ok
CP040695.2,1512981,1513290,0,310,28.92913775915128,19.999999999961773,0.4990069707826312,0.3936757522055508,-111.54981231689453,21,11,0.7258064516129032,0.39075604733959934,0.39333356599539815,ok
CP000492.1,2145138,2145261,0,124,69.31223897987907,5.551884280508014,0.5918997805145063,0.5826791723778292,-16.03696060180664,20,19,0.45161290322580644,0.5317206951845028,0.6424468965255444,ok
LGTO01000002.1,273398,273621,0,224,67.87749958683277,6.1909753372663054,0.6396490982336329,0.5491518330127758,-32.385459899902344,24,14,0.4419642857142857,0.4924593140857616,0.6198520518732631,ok
CP000031.2,3720079,3719985,0,95,74.84728982462144,5.988901436566836,0.5794274851856713,0.41953102618929533,-27.896530151367188,30,8,0.6842105263157895,0.3879566155161587,0.4595207406128306,ok
AFVQ02000215.1,8338,8113,0,226,45.83463639261841,4.692397490774391,0.2465677690402096,0.626317324028094,-30.266510009765625,22,35,0.504424778761062,0.5665980988598605,0.6736312270245948,ok
PRLP01000058.1,4923,5152,0,230,88.07948891910178,3.3001660998773192,0.6070239036915606,0.4706735336738455,-48.08599853515625,56,16,0.5521739130434783,0.433356365006183,0.5084136345143551,ok
LDOU01000016.1,58117,58242,0,126,94.99999999992211,2.6975127240066996,0.5467215518232034,0.46709897859384625,-35.47577667236328,18,21,0.48412698412698413,0.4350454842075899,0.49775289125141886,ok
NFLE01000001.1,315749,315516,0,234,51.80711415717595,4.831648953614164,0.23826802546952108,0.5576032940758114,-44.38326644897461,35,10,0.5897435897435898,0.5062853391824783,0.6032695841607856,ok
VOLS01000008.1,39796,39938,0,143,21.50536506798167,1.4285368709439268,0.7315483211915003,0.5892110327313347,-16.213268280029297,16,27,0.36363636363636365,0.5426641104222855,0.6243565435285265,ok
CP001616.1,2637202,2637346,0,145,94.99999694735308,3.228634581969917,0.3785496301886016,0.4072168348382215,-50.93573760986328,19,6,0.696551724137931,0.38818753928141825,0.42645284963430335,ok
CP003032.1,1232206,1232005,0,202,94.54623221677986,3.107813592016813,0.5944782693417572,0.5538081508730511,-27.773151397705078,45,33,0.4900990099009901,0.521722711116397,0.5863950143881248,ok
WBJZ01000017.1,46765,46863,0,99,59.474101626187235,19.999999999999996,0.1479789347393451,0.45367421213800396,-31.721702575683594,28,11,0.7272727272727273,0.4487977491362314,0.4720247528679077,ok
BMDT01000023.1,1731,1843,0,113,39.0661214808743,11.13557522016688,0.11953549646963557,0.5402204749668269,-22.92563247680664,34,15,0.3805309734513274,0.48904391818119564,0.5623737510764453,ok
JAGJEC010000002.1,979045,978954,0,92,19.061381949357063,1.6541494163631707,0.667317644769089,0.7693799242766043,-7.811089038848877,9,38,0.40217391304347827,0.7289833602741604,0.7983866480880869,ok
LR733556.1,1139816,1139884,0,69,78.8633678850589,4.960351143068416,0.5843326687755376,0.8208893803619021,-4.551558017730713,7,34,0.2463768115942029,0.7874029876063391,0.8594021291297099,ok
CM000961.1,2289775,2289961,0,187,14.260849626498239,0.6645906798268654,0.740439189826393,0.5871016968912142,-42.44102478027344,13,22,0.6363636363636364,0.5630512428468817,0.6055414697315101,ok
JAGSND010000004.1,218930,219042,0,113,63.77463125340642,5.869485492803598,0.5114045263343151,0.45080636732432683,-23.156814575195312,14,14,0.4424778761061947,0.3899321799995958,0.5208393025546972,ok
VLLR01000001.1,747468,747644,0,177,70.2814929124318,6.254530752891537,0.6090387121114639,0.5502031911297799,-24.416690826416016,19,16,0.423728813559322,0.5062214993386859,0.6057068607613445,ok
JACDUA010000081.1,3401,3538,0,138,56.9812480044344,4.519962424985105,0.07655184963877032,0.48214411615388225,-41.26011276245117,24,14,0.644927536231884,0.4689349217580839,0.4946047664614435,ok
CP019697.1,178154,178212,0,59,79.49346654694035,5.61158678206848,0.5605142903513459,0.4581255254598419,-16.279815673828125,12,9,0.559322033898305,0.4333866865831496,0.48903778090900607,ok
MWQY01000007.1,46865,46713,0,153,79.30482966115166,4.844044731844008,0.5841563810722581,0.5179478946992072,-32.487518310546875,15,9,0.5620915032679739,0.48512755462291984,0.5557600597410475,ok
CP032508.2,72133,72370,0,238,60.13962041908139,5.518949891454057,0.16504707089869586,0.44919314183073894,-75.87986755371094,39,11,0.6764705882352942,0.4241118939754607,0.4760969867974206,ok
NUDY01000033.1,44891,45073,0,183,66.61502718009142,3.9912818320242893,0.6023575796914262,0.5487707634401168,-24.61748504638672,21,9,0.4426229508196721,0.4791834610569066,0.6179349668155119,ok
DS499654.1,378553,378386,0,168,91.99086267312256,2.0973725581824234,0.5093033675310789,0.6867182199637226,-16.243974685668945,33,27,0.36904761904761907,0.6529012868081892,0.7167693800056071,ok
KI518150.1,180,324,0,145,78.35221414648525,3.1986798933968332,0.6615077211363747,0.6314029647848233,-14.501317977905273,14,40,0.4,0.5772788547392796,0.683897823210807,ok
CP001684.1,682427,682595,0,169,48.15988261311508,4.578045867208721,0.14309539982883274,0.47969150781479947,-48.45684051513672,27,9,0.6331360946745562,0.44697686591811736,0.5066067170876433,ok
WSFT01000042.1,8822,9031,0,210,50.11437616195568,5.221900284455717,0.3775377462218053,0.6038607991520711,-25.64859962463379,27,11,0.36666666666666664,0.5136978124838737,0.6833163878863968,ok
CP060714.1,3966985,3966877,0,109,56.26220623987008,6.9275392417286925,0.16759629674529608,0.4594697873555213,-22.034034729003906,27,11,0.5871559633027523,0.4273211173670665,0.49582419111395837,ok
PIQG01000001.1,683727,683829,0,103,92.55954906380228,1.4478152840855527,0.7363944940890579,0.517790427701139,-25.830219268798828,10,11,0.5436893203883495,0.47305391242513767,0.5555479214567762,ok
BORQ01000012.1,83475,83772,0,298,60.57981047325192,11.852145429299624,0.4655270947685119,0.4432490113358462,-69.01004028320312,36,17,0.5436241610738255,0.40271252525550816,0.514385389110651,ok
WTYC01000001.1,858074,857978,0,97,29.162074774982727,19.999999999999996,0.5030497702233209,0.4647990455457185,-24.10513687133789,27,11,0.6701030927835051,0.4611557854274927,0.46611781621206555,ok
JAGTTQ010000001.1,3860215,3859986,0,230,79.1261569127927,0.9200987143756127,0.8580918939581161,0.5769296607742257,-44.17904281616211,26,20,0.5652173913043478,0.5362163787949896,0.6095679092667604,ok
JQBT01000010.1,77313,77047,0,267,47.60463157485329,11.548570347219576,0.30166445469961845,0.6825793124556717,-19.04668617248535,29,17,0.36704119850187267,0.5599027475432,0.798831377086836,ok
CP003600.1,4093596,4093445,0,152,75.55046186611705,3.1182275128648556,0.4589593091615433,0.5376733635323543,-29.902576446533203,14,20,0.48026315789473684,0.4968356726447508,0.5764410470951773,ok
UGSO01000001.1,2792955,2792864,0,92,44.37613600819179,6.373556629149864,0.04483102984413434,0.5883054228392942,-23.25259017944336,12,23,0.5652173913043478,0.5740032178668357,0.5989352921948805,ok
MWZD01000012.1,213466,213320,0,147,94.29787487633372,2.384633392980416,0.3162641226071533,0.4575549256539622,-43.28415298461914,16,26,0.6802721088435374,0.4377276387102042,0.47581820802615715,ok
AQQY01000002.1,4134,4211,0,78,94.99999995713921,2.699534122446515,0.24888786580744687,0.5277867312945884,-26.307723999023438,7,21,0.6410256410256411,0.5129939451820246,0.5420160199309334,ok
FWFS01000001.1,365594,365371,0,224,89.44439696528413,3.3619686922445067,0.5975344499785652,0.4775226509221584,-59.444828033447266,31,13,0.6339285714285714,0.44360774381749657,0.5119406240410415,ok
MIEQ01000018.1,53950,54152,0,203,76.098163205573,3.165161888896891,0.4084003390036584,0.52539302680943,-37.745094299316406,26,13,0.5024630541871922,0.48971827927894684,0.5595287042752617,ok
JACHIN010000013.1,130371,130484,0,114,76.87474860164669,3.84473790830703,0.6385185635934221,0.47865022627150583,-24.185062408447266,28,8,0.631578947368421,0.42823071738047774,0.5308005953493972,ok
CP001720.1,1767918,1768016,0,99,52.87551961000221,4.5326678850077995,0.18208918062839996,0.6180325147706299,-14.72732162475586,9,14,0.5151515151515151,0.581589129335981,0.6505478427543897,ok
SMCR01000003.1,279269,279340,0,72,38.109716135050824,1.9829234743912099,0.537581845407097,0.7039104034342017,-7.710383415222168,17,11,0.5138888888888888,0.6461097382954218,0.7476791415954916,ok
BMOS01000039.1,1091,1272,0,182,76.95065924642152,4.618445548369213,0.6064698216404417,0.5572833327989338,-28.911067962646484,22,17,0.45054945054945056,0.5161110612354309,0.6031868470775357,ok
CP046884.1,1233431,1233328,0,104,81.47987330571553,4.449817568057996,0.5873842672517842,0.4928862216756699,-23.654911041259766,13,12,0.5769230769230769,0.45945050955972644,0.5302062054057277,ok
LYVF01000175.1,40597,40693,0,97,48.62512809393617,5.637547306141116,0.33253328535103405,0.49797441621217414,-17.439624786376953,12,9,0.4742268041237113,0.4102865231215121,0.5735455840148713,ok
FTOM01000007.1,176090,176288,0,199,94.99999999707796,2.66996445732413,0.2911981384222779,0.46827331941780703,-63.59865951538086,30,6,0.7135678391959799,0.45113482442824526,0.4845355982134341,ok
CU207211.1,1844328,1844211,0,118,53.942325043206736,6.497996402278123,0.3238509217821275,0.6181326259293721,-14.894832611083984,14,16,0.4830508474576271,0.5460845580850577,0.6924632224721138,ok
RYYU01000001.1,1532669,1532854,0,186,47.96564442113192,5.431602540199546,0.16262448402037855,0.5910529031220859,-28.441692352294922,16,17,0.489247311827957,0.5483656037629854,0.6264141466646619,ok
FOXW01000005.1,184816,185075,0,260,49.22206636529884,7.677237378424581,0.2609949621290032,0.5839858310926795,-36.25664520263672,25,31,0.4076923076923077,0.5030809490677076,0.6598419600994909,ok
CP017256.2,98393,98579,0,187,45.13570338013722,8.465639754285506,0.1724921993586952,0.6735039161061516,-19.745906829833984,13,21,0.3850267379679144,0.6065667621533084,0.7241985631966229,ok
JAAIWM010000002.1,671534,671355,0,180,71.17818175825983,5.42700233708273,0.6235811437657353,0.6448377629965522,-19.212783813476562,8,23,0.4111111111111111,0.5960256819945976,0.7024643039481553,ok
JWHR01000007.1,9140,8921,0,220,51.92059148796348,6.5962963463966435,0.30409869607962203,0.7197193906654453,-16.910221099853516,8,26,0.36363636363636365,0.6434517353495324,0.7946460212345238,ok
JROS01000084.1,57104,57199,0,96,77.9732768411266,4.353603837061495,0.6101809164090688,0.5635678236231422,-15.014107704162598,8,11,0.53125,0.5214608673863492,0.609551160505547,ok
QIBX01000001.1,93276,93117,0,160,69.07062290087943,2.809756457321335,0.3175896471101632,0.5062265156961904,-42.473365783691406,29,12,0.675,0.4732164259393772,0.5360145169927762,ok
CM009896.1,1781591,1781682,0,92,44.460117231505514,8.265224411953495,0.09171691887414868,0.5841637928783202,-15.374155044555664,16,17,0.5108695652173914,0.5486023933379376,0.6101603271709651,ok
CP036425.1,403759,404030,0,272,71.43674882362217,4.918948263588412,0.638767816149292,0.45046870591907334,-54.755088806152344,28,12,0.45588235294117646,0.3963394767347918,0.5113733098947736,ok
AP012050.1,2258189,2258301,0,113,23.173812281007912,2.025680242745965,0.6948315132065699,0.5491485061110875,-17.0500545501709,26,13,0.45132743362831856,0.494568430958367,0.5881385647935553,ok
LT906446.1,2191431,2191668,0,238,49.71103727161138,5.4481405193031724,0.263749359053741,0.666952987629848,-27.222148895263672,11,29,0.3739495798319328,0.6010862568974831,0.7240827997600724,ok
CP087164.1,5176369,5176531,0,163,94.99998385516753,3.3210165629459,0.3308626708353784,0.409686523132397,-64.42378234863281,15,10,0.6932515337423313,0.3935064923821405,0.4262315301769347,ok
BKZQ01000006.1,29182,29332,0,151,94.99995701389754,1.1923703164682578,0.4331934647319796,0.5737713121056898,-31.954185485839844,13,14,0.5827814569536424,0.5502616974037994,0.5932866197093777,ok
LYXE01000170.1,24975,24809,0,167,74.79211016528286,4.488614539646636,0.6268913429228395,0.49318741260284443,-31.917524337768555,51,14,0.5808383233532934,0.4441818349854648,0.5465656881440641,ok
BAXA01000015.1,3047,3250,0,204,69.40345175659668,6.2253202629709845,0.6192354609879752,0.5199152921074733,-29.248374938964844,31,17,0.45588235294117646,0.4715883905704303,0.5803875656310413,ok
CP000804.1,5069889,5070020,0,132,78.2599892107396,5.742370581308898,0.5662831939071867,0.36692300815293927,-42.10268020629883,29,7,0.6893939393939394,0.3407566916004965,0.3998128359726646,ok
CP000821.1,3268743,3268680,0,64,64.68753924334462,4.866199966494879,0.2592163671985668,0.46586497278775557,-17.342798233032227,16,9,0.578125,0.4344132598690551,0.4993148228987094,ok
JWHR01000112.1,38301,38185,0,117,73.25848879552831,5.709702207310677,0.5980968187429724,0.6697224106374747,-10.541167259216309,18,23,0.3076923076923077,0.6305202536078663,0.7176162810725095,ok
CP042266.1,296098,295946,0,153,41.85071225741057,10.160455707537587,0.014848861516236656,0.40027339039322113,-50.9964599609375,20,7,0.7124183006535948,0.393579091446284,0.40432458384370784,ok
CP002216.1,2041037,2040963,0,75,45.69495934325221,2.5883626302649385,0.2452162138979812,0.6280695137489343,-13.42300796508789,7,19,0.49333333333333335,0.5935678033978995,0.6551238814440387,ok
PUFI01000005.1,53228,53483,0,256,67.0904242883247,4.982729019840704,0.6868885563747762,0.5517438009071373,-35.63994598388672,25,12,0.359375,0.4784539233247012,0.632373660629616,ok
CP049860.1,867841,868056,0,216,51.51273901080451,7.6149502339117925,0.27917250362694773,0.5226051368187611,-36.146202087402344,29,15,0.4305555555555556,0.44705557674182006,0.6000159054051851,ok
LXYH01000023.1,19806,20014,0,209,46.140427314791964,9.35528188569134,0.08625645158291673,0.5516729994790298,-49.39121627807617,18,18,0.5885167464114832,0.5171347206675097,0.5793790888089297,ok
GL349423.1,24078,24278,0,201,45.76705266282468,4.5343162794813,0.34227690252408194,0.6259342162340501,-22.57135772705078,20,20,0.36318407960199006,0.5451859877935016,0.6886621176963695,ok
JADBEM010000001.1,4776910,4777175,0,266,29.451558211193753,19.99999999993828,0.4974287101069772,0.37394058200651603,-94.37916564941406,29,12,0.6879699248120301,0.3696629262914264,0.3787851304428662,ok
JH992959.1,28353,28263,0,91,51.49280724602904,7.173719663226058,0.14426043576388092,0.7628945565342603,-8.575960159301758,4,21,0.4065934065934066,0.7246305285531519,0.8011691564807478,ok
DF820472.1,161032,160966,0,67,16.301941261960774,1.5502152618255254,0.6243169708719017,0.6132156361031039,-12.95444107055664,20,11,0.417910447761194,0.5811812207182149,0.635948464802343,ok
BMEV01000012.1,20694,20448,0,247,68.55138675548908,5.499644994982572,0.6482702883313339,0.5781532714569924,-33.586021423339844,19,26,0.4574898785425101,0.5191092728835569,0.6468116643046196,ok
AKFP01000059.1,15825,16059,0,235,48.17542155806209,6.102392715536598,0.24936416572751002,0.5435174935912749,-39.719818115234375,18,27,0.4553191489361702,0.4729248384800263,0.6037778696342545,ok
JPMD01000003.1,99269,99093,0,177,58.49214094611889,4.5550436570115505,0.3003587127127295,0.6678464173712987,-18.580284118652344,31,18,0.384180790960452,0.6190363552190583,0.7150654632403566,ok
JACVXA010000007.1,79655,79437,0,219,83.39592365501298,5.642465276790554,0.5481828907023123,0.414985743110132,-81.53179931640625,26,9,0.7488584474885844,0.3959760362400405,0.4390213087879547,ok
JACSUD010000009.1,92693,92595,0,99,94.99849851709972,2.3501049963989367,0.4153428773217158,0.7044242341106476,-12.1253023147583,9,25,0.40404040404040403,0.6783135802331858,0.7284823108118199,ok
CAUI01000023.1,309804,309717,0,88,58.55002382461797,5.6357605250030405,0.49160380969386785,0.601027497133613,-9.022024154663086,13,11,0.42045454545454547,0.5192398543902741,0.6877477883996039,ok
PVNK01000107.1,3119,2889,0,231,41.61934817358284,11.25333490121547,0.03465567082067844,0.3876459062502271,-74.40421295166016,29,7,0.6883116883116883,0.3710550108160717,0.3978941623260069,ok
CP011058.1,4853459,4853643,0,185,94.99999727344179,3.8467564303450548,0.555816759060848,0.4687296973469142,-46.30733871459961,14,8,0.5405405405405406,0.44624811829224853,0.4931706997915209,ok
NFJK01000005.1,65404,65647,0,244,54.76929968270883,7.202792676952026,0.16509140559519725,0.5089906459309682,-63.06306076049805,26,11,0.6188524590163934,0.4735376383629309,0.5480423562537979,ok
CP146991.1,344592,344796,0,205,28.371854804745766,19.999999983655798,0.5022288394647789,0.48076410121941,-41.32056427001953,27,19,0.5365853658536586,0.47858625152931306,0.4833567278968592,ok
AYXY01000022.1,24468,24536,0,69,18.28927236360921,1.7038643300498464,0.6510101817119938,0.6414167016556247,-10.051591873168945,14,28,0.3188405797101449,0.6033353588521791,0.6685208531026646,ok
CP061281.1,1100953,1100771,0,183,74.97873212835955,4.309283394787365,0.32680104499876395,0.40736755175072203,-51.748573303222656,38,5,0.6666666666666666,0.38169047576078785,0.4348864576926785,ok
AP012224.1,1338378,1338217,0,162,56.43061584861491,9.873814670564634,0.3671589078065914,0.4778714048086437,-40.830101013183594,28,12,0.5617283950617284,0.41274268791212715,0.5679629479285032,ok
VDGG01000075.1,10969,11117,0,149,80.68812312148485,4.356052193746912,0.5948959243715579,0.5045247733810289,-30.771093368530273,14,10,0.4228187919463087,0.468285638043957,0.5445024395118823,ok
LWDV01000007.1,24702,24453,0,250,74.37252534265981,2.6649193504165987,0.724102498312974,0.6472548970866417,-21.429855346679688,22,25,0.364,0.5809101913192555,0.7075611318869812,ok
CP014226.1,3940266,3940379,0,114,22.943087596894312,3.120637957920411,0.5595292541746064,0.48014447096608154,-27.883432388305664,25,5,0.6578947368421053,0.4376709403644624,0.5062510891696246,ok
CP011477.1,3093626,3093770,0,145,45.38542441179951,7.809203226744308,0.06964549281430338,0.49868423185845145,-39.58304977416992,18,12,0.6620689655172414,0.4732817375111383,0.5184545820572676,ok
JADEXA010000091.1,12425,12569,0,145,52.141652448340174,6.308894565751988,0.1634411278869206,0.433545205876033,-32.42424392700195,44,8,0.5793103448275863,0.3938160142768268,0.4724352973992997,ok
AYZL01000020.1,44907,45082,0,176,66.79441108403343,6.3825742051334196,0.6451863853536909,0.5297373262304373,-30.21399688720703,23,15,0.42613636363636365,0.47117473066248955,0.6027251089987335,ok
HF990861.1,68618,68423,0,196,40.51309111176679,8.02863296720677,0.21635098283432386,0.786984762213367,-7.847186088562012,7,67,0.3112244897959184,0.7062522280382365,0.8336907064845545,ok
MPKA01000082.1,3330,3400,0,71,82.80673744537998,3.702075852833639,0.6100433370032227,0.5957723022772863,-10.431182861328125,13,11,0.4788732394366197,0.5561410975065476,0.6368439271991988,ok
BX842601.2,1073951,1073868,0,84,77.94915466955206,5.091892703511237,0.5848888213506935,0.4938327623015555,-16.999605178833008,19,18,0.5952380952380952,0.46058613856707026,0.5329200321546611,ok
KE159568.1,704445,704210,0,236,72.58668646096196,3.760410062408487,0.5098810375200903,0.622610553591714,-28.855466842651367,41,37,0.4830508474576271,0.574950093471376,0.6702287149290612,ok
CP014989.1,573474,573713,0,240,49.763551470462204,7.350189659051186,0.05995172458632808,0.467038091114222,-80.5127944946289,26,20,0.6875,0.44930461784319314,0.48367701871544794,ok
WKKI01000004.1,29270,29091,0,180,66.95034274652646,5.460447028838207,0.6715734175076388,0.5531764750760539,-25.003063201904297,40,14,0.5111111111111111,0.48449285634370787,0.6316856810219619,ok
AFGF01000211.1,1337,1124,0,214,57.56703074091174,3.006070178206624,0.30326818213268325,0.6816329274123057,-25.18764877319336,13,37,0.514018691588785,0.6398389262882588,0.7175101466679613,ok
CP058559.1,1455296,1455174,0,123,82.50916406181905,4.703495381599002,0.5751882842520368,0.516807302961286,-22.0105037689209,12,15,0.4146341463414634,0.48756952482340443,0.5505320137315616,ok
FQXZ01000011.1,3944,3830,0,115,58.1708890809202,4.801778774688046,0.21860391482585673,0.5890270542233337,-18.615917205810547,16,15,0.5043478260869565,0.5525428743394942,0.6248286482954565,ok
CADCSU010000036.1,43316,43108,0,209,48.27724760704435,6.808977628337763,0.2305483412929964,0.6420374158876588,-23.80839729309082,11,33,0.37799043062200954,0.5721553463822817,0.7029113419842222,ok
RZNY01000005.1,143765,144003,0,239,56.3030778642202,4.121747146122278,0.34525747851288724,0.5687959034083191,-39.878753662109375,19,12,0.46443514644351463,0.5101695349095343,0.6225134820456528,ok
PUEJ01000003.1,72470,72650,0,181,49.653959403195884,6.89412921969002,0.16923891174053918,0.45459622464696464,-47.875282287597656,20,12,0.6464088397790055,0.40612240632541563,0.4998555080986429,ok
JACHNH010000001.1,8229035,8229114,0,80,93.61934907632018,2.5838223278159096,0.44078683922017214,0.4872651970363548,-22.07557487487793,18,12,0.6875,0.46023962698024773,0.5126501703645656,ok
QWGA01000003.1,833337,833209,0,129,63.23410791172672,7.89331729536594,0.16932464671957648,0.5389512538004596,-31.321306228637695,18,9,0.6356589147286822,0.5221505127179418,0.5620148369790301,ok
PUFO01000066.1,9612,9380,0,233,50.872374094042875,5.50324454426019,0.3144619212801485,0.695600706825939,-18.91145133972168,16,30,0.4291845493562232,0.6199189211440037,0.7638310675363027,ok
LMOV01000024.1,108873,109024,0,152,94.99996724104005,3.8358699955094893,0.42921712460520733,0.3586060620959244,-55.2402229309082,52,7,0.7039473684210527,0.34137609032082233,0.3772184275171163,ok
SLWV01000007.1,28045,27871,0,175,82.46675958809335,3.3137658186421097,0.6305605935250532,0.7192823250841328,-15.864156723022461,11,43,0.4057142857142857,0.6744197905818556,0.7636731138203426,ok
CP003257.1,1784337,1784479,0,143,70.77043853339626,4.0369647377545865,0.6803484171066354,0.58751322676174,-28.718650817871094,29,21,0.4195804195804196,0.5207442362549622,0.6552042390918036,ok
CP001034.1,1151604,1151513,0,92,74.28728657286297,4.801478384138242,0.6184352111295268,0.472431641126398,-18.539419174194336,12,8,0.34782608695652173,0.4266614986044462,0.5242190893592631,ok
AAXG02000011.1,48096,48192,0,97,40.056562360702834,9.078561489200222,0.1010605438757779,0.6659175707871113,-17.397029876708984,6,28,0.5051546391752577,0.6255322748050023,0.6875969083455337,ok
HG322950.1,3918424,3918699,0,276,94.99999995470158,2.7395373686107125,0.4057733676510313,0.44146046629769486,-71.68470764160156,28,18,0.5833333333333334,0.4178522645710863,0.46415511208543037,ok
AP023368.1,4983870,4983594,0,277,45.752895254016934,9.359883840084233,0.1597170811359172,0.5832446224960339,-29.822927474975586,56,26,0.4296028880866426,0.5186614397686328,0.6349895572680518,ok
JXRP01000002.1,7468,7687,0,220,66.61434250121798,4.671742219985022,0.5840794293679954,0.5600670926451309,-34.54631423950195,24,11,0.4636363636363636,0.4949089995719839,0.6291149909867547,ok
FPIU01000002.1,559072,558901,0,172,64.84185103789659,2.7881356330425544,0.2678929948981967,0.5515776951721886,-40.2341194152832,13,27,0.563953488372093,0.5211170358202581,0.5785064256577217,ok
FR889527.1,90,315,0,226,46.13841962162044,7.5352867571665305,0.19433417034306727,0.5728000830036898,-26.748165130615234,35,35,0.37610619469026546,0.5051123946634334,0.6275076508490577,ok
WODC01000001.1,763696,763825,0,130,94.99997433498127,5.003731423265406,0.44665923991407136,0.41443323719899494,-45.854610443115234,33,16,0.676923076923077,0.40379186493419195,0.427370087907482,ok
AWQQ01000069.1,23447,23569,0,123,79.10127526925906,6.284579826251657,0.5497501240184307,0.5359539420872278,-26.407428741455078,11,19,0.4634146341463415,0.5154168196013984,0.5630480111033249,ok
JABBVZ010000062.1,9305,9456,0,152,53.76157549130006,18.890889402107884,0.04754398487285022,0.40180368592938037,-43.35087203979492,28,11,0.6052631578947368,0.3942842154269763,0.42108058265801707,ok
LDUR01000003.1,55020,54902,0,119,78.84235829280063,5.36663741636485,0.5728184864006574,0.48176332725903165,-21.897106170654297,23,12,0.4957983193277311,0.45330406528479145,0.5166033914456112,ok
WHSW01000049.1,8305,8474,0,170,94.99999995741577,3.0295119536841804,0.3978143114506311,0.45739488741519513,-59.37992858886719,19,12,0.6764705882352942,0.4358022170890897,0.47889406574653853,ok
FR899104.1,219245,219447,0,203,68.42859460432337,4.665304250189091,0.37214273757114347,0.5331198622691243,-39.54057312011719,19,22,0.5073891625615764,0.49518537537708146,0.573859131690121,ok
BBIW01000006.1,120090,119933,0,158,65.66683473510582,5.798065711215557,0.5798234690555075,0.5977046260062989,-18.828243255615234,17,24,0.44936708860759494,0.5366096198465196,0.6692920834734966,ok
JABBPN010000030.1,38207,38437,0,231,83.52461396444168,4.440692866182324,0.5262312569168246,0.48019665235707815,-47.73761749267578,39,21,0.48484848484848486,0.4531678044067496,0.5106000108074404,ok
CP001734.1,858227,858328,0,102,85.03923209509357,9.122167299405218,0.5096269159664115,0.4497080228077066,-32.14518356323242,13,11,0.696078431372549,0.4456178995586437,0.45582856729250515,ok
CM001441.1,4411221,4411047,0,175,48.85335815219236,6.82147777177517,0.2382641382538453,0.6715549849151788,-16.984821319580078,23,20,0.4,0.6010192616255499,0.7346833395006682,ok
MLYQ01000022.1,33244,33011,0,234,52.72997537200085,6.754753068091447,0.25323835047788446,0.6002065911709122,-32.19092559814453,30,30,0.4658119658119658,0.5389576924645813,0.6622360811618279,ok
CP017259.1,745958,746025,0,68,94.99999999452719,2.2943278744063407,0.41704695021343086,0.7058758588212131,-5.477016448974609,10,30,0.27941176470588236,0.6791970059462751,0.7305451290498355,ok
LNTU01000023.1,118839,119085,0,247,45.56394575684523,8.074280976494055,0.06157431730341395,0.49692674179106594,-64.83724975585938,14,14,0.582995951417004,0.47403356276421277,0.5147915728671828,ok
CP035280.1,2258728,2258627,0,102,54.64197655143868,5.690363538628831,0.36245564120416274,0.7669927509954112,-4.3343424797058105,9,15,0.29411764705882354,0.6921825615396007,0.8411911360978301,ok
NFLM01000003.1,118271,118435,0,165,50.476656094647986,7.2695160987713,0.15931068036054297,0.5665110451296603,-31.007783889770508,13,11,0.5636363636363636,0.5214145093218018,0.610087484036534,ok
QFYR01000001.1,1683089,1683021,0,69,89.37048374033455,4.035041006767337,0.570920004570769,0.46360514794464874,-15.807326316833496,15,7,0.6811594202898551,0.43715761651195234,0.49253966009900163,ok
FMJL01000005.1,101800,101901,0,102,39.633911892459786,10.212663924231878,0.0878574168879066,0.6938948357058506,-6.801449298858643,9,26,0.27450980392156865,0.6568238483677804,0.7121499546805335,ok
JACHHZ010000003.1,872836,872599,0,238,14.692015284720883,1.5274395648525658,0.6226475847721965,0.49377401850234776,-58.22483444213867,35,11,0.6260504201680672,0.4645032704015421,0.5151033926890417,ok
AUPA01000117.1,2058,1886,0,173,76.61436214263605,2.258673232667673,0.7368334780991017,0.7288290079901798,-14.114645957946777,9,53,0.36416184971098264,0.6660852482353384,0.7838735716722435,ok
BKZQ01000042.1,21852,21971,0,120,53.24048571763405,6.35769193310868,0.27344974593213023,0.47534512746200847,-24.88254165649414,14,7,0.43333333333333335,0.41254832844896866,0.5388236033770318,ok
CM001167.1,1117802,1117660,0,143,63.93732359112246,3.8602298244031883,0.7793528054650563,0.6878542048479973,-8.267850875854492,17,43,0.32167832167832167,0.5880077650145875,0.7835236217400232,ok
PVNS01000009.1,129749,129644,0,106,40.375074051179304,3.6085825826643085,0.25610018697536596,0.6916737835019827,-13.373261451721191,8,50,0.5,0.6426190444495877,0.7274337851022753,ok
SRLE01000012.1,228446,228541,0,96,50.802755325844004,7.401619967563616,0.11853816081534174,0.5019241867399797,-23.650672912597656,12,8,0.6354166666666666,0.46884037528985106,0.5347552086974191,ok
QNQT01000009.1,172810,173030,0,221,75.56015059173349,4.25134201539747,0.6296100081661795,0.5211450436115838,-43.05435562133789,18,16,0.4751131221719457,0.4724201649211019,0.5732591049152652,ok
CP033459.1,1510287,1510099,0,189,91.30927131066939,2.2204307807454144,0.6539980691131383,0.6083967151139258,-29.878612518310547,20,15,0.47619047619047616,0.5647806927105092,0.6476603671531486,ok
KZ845670.1,109696,109796,0,101,52.55754981760048,5.397302444087914,0.2965540858170247,0.6967179662315948,-8.21185302734375,15,18,0.39603960396039606,0.6306532884606386,0.7581289434114269,ok
AP009389.1,514624,514875,0,252,51.50242077053693,8.70745254036402,0.09392379310832705,0.4982953968584896,-66.1290054321289,24,14,0.5992063492063492,0.47165147321625667,0.5265323572457471,ok
CP002116.1,186324,186523,0,200,91.90396375902776,3.2475114340247484,0.5942567848701072,0.5917885778807372,-35.656497955322266,18,21,0.55,0.5593094001269162,0.6242596930823733,ok
JAESWA010000019.1,95781,95963,0,183,69.91162784795152,5.557545590789667,0.6316621601758108,0.6192344181653899,-23.937410354614258,16,22,0.3825136612021858,0.5667143076859551,0.6811039441613452,ok
PNYA01000029.1,28367,28230,0,138,94.12767969117937,2.721778853443493,0.2873484049757323,0.4651666777879184,-33.18967056274414,19,12,0.6376811594202898,0.4481272580368119,0.4814714747292968,ok
JAALGD010000015.1,4161,4041,0,121,63.58757204626024,6.589739648927919,0.21736490590743301,0.4367059365006809,-34.595191955566406,17,13,0.5867768595041323,0.41238501828007657,0.46678475849208373,ok
AP018449.1,3702589,3702851,0,263,47.92987553992785,7.109208429460093,0.11206129533522907,0.5352308540625479,-45.6475830078125,25,11,0.5247148288973384,0.49988239617879143,0.5660374026405659,ok
QXJM01000032.1,9098,9247,0,150,93.62923280970475,2.9073505315562835,0.6068252460642964,0.4591065456373207,-33.844276428222656,29,12,0.5333333333333333,0.42427407854899685,0.4930630575066857,ok
SEGX01000885.1,2393,2217,0,177,44.71956921173715,7.654546207719785,0.06903539778247281,0.47700753822590714,-59.14591979980469,14,17,0.6610169491525424,0.4517776495062334,0.49571451333683153,ok
JAGGOI010000017.1,111545,111337,0,209,40.623294399759104,19.999999998443183,0.022173694348752215,0.45526402936893473,-67.54710388183594,18,8,0.6889952153110048,0.4415661730709079,0.4602730263700962,ok
SOQX01000007.1,100337,100253,0,85,47.59634700434265,9.336128521451837,0.11449448672666629,0.6833725238134755,-11.6024808883667,8,16,0.5647058823529412,0.6405320352192899,0.7210208820831738,ok
JAGXSD010000054.1,25810,25878,0,69,55.439839659412705,4.947332916492227,0.3812023211301945,0.7563470900544204,-4.187117576599121,8,24,0.4057971014492754,0.6840314476199834,0.8254106003752205,ok
BA000040.2,8254,8084,0,171,33.64145103877627,3.464195965744656,0.18580067498419622,0.5306136752358241,-32.89830780029297,42,38,0.5789473684210527,0.5012262600378327,0.5505115125186323,ok
WIVE01000017.1,21726,21839,0,114,82.2568185932264,6.9912297499841785,0.5303491254436232,0.4561284107565397,-43.82506561279297,19,7,0.7192982456140351,0.44417986398566817,0.47297630525686446,ok
FQXM01000016.1,93239,93432,0,194,45.98231663860638,9.056756176242835,0.12369727768299354,0.676725910951607,-22.06698989868164,10,32,0.3865979381443299,0.6278587206189665,0.7154775261035896,ok
KB372778.1,615992,616087,0,96,73.9375480766392,5.530714224273524,0.5982837816709262,0.6096618390441658,-14.088879585266113,6,16,0.5,0.57047123587668,0.6569397741131391,ok
CGIH01000051.1,28410,28135,0,276,44.099739437668696,13.681371219055988,0.08691637522672524,0.5752373004782023,-42.8022346496582,17,29,0.4927536231884058,0.5294386528970164,0.6017151720342955,ok
KN174165.1,12235,12118,0,118,88.79280674143311,1.6257287865101904,0.3719191683313281,0.596969457838166,-23.021591186523438,14,29,0.5847457627118644,0.5724723071936763,0.6178160011031602,ok
MNCH01000033.1,3216,3106,0,111,40.25901982017495,4.29141431989621,0.19223668799683313,0.5323496782525532,-19.614940643310547,35,10,0.4954954954954955,0.4893420655650707,0.56262391433595,ok
MJAT01000012.1,165348,165114,0,235,65.88347217146512,6.060588940917809,0.6696757004836001,0.6033749084987429,-24.403669357299805,25,26,0.4085106382978723,0.5335273830217508,0.6862732586575413,ok
CR954253.1,251565,251468,0,98,54.93701284362325,6.288877188625262,0.2942665443238623,0.5574979836350846,-18.948410034179688,14,16,0.46938775510204084,0.49632004445587447,0.6214288230105232,ok
CP035758.1,5590614,5590489,0,126,85.17038947607902,4.364755945914772,0.5753733410278561,0.5247174911040696,-23.02141761779785,27,12,0.5793650793650794,0.4956205259915691,0.5572663981768918,ok
JANFAV010000010.1,66052,65976,0,77,87.58466195834777,2.015186149947219,0.5268332999524508,0.5366492316825097,-16.062232971191406,14,6,0.5974025974025974,0.49962026500641926,0.569131451908677,ok
VOBQ01000018.1,130040,129986,0,55,94.99999999974744,4.345383401006945,0.21739745333493266,0.41852600445805327,-20.793062210083008,10,9,0.6727272727272727,0.4113906241315546,0.42664312757154255,ok
AEVK01000204.1,3597,3510,0,88,87.55443112349747,1.559454801439857,0.3462606616481901,0.5542240021623962,-21.12237548828125,13,8,0.4659090909090909,0.5317341018064056,0.5732345190165937,ok
KN196470.1,1239508,1239433,0,76,74.96326615225135,4.738345872869685,0.3593857639985272,0.550664674316693,-18.894014358520508,10,7,0.6842105263157895,0.524666292862495,0.579744819156463,ok
JQCR01000002.1,2630064,2629967,0,98,43.612226644494804,8.784032412366356,0.12202040622334531,0.5662459148941109,-14.222862243652344,11,14,0.5306122448979592,0.5163032333622801,0.6004904430602953,ok
BSDY01000014.1,54057,54232,0,176,52.51301427433829,7.463870698898308,0.29086267967951906,0.6527784570543794,-19.956478118896484,16,29,0.42045454545454547,0.579101410582388,0.7294804566571634,ok
CP000142.2,2399815,2399734,0,82,55.350170113099566,6.377347775953076,0.17633836611166448,0.503996569375068,-19.06304168701172,12,7,0.573170731707317,0.46814903555741133,0.541980030077125,ok
SDGV01000011.1,63174,63283,0,110,51.992508673995616,9.927773998645387,0.21359362443657814,0.5611080138263125,-12.405927658081055,26,30,0.41818181818181815,0.5015664266478872,0.6304131015018622,ok
JAGGOJ010000047.1,7014,7180,0,167,85.27984204812284,2.714959969621389,0.6522587088952979,0.43050135761947095,-53.08444595336914,26,7,0.6646706586826348,0.3834436827370841,0.4746267722982102,ok
UAWT01000003.1,58837,59044,0,208,63.90092760940659,5.3845312155347935,0.36325951614346286,0.5820206464938911,-29.85793113708496,10,21,0.40865384615384615,0.5374559972507569,0.6312469575266427,ok
JATM01000006.1,44369,44254,0,116,45.377613312984494,5.606435246565718,0.11288916571608176,0.5957818531084142,-21.687074661254883,10,16,0.5172413793103449,0.5637691025199402,0.6206006612035951,ok
AP009152.1,186081,185953,0,129,50.845168610465386,6.392068830253481,0.11459152424754465,0.3859609761556873,-43.36098861694336,22,15,0.6821705426356589,0.356008195099257,0.4140966790194778,ok
BDHH01000002.1,259672,259464,0,209,78.54160771861886,2.927277329893379,0.6766439718922859,0.7837263923864075,-10.839699745178223,18,41,0.4019138755980861,0.7270155477948888,0.8369229355218744,ok
JAELUP010000020.1,74014,74115,0,102,40.488700211118996,9.620571221058634,0.1732251188464794,0.6671970038553358,-10.778741836547852,7,24,0.4117647058823529,0.5940929608145076,0.7064187538738419,ok
CP074575.1,760729,760830,0,102,19.69201460654764,1.882658463273197,0.5851277204465273,0.7806253849932983,-8.359416961669922,5,30,0.35294117647058826,0.7435071428294753,0.8063719336496866,ok
MAMP01000022.1,113156,113293,0,138,82.22951175570412,3.8773634133910666,0.6055875844237255,0.5283436480558463,-34.13132095336914,12,16,0.463768115942029,0.4893786227444367,0.5692843102199008,ok
KV805723.1,2344,2450,0,107,87.14455441965768,4.212588137463595,0.5726067027727016,0.6500681719080618,-12.142404556274414,10,21,0.40186915887850466,0.6224458351971586,0.6805625349279579,ok
CP001630.1,3555928,3556142,0,215,34.41966102862723,4.927676432618037,0.059757540404506704,0.4387155497836015,-67.77947235107422,23,18,0.7209302325581395,0.42674319212969486,0.44637462259846183,ok
LQOW01000031.1,179442,179551,0,110,74.69455440086432,5.033197934848759,0.5350785144390591,0.5004724915885753,-29.809398651123047,22,12,0.6636363636363637,0.4636662277793641,0.5429258977264652,ok
AVBF01000100.1,2672,2502,0,171,55.947146282258124,6.082710060042465,0.30954578496587576,0.5558723503991047,-28.598054885864258,15,13,0.4327485380116959,0.4956070551068594,0.6192153298641666,ok
CP059258.1,3730463,3730570,0,108,59.82571204329692,7.961576218075728,0.36084324332078455,0.4215569084641251,-31.501144409179688,36,13,0.6296296296296297,0.3722036251326568,0.48671979693596357,ok
JAJGNA010000002.1,25554,25715,0,162,46.961796965103666,4.2064220819504206,0.11999809080190965,0.4639569717335766,-51.33021545410156,18,9,0.6790123456790124,0.43789843170323867,0.485037704995299,ok
RXHU01000009.1,74560,74367,0,194,78.33070573219166,5.883916902023243,0.5629211703596477,0.5422145205266241,-36.74644088745117,21,13,0.5567010309278351,0.5172816818549423,0.5739558845583417,ok
AHKH01000001.1,29420,29681,0,262,81.79221762427507,4.488633689389316,0.5844396267713885,0.4811797765270111,-55.16579818725586,29,12,0.5114503816793893,0.4487520452850542,0.5175247353179303,ok
CP058557.1,2304510,2304723,0,214,51.601104955571834,7.136315252114842,0.2660431130741918,0.5994876610775882,-29.252872467041016,26,14,0.40654205607476634,0.5292064910392971,0.6692060606734723,ok
JACXAH010000003.1,91552,91671,0,120,84.14030511397586,3.3228004143243473,0.6225066830242683,0.4627470646678093,-23.75547981262207,34,16,0.36666666666666664,0.42032573279443464,0.5051990041519422,ok
FR890341.1,4914,4800,0,115,51.80553286253992,5.109573523389561,0.30856975022861344,0.613909095754542,-14.802614212036133,11,15,0.4608695652173913,0.5452629634873235,0.6760803336218122,ok
PVXP01000032.1,210,318,0,109,82.94693070337166,4.838648478764739,0.568893974999492,0.5900921074371781,-16.75591468811035,11,11,0.44036697247706424,0.5633205067479776,0.6213578342462485,ok
CP000148.1,1425179,1425434,0,256,61.337803474495196,4.532352090637396,0.30332281538641237,0.4993683066964325,-57.3613395690918,28,17,0.54296875,0.45591324711515663,0.5430243436543505,ok
QNRX01000030.1,10730,10625,0,106,64.2379959377497,6.801238416316362,0.5302888800823671,0.5148059620514719,-21.146947860717773,13,13,0.32075471698113206,0.4599314830876666,0.5846506525045698,ok
CP016268.1,2517259,2517375,0,117,78.70295894409618,3.553411885206002,0.6400295507407352,0.5672697325355754,-20.995285034179688,18,9,0.5384615384615384,0.5178926548184913,0.6169819069754672,ok
SULI01000005.1,117626,117423,0,204,47.61352463368834,6.359074082607838,0.20879428527018473,0.5353759862351941,-40.05500411987305,43,16,0.5784313725490197,0.47374487607363996,0.5881933736980945,ok
VDUW01000007.1,104596,104484,0,113,76.05999902272725,5.855089764148345,0.5756938835462531,0.6413869576538623,-16.73819351196289,9,19,0.504424778761062,0.6111729148822918,0.6793134515786564,ok
JH378833.1,201310,201195,0,116,67.32776946717169,6.776309310630515,0.6272584304847278,0.6122544254758064,-19.331417083740234,11,32,0.49137931034482757,0.561201100368014,0.6785274898142617,ok
AKGD01000002.1,799653,799588,0,66,52.996853550807366,19.999999999999996,-0.0019891066165460547,0.30598283040712315,-36.398746490478516,12,6,0.7121212121212122,0.3057119969553418,0.30449579578878694,ok
HF997044.1,7962,7869,0,94,93.78829615987033,3.99955089495356,0.5594125780447314,0.48895875175009146,-18.333057403564453,21,16,0.48936170212765956,0.4664653382208564,0.5136781503385001,ok
FQUS01000004.1,38326,38426,0,101,42.23973884393777,6.3631407810973615,0.07327676020976104,0.5887333477652366,-19.22458839416504,22,24,0.5643564356435643,0.5652546519160524,0.6048162101318081,ok
CP018171.1,4885233,4885180,0,54,50.12079892555406,4.99567232348401,0.2599794618636357,0.3686372047048836,-17.257614135742188,20,6,0.6296296296296297,0.3083885717037859,0.42131798182187763,ok
JACOQI010000004.1,123243,123041,0,203,94.9999995142461,3.6063010589795286,0.5124645023345591,0.4695288544788714,-55.49842834472656,27,12,0.6157635467980296,0.4470493074583668,0.49333486686697975,ok
RBAH01000038.1,21026,21190,0,165,89.08105869915308,2.9667157457143856,0.6203090093533472,0.5025632113953993,-37.009979248046875,17,27,0.44242424242424244,0.4630878206978996,0.5411178972766819,ok
CP000082.1,2579675,2579804,0,130,50.96134362049945,1.2470096492985834,1.050783525849154,0.6857926443486146,-13.558048248291016,14,50,0.36923076923076925,0.6137989083955152,0.7428566080842389,ok
JACHHT010000001.1,70148,69984,0,165,94.9924626210143,1.9950920869593445,0.5152709514978943,0.5252688127465065,-38.43418502807617,17,10,0.5696969696969697,0.492296694353154,0.5544267018557116,ok
LSRN01000001.1,123024,122796,0,229,72.35982074313948,4.011785830532884,0.66774527386525,0.6203763640742377,-25.869291305541992,18,27,0.4104803493449782,0.5582515435320671,0.6844581555923884,ok
AP017312.1,1011069,1010986,0,84,63.830247938530626,9.687122812531594,0.6184086680716309,0.6004225433619634,-10.57851791381836,12,20,0.36904761904761907,0.5557269552643606,0.6718444063852306,ok
LKHS01000010.1,371641,371542,0,100,67.29403221030431,3.4731113809155594,0.3974121807058449,0.5402619184583547,-22.999675750732422,14,10,0.54,0.495334670057168,0.5829043007650668,ok
CABHNW010000161.1,6353,6183,0,171,78.44263371040314,1.3606449884283134,0.8081937321601634,0.653938977173084,-22.122011184692383,14,36,0.5029239766081871,0.6019290242815551,0.6963635564136366,ok
MSCW01000004.1,349000,349220,0,221,46.225205939198425,5.185399431546226,0.09947727843157439,0.4958768006868541,-49.68607711791992,25,13,0.5882352941176471,0.46977231456013263,0.5166182770361721,ok
QHJN01000017.1,41462,41348,0,115,50.068778295539495,19.999999999999996,-0.03734855908702639,0.5007624171490419,-28.61407470703125,13,9,0.6782608695652174,0.5061907558528805,0.4777211187247021,ok
CP060393.1,2442031,2442094,0,64,56.51405172674542,3.680350571965535,0.39378457365353403,0.699792775838985,-7.093788146972656,11,13,0.609375,0.6370814907567681,0.7557081851217007,ok
QUFW01000022.1,43926,43655,0,272,70.77355947551396,5.027742257109943,0.6410478287173034,0.608710954495355,-33.480403900146484,28,36,0.4411764705882353,0.5533273622259495,0.671181619312145,ok
CP001090.1,13752,13558,0,195,41.641604549928886,4.831595766116727,0.2248458312837428,0.6024378983781983,-35.81557846069336,17,21,0.5128205128205128,0.5458343616219246,0.643106864315754,ok
KE993461.1,36858,36685,0,174,75.62547525784171,5.4895101085121585,0.5878282638984444,0.5725968792018374,-25.766164779663086,16,18,0.40804597701149425,0.5377125931215643,0.6148874329984669,ok
CP003857.1,801514,801419,0,96,55.17329585519753,8.55735155310506,0.37476353856048383,0.6971812812491058,-6.638059139251709,12,25,0.22916666666666666,0.6190358000864047,0.7921914200589988,ok
CR954253.1,1355763,1355676,0,88,54.47450259365885,7.1890610758853315,0.3043935414119807,0.5849778067154565,-10.33942985534668,17,11,0.4090909090909091,0.5183207475943514,0.6579843524127967,ok
CP011974.1,21490,21705,0,216,89.07781607708121,1.9321182384236664,0.696994215810148,0.5906782072124934,-29.995044708251953,11,31,0.41203703703703703,0.5429884597902348,0.6321521180530889,ok
LR130778.1,3442216,3442312,0,97,68.5511678441239,5.840699804571646,0.6402010390639691,0.6073873540100051,-10.610662460327148,16,12,0.4020618556701031,0.5509116790999794,0.6756143769661127,ok
PETE01000002.1,1955037,1954782,0,256,49.37312478742695,4.557165779480787,0.21534804777728678,0.7394112295861485,-20.25786590576172,9,48,0.37109375,0.6916555583812884,0.7795983735179337,ok
BATJ01000019.1,85226,85339,0,114,76.05996677258143,2.882575978092904,0.43912587223289723,0.5436673152294933,-19.243202209472656,12,19,0.5175438596491229,0.5048449737799756,0.5798574428604346,ok
AZDA01000083.1,7214,7457,0,244,75.19121389355972,3.6241109327879903,0.6610475143198293,0.5525439142517937,-37.610435485839844,12,27,0.47540983606557374,0.4954326619997413,0.6096194698087426,ok
CP003273.1,605508,605661,0,154,45.006863172140655,12.045443758534853,0.01975441943637235,0.5141176126409758,-41.05926513671875,13,11,0.5584415584415584,0.5046255524676673,0.5206728779918515,ok
VDCQ01000028.1,20154,20255,0,102,40.97285177244712,12.749576343180815,0.11155647812299796,0.6895011470949135,-11.962140083312988,7,30,0.4117647058823529,0.6327035574828842,0.7163745015639941,ok
KI391971.1,1387979,1387852,0,128,69.92390412639186,5.076173039306415,0.47006970622550265,0.551756841151992,-27.29953956604004,26,16,0.46875,0.5096532598758907,0.5989603367361283,ok
WBZB01000040.1,109582,109377,0,206,75.70907230941899,4.184120608570729,0.6318562124974219,0.6168788318805462,-23.063602447509766,26,28,0.47572815533980584,0.567166421108878,0.6695629135026292,ok
CP002049.1,314730,314588,0,143,47.861560735584966,5.953002823729649,0.06396752199273936,0.5259570558410132,-39.604427337646484,14,12,0.6293706293706294,0.5079321663665887,0.5409031871663716,ok
QVFD01000002.1,205646,205743,0,98,29.488020713903815,0.8111413905319363,0.9162078687217501,0.6179643265218756,-18.432353973388672,11,12,0.3979591836734694,0.5775155745785184,0.649515049486369,ok
AZEU01000018.1,106116,106367,0,252,78.05681186592972,7.524821320357958,0.5324555301841276,0.4934673781758736,-49.26811599731445,38,22,0.503968253968254,0.4793902193110082,0.5137120440000662,ok
JAESWA010000020.1,188696,188798,0,103,48.040109275572085,4.993171993453774,0.24629234474489148,0.6681232692364812,-13.607789993286133,7,24,0.34951456310679613,0.6077345411651569,0.7183821550818406,ok
JAKOAV010000010.1,29197,29280,0,84,54.78183766057352,3.1480510314321464,0.3250314275887899,0.7170695717246768,-8.105902671813965,14,17,0.38095238095238093,0.6682860001888219,0.7586424638349183,ok
FWXF01000001.1,77207,77019,0,189,40.31716675520751,11.266167681290982,0.051140803159544945,0.571085136729757,-38.32603454589844,36,15,0.6190476190476191,0.547390368369581,0.5820778859844913,ok
SHMB01000002.1,141366,141134,0,233,76.51391894444987,7.334219086843252,0.44552366415744654,0.3670963476247198,-74.50226593017578,48,7,0.6824034334763949,0.3531254105040505,0.3873506670211118,ok
LT605203.1,1621903,1622020,0,118,81.10587735031096,5.216485920110774,0.5663298733034642,0.4413000164081476,-37.88663864135742,23,6,0.6949152542372882,0.4150293458027241,0.47269372290341294,ok
CP064923.1,5843338,5843428,0,91,67.62806725728127,6.010332349921715,0.6448543339763039,0.49450840926962275,-11.553736686706543,28,7,0.45054945054945056,0.4367486009906149,0.5651638669817519,ok
CP034035.1,417874,418003,0,130,94.99999951333204,3.971743805547422,0.5055923488666028,0.4851406976775812,-37.08753967285156,11,11,0.6384615384615384,0.4658934477284985,0.5063372879806787,ok
CP013659.2,1084804,1085030,0,227,85.82014746253688,3.208496550269794,0.6205689282871829,0.5208912714070489,-46.77385330200195,27,14,0.5726872246696035,0.47978300502420856,0.5616576438553531,ok
LN890655.2,233221,233003,0,219,5.000099868675246,0.5210054897227735,0.6365060565832199,0.4304189124426596,-66.7531967163086,25,14,0.6484018264840182,0.41615380204768027,0.44252221434770017,ok
JH650805.1,459834,459569,0,266,80.3425435752403,4.092029307073049,0.6061724398706912,0.452869409734409,-63.704856872558594,29,21,0.5338345864661654,0.41333198209734473,0.4952712508511985,ok
CP012600.1,1887632,1887423,0,210,76.02372142326278,3.794423531241015,0.6463404361629523,0.5869038428490644,-29.549999237060547,24,18,0.45714285714285713,0.5339808644801032,0.6409083806670749,ok
CP014167.1,2560109,2559833,0,277,85.00454955973584,0.9727965384068634,0.8279116691640085,0.5619639596131091,-55.439002990722656,35,12,0.5451263537906137,0.5216084399469915,0.5946151726943653,ok
MRTK01000060.1,14974,15059,0,86,85.54598384808237,5.956886038843647,0.5363477891120524,0.6087000927765406,-15.61185073852539,8,11,0.45348837209302323,0.5942653911803176,0.6274322482307747,ok
CP017761.1,2473875,2473652,0,224,66.49794420450495,5.5483038406102345,0.6765353639641393,0.6465570136975235,-22.47723388671875,24,32,0.36607142857142855,0.5750073267843853,0.7284887620257886,ok
KQ960155.1,105762,105588,0,175,76.06514263324338,5.977109460355101,0.5724098771736185,0.6039306717703933,-27.108076095581055,16,18,0.52,0.575093965887383,0.6405371856961781,ok
FNZK01000003.1,270683,270467,0,217,75.71692023173853,3.304169647943339,0.6739062524126277,0.6973625416560173,-19.23642349243164,19,26,0.391705069124424,0.6384223497765953,0.7545295608226869,ok
NFLG01000010.1,93509,93271,0,239,70.37504123535098,3.140972031353839,0.24720406783058946,0.5146815738819023,-62.937828063964844,36,22,0.6485355648535565,0.4893000609989577,0.5383226423477454,ok
CYZD01000005.1,141167,140956,0,212,78.20771984967831,0.9075016401505251,0.863672149109046,0.6540390010412547,-28.72512435913086,12,35,0.4858490566037736,0.6133339595379641,0.6866267471570742,ok
RHGZ01000012.1,98009,98153,0,145,48.69273530272904,8.408971229073446,0.06883823803594619,0.4315324606597601,-49.90969467163086,13,12,0.6413793103448275,0.40847699894673917,0.45278253218589265,ok
CP049889.1,882406,882261,0,146,69.25135814136205,7.399648866317621,0.5913653451296896,0.5789037387250836,-17.917686462402344,14,19,0.3972602739726027,0.5427600592113545,0.6292272174138753,ok
VHLG01000017.1,66017,65937,0,81,94.99991446565521,3.785028589370876,0.13293970604007438,0.39596098382602,-31.646244049072266,25,12,0.6666666666666666,0.39046963041826716,0.4018574814723392,ok
LR590481.1,1998963,1998741,0,223,45.2412467321875,7.7000838446476285,0.18511538180786768,0.7258016316064748,-21.123769760131836,12,52,0.3542600896860987,0.6585732864182196,0.7770695040178869,ok
AFVQ02000100.1,22369,22609,0,241,60.628852993652984,4.872079664777896,0.3655067806079539,0.526537994790207,-46.115474700927734,29,17,0.5020746887966805,0.4720096661662662,0.5818351528281147,ok
AZDG01000027.1,20140,19960,0,181,40.64984569425855,6.631909549603172,0.13797976472895468,0.5859496428760272,-25.519535064697266,17,16,0.425414364640884,0.5413318542072756,0.6152461787540956,ok
JYOP01000004.1,737236,737109,0,128,66.80210907500677,4.025870127458839,0.31942685337594734,0.49942130095247855,-31.33811378479004,26,7,0.6015625,0.4628195392027564,0.5359456409089849,ok
JABAHY010000014.1,33475,33609,0,135,94.9999150554762,3.307088400608475,0.5136543628436231,0.5093905989643144,-35.639381408691406,20,13,0.6296296296296297,0.4841159428466748,0.535104497756543,ok
CP074694.1,596868,596773,0,96,87.80902608417001,3.828611708797042,0.5835822256750345,0.5516606095672194,-16.379016876220703,19,15,0.6145833333333334,0.5209818476987487,0.5842195790087019,ok
MUNP01000027.1,84657,84742,0,86,94.99999999941384,3.6818021236354976,0.5040030411485323,0.3711624289174589,-32.286842346191406,19,6,0.7325581395348837,0.3496462649318825,0.39401330735639156,ok
MCUV01000003.1,1784,1883,0,100,42.74623170098919,7.576081868348908,0.17424792998045424,0.7106223200210061,-6.199629306793213,10,24,0.38,0.6464238428744459,0.7541655642158712,ok
CP074575.1,544446,544649,0,204,67.66455723461603,4.965351396696226,0.6798703296263018,0.6392653026084961,-21.65760040283203,12,30,0.3480392156862745,0.5682720187950797,0.7170465188302927,ok
ML122542.1,358687,358468,0,220,46.0102672773225,7.4920152528531645,0.18930323849038022,0.6783350955836295,-16.152809143066406,41,90,0.41363636363636364,0.6122627570044158,0.7307268747790571,ok
FZNW01000006.1,61744,61867,0,124,89.2644682405649,2.3043411894881887,0.3820128961812564,0.40425922201758446,-39.28799819946289,35,17,0.6532258064516129,0.3779462894372442,0.4281387918088106,ok
BDHH01000021.1,13522,13412,0,111,69.8283816838065,6.597404553791745,0.6043886076395841,0.5359916702510175,-17.682052612304688,12,9,0.46846846846846846,0.4943478853024925,0.5904933112639154,ok
FNQX01000017.1,33553,33653,0,101,44.04219879121211,5.334441230659981,0.0874754573084765,0.6636640004364112,-15.500032424926758,7,19,0.4752475247524752,0.6395533593621925,0.6817284371008184,ok
CP015849.1,6398650,6398584,0,67,90.56742055342872,2.2819158108502107,0.4714528290522626,0.49890321019520495,-20.04302215576172,11,8,0.7164179104477612,0.467171388886243,0.527593559053458,ok
FQWB01000003.1,345365,345659,0,295,71.28592222393726,3.9198339540669735,0.6824368093475377,0.6422527491754109,-35.76858139038086,16,29,0.36610169491525424,0.5749482391517359,0.7102454480579219,ok
FWXW01000001.1,587388,587143,0,246,90.36161476734162,1.4820877938563672,0.5799040525388202,0.6018253544458713,-43.559078216552734,19,32,0.5528455284552846,0.5658618337018249,0.6318555107051709,ok
AKJA01000060.1,65875,66097,0,223,94.99987533597613,3.781175050123196,0.4609693198714138,0.47812432171897384,-66.49404907226562,22,11,0.6367713004484304,0.45904488065883925,0.4985445768923163,ok
LMLV01000035.1,186848,187040,0,193,66.13738893947313,19.99999999992228,0.5128591893079615,0.5080929246352085,-39.08393478393555,25,21,0.5440414507772021,0.506753962575313,0.5176008557613172,ok
JACXSI010000022.1,7534,7352,0,183,87.86755570315493,2.5395527403390217,0.6524415864616027,0.6892693234192203,-19.089393615722656,9,24,0.4262295081967213,0.6437904859295865,0.7312444898575543,ok
FRCS01000001.1,644984,645046,0,63,94.01568696209593,2.537870033979353,0.22030168639888095,0.24511362440910844,-31.962158203125,25,5,0.6031746031746031,0.23157867686099054,0.2577859587481014,ok
JACOPP010000016.1,9410,9264,0,147,52.535366242113504,4.813068521036084,0.10787215938470657,0.39740034498081794,-47.42780685424805,25,7,0.6462585034013606,0.3748197016203862,0.41787105756484993,ok
JADIVZ010000014.1,44373,44451,0,79,94.99999999973207,2.709589428687492,0.27835108179791873,0.490644927344207,-23.155155181884766,9,13,0.6835443037974683,0.47404461525625574,0.5065540307973746,ok
CP001785.1,1614497,1614333,0,165,92.34415652515307,2.1171765374350593,0.46936588098389936,0.5188746164750992,-42.95894241333008,25,28,0.593939393939394,0.4879111276572709,0.5465669401174402,ok
BAJS01000002.1,62287,62511,0,225,94.9999999994646,1.964120632961192,0.38918838309038734,0.546024733646772,-35.9996337890625,20,23,0.4711111111111111,0.5211410066987937,0.568582551826851,ok
CP144914.1,2295635,2295881,0,247,50.64607081393269,1.038842230422108,1.0465136356091578,0.5293178042557335,-39.951568603515625,32,11,0.44534412955465585,0.4688839621288618,0.5772568176538991,ok
ML122605.1,3791,3703,0,89,48.089115073100196,2.722117548205292,0.5369602607030226,0.7100297765304787,-5.734434127807617,14,19,0.43820224719101125,0.6319286279509942,0.7724219832313033,ok
CM001441.1,2661656,2661825,0,170,81.45284214633745,3.789768067579775,0.6133908804953411,0.5862955729152793,-27.893627166748047,17,19,0.4411764705882353,0.5447679445341983,0.6293787227671934,ok
MUGG01000134.1,463,591,0,129,94.99999933578155,3.1582910646357916,0.25660096657267784,0.5317830494836963,-28.59479331970215,15,16,0.5736434108527132,0.5184574568263708,0.5451864795417466,ok
HG322950.1,1609558,1609779,0,222,93.04006154785012,2.133632428978727,0.16274081416518243,0.4483651380865877,-64.03876495361328,29,13,0.6486486486486487,0.43768093564577926,0.4583684160918779,ok
AYYX01000028.1,8143,7918,0,226,68.99879033984111,5.332050751172537,0.6499734163258599,0.6344727896129626,-23.163928985595703,26,26,0.4026548672566372,0.574687646239587,0.7030049519150694,ok
SWCJ01000005.1,103812,103924,0,113,51.34620673684598,5.659489063693021,0.19087424543597187,0.6154079469978431,-23.520416259765625,11,17,0.45132743362831856,0.56959200696275,0.6574781744682066,ok
FRCF01000003.1,176973,176852,0,122,44.418055413609395,9.619750346760913,0.07199047681583737,0.6428027498614832,-16.227581024169922,15,25,0.4672131147540984,0.6118247768708215,0.664335066121204,ok
CP034235.1,1566371,1566181,0,191,91.79467930435229,3.4892889985745255,0.5840758920745714,0.5675535218731345,-29.162166595458984,20,16,0.41361256544502617,0.5375762397826729,0.5984814697752991,ok
KE150421.1,38893,39112,0,220,72.41553960407198,3.5293466676810956,0.5928975873874713,0.5310154848054199,-35.821083068847656,24,15,0.44545454545454544,0.4743417226265376,0.5865367113655126,ok
CAJPFG010000010.1,51804,51576,0,229,68.2832477850235,7.7873443719780955,0.5942598188650652,0.4782988623418076,-60.198081970214844,34,17,0.6506550218340611,0.44110899721329594,0.531668405971797,ok
MBTG01000004.1,100644,100535,0,110,94.9999992913443,3.5807427901631184,0.5657465164932354,0.5242858645303191,-21.747522354125977,25,18,0.5454545454545454,0.49914667061153184,0.5507337488588725,ok
JAGSOJ010000001.1,79925,79819,0,107,52.27660582942871,4.576844540538889,0.463583819049766,0.6622225896936765,-10.587226867675781,22,16,0.4392523364485981,0.5672011791278136,0.7466917272858021,ok
VIVR01000001.1,6931285,6931404,0,120,85.13072880638346,6.831940825150014,0.5257293160606509,0.44425939282154553,-37.117374420166016,36,15,0.6916666666666667,0.43337130021251496,0.4584987723581357,ok
FQVL01000007.1,150567,150701,0,135,48.91886731416669,4.899712292637134,0.26194934407042003,0.4641856839675156,-20.712345123291016,36,7,0.3925925925925926,0.40226823723218075,0.5168219895262873,ok
CP060696.1,2048107,2048007,0,101,43.205123793165946,6.271099498531243,0.145112872764806,0.6589094218556929,-9.366777420043945,7,16,0.48514851485148514,0.6129779669259248,0.6921954524942332,ok
PZKC01000003.1,78601,78452,0,150,43.93182215499379,6.42666545148429,0.06335391318886358,0.5086952296419639,-43.588233947753906,19,22,0.6733333333333333,0.4882386116643501,0.5234796777184504,ok
LITT01000046.1,208089,208209,0,121,52.22673975174722,8.36483588070364,0.1303112450923682,0.5123674258127123,-20.02581787109375,17,12,0.4132231404958678,0.477848358074826,0.5499145725317849,ok
CP049331.1,1679080,1678881,0,200,82.49514013443284,2.229484573118196,0.7023887866784835,0.6340238848787574,-32.468353271484375,15,28,0.465,0.5799861060495389,0.6817530452725464,ok
JABZEC010000001.1,38289,38361,0,73,68.27621407654202,6.235637652465946,0.629914248981145,0.58992600444668,-10.921975135803223,10,9,0.3287671232876712,0.5382360417143661,0.6547741738828464,ok
FPIR01000004.1,155385,155216,0,170,51.92362425753996,3.171377895321238,0.2891997986950695,0.5711763107321249,-32.2089958190918,18,12,0.5235294117647059,0.5253084303340332,0.609556474232946,ok
QVQT02000003.1,417987,417814,0,174,50.23409729480531,7.333602243885361,0.1594867654919292,0.4682153163041733,-37.22367477416992,35,8,0.5919540229885057,0.42228691834812443,0.5122864994808645,ok
CP047591.1,529697,529528,0,170,87.4027873154993,5.164082450363196,0.5463463491895714,0.5848642944092471,-30.43480110168457,14,20,0.48823529411764705,0.5665800298351065,0.6071059151857663,ok
JACHEU010000001.1,1408669,1408879,0,211,38.93542558370406,2.697339505549221,0.18106305077584772,0.4399040332340946,-60.787906646728516,27,9,0.6161137440758294,0.4138674296058875,0.4598806735478381,ok
JACRTG010000018.1,138608,138712,0,105,77.4357557566381,3.8389107726470804,0.6347835276267035,0.5282349691835915,-18.650114059448242,18,15,0.4666666666666667,0.4791006722244531,0.5789645825884807,ok
CP060096.1,482579,482492,0,88,79.8788578454591,2.767767803976501,0.6779565023720768,0.6287185970601391,-7.470797538757324,15,8,0.3977272727272727,0.5735220901331716,0.6797470472622241,ok
WSFT01000044.1,32374,32161,0,214,50.630641936989846,4.986045661503461,0.3026136928041453,0.6975690283375112,-18.515132904052734,17,40,0.37383177570093457,0.6286067357422215,0.7583526805114169,ok
CP000382.1,2423574,2423362,0,213,55.59065794269046,2.842254108848833,0.5674731148431132,0.67646605401147,-20.969188690185547,17,41,0.38497652582159625,0.5987114285890944,0.7425889470251844,ok
CP017812.1,1635299,1635411,0,113,41.37194929831658,7.553531865991989,0.23869083419271353,0.4864869369856339,-28.07326316833496,18,20,0.5752212389380531,0.39998394594644904,0.5424531871007133,ok
AL009126.3,1391851,1391739,0,113,88.41348927269625,4.332984625223667,0.5455755635801232,0.5632937225411662,-24.187917709350586,13,19,0.5221238938053098,0.5396442829201423,0.5898512432576883,ok
MLQS01000001.1,513801,514026,0,226,62.699383904592985,8.027145261007243,0.674228629688161,0.5359884251318557,-34.185123443603516,26,16,0.3805309734513274,0.4666835814319228,0.6317976138855272,ok
JAAXPN010000009.1,51809,51990,0,182,81.76054500698046,2.2146553705078653,0.7085012396624062,0.5723103045022434,-27.969829559326172,27,10,0.45604395604395603,0.5169120889722548,0.6214207988471443,ok
VJMZ01000001.1,3038260,3038130,0,131,79.57548696460013,4.567024610843628,0.5910072322246628,0.5661529694431445,-22.855703353881836,12,11,0.48091603053435117,0.5307970322656846,0.6058517099227939,ok
JACHWZ010000002.1,109366,109225,0,142,7.201287958134705,0.9940638802735917,0.592064707421632,0.5276018413353485,-32.44569396972656,9,18,0.5422535211267606,0.5110564314823377,0.5406649306758942,ok
ADZZ01000282.1,14296,14485,0,190,51.53317647577135,19.999999999999996,-0.034641501971808375,0.5583126462975375,-36.02275848388672,33,21,0.5421052631578948,0.5602309093312204,0.5346946593627061,ok
JAALLS010000001.1,180714,180954,0,241,83.89235467120203,2.7082279441105332,0.6595469685588639,0.5795442301476249,-41.83710861206055,16,11,0.44813278008298757,0.5304412141509312,0.6253523974374264,ok
MKIE01000004.1,178692,178516,0,177,48.697384796043835,4.450357044754627,0.2382609120321183,0.6491789319118514,-24.128416061401367,14,20,0.480225988700565,0.5965699148278313,0.6930106276614296,ok
NFKJ01000007.1,87411,87185,0,227,74.3490275338411,4.790689658832627,0.572992439664561,0.6094956548549061,-31.231245040893555,27,29,0.4669603524229075,0.5671778563793961,0.6570077273794437,ok
CCXS01000001.1,2272594,2272413,0,182,70.73733947553117,3.5479336628566203,0.7051712749870098,0.63245765205689,-21.045644760131836,13,12,0.45054945054945056,0.5611497508256306,0.7021066216545421,ok
NFJQ01000012.1,120744,120499,0,246,86.48952705596008,3.732855469068362,0.5923910772756544,0.5495644420821607,-55.59954071044922,16,14,0.6097560975609756,0.5160514296962244,0.5846956436942667,ok
VRYZ01000001.1,581187,581297,0,111,84.66105897354153,2.2282868858273264,0.6728705455757082,0.7010671925734986,-13.650406837463379,7,29,0.46846846846846846,0.6511142532139832,0.7454142355120967,ok
JACFAJ010000014.1,25029,25116,0,88,50.0082106661182,3.9607911750046716,0.26128637454544346,0.5619456618552413,-15.557991981506348,11,12,0.5113636363636364,0.5107285624066699,0.6049404718805771,ok
AWGF01000003.1,138312,138179,0,134,91.31307547379296,2.895043083069239,0.6155764849532832,0.426221910838575,-31.299697875976562,38,12,0.5671641791044776,0.38888717032038383,0.46255366125177444,ok
DF820496.1,34604,34778,0,175,70.80780386542003,5.529397549168904,0.6244396484544608,0.5312436317586622,-28.306304931640625,19,16,0.4685714285714286,0.4813352885757687,0.5900835088035385,ok
LPXH01000025.1,360205,360447,0,243,77.95254481363419,3.567384722518695,0.64421952777774,0.46866225061257943,-50.25275802612305,43,15,0.5720164609053497,0.4176166202777002,0.5198692911238667,ok
FYEH01000001.1,449542,449619,0,78,85.03833614840711,1.9205733465895969,0.7176210632460678,0.598854026881825,-12.112432479858398,17,6,0.5256410256410257,0.5467559072786872,0.6441848645601764,ok
QQXK01000045.1,7268,7326,0,59,47.53601649302434,6.420153623203362,0.23772385007068453,0.6144280739424391,-10.917725563049316,14,11,0.5932203389830508,0.5433025232581083,0.6742752702219714,ok
JYON01000013.1,83481,83347,0,135,68.36383430089238,5.647652123130726,0.648705009532058,0.6041550109581738,-13.53099536895752,21,14,0.45185185185185184,0.5444935420833149,0.6750314148410016,ok
NFIY01000004.1,147930,147823,0,108,60.03259133811537,4.520393645220843,0.27296580919225455,0.6436672216669632,-12.713630676269531,27,11,0.5,0.6021587868423329,0.684406457179176,ok
VRKQ01000008.1,296767,296901,0,135,59.99289793010627,4.370462336972262,0.3905530622438723,0.5931569875828185,-16.60537338256836,14,15,0.4074074074074074,0.5340554540503549,0.6505165939299926,ok
QQAK01000016.1,93899,94038,0,140,71.69195928458893,4.852283422222658,0.6386548675360187,0.6532379890950822,-19.064029693603516,8,21,0.45714285714285713,0.5989173699278776,0.71355216246018,ok
BMFY01000002.1,308346,308230,0,117,81.41077996849538,5.268455286245595,0.5638116353954443,0.3916746844870918,-40.46388244628906,34,10,0.6837606837606838,0.36660250279822276,0.42211482286003277,ok
BMKB01000003.1,449114,449052,0,63,85.26175346005012,3.778664973351789,0.5957445114460787,0.600975825498908,-13.948568344116211,10,13,0.6825396825396826,0.5660110682258697,0.6377013423256576,ok
CVTD020000007.1,11006,11181,0,176,94.99996465629187,2.021896592236274,0.4729801162940136,0.4868840082379538,-35.79954528808594,17,22,0.42045454545454547,0.4562999120264524,0.5143535565838907,ok
JACICD010000001.1,83573,83464,0,110,81.31304013404115,2.7197886867330867,0.18267205106588302,0.44577180808695743,-36.229698181152344,20,8,0.7,0.43137989907391855,0.4591477966221511,ok
QAJS01000017.1,125785,125961,0,177,66.57958293425526,5.723068546226318,0.3170004077788641,0.4083693977448189,-61.77302169799805,20,8,0.5988700564971752,0.3766912011726744,0.44562408628068234,ok
CP020919.1,4136096,4135854,0,243,59.05111396990267,2.788787644777417,0.32366337713606086,0.5742462308923296,-32.978702545166016,25,21,0.4074074074074074,0.5331110897668904,0.610154702051357,ok
JAFNME010000031.1,12377,12534,0,158,54.472488438616416,4.258898200092196,0.2607976688612873,0.49514080989905057,-34.11184310913086,29,14,0.6012658227848101,0.4474005007869326,0.5384412467831733,ok
CP022540.1,3793911,3793797,0,115,90.82767869815778,4.302221696974746,0.5582837035993335,0.4752247125239582,-31.124988555908203,27,13,0.6347826086956522,0.45305809973462563,0.5002366853336478,ok
JAME01000033.1,54293,54185,0,109,59.408267778146985,3.170435701179564,0.26201378465068137,0.4814878410268603,-32.080467224121094,14,19,0.6972477064220184,0.4457280026642519,0.5130823995725938,ok
JDST02000051.1,4490,4577,0,88,53.94788426931847,4.92944451182865,0.08000357335638086,0.5457847721410533,-20.262990951538086,13,11,0.5795454545454546,0.529670620496678,0.560763102761699,ok
DS562849.1,162120,161890,0,231,68.38367236837443,2.7462914288190845,0.7750129079956855,0.7295828684584452,-20.00223159790039,17,77,0.4069264069264069,0.6481983859978182,0.8022692859604101,ok
PPDJ01000002.1,500053,500165,0,113,64.3676346029898,5.00150225613442,0.3396621797169045,0.6896312665070644,-14.517156600952148,8,19,0.4336283185840708,0.6480488316360492,0.7342801415970684,ok
LWSG01000002.1,200085,200211,0,127,53.518682769843515,6.992292330585573,0.2833007493283345,0.5258703874437364,-25.895309448242188,13,17,0.4094488188976378,0.46010026944684135,0.5953286154899382,ok
AZGM01000044.1,10309,10066,0,244,66.71011882229197,4.167780165447998,0.4052908403648331,0.5925146007784564,-42.19374084472656,11,16,0.4672131147540984,0.5460982775369998,0.6393226789355011,ok
CP000568.1,1732135,1731885,0,251,55.50968376890463,6.202131519016893,0.22231406693112876,0.6376858838669325,-33.797996520996094,23,23,0.47808764940239046,0.5930168062018808,0.6843500096586889,ok
JAGXSE010000066.1,148390,148227,0,164,66.02599179290341,3.4880948183370246,0.23520057824825846,0.43415602262760183,-49.201698303222656,21,6,0.5975609756097561,0.40647680219109644,0.46027851746960224,ok
CP097810.1,1065959,1066187,0,229,47.28631229428485,5.979131606333716,0.2631017286836792,0.6338094078326019,-23.481746673583984,19,37,0.38427947598253276,0.5584273609660743,0.6962266005441374,ok
QQAY01000001.1,418263,418506,0,244,77.28005540228116,5.822721422989252,0.5654640286402302,0.4919819563007815,-51.707332611083984,19,14,0.47540983606557374,0.4649383681351879,0.5262342754933182,ok
FR896444.1,5792,6033,0,242,58.45224118300957,4.756351463404824,0.2037979601644594,0.5637490241221941,-52.636863708496094,20,38,0.5454545454545454,0.5302211048316566,0.5966328665729399,ok
FR898833.1,37335,37190,0,146,50.77169681566776,4.660183480984327,0.3122932373482734,0.6309850597481658,-15.556355476379395,12,13,0.3972602739726027,0.5632685889531454,0.6901347338872647,ok
CP034550.1,9603588,9603473,0,116,94.99999999183169,2.7377708937599907,0.42497953556332096,0.5015067854178045,-33.866065979003906,22,14,0.7068965517241379,0.476666975339063,0.525576935888199,ok
NQWI01000165.1,7475,7625,0,151,78.68033149373129,4.44973940359745,0.6022728595434497,0.48317328670955867,-28.063783645629883,41,10,0.5695364238410596,0.4441013108785156,0.5265272680451532,ok
NKIK01000007.1,83541,83645,0,105,80.6449958246833,6.913361448097763,0.4546805776377679,0.3911064127519193,-25.06615447998047,28,6,0.5428571428571428,0.37955862960463843,0.4075869944859922,ok
BAVS01000044.1,13007,12895,0,113,53.400086676138045,5.641425731283212,0.25194709449233343,0.6543633707015205,-14.004762649536133,17,18,0.5221238938053098,0.5992230656569876,0.7073511795425995,ok
CP002780.1,2520367,2520239,0,129,93.58523027942725,1.6612374182762126,0.5379386118122536,0.5630465603155989,-25.034271240234375,9,15,0.4263565891472868,0.5290534450981274,0.5923738168210492,ok
CP000002.3,2348497,2348346,0,152,47.79133960253979,6.004678769708258,0.1818732402758626,0.7114598845424549,-15.643329620361328,10,44,0.3815789473684211,0.6599527388730769,0.7548952866866975,ok
OUNR01000012.1,521835,521765,0,71,89.22694881854986,2.4737640699067476,0.6511479604918806,0.545168351532331,-14.113378524780273,10,6,0.6056338028169014,0.5010122053630645,0.5858689107821133,ok
JWHR01000089.1,3527,3767,0,241,67.86749874218017,4.233762903055006,0.7080393015641343,0.5201926699861886,-33.070865631103516,33,10,0.34439834024896265,0.44184080086986627,0.6009595553012783,ok
FOIK01000002.1,200226,200107,0,120,53.86884694252357,7.393760470567406,0.2430324777833296,0.6248778721046937,-17.694650650024414,16,19,0.5416666666666666,0.5692034256224909,0.685809667149577,ok
AJWX01000014.1,41962,41824,0,139,82.29204068411634,4.75350681933931,0.5735176007162461,0.48674068033144513,-34.72863006591797,13,11,0.5899280575539568,0.4583173007780806,0.5195250756789365,ok
CP012502.1,3174566,3174402,0,165,78.22807595203442,3.900935376268593,0.5067202353805791,0.5262406321082391,-32.652286529541016,14,13,0.5212121212121212,0.488805952636902,0.5651928837535942,ok
FJNE01000003.1,302100,302345,0,246,75.3653097317113,4.330061147210814,0.5956026522526101,0.5535386703837119,-39.935264587402344,26,13,0.4796747967479675,0.5078399160323231,0.6029762486291621,ok
CP040093.1,995294,995395,0,102,38.59380148996818,13.869520640744094,0.07520896333727822,0.605810017804178,-14.174467086791992,7,28,0.3333333333333333,0.5713821476762081,0.6203289130705785,ok
LR134523.1,984959,984767,0,193,93.7725450671987,3.503605510625758,0.5736515804407226,0.5772722325879998,-34.55148696899414,22,17,0.5595854922279793,0.550027505993434,0.6055492176290439,ok
VANT01000004.1,317181,317289,0,109,36.64392498782386,19.999999999999996,0.01133641509997585,0.5324412109613487,-23.425765991210938,19,8,0.6605504587155964,0.5283934312654974,0.5345621336535329,ok
CP024963.1,877046,876968,0,79,63.72125602650581,1.5414858009799823,0.899904077850713,0.6343647977505424,-7.658236503601074,15,21,0.3924050632911392,0.5638490590208461,0.6922326039111191,ok
BEIR01000044.1,1677,1561,0,117,43.79044373255251,5.858167266250486,0.05548023537294017,0.4680541721982285,-32.759525299072266,13,12,0.6923076923076923,0.45148281774544013,0.48034574546427705,ok
BJLL01000024.1,14764,14980,0,217,73.60620139257675,4.031879607384233,0.6544681819505976,0.5388891002784955,-30.090065002441406,23,10,0.41013824884792627,0.48188713620812695,0.5979691176329464,ok
REFC01000015.1,250041,250144,0,104,70.98642388856406,3.7012291382141154,0.6946714950131997,0.659086148381166,-9.944496154785156,10,11,0.375,0.590003847911347,0.7275712694612831,ok
KI273145.1,1333532,1333649,0,118,64.60136401386498,5.827906933875097,0.633471130340764,0.515492439098585,-20.56003761291504,12,10,0.3559322033898305,0.44405708924541604,0.598587717823603,ok
CP002780.1,535180,535057,0,124,94.90937773904703,3.010775793046615,0.5703830128174202,0.6387641956882715,-14.951932907104492,16,19,0.41935483870967744,0.6080092947036082,0.668993576090561,ok
FOYM01000003.1,93761,93529,0,233,94.99999971689913,4.9571840275216905,0.28474319983003804,0.5790265846908698,-46.56113815307617,21,35,0.5836909871244635,0.5714499286673019,0.587887053149214,ok
BJXV01000014.1,22294,22487,0,194,65.25166104490452,5.244055229230702,0.26020906225275386,0.5458554874303846,-36.6776237487793,43,16,0.5721649484536082,0.5161639955221211,0.5789863632312487,ok
QSCK01000028.1,56828,56657,0,172,85.35059637099808,3.8806955360705357,0.5914605014056145,0.5989135417048236,-31.8212890625,12,29,0.4011627906976744,0.5650561946931332,0.6348723060847693,ok
CP005974.1,1991125,1990988,0,138,58.512772943303695,6.854217814182331,0.30282993123955,0.5515598074322727,-23.299762725830078,18,12,0.4927536231884058,0.5021528712743845,0.6093709405841412,ok
CP017269.1,3254791,3254969,0,179,63.708505178278685,3.6015835280480126,0.320577963427907,0.6136146893305447,-31.084749221801758,13,15,0.5195530726256983,0.5727949454719213,0.6519262080664339,ok
BOQP01000002.1,88144,88306,0,163,60.67644252134046,3.0851076448199843,0.18075609926267616,0.4392311620789329,-53.44450378417969,25,12,0.6257668711656442,0.41560150310041494,0.4601027558816894,ok
CP003359.1,1312327,1312207,0,121,83.89464241030707,4.067076727711434,0.5903794690631263,0.5257118176994365,-22.116352081298828,13,26,0.4793388429752066,0.49188857711018025,0.5623067007420556,ok
BAXA01000015.1,76871,77088,0,218,80.24750429916662,3.402938943268782,0.6388935799502714,0.49833546586086536,-34.61442565917969,30,45,0.44954128440366975,0.45002553711049875,0.5465364072815877,ok
CP003547.1,245506,245420,0,87,74.60632554661392,3.152085915362068,0.692258117236729,0.7056440043580374,-5.668871879577637,18,20,0.3103448275862069,0.6420945703714136,0.7663930187571906,ok
CP050902.1,1827348,1827416,0,69,94.91776020204126,2.851953910563915,0.35702039821183856,0.46359385359338545,-20.03434181213379,11,5,0.7246376811594203,0.4433930233055329,0.4831983993321182,ok
AENN01000017.1,182334,182075,0,260,57.910702938049965,3.4602145491600402,0.2529314232242623,0.6500607946224904,-31.04236602783203,39,23,0.4576923076923077,0.6124870896550554,0.683342023644602,ok
FOOE01000006.1,20374,20274,0,101,57.58462438853142,3.9085377277964595,0.31895542191520043,0.7628608788647008,-5.127899646759033,8,28,0.2871287128712871,0.7120468496358263,0.8090575772566387,ok
QRVI01000004.1,101721,101912,0,192,46.49102458594821,5.884280168869931,0.31860367558363656,0.5642809749339334,-21.2895565032959,20,16,0.359375,0.4725559544734847,0.6391581894370669,ok
BLJN01000001.1,1361064,1360918,0,147,94.99999999999996,3.729481643437504,0.38678747700269966,0.40178425710919136,-44.277469635009766,16,12,0.5510204081632653,0.38541180808971737,0.419284311945932,ok
AP018794.1,975107,975369,0,263,72.9200807444007,2.541516249338259,0.7449620546897046,0.5842190423981481,-34.512786865234375,43,17,0.41064638783269963,0.5142331554059423,0.6468245481046604,ok
CP024963.1,162079,161948,0,132,46.07815405048468,5.369858414475262,0.2830208380172148,0.7299547078826709,-9.809581756591797,9,30,0.30303030303030304,0.6534197039731136,0.7908760041409699,ok
FOFS01000012.1,31602,31684,0,83,70.03040595539429,2.3119739702863105,0.5363603594502604,0.6023905764726761,-13.005720138549805,12,11,0.5180722891566265,0.5513213515682884,0.6466361680687617,ok
JMEE01000031.1,359126,358994,0,133,48.464345360709665,6.311120095027528,0.15439699049711597,0.5884919752156405,-23.220792770385742,25,22,0.49624060150375937,0.5441438815017309,0.626542472472204,ok
CP040428.1,1400744,1400946,0,203,94.99999998983938,3.0330658402931956,0.4609240032956915,0.5576870439437123,-32.45890426635742,32,17,0.5517241379310345,0.5315626205262224,0.5838506838899444,ok
CP059255.1,843773,843544,0,230,57.32739371177098,10.527804846065601,0.11299657004658192,0.38574540108391436,-74.48635864257812,56,6,0.6826086956521739,0.36885305708948624,0.41194926459059,ok
CP000023.1,860551,860659,0,109,44.50982205988007,7.189714795941136,0.2727296026619713,0.503958685029133,-22.328969955444336,15,9,0.4036697247706422,0.40897460202437597,0.5760822597481445,ok
CP015971.1,852700,852502,0,199,65.34631850681255,4.904669497567468,0.45802504278479106,0.582423367126346,-20.552860260009766,33,19,0.37185929648241206,0.5288342598599104,0.6398620866726925,ok
FNSW01000002.1,287125,287206,0,82,46.72756455694091,8.612858243875566,0.3034252719729179,0.5881810245454603,-10.921586990356445,24,14,0.43902439024390244,0.4756528150423926,0.683421900483455,ok
RAZG01000013.1,52652,52927,0,276,73.6897381322165,4.689264311281902,0.6263500115321354,0.5809410753587668,-39.053924560546875,17,27,0.4528985507246377,0.5319473620585241,0.63499851055624,ok
FOYF01000003.1,555464,555220,0,245,66.4173646485474,10.841186560646753,0.5654322946792198,0.5686488863820763,-42.119449615478516,26,13,0.4775510204081633,0.5432815532337782,0.6103805644024631,ok
JMPI01000033.1,25900,25721,0,180,89.41690968441263,3.151237296372704,0.6087092264216558,0.592044905526307,-34.16333770751953,16,18,0.5111111111111111,0.5550530227217535,0.6287115350983026,ok
FUWM01000016.1,26313,26396,0,84,75.49723796727872,4.39462976430593,0.6250443520573575,0.6015557570383173,-9.661563873291016,10,16,0.40476190476190477,0.5539328962438306,0.6534062986553237,ok
SDOZ01000002.1,1651737,1651998,0,262,53.287121822658044,5.3001443525607,0.2528519595408596,0.5342900963057935,-57.050235748291016,14,23,0.5419847328244275,0.48017671794057326,0.5852138903129164,ok
VYXP01000002.1,197828,197709,0,120,88.78919647855844,2.144132327967082,0.3840994534740772,0.4385480406810616,-29.85200309753418,14,12,0.5916666666666667,0.4117305397503978,0.4625083099202354,ok
BAZF01000025.1,15208,15090,0,119,41.11689840003673,3.6036412023083124,0.12104569840573015,0.5175749094445441,-29.45779037475586,20,15,0.5546218487394958,0.49425520404616075,0.5346649797333374,ok
FWWT01000012.1,3723,3639,0,85,78.16872447709447,7.235545586850053,0.5400389876433316,0.5861808827027178,-13.623730659484863,13,18,0.47058823529411764,0.570161943951521,0.6087304313095591,ok
CP001560.1,2700115,2699979,0,137,49.68735511774738,4.483237234223176,0.20014867977701195,0.5097861687461805,-29.28590965270996,12,18,0.5474452554744526,0.46635939861063463,0.5467897393901291,ok
AFHG01000029.1,96705,96927,0,223,94.99999996950345,2.887161551557604,0.31361581909417946,0.4352418996947385,-63.39656066894531,26,9,0.6816143497757847,0.41769160523896054,0.4525700276296538,ok
JAELUP010000020.1,39050,39229,0,180,72.08599278279254,5.644105157417497,0.42277020272442656,0.5361055243687676,-40.74015426635742,18,13,0.5333333333333333,0.5063323181367587,0.5722006863185018,ok
FQZB01000014.1,34386,34624,0,239,64.61164574903677,3.660969147451828,0.7777424369931492,0.656661508515327,-18.462852478027344,18,49,0.301255230125523,0.5598069162301771,0.7485747894007885,ok
CP020814.1,3368401,3368161,0,241,51.95372644914923,2.1760678764886263,0.5889505546234914,0.6688310341040156,-20.607128143310547,41,50,0.4107883817427386,0.6011064391763741,0.7233058298719637,ok
WOYE01000009.1,1372157,1372330,0,174,60.11579893749414,12.934651147782999,0.13771253287228896,0.4726102137657891,-27.685626983642578,11,12,0.46551724137931033,0.46183819629293377,0.4942532172905799,ok
LGUG01000005.1,41822,41604,0,219,76.68441420083056,5.112428535616279,0.5914114463300274,0.5677691843152365,-37.28181076049805,16,25,0.5114155251141552,0.5320910484283489,0.6096877853597735,ok
FNGO01000001.1,173499,173598,0,100,61.3998627637818,1.659540836016694,0.8281491209114804,0.49822599821328345,-23.899349212646484,17,7,0.57,0.42845712719779255,0.555404379339823,ok
SPVF01000238.1,11124,10883,0,242,87.34905830170554,5.145196707420901,0.5467752057623825,0.4050364438393832,-68.1873779296875,38,12,0.6074380165289256,0.3865744192619554,0.427374419228361,ok
MZGX01000025.1,49142,49058,0,85,92.1920852595352,2.5882993405674095,0.6318480899714772,0.6440228434952472,-11.194811820983887,14,26,0.4588235294117647,0.6038725249307194,0.6817034544682091,ok
JACHGF010000001.1,469082,469297,0,216,61.3970660719903,5.4006980916558005,0.19937709176753204,0.5377827641941754,-49.77724075317383,13,21,0.5601851851851852,0.5094300379782633,0.5681205154619847,ok
LLZK01000097.1,58220,58026,0,195,94.999987195698,3.625672344697598,0.4339470883121251,0.4302397015529231,-61.124202728271484,25,9,0.6923076923076923,0.4113100165591713,0.4502612260582559,ok
CP003032.1,539694,539793,0,100,75.46093943815211,5.623521476005675,0.585255742337714,0.48653425078108187,-14.138895034790039,25,17,0.39,0.452437396108594,0.528177615589665,ok
QFCQ01000107.1,1733,1532,0,202,43.99804499778813,3.3755168157542235,0.20706564007412087,0.4455921798481221,-60.71284484863281,24,13,0.6237623762376238,0.4079274757969253,0.47469172425569134,ok
HF987135.1,113728,113998,0,271,70.67351517032607,4.879904269603781,0.6474770986416276,0.5963370663568363,-31.25670623779297,27,19,0.44280442804428044,0.5387572621587468,0.6603249707677435,ok
QSQJ01000009.1,15518,15263,0,256,78.27850449877484,2.9217475831051263,0.4408071349772098,0.5630692541565163,-48.53665542602539,13,19,0.51953125,0.5262379615247799,0.5977374773171302,ok
LT799839.1,1929647,1929466,0,182,92.96663207433703,2.600233495642497,0.6289756624473265,0.729649317079302,-16.842220306396484,9,38,0.37362637362637363,0.6898771967869163,0.7671868077857621,ok
CP046640.1,3909705,3909614,0,92,79.67827902862632,3.0898353192079853,0.6590692497607162,0.6774277740197974,-7.7267231941223145,11,14,0.44565217391304346,0.6249346078733475,0.7277704725338071,ok
QJJR01000008.1,83848,83599,0,250,62.02955940190293,5.066725535321094,0.4431211594421751,0.596179336771074,-26.533184051513672,26,18,0.408,0.5347469818421084,0.6605269490408264,ok
QNRK01000012.1,146135,146351,0,217,94.99999992579572,2.9525835302131997,0.42407152051507924,0.4856694226660822,-53.261844635009766,21,22,0.6129032258064516,0.46234896675539777,0.5086377831772797,ok
VOBR01000032.1,71016,70935,0,82,53.998836472998384,7.417847227339925,0.17732556616549533,0.3588529604013156,-28.816383361816406,19,6,0.6829268292682927,0.3185655875783363,0.4031398049339647,ok
SDOZ01000002.1,1852915,1852742,0,174,85.02752361192462,3.8587875714801454,0.5931215303238038,0.5371271940640406,-38.11399841308594,22,16,0.5459770114942529,0.5030518235739848,0.5732317601880655,ok
FQXV01000005.1,169086,168880,0,207,94.9999999729672,3.122662633798532,0.5571593108000391,0.5551671548445225,-43.37503433227539,19,19,0.6135265700483091,0.5260912327148065,0.5842521032729882,ok
JMIP02000020.1,43217,43284,0,68,78.50845903177662,3.2774103736188973,0.6563742524957517,0.4244664036117763,-14.921235084533691,15,4,0.5882352941176471,0.37126637675543533,0.4765720378953708,ok
CP013213.1,1248748,1248580,0,169,48.56679763901217,4.329497763951218,0.28167133545447687,0.669546480686963,-17.373767852783203,13,33,0.40236686390532544,0.6085158632339176,0.7200307215177757,ok
JACCBU010000001.1,5831966,5832038,0,73,82.03587638735654,2.5864020573668927,0.21020887929788754,0.2482607532614627,-38.09611892700195,29,4,0.6712328767123288,0.23189401472468557,0.26329701663198285,ok
HF570958.1,4210628,4210703,0,76,64.97490618551217,5.685704072468199,0.3263297817652935,0.47467130731745616,-22.076343536376953,8,8,0.75,0.4382549590668137,0.5166541528634959,ok
MJIG01000004.1,523233,523010,0,224,85.17331030826684,2.838588533209857,0.6455467455227254,0.6564854765193022,-23.398391723632812,15,36,0.4375,0.6098772015125782,0.7008237111232801,ok
FNKD01000002.1,73430,73514,0,85,35.350227444794314,1.559997887393893,0.9665257880058495,0.6404840942818935,-8.72014331817627,20,17,0.4117647058823529,0.5586677312614643,0.7035711669032799,ok
LDPH01000011.1,115590,115827,0,238,50.039936698557526,9.103827029208029,0.30422091915307137,0.5317943676089714,-29.241313934326172,31,14,0.39915966386554624,0.43542205626430774,0.6310426667620006,ok
JPVN01000028.1,38753,38855,0,103,40.84108998348493,4.1724989795125165,0.27726206892241245,0.7056030712804158,-7.4486165046691895,7,30,0.3300970873786408,0.6447455033054489,0.7494134404323328,ok
CP051680.1,6761621,6761363,0,259,47.989255881844045,8.207276131719969,0.07695405315112097,0.5147869101515017,-49.584617614746094,18,20,0.525096525096525,0.4883483624017465,0.5379854250275798,ok
FPAN01000005.1,227973,228216,0,244,65.9100484449211,6.131528505784888,0.47917916714389397,0.5502646159933999,-39.8350944519043,11,17,0.4713114754098361,0.5025555839416198,0.607847747362801,ok
AWTC01000002.1,248127,247867,0,261,47.29940669512458,6.260345855651918,0.13215835859054142,0.5389767482125017,-47.46479797363281,24,28,0.4674329501915709,0.4998106795139584,0.5714052266307511,ok
FOGH01000024.1,24880,24838,0,43,75.87436818382976,7.628510904996733,0.5431557030939267,0.6263049807616491,-8.089061737060547,4,11,0.5348837209302325,0.6096126135349983,0.6508332387585044,ok
CP003851.1,1219124,1218901,0,224,47.682983653180614,5.220097711031586,0.3569678526411939,0.7666082742743378,-14.105528831481934,11,33,0.38839285714285715,0.6752207601076686,0.8421413250254829,ok
JNVC02000011.1,46881,46647,0,235,47.05644145169556,11.533672646897504,0.15796444573591417,0.575942506997032,-35.14902877807617,20,18,0.451063829787234,0.5084996437035737,0.632806988460109,ok
JAAIJQ010000042.1,24737,24514,0,224,41.249911986695416,13.264674613243816,0.0729589795524791,0.4777469996552958,-66.91732788085938,13,22,0.6651785714285714,0.4395440571132027,0.49590131383331176,ok
JWHR01000161.1,73447,73266,0,182,66.70306878962178,6.004605499538275,0.6584212144468375,0.661231355744865,-15.348191261291504,12,30,0.38461538461538464,0.597093036656467,0.7383606772419753,ok
JAMQJZ010000007.1,125447,125201,0,247,44.30599185319592,12.011776419881185,0.1748452415675943,0.6219026976598617,-28.391324996948242,50,35,0.4493927125506073,0.5359964493220516,0.6767638832037222,ok
JAGTTQ010000001.1,1262758,1262646,0,113,86.92336360216328,2.9697870831587765,0.5869285546072751,0.6935473081704956,-12.453632354736328,18,21,0.5221238938053098,0.6544460177392126,0.7314644083188103,ok
QUGS01000005.1,144173,143995,0,179,61.916082097419476,3.969930946864542,0.2627341717215108,0.6410401007898751,-23.376548767089844,18,25,0.5195530726256983,0.6047441208083251,0.6755710375322742,ok
QYUK01000011.1,2429477,2429679,0,203,94.99999991708276,4.012241351215817,0.38226719832493383,0.45831216128486063,-57.73320007324219,42,13,0.6650246305418719,0.44332219018910435,0.47474780688262586,ok
VFWZ01000009.1,305611,305879,0,269,65.93952418221154,3.076887523485735,0.7866997506778728,0.5964994219449757,-26.658672332763672,29,38,0.3420074349442379,0.506098708824463,0.6790735871934264,ok
NFJK01000003.1,23001,23241,0,241,72.74477738469068,6.260338457426688,0.5874462302517951,0.42071827167917714,-59.355743408203125,49,9,0.5560165975103735,0.3858179136971022,0.46556838760157937,ok
LDJJ01000022.1,11461,11696,0,236,42.224887997687354,19.99999999999999,0.01375511229839449,0.4039689132062308,-80.40880584716797,22,8,0.6652542372881356,0.39536907850078634,0.4077261116893705,ok
PDOD01000002.1,322550,322422,0,129,83.53482250169395,4.955940486832002,0.5632686711795387,0.46060881690062017,-30.87319564819336,15,15,0.4728682170542636,0.4360087178405119,0.48973457732047176,ok
FQXM01000046.1,8628,8462,0,167,61.81868669029939,1.4797212915020075,0.922117144737178,0.7401175585279375,-10.86269760131836,5,30,0.40718562874251496,0.6690392863251631,0.7978371431567233,ok
PDJD01000001.1,686254,686351,0,98,94.99997294792183,4.291745411964353,0.49758115825680593,0.32995959446598483,-43.73296356201172,19,13,0.7653061224489796,0.31354268146685454,0.3485513735899669,ok
WBOT01000003.1,661134,661351,0,218,71.05018880095999,4.459071756769607,0.6601622711354151,0.537928022403846,-38.94845199584961,30,29,0.42660550458715596,0.4767622408422976,0.6032896019098324,ok
CP003360.1,6448526,6448707,0,182,53.80389199945184,5.944678274245174,0.22163785573507438,0.5689566332602554,-26.19969367980957,42,9,0.510989010989011,0.5203735165660827,0.6166821318331991,ok
MLHL01000068.1,17847,18008,0,162,71.39075515859207,3.4201603509282275,0.7056452175662897,0.6089731359998282,-16.64804458618164,20,18,0.3950617283950617,0.5384277820887814,0.6771003969340087,ok
CP024848.1,2599786,2599564,0,223,49.029375507487245,7.1125675511650295,0.2860916537741015,0.67643395192796,-15.111398696899414,26,27,0.40358744394618834,0.5902386939262605,0.7544663519766461,ok
FNON01000002.1,396271,396185,0,87,84.35609846225869,5.0275133727960934,0.5583406606406074,0.42936816358377533,-26.0244140625,27,11,0.6896551724137931,0.4067509711030954,0.45645507056872725,ok
LJIX01000006.1,3406512,3406357,0,156,89.27263693027822,3.636197367009729,0.5861974381749231,0.524949860561226,-30.058753967285156,28,11,0.5064102564102564,0.49386386222421297,0.5574250111619563,ok
JAGYPD010000003.1,627964,628145,0,182,49.33330631562773,4.767391070213054,0.427016192768331,0.5000720006237053,-31.23593521118164,25,9,0.43956043956043955,0.4024064268788089,0.5840931678522191,ok
RQXX01000004.1,35589,35696,0,108,94.99999999747135,2.662253687682108,0.3078313827175644,0.43906402486884955,-31.296894073486328,21,9,0.6481481481481481,0.4208882009825424,0.4563688552837876,ok
JACGAG010000002.1,18560,18358,0,203,81.13246785316551,2.100521204304248,0.7211119602053873,0.7675565873235158,-12.596197128295898,14,48,0.3842364532019704,0.7114897865552912,0.816482941818553,ok
CP000758.1,105606,105684,0,79,90.01601428571901,5.4452406598279675,0.5344557501424931,0.40553833238590387,-29.433820724487305,12,8,0.7468354430379747,0.39198301875019476,0.4225360059067021,ok
JAGIYQ010000004.1,256639,256466,0,174,62.66927148494237,8.187248069137565,0.6718393760205399,0.4923171732376759,-25.59330940246582,42,15,0.3620689655172414,0.4234746514072315,0.5878817141926673,ok
CP017080.1,3798139,3797917,0,223,48.471732788468664,6.393758064534073,0.19443179379769526,0.6392731498513147,-24.858642578125,36,33,0.4439461883408072,0.5830339860472762,0.6879489854990674,ok
QAOJ01000015.1,25703,25643,0,61,58.746902087085445,5.02654621609883,0.22341368110124338,0.6888888488480885,-7.3460798263549805,6,10,0.5409836065573771,0.6523858958229676,0.7258449920199265,ok
CP010796.1,1698247,1698186,0,62,85.81386921740577,2.618737980409621,0.6566077489262512,0.49518801746143243,-10.727052688598633,17,7,0.4032258064516129,0.4477648943927532,0.5393822672331929,ok
JABWCS010000219.1,183709,183996,0,288,57.7385927465793,3.8290706364143765,0.18679781869949452,0.4474276185928863,-79.9881591796875,24,14,0.5590277777777778,0.4181439816937952,0.4741218924453668,ok
FNKK01000002.1,3983726,3983552,0,175,73.06224650221368,5.234632969328539,0.40311599556624067,0.3633644034863324,-72.88677978515625,23,5,0.72,0.3342042419488614,0.3974000626427119,ok
PYGD01000003.1,380078,379853,0,226,87.29319903202581,4.263512120848223,0.5701004184475189,0.4650983187703473,-55.11293029785156,20,16,0.5221238938053098,0.4385960667463361,0.4946357323989206,ok
SDZD01000008.1,79812,79958,0,147,84.60262879062836,3.3916160000245466,0.5136135326119224,0.48427579353466116,-29.728214263916016,22,28,0.5850340136054422,0.4506637270797385,0.5181265335951979,ok
CP048104.1,2365273,2365056,0,218,94.98336711325766,2.1739709070726327,0.6046265046434606,0.6371157068239519,-32.86549377441406,12,48,0.518348623853211,0.598889756803192,0.6714908274909399,ok
AFNU02000001.1,319375,319576,0,202,74.78244422203545,3.091814073762981,0.6935198095667743,0.6437063217229083,-21.149452209472656,11,31,0.3564356435643564,0.580589424675523,0.7034516399762515,ok
CP009217.2,1620539,1620378,0,162,68.81302057521664,6.093449850413172,0.6285021394788507,0.5872231599473842,-21.802688598632812,16,12,0.43209876543209874,0.5354628134098687,0.6510056751045025,ok
SPQQ01000001.1,443613,443813,0,201,50.15087687738297,4.978099828427576,0.17618592735110372,0.5902383782080985,-33.09038162231445,25,28,0.4975124378109453,0.5494464803650403,0.6255452234643836,ok
BMYS01000026.1,18808,18923,0,116,82.53520706893619,0.7523770599216814,0.8690990052424242,0.4966912186182865,-24.83737564086914,30,34,0.47413793103448276,0.4623398467278486,0.524296038114006,ok
PPPD01000001.1,167188,167271,0,84,85.0008071673439,3.0442443383716817,0.5333487800155272,0.5141242771075686,-14.882108688354492,23,16,0.5595238095238095,0.47718684235274567,0.5499927040245065,ok
LTAO01000012.1,145368,145484,0,117,66.6468382885454,5.2504487770736565,0.6853871642154187,0.5380026606471925,-16.463478088378906,13,18,0.42735042735042733,0.4634387565404827,0.6213946453731205,ok
JH594435.1,269254,269060,0,195,50.53778391737982,6.036991114630806,0.33241693654749227,0.6907403774185473,-14.853058815002441,18,23,0.4256410256410256,0.605192524435233,0.7688498864855928,ok
BBZA01000235.1,11125,10906,0,220,91.12433431101464,3.2146204117843094,0.3925661363666945,0.46432175371228884,-63.36598205566406,22,8,0.6909090909090909,0.4422481380772253,0.4864277612600969,ok
CP045871.1,824976,824766,0,211,43.06890026059518,8.022046698545209,0.11356124366967857,0.5144679387894932,-46.48737335205078,26,22,0.6018957345971564,0.47081683637306115,0.5444493446986461,ok
FOQH01000003.1,370000,370239,0,240,51.90840218970569,5.617232453698427,0.0902528460249099,0.44433212753982215,-81.2542495727539,16,8,0.725,0.42326144861820436,0.46397209235463127,ok
CP022657.1,4462166,4462268,0,103,58.10556776620193,9.775549840313596,0.1386042215897214,0.4251865943011431,-28.62449836730957,21,9,0.5825242718446602,0.40526870959302064,0.4546985382159186,ok
CYSD01000012.1,518191,518415,0,225,94.99998391597488,3.209092011853165,0.5123336387124069,0.40252200774857444,-60.64107131958008,42,11,0.6177777777777778,0.3766986585397648,0.42900291662994744,ok
QBKR01000021.1,70208,70429,0,222,49.426791305969466,5.3026109293305534,0.09535948522059007,0.5115211109481576,-55.44719314575195,11,11,0.6036036036036037,0.4879705654139433,0.531909516047371,ok
AP018449.1,2934696,2934901,0,206,51.41767362581721,5.919214822620319,0.18388620522099863,0.5749967165606655,-30.88251495361328,12,36,0.470873786407767,0.5297881150150331,0.6165685671670593,ok
ACJM01000004.1,62456,62538,0,83,88.15040398216082,4.862063906417072,0.5505824698815127,0.5247205482858589,-17.070144653320312,20,14,0.5542168674698795,0.5050429103123383,0.5479070874447225,ok
CP000096.1,692601,692749,0,149,66.4119406690118,4.729168872736041,0.2858833390442229,0.4263432549297,-36.958290100097656,30,10,0.48322147651006714,0.3942433131687882,0.4604450658562488,ok
CP018906.1,1777730,1777952,0,223,64.75127163229455,5.456992325630731,0.4309877983576941,0.54086001235189,-33.12264633178711,34,12,0.4125560538116592,0.49097076982224674,0.596928891244757,ok
VWNA01000001.1,2759036,2758792,0,245,42.739251652951154,5.550476754046465,0.04872851017566626,0.4276194584850861,-84.93106842041016,19,21,0.710204081632653,0.41366935457551707,0.43757043877067475,ok
CP016782.1,845562,845435,0,128,66.82900315134188,19.999999999999964,0.510045171763678,0.4914298188009407,-22.198699951171875,18,13,0.5,0.4950294166357257,0.499204733556095,ok
WNLA01000004.1,190545,190442,0,104,45.77323386843177,3.787621417143768,0.23547080871713794,0.5641706740677911,-14.671260833740234,25,22,0.5576923076923077,0.5169346516538272,0.6014119270386884,ok
VCIW01000044.1,13444,13713,0,270,86.9073414637282,5.101739790229997,0.538475075206859,0.4423202015513404,-80.66889190673828,34,9,0.6296296296296297,0.4238501201534555,0.46474498741738657,ok
JACXSI010000011.1,23269,23498,0,230,48.68393919861474,6.723881161222422,0.24064495945564096,0.5574199865433561,-30.243682861328125,36,11,0.4391304347826087,0.48624892456312485,0.6203704185371529,ok
RYZZ01000022.1,18064,18322,0,259,71.48221719986465,4.86214830188243,0.6396941582933262,0.5268101666476555,-46.02341842651367,34,11,0.4555984555984556,0.47250803927393253,0.5873828933364198,ok
WJNG01000013.1,175243,175030,0,214,46.19281146540565,6.19544759820218,0.16678862724595267,0.6370791592296438,-25.353055953979492,11,48,0.42990654205607476,0.5866126084843655,0.6772849564281981,ok
SRSD01000004.1,217142,217051,0,92,53.77903560275402,2.05806176244337,0.5614367978236434,0.5309732603058209,-15.956790924072266,11,18,0.6195652173913043,0.47053758089518993,0.5801914146240259,ok
LMLV01000012.1,356458,356258,0,201,78.52766960392864,1.1407558411552745,0.8333963810887446,0.48211179801871307,-52.08633804321289,23,8,0.5671641791044776,0.43495349912309283,0.5203620009831286,ok
AP018203.1,5751493,5751354,0,140,87.75373656081331,3.150349239888174,0.6154630584268015,0.5995669058075345,-20.27365493774414,22,35,0.4928571428571429,0.5604042020653452,0.6383376355502504,ok
NOWF01000005.1,139369,139474,0,106,53.94305774080541,4.987750204407763,0.1830087958736667,0.5343703752091735,-23.098304748535156,14,8,0.5377358490566038,0.4972603071514097,0.5688547688313009,ok
FMVW01000006.1,149038,148827,0,212,67.85845069818382,5.10381217154115,0.2498956388928667,0.5186836572235342,-50.516178131103516,17,8,0.6320754716981132,0.4937069882768239,0.5465927702865505,ok
JACMPV010000064.1,2588,2721,0,134,65.62012894948782,5.344451973254328,0.3582872586863413,0.527462432024573,-28.007356643676758,14,13,0.5,0.4876921473883569,0.5720498738709094,ok
FSRO01000001.1,1013814,1013594,0,221,53.71987499878786,5.646784747399873,0.2576710721675009,0.5365214081329208,-38.9286003112793,27,15,0.48868778280542985,0.48098143345545463,0.5903636613820822,ok
JACOFV010000005.1,122553,122837,0,285,79.67228526195238,3.6453647863272165,0.6313384367598891,0.5150125579949273,-43.26996994018555,34,17,0.4631578947368421,0.4676953745185915,0.5637063689343799,ok
CP032096.1,164322,164200,0,123,87.14180548724198,2.654932889757253,0.648659962659342,0.624463586133709,-16.28179931640625,14,25,0.5121951219512195,0.5785923065027602,0.667566491844149,ok
CP011412.1,789974,789764,0,211,76.48507891641712,4.784173126436738,0.6034222565860008,0.48224014628026807,-52.42253494262695,32,17,0.5829383886255924,0.44222157743793056,0.5277069067321625,ok
LZZM01000234.1,22970,23070,0,101,50.81805109352982,6.379679112102369,0.2688546012100683,0.6372927168292747,-8.88141918182373,16,15,0.36633663366336633,0.5669182541406078,0.7029706401234088,ok
BOPG01000065.1,43576,43458,0,119,85.34847698126111,4.97078809139171,0.5571794586675729,0.46960143109413877,-32.56978988647461,16,6,0.6638655462184874,0.4472221390428808,0.49639699077348337,ok
BJVC01000002.1,4817,4620,0,198,80.08854869091492,5.112147387084831,0.573713042318996,0.47459378470015684,-43.2432746887207,46,10,0.5909090909090909,0.4457147901116547,0.5089826399089052,ok
FR895405.1,9072,9235,0,164,80.35966242629321,6.443742064820696,0.5443998499813711,0.34262003811561853,-45.69221496582031,45,12,0.4451219512195122,0.32478647669935057,0.3664676309336903,ok
LSVF01000004.1,434709,434818,0,110,94.99999996797207,2.858142707131853,0.5316109859961833,0.47576676431819526,-30.223512649536133,13,14,0.44545454545454544,0.4453326054011331,0.5054310952976914,ok
LOHZ01000042.1,12072,12167,0,96,82.71805598236547,5.079205546539143,0.5632794605823594,0.3653913613349779,-28.889362335205078,18,16,0.4791666666666667,0.34068218392623056,0.3949631695453205,ok
FNPR01000001.1,687903,687979,0,77,47.76447874616574,7.708823425563817,0.31460599367050035,0.644265656398314,-8.74418830871582,10,13,0.4675324675324675,0.539511503897453,0.7362809008115117,ok
CAJQZC010000001.1,690611,690857,0,247,94.94161046830862,2.5612864835419913,0.44051073418973113,0.49277835725167135,-59.14945983886719,35,14,0.6194331983805668,0.4663550783626415,0.5176234055896435,ok
FP929052.1,964224,963999,0,226,94.99998866868957,1.3258102874569053,0.7119342660816248,0.534884895518091,-40.799110412597656,31,12,0.5442477876106194,0.4941443215117739,0.5689525591992171,ok
JACWEJ010000008.1,891,979,0,89,53.01375581686731,5.449586538615706,0.24998909056290586,0.741273768619282,-7.111790657043457,15,15,0.48314606741573035,0.6863825452118123,0.792888327467899,ok
KQ959732.1,149910,150025,0,116,66.80022440410048,4.7358035265045375,0.2993025917612832,0.5230052418120215,-33.65849304199219,14,11,0.6379310344827587,0.49009000346451115,0.5581408937442903,ok
VWOX01000004.1,171985,171725,0,261,94.99999999999999,4.356410578328867,0.3454125974365297,0.36140082414875896,-75.78844451904297,33,11,0.6130268199233716,0.3493596740014195,0.37491678543488755,ok
RRCF01000003.1,111718,111630,0,89,70.26495087579674,5.564454371805013,0.6284429071216739,0.6911561590461844,-8.069230079650879,15,33,0.449438202247191,0.6398169860263058,0.7518403620887405,ok
LT629751.1,3114468,3114362,0,107,63.38933411191785,4.851543479630256,0.18935319699494524,0.5362835959628486,-24.055824279785156,9,16,0.5981308411214953,0.5116773357091794,0.56200803237843,ok
JADBEB010000001.1,7861662,7861426,0,237,94.9999999999178,1.9160707179373964,0.38786088459724016,0.436680369042234,-68.64134979248047,40,9,0.6835443037974683,0.4114666644844739,0.4589504431634866,ok
BDEC01000205.1,16719,16490,0,230,58.40867834183448,4.019834453136362,0.5019610751947262,0.7237215883494099,-12.288291931152344,26,44,0.3521739130434783,0.6451244823752068,0.7967931493088132,ok
RBVX01000016.1,45445,45705,0,261,49.10810088308945,6.798288487397359,0.2198008939491793,0.5661988242435686,-40.9304313659668,27,14,0.42528735632183906,0.5019031746710941,0.6240957961634341,ok
CP029761.1,2487686,2487489,0,198,42.57882745846001,11.2141301297934,0.031788709799449644,0.4811913292501875,-55.76933288574219,16,10,0.696969696969697,0.46581181007731687,0.4898224123883816,ok
CP048649.1,2129607,2129409,0,199,92.00280977642578,4.110491638117173,0.5619453911213969,0.6040305005833194,-27.51221466064453,33,15,0.4472361809045226,0.5802250246495823,0.6305146960049944,ok
CP040058.1,1247892,1247990,0,99,38.51611803599503,5.578861361411299,0.07739869534288357,0.6880390061488452,-16.896142959594727,9,26,0.43434343434343436,0.667405966859598,0.7009558050418445,ok
FR889411.1,18901,18998,0,98,69.29791947409201,5.991647035108455,0.6238604031312666,0.6373327379286992,-9.93828010559082,15,24,0.32653061224489793,0.5876010288233006,0.6986184616556286,ok
FQYQ01000010.1,57899,58062,0,164,94.99995764428603,3.204731913391981,0.39847079315815037,0.3432173452797713,-44.81605529785156,49,11,0.39634146341463417,0.3228809673373656,0.3638215928719869,ok
AYYO01000006.1,34022,34118,0,97,48.57347019541061,5.687097995134107,0.17432447509927473,0.6936342487684796,-10.730180740356445,6,28,0.41237113402061853,0.6471578579128451,0.7330941653728119,ok
NFLE01000014.1,2802,2879,0,78,89.84774917793243,3.601651351262979,0.5857524241156121,0.6821331785201022,-9.729299545288086,5,19,0.46153846153846156,0.651197494482603,0.7143059461290222,ok
JAAVXB010000003.1,354497,354396,0,102,84.61047475020601,1.7425747424076874,0.1518304101609262,0.3527251820357984,-50.16790008544922,20,8,0.7549019607843137,0.34207218445467724,0.361805832762039,ok
KB850956.1,2658859,2658624,0,236,57.13149879121567,5.807453218612949,0.3980607670075166,0.7191728780786858,-18.1229190826416,16,27,0.3644067796610169,0.6471204167658484,0.79465267299258,ok
JAGSOJ010000005.1,108467,108368,0,100,86.27981513919623,1.8181850879631931,0.7206090181164171,0.690131781828586,-8.293632507324219,8,29,0.32,0.6397891906699876,0.7332573932041082,ok
CP041372.2,927662,927763,0,102,39.972154316737054,18.04934761172019,0.0585360726635481,0.678408035845622,-10.234875679016113,6,29,0.4215686274509804,0.6444537478807824,0.6913636804357252,ok
ANPE02000100.1,23831,23641,0,191,88.1786448140529,3.589933823490459,0.592535675232545,0.46177531503601305,-49.96982955932617,27,25,0.6178010471204188,0.4285141187028612,0.49639364195793567,ok
FUWV01000004.1,123463,123247,0,217,54.62841798215955,3.822754738010575,0.34464722171874695,0.7037517396223553,-15.944210052490234,23,38,0.3870967741935484,0.6446241281934503,0.7556182466982876,ok
AZDA01000007.1,49171,49430,0,260,70.19523758978178,5.880630960061499,0.6206026927051034,0.494974015994387,-41.29975128173828,19,25,0.41923076923076924,0.44666118429235563,0.5543038803529662,ok
CATITV010000051.1,12326,12224,0,103,69.97534283158377,3.474409223883042,0.26386992138407384,0.49084117339398164,-27.405080795288086,17,11,0.6699029126213593,0.46343567199841856,0.5171907487480253,ok
SMAR01000006.1,18616,18698,0,83,50.687709872037324,4.501009751159887,0.1676458622795719,0.515734900908403,-19.29011344909668,12,9,0.5903614457831325,0.48015334269723847,0.5465332736979548,ok
NKIT01000033.1,11910,11860,0,51,60.59912120796032,9.016905631963086,0.17715314786297925,0.47370028696995314,-12.361786842346191,16,6,0.6078431372549019,0.45349975240204604,0.5035479758857325,ok
PSNX01000008.1,14015,14090,0,76,68.55874616114572,8.941465561108851,0.5700091370491001,0.5296334247873843,-19.2914981842041,15,14,0.631578947368421,0.5029036451421338,0.5714006148082099,ok
QKRA01000002.1,433838,434037,0,200,53.38881172486007,5.589470504335161,0.2373486057175641,0.5522222811623247,-37.065311431884766,30,16,0.5,0.5005089512280329,0.601938659511172,ok
CP040093.1,603268,603066,0,203,85.64946483829519,2.0080377842595505,0.7056548587329,0.6922824239569244,-17.413799285888672,27,14,0.43349753694581283,0.6413876885973139,0.7367580657398272,ok
FNRK01000004.1,78181,78004,0,178,58.412738110500285,4.853037132149206,0.3965633861802561,0.62682781541754,-21.701107025146484,35,16,0.4606741573033708,0.5610951783308897,0.6913762431488593,ok
BAFE01000009.1,23542,23724,0,183,94.99983138036741,4.253988315218006,0.5301799498485229,0.41655363128296635,-58.23239517211914,39,7,0.73224043715847,0.398536170741391,0.43683699458804753,ok
SOEG01000018.1,31829,31662,0,168,90.09882691313572,4.16091184572948,0.5643302125193884,0.5623771842555734,-31.71796989440918,17,31,0.3630952380952381,0.538220092561336,0.589143601344149,ok
CP017761.1,2724409,2724148,0,262,51.55274033769538,4.839371139775326,0.3380759413058785,0.6888781252687478,-19.403106689453125,24,27,0.42748091603053434,0.6154654692572228,0.7542513205995446,ok
KI391947.1,1652499,1652709,0,211,92.11148043318367,2.827231892032309,0.44630448586868854,0.4698256789342736,-55.384071350097656,21,14,0.6445497630331753,0.44290353964780727,0.49573456595552323,ok
QUGS01000017.1,7565,7415,0,151,54.97206061306858,6.021065899767192,0.10392264732958345,0.6098678970029835,-34.50914001464844,10,19,0.5629139072847682,0.588451435473613,0.6317152781767565,ok
LJIY01000001.1,167560,167402,0,159,46.684742582139194,4.460403716125686,0.23324089966801242,0.6828001564829568,-21.220842361450195,15,23,0.34591194968553457,0.6293115366338021,0.7257431353020486,ok
CP000095.2,382308,382246,0,63,80.47047305901177,3.694883834958164,0.6231432532488141,0.5580393813686518,-11.500589370727539,9,10,0.49206349206349204,0.5134809370578819,0.603762453087688,ok
AL591824.1,2491176,2491058,0,119,81.84742478649298,3.3838767281478703,0.6306373887147652,0.5022863091114081,-19.33478546142578,22,11,0.3865546218487395,0.4569709740681518,0.5476084923602056,ok
CP093313.1,4512299,4512376,0,78,91.70614691459393,2.5660319283022766,0.6351911215645751,0.49897501514581494,-17.129419326782227,13,8,0.5512820512820513,0.4581457277847216,0.5372429867954923,ok
CP029186.1,1798254,1798191,0,64,46.10971516953701,4.871606829304301,0.35142799545083037,0.7044190037291344,-4.609464645385742,11,28,0.328125,0.6168478905764279,0.7741485927416357,ok
QXIR01000053.1,7094,7262,0,169,89.29348398477079,4.239115339098672,0.5647234777424965,0.48169624869797395,-36.46858596801758,16,19,0.46745562130177515,0.4571467448836502,0.5091458682783548,ok
JNGB01000019.1,46904,47130,0,227,48.58564037001441,6.534331035676631,0.2589700144388335,0.6455087319221086,-25.433635711669922,14,17,0.45374449339207046,0.5698894611891417,0.7115638604422618,ok
CP000885.1,1723912,1724117,0,206,68.90845695218846,4.520316335014725,0.6809693496404063,0.5806132639059083,-30.425344467163086,12,20,0.3786407766990291,0.5111542523582373,0.6541417561119863,ok
JANL01000032.1,67062,66758,0,305,94.9906700411028,2.520447264114697,0.3834271539795169,0.5205841731896215,-58.24672317504883,30,24,0.46229508196721314,0.49687215785066213,0.5436399143312903,ok
CP002689.1,543459,543181,0,279,77.10648028489425,4.6349775505145425,0.6049138037005626,0.5020087249400177,-51.9442138671875,20,16,0.5161290322580645,0.46159817547016146,0.5473875934878374,ok
QRMS01000009.1,16710,16891,0,182,70.81963644955076,4.504382862588547,0.660223068715481,0.5949964117782912,-26.640287399291992,28,27,0.46153846153846156,0.5335655199687163,0.6605861988498385,ok
LIUT01000001.1,644433,644210,0,224,94.9999999956187,3.10689998086208,0.515790358479538,0.5849976437017987,-35.52666473388672,21,25,0.48214285714285715,0.5574612193479043,0.6126510844533671,ok
WESC01000002.1,265166,265083,0,84,43.3172929162643,6.886200662854658,0.14108980416629352,0.5072906721420471,-21.491104125976562,18,7,0.7142857142857143,0.4591812075260745,0.5420199124924986,ok
PSZO01000003.1,123483,123371,0,113,55.42248359058622,5.92383891813991,0.28859415812358935,0.7215781642003204,-9.878074645996094,6,17,0.4336283185840708,0.6637899151311349,0.7806261193463933,ok
RAYU01000002.1,160299,160195,0,105,61.97118164150093,4.363496996254676,0.34312046667216445,0.7053744643973486,-10.089706420898438,15,33,0.4857142857142857,0.6575028815096471,0.7526177358892474,ok
JACCFH010000001.1,3548064,3547925,0,140,52.34374371805695,6.943983313521351,0.13036239573123992,0.3713369206535558,-46.92860412597656,33,12,0.7071428571428572,0.33899437167379115,0.4046264727849903,ok
JABZEC010000004.1,181373,181191,0,183,73.56082107726665,4.294929446294518,0.6436046969494774,0.617394112993465,-22.35332679748535,21,16,0.3989071038251366,0.5631656815516289,0.6750802563384903,ok
MIJF01000067.1,14155,14330,0,176,71.74250566997172,5.961797288943402,0.6031035278927025,0.4607664786422851,-38.095054626464844,23,7,0.4318181818181818,0.4195874643552795,0.5119684790892568,ok
JXRP01000020.1,89705,89490,0,216,81.7238952482519,3.637740096939786,0.6189870222280518,0.6402462050387208,-25.512548446655273,16,28,0.4583333333333333,0.5975643414433617,0.6841120710090284,ok
FNYE01000007.1,86643,86929,0,287,45.84992330565068,6.184612867811833,0.08056044209197599,0.4849343488777233,-71.96871185302734,20,11,0.6167247386759582,0.4604984097345511,0.5045942918492544,ok
AZEF01000061.1,37815,37605,0,211,46.19963076203024,8.831021933163754,0.16380440344251035,0.6185055003941459,-26.88228988647461,26,14,0.4786729857819905,0.555426468376077,0.669933059067855,ok
MDDC01000004.1,97599,97457,0,143,94.59280331140297,2.0084154860323813,0.6670601577490538,0.597086872490541,-24.01625633239746,28,12,0.5664335664335665,0.5543227303063412,0.6349150239629235,ok
CP000884.1,4572348,4572496,0,149,54.106263158404445,5.308092501726217,0.15596074341222815,0.43792854057889324,-48.395103454589844,17,11,0.6778523489932886,0.4057752796199333,0.4688751445311862,ok
BJYZ01000008.1,52031,52093,0,63,89.90868059932646,4.0984033022099755,0.5598495026097874,0.4739027127388551,-15.64683723449707,18,5,0.6825396825396826,0.4491486824615205,0.5011708876623154,ok
GG700527.1,138712,138800,0,89,87.66287061604288,3.3991740536110484,0.6027261247457278,0.3665721365734127,-22.722370147705078,24,10,0.42696629213483145,0.3307217102739179,0.40303787330830143,ok
HF990656.1,5351,5192,0,160,47.95420295086051,3.7698145729181722,0.25760073925425797,0.5542087096248466,-31.385923385620117,12,26,0.5875,0.5039505598663614,0.5947976015941614,ok
AZDG01000001.1,168564,168771,0,208,55.600264596082596,5.374852985473087,0.47069903378177785,0.6202437631549269,-18.838369369506836,41,18,0.375,0.5290805033716415,0.7100174941205751,ok
PDKO01000003.1,201921,201807,0,115,62.45414766320936,5.425817372003413,0.6193333922155307,0.6374974274193148,-11.323851585388184,15,12,0.3739130434782609,0.5551372879240902,0.727901400087164,ok
FNJU01000016.1,53748,53508,0,241,76.38982420774082,4.0416485178012325,0.6335247130142806,0.692771576158977,-19.917879104614258,23,36,0.4024896265560166,0.6427883928579615,0.7451263890623013,ok
LGTO01000007.1,1875512,1875733,0,222,68.97371046824003,5.912658137540394,0.6317556228006684,0.5641595142321038,-30.42245864868164,24,17,0.4144144144144144,0.5111352362570294,0.6283709984074048,ok
JQCE01000006.1,8512,8342,0,171,45.50245175445176,8.745728233626068,0.11439033346706606,0.6498822655719482,-20.904197692871094,21,18,0.5380116959064327,0.6049797307412449,0.6845993963557108,ok
KB946312.1,169343,169132,0,212,57.643267251134326,4.607083584966513,0.4797758142319193,0.7001109781882056,-17.30356216430664,11,52,0.4009433962264151,0.6190192843760597,0.7778321256314492,ok
FUXA01000005.1,321604,321873,0,270,51.0113265988889,6.92323520506273,0.33173407098150054,0.5486503723726035,-40.061912536621094,21,14,0.43333333333333335,0.45940258740019674,0.635052998876646,ok
BKCF01000008.1,15925,15792,0,134,60.101708202779236,8.378482002421384,0.3849985694443339,0.5277415375340758,-18.358739852905273,19,13,0.3582089552238806,0.47805944715635157,0.5957533379170284,ok
LJIE01000001.1,1624786,1624585,0,202,57.31701004294295,6.14655407360245,0.4422359718829394,0.5484999699450052,-30.36630630493164,35,21,0.41089108910891087,0.46920494712501937,0.6343079989940702,ok
AE017282.2,144281,144199,0,83,57.063711875178875,2.9909683484799694,0.21621459599426196,0.46272286423862186,-25.687118530273438,22,15,0.6987951807228916,0.4327025327051416,0.4883332573678507,ok
JACRSP010000002.1,580797,580715,0,83,74.99747581170689,4.548072901531555,0.6225342968018638,0.5103913706937839,-14.547714233398438,15,13,0.5783132530120482,0.46330947133836303,0.5622272967556998,ok
MDER01000043.1,34756,34916,0,161,69.96867392138645,8.431154068009175,0.565980014951472,0.5085610332187144,-30.168001174926758,27,14,0.5279503105590062,0.4836192840406283,0.5471569282280602,ok
BAVR01000068.1,9836,9644,0,193,80.73408539307559,3.1644482722058265,0.6486242817855952,0.6748463538858213,-19.287799835205078,14,24,0.39896373056994816,0.6250963755234695,0.7232178178723409,ok
CP001739.1,759665,759830,0,166,90.400886545309,1.7316020286882567,0.7022291771838576,0.5491938820546496,-24.876998901367188,25,31,0.41566265060240964,0.5030397145740841,0.588593104989614,ok
FQZS01000030.1,11043,10821,0,223,52.634872882378026,6.734139688954925,0.21988051561932753,0.6485458425273061,-23.725421905517578,18,21,0.3991031390134529,0.5950736166061613,0.702374662764933,ok
JADBEL010000010.1,126105,125892,0,214,50.02968940353231,5.952834070866237,0.1683587375545288,0.6327433921331406,-26.327482223510742,19,14,0.48130841121495327,0.5887772818238021,0.6719247785429515,ok
KE993464.1,320750,320943,0,194,67.54683270198156,4.569605351975694,0.6958636339066964,0.6213486951419455,-22.139522552490234,25,19,0.36082474226804123,0.546058796110585,0.7006976595348304,ok
QGUB01000002.1,44995,45205,0,211,35.30356457516868,19.999999999999787,-0.025479416037246183,0.40032378402044083,-76.32201385498047,33,9,0.7156398104265402,0.40603540621715334,0.40311476980581645,ok
BMHQ01000003.1,113369,113541,0,173,92.42247186966856,0.6303691529715553,0.3998520047845144,0.45593444219379564,-55.40247344970703,18,17,0.5953757225433526,0.44265406033037313,0.4665113104391935,ok
CP004120.1,1329411,1329528,0,118,38.2040823182976,7.361191357379256,0.49038442237899144,0.6434158776541792,-13.654481887817383,19,13,0.3389830508474576,0.4878232825230449,0.7311906139782667,ok
JNVU01000039.1,25150,25260,0,111,41.70117568881022,9.432538868179527,0.01611382145479434,0.47062678269179387,-33.94468307495117,13,13,0.6846846846846847,0.4637395620438758,0.47501659496851967,ok
BX248353.1,922838,922969,0,132,58.98982303855108,3.555868281892787,0.21918329310663442,0.562858237756804,-25.043054580688477,22,15,0.5151515151515151,0.530859716502922,0.5918556300083881,ok
BDUF01000004.1,99961,100127,0,167,81.96053051427724,4.682455912677117,0.577931448077766,0.4977899397639147,-37.979915618896484,15,12,0.5568862275449101,0.467603265229782,0.5324450224961501,ok
FONT01000002.1,424112,424221,0,110,46.12369100929849,8.992810753756489,0.12278912190185648,0.5360502677566723,-20.51168441772461,14,8,0.5,0.48799108670841906,0.5744993326589856,ok
PIPI01000001.1,265458,265676,0,219,82.85474294419025,3.5488993390998957,0.6174905765402958,0.46089762373018456,-45.41324234008789,27,12,0.5388127853881278,0.41933353990007727,0.5036118538875628,ok
AYSH01000020.1,182833,183041,0,209,68.49111690782165,5.485934871808729,0.6500200419571844,0.6251309713816711,-23.151952743530273,28,18,0.37320574162679426,0.5654224597621758,0.6944610643908982,ok
WTUW01000002.1,352529,352634,0,106,94.9999999999949,3.6161686136676665,0.34997616955819366,0.5613524707259189,-21.330482482910156,14,19,0.5566037735849056,0.5449382087137946,0.5785412832046429,ok
AP008230.1,3582741,3582630,0,112,67.29689950281842,5.677103106674325,0.6589476456862124,0.5703926664203498,-16.36839485168457,14,14,0.48214285714285715,0.5069725669477617,0.6448473065889292,ok
KE159597.1,64337,64626,0,290,66.86024434205173,4.795559268511912,0.46241399169685227,0.6263953550823108,-40.21674346923828,24,19,0.46206896551724136,0.5758883851350646,0.6804574108401416,ok
CP003620.1,4833593,4833747,0,155,44.875294949978475,3.390927491288724,0.24081210631935795,0.5633948116195837,-23.090984344482422,16,22,0.45806451612903226,0.5195352475095222,0.5976669505219713,ok
KE993496.1,71947,72128,0,182,66.04825216575655,5.028072022247822,0.5673225054926937,0.4915942140136191,-31.008901596069336,23,15,0.4010989010989011,0.4282289079915156,0.5605962502558265,ok
LJIX01000006.1,273594,273643,0,50,84.05090655728127,5.089463048431408,0.5578891981663003,0.46943139680981566,-9.346012115478516,14,10,0.46,0.4468950530778839,0.49649986628521736,ok
HF988797.1,31382,31120,0,263,47.11225260153537,5.175206438773739,0.1137022419865612,0.6651038857750757,-37.916419982910156,16,19,0.5247148288973384,0.6357844780721841,0.6887835135083522,ok
AMRL01000006.1,106191,106298,0,108,80.68776551914029,5.2477899908199825,0.5671843956263691,0.42314070516100816,-36.296234130859375,13,13,0.6481481481481481,0.39678901279954654,0.45495270481328387,ok
VLKH01000015.1,45405,45184,0,222,66.90103520462222,2.5635361011742135,0.7188389308029712,0.6910656567189671,-18.181583404541016,17,44,0.36486486486486486,0.6153891491545723,0.7571643799739675,ok
PISE01000031.1,80619,80868,0,250,59.609076331335096,4.86211873336733,0.3911996368880459,0.5575534009998212,-35.92323684692383,17,20,0.448,0.49642554915567827,0.6192189906737033,ok
AFRZ01000001.1,841263,841130,0,134,72.25511582491595,6.890492083057651,0.5769221926521142,0.5694149257651113,-16.780319213867188,17,31,0.4626865671641791,0.5387639023593888,0.6108957423452694,ok
JNFA01000030.1,149618,149477,0,142,91.19745777290329,2.827735703563211,0.619811851174862,0.5552335152799083,-31.59148406982422,16,13,0.4859154929577465,0.5169057600378966,0.5920010147622695,ok
KN125580.1,2833222,2833417,0,196,58.135463521842674,4.6992832981526735,0.1619979369555546,0.5079391624990256,-44.97981262207031,17,13,0.576530612244898,0.4810098258229924,0.5341994382638161,ok
GL890572.1,543073,542972,0,102,63.816470283596054,4.475193851964156,0.4255883126124177,0.5144644913752857,-18.877960205078125,14,10,0.5196078431372549,0.45980475775324314,0.5701821902746117,ok
PJNH01000001.1,162157,161953,0,205,71.91591759096532,3.694024207312232,0.6864814090830359,0.6790284806275304,-15.981132507324219,21,30,0.4195121951219512,0.6125051038163637,0.7452193636763765,ok
RKRK01000003.1,357799,357900,0,102,41.451851364166885,13.34961159257003,0.08761882853226766,0.6917355278383489,-6.375818729400635,7,24,0.3235294117647059,0.6454863308160391,0.7142374331598634,ok
BA000045.2,4374948,4374811,0,138,50.79363931456529,8.932612113711336,0.08792306113207815,0.5401585409112712,-33.137935638427734,17,9,0.6376811594202898,0.5138884218241605,0.5680654229382445,ok
CP049109.1,1679269,1679456,0,188,94.99981423066968,3.929366378509185,0.3321522741811495,0.3242310147914746,-78.69041442871094,30,7,0.6648936170212766,0.31130218008085353,0.3383475388233935,ok
SRIB01000008.1,52279,52355,0,77,44.444479109675534,8.726982875031078,0.05664930812056235,0.5688841181690761,-13.369527816772461,10,14,0.4675324675324675,0.5460488310192778,0.5852185298526806,ok
AYYZ01000030.1,64975,64875,0,101,50.103835968780416,6.186129819645541,0.17653832637622224,0.7124183037753028,-8.73489761352539,6,28,0.32673267326732675,0.665458366652269,0.7549019619614498,ok
CP002637.1,2025197,2024994,0,204,41.76633702575681,9.956033877882485,0.06699084752024842,0.577085582472874,-36.84221649169922,11,55,0.5147058823529411,0.5472768215801205,0.5946779422477082,ok
JABAFA010000011.1,46966,46868,0,99,87.42331311678838,5.132529460758049,0.5465836728347425,0.5208215555729739,-23.200870513916016,10,8,0.6868686868686869,0.5025817828085263,0.5429823643542868,ok
FOWD01000054.1,4847,4583,0,265,54.508017168371914,5.705627216215815,0.34274265336076315,0.6861024995439217,-18.625322341918945,13,43,0.3433962264150943,0.6146980817989427,0.7563924084242745,ok
HF987495.1,74296,74175,0,122,84.60952990157642,3.0555409636692903,0.4956168731469469,0.6125313442019878,-20.931568145751953,20,17,0.5245901639344263,0.5779468079874124,0.6461026507686344,ok
FNRK01000006.1,110516,110428,0,89,67.19533796428931,4.992224592430207,0.4542736103922135,0.6553268518317416,-8.733272552490234,16,15,0.48314606741573035,0.6075922617046542,0.7077808105095291,ok
OUNR01000020.1,65835,65642,0,194,39.31222420813179,10.927208327283129,0.07652770139348275,0.5505367715404016,-36.986839294433594,47,19,0.5721649484536082,0.5176206959259444,0.5668589696522519,ok
CP041372.2,3139158,3139053,0,106,84.19324383162908,4.637857286289737,0.569628512829434,0.5765535043258335,-18.784324645996094,13,9,0.5566037735849056,0.5497647465432349,0.6073070152881386,ok
ASWO01000001.1,723265,723022,0,244,75.69943137256502,3.3844131985781787,0.6697862752210829,0.6532812356706602,-25.622167587280273,10,42,0.430327868852459,0.5947841841147627,0.7103217040388867,ok
BOOW01000004.1,50974,51117,0,144,87.15262368120617,3.528509809549026,0.5992360413195286,0.46483611403109243,-33.897525787353516,32,8,0.6319444444444444,0.42939697938408206,0.5013381846566655,ok
QWET01000006.1,35957,35776,0,182,87.62509049729915,4.719790533524851,0.5548100582529115,0.6424504158998804,-25.786855697631836,20,38,0.45054945054945056,0.6209021883449973,0.6675073635891486,ok
CP022736.1,2799395,2799127,0,269,49.684379944980044,5.655566337561842,0.11920810286893163,0.508842731652487,-62.86117935180664,16,21,0.550185873605948,0.47836667556040874,0.5356768797738513,ok
ALNK01000027.1,207627,207398,0,230,46.02673087206148,3.3945600761773913,0.3387462915171088,0.7586341939573962,-12.959603309631348,20,59,0.3826086956521739,0.6972902389517244,0.807090015899992,ok
KQ758618.1,647294,647527,0,234,48.075833058964,9.254081643670752,0.25534428170541557,0.5490653737795314,-37.27030944824219,28,16,0.4700854700854701,0.45707899822669584,0.6346948865532885,ok
CP005078.1,1069039,1068881,0,159,68.71305696369186,6.841567765388083,0.6102234461150812,0.5978266882683781,-16.841190338134766,20,30,0.27044025157232704,0.5534001037486292,0.656299688822924,ok
QAON01000001.1,90909,90789,0,121,70.95736696058444,1.0791741516778526,0.8800392380854416,0.624970695579503,-15.978170394897461,12,14,0.4462809917355372,0.5758749238744092,0.6644369523218491,ok
NFLT01000007.1,116006,115858,0,149,73.37663689623757,4.800059982095182,0.6268142398284393,0.5218625895840597,-18.331401824951172,19,28,0.2953020134228188,0.4722902319654622,0.5775654896761797,ok
SEFD01000008.1,22057,21994,0,64,75.44994768337492,6.2904707552357495,0.5687812869825863,0.5100676845555203,-14.87287712097168,16,7,0.640625,0.48283039170147246,0.5456806782747605,ok
JH590862.1,494529,494395,0,135,62.26214034599733,9.468078371672545,0.4347155067351879,0.576702529518012,-23.31932258605957,11,13,0.5111111111111111,0.5372063773276725,0.6370647368071808,ok
JRAR01000047.1,472,565,0,94,78.87991825104281,3.9847156029170576,0.6192775187940743,0.6124115407784819,-15.654863357543945,13,19,0.5106382978723404,0.5682708708761692,0.6589754144088069,ok
FNNC01000001.1,594222,594401,0,180,78.26684776712663,5.1831101459151805,0.5807527945064002,0.44960797653986145,-37.335975646972656,25,12,0.4722222222222222,0.418026103950914,0.48735187932257484,ok
LOEE01000046.1,66305,66082,0,224,45.00114536197516,5.329518492762388,0.15136960642373798,0.6391264707091296,-28.101728439331055,31,25,0.4642857142857143,0.5976959137552055,0.6705572875119724,ok
JRNI01000028.1,26111,26014,0,98,60.017153368928156,6.224838584643275,0.3245574394239239,0.6005415581586264,-13.602279663085938,11,14,0.5204081632653061,0.5518840679305194,0.655870986103661,ok
QJJR01000003.1,167892,167625,0,268,59.72549541692762,4.66609260342287,0.4112754529374135,0.6151303834294745,-30.96575927734375,33,50,0.43283582089552236,0.5513092625904262,0.6778821457249042,ok
NFKJ01000014.1,73053,72957,0,97,66.377746505931,2.7343250022259755,0.5708305970986479,0.7680824433685932,-5.767856597900391,6,28,0.3402061855670103,0.7057001463961025,0.8232242058275692,ok
AFUG01000008.1,120320,120112,0,209,75.7300154919537,4.001557931325324,0.6394544075315578,0.6455682542921675,-21.138975143432617,14,23,0.42105263157894735,0.5938131694951794,0.6993684622822987,ok
CAUI01000005.1,419974,420182,0,209,70.15396222231688,1.4512953817721201,0.8522761744049255,0.6331750404957419,-22.497772216796875,21,43,0.3444976076555024,0.5720582930584172,0.6833456074829167,ok
LT605205.1,2272344,2272131,0,214,85.04931446670291,3.9414448125945767,0.5900553011139295,0.6223979377462424,-28.226484298706055,23,37,0.4672897196261682,0.5889981466792436,0.6580445434811668,ok
JACHHO010000001.1,1636182,1636072,0,111,53.56421700718606,6.753083059151691,0.09328815897269538,0.38935184707227505,-40.41242980957031,22,9,0.7387387387387387,0.36791167085341164,0.4116429129576339,ok
PYYB01000004.1,317870,317675,0,196,42.17918704493335,11.404875204475347,0.04005993689259668,0.4295758781682862,-69.0176010131836,11,6,0.6989795918367347,0.4100922575584547,0.4409786867167613,ok
FNIJ01000013.1,159149,159054,0,96,76.21176724277736,7.904166142266672,0.5382753962310924,0.4194137380123029,-34.0692253112793,9,9,0.71875,0.4046362849283442,0.4415693805196212,ok
FNQY01000005.1,176894,176973,0,80,59.19473196993621,4.395263420630941,0.19312820252096308,0.6860017007416884,-7.661056041717529,9,19,0.4625,0.655746663178125,0.7150626308473026,ok
SMFQ01000003.1,160959,160831,0,129,41.189777633061134,17.955152304517178,0.07953022780340502,0.6881528370670852,-9.528209686279297,12,36,0.37209302325581395,0.6400416145941723,0.7041863297638488,ok
VDUW01000001.1,13018,12897,0,122,82.05984933790529,3.181051984662736,0.640261013601336,0.511291280510254,-23.15911865234375,14,11,0.4426229508196721,0.4642843850044488,0.5574342195735965,ok
KE993461.1,18094,17995,0,100,90.45568092801346,2.627953117504985,0.6353917630095405,0.6722432245390921,-11.277563095092773,10,27,0.5,0.6308463057371423,0.7110235067198097,ok
QQAY01000004.1,55230,55329,0,100,28.82368041231938,2.318596095779437,0.7810077702455906,0.5313128143719024,-16.95543670654297,12,36,0.41,0.44982756948989905,0.5896442902687536,ok
CP017675.1,758659,758512,0,148,94.99999999718891,2.8351648317141014,0.22354920375996767,0.570327757126825,-25.510759353637695,17,15,0.5337837837837838,0.5567910319252296,0.5835144105851587,ok
CP023434.1,1391299,1391080,0,220,75.52513947303935,3.395920401097741,0.6706721069069675,0.6866211568047871,-18.846437454223633,11,46,0.42727272727272725,0.6276056989655862,0.7441576155629482,ok
JACICC010000003.1,101010,100901,0,110,60.83913590576625,3.6714045401474906,0.3245824152088346,0.5538579951985393,-27.725086212158203,27,21,0.6636363636363637,0.5083894908056691,0.5959305407791814,ok
SMAN01000020.1,37366,37265,0,102,41.52904433189244,16.69308440546876,0.0650655096113737,0.6301491335592052,-11.968481063842773,15,16,0.4215686274509804,0.5918709104747216,0.646719836927671,ok
FWXY01000001.1,348496,348831,0,336,51.80641287337812,7.356638707364009,0.28174389003121014,0.4927642110363122,-60.84614562988281,61,16,0.41964285714285715,0.418729301669447,0.5682608149279393,ok
ACVI01000136.1,939,704,0,236,48.21664465224629,6.733258913844903,0.2842753759768377,0.70688461482171,-14.502578735351562,16,34,0.3347457627118644,0.6211523600134989,0.781392924970357,ok
AFDH01000082.1,45024,44836,0,189,65.44913221986427,4.858971481324272,0.32447107368476136,0.5270376461335365,-38.569480895996094,19,13,0.5555555555555556,0.48919243946473806,0.5675759559330076,ok
CP061336.1,4643416,4643155,0,262,61.78807388923244,5.649276130508745,0.4597190637695623,0.622699647031617,-30.576936721801758,19,27,0.4083969465648855,0.5596059420662941,0.6924056660933662,ok
CP000142.2,2400104,2400022,0,83,74.8871517912213,5.162105348793249,0.6017700479248026,0.5591794392292807,-15.15377140045166,13,7,0.5421686746987951,0.5192871095549122,0.6058927075522931,ok
CP011254.1,4269297,4269489,0,193,47.11735223344927,7.362702677739761,0.13659155006314033,0.5378087200163213,-42.23255920410156,18,14,0.5544041450777202,0.4923128346532064,0.5757790159312115,ok
MJIG01000004.1,707087,706935,0,153,74.96285766774179,4.164576228716672,0.6380148784191884,0.5752855775197762,-27.099407196044922,15,17,0.48366013071895425,0.5235860324162435,0.6299192982694505,ok
MAXC01000053.1,330133,330275,0,143,55.636264884970466,5.134283099440158,0.17192552020279944,0.4538301095798949,-38.583953857421875,17,8,0.5944055944055944,0.4210563730915395,0.48559248205055466,ok
FR886170.1,1607,1422,0,186,67.53319478412087,4.495521241574448,0.5492983235658547,0.6365198605888028,-24.469219207763672,19,13,0.43548387096774194,0.5770626327260945,0.6988054187661839,ok
FQYX01000002.1,39886,40116,0,231,40.90633826827141,17.99883604040043,0.0285452459346186,0.5605801514007562,-33.471160888671875,49,20,0.45021645021645024,0.5434361830035739,0.5686763420146156,ok
AZEC01000003.1,146176,146240,0,65,58.91946241379877,5.377142964174425,0.2975532619096899,0.692253554346992,-8.609739303588867,6,10,0.4307692307692308,0.6436885465981941,0.742661559298212,ok
PRDS01000011.1,44146,44239,0,94,67.05266929316343,3.608821495194702,0.4624427412472267,0.46265104049466516,-30.65738868713379,15,16,0.6914893617021277,0.4098870551814018,0.5133735187141509,ok
JACRST010000001.1,164547,164312,0,236,90.9662590309593,2.9164430198129323,0.6153381173502097,0.5442637756615687,-47.867454528808594,25,22,0.5720338983050848,0.5067987391464543,0.5805672131669953,ok
SJZB01000027.1,10479,10393,0,87,44.7397276640649,4.62299402532667,0.25378393266498767,0.4843925551920519,-23.736042022705078,25,6,0.6436781609195402,0.42305629133454903,0.5319036257046573,ok
OUUY01000074.1,6519,6410,0,110,82.54950997904467,4.429569352661342,0.5535257788480121,0.6251712878207204,-16.86231803894043,11,12,0.5181818181818182,0.5953047668003779,0.6585291712964724,ok
AEUZ02000001.1,910238,910345,0,108,94.96235762223694,2.2012290765039118,0.4817176765083194,0.5018048694978451,-25.6983699798584,12,13,0.4166666666666667,0.47119869836276584,0.5296225631239616,ok
JWHU01000024.1,2800,2942,0,143,69.52642656194018,6.4173674067997455,0.6124517068828901,0.40734969669279875,-32.698280334472656,17,10,0.4125874125874126,0.3620849680689192,0.4652703014288952,ok
JACOGI010000002.1,140659,140449,0,211,94.99999059636997,3.6284199055220885,0.5007066907342357,0.45897807308621047,-72.22254943847656,22,10,0.6445497630331753,0.43688253541847133,0.4824376522132548,ok
LJHP01000016.1,30373,30289,0,85,94.99994384813002,3.805667800118291,0.52415227926637,0.45275165514429666,-21.28727149963379,25,6,0.6588235294117647,0.43139066387508357,0.4757168843243438,ok
CP054476.1,2659931,2660125,0,195,55.33228981463599,3.752187930766911,0.15666234678650087,0.5458740519923293,-43.448123931884766,15,21,0.5846153846153846,0.5198060481765273,0.568887456909495,ok
CP018906.1,2045888,2045660,0,229,66.15737482875767,6.241608053509961,0.6574501685909983,0.6022804207134093,-27.067163467407227,10,16,0.39737991266375544,0.5391435628779898,0.6799218039978856,ok
CP003923.1,846421,846499,0,79,86.4700185849447,2.6314780535602127,0.6542258641208074,0.5282913776666133,-14.957437515258789,15,7,0.5443037974683544,0.48097560971727543,0.5729989986223942,ok
VJMG01000063.1,21477,21239,0,239,48.890230737271764,6.082809444326062,0.1333718944073239,0.4993192457902607,-59.89237976074219,14,14,0.606694560669456,0.462502725720123,0.5312102754686826,ok
JXYC01000009.1,217156,217062,0,95,44.110617600077646,6.761714228944558,0.2195489723042121,0.6881344456858048,-14.811165809631348,8,25,0.3368421052631579,0.6146413114289746,0.7425681705751684,ok
BEIA01000003.1,3294,3423,0,130,78.0610878507438,3.1615856656218204,0.3154867531237492,0.44278390586132493,-46.1560173034668,11,8,0.7307692307692307,0.416710572791008,0.4678630555207109,ok
JAUNQW010000003.1,75849,75626,0,224,52.86191171258595,5.549818693397705,0.2460579015230051,0.7391550520730342,-16.906755447387695,19,30,0.35267857142857145,0.6842768527827074,0.7907633323800553,ok
KV786946.1,73421,73331,0,91,64.32378342945458,5.627028260998977,0.41489259221650154,0.7345210238877122,-7.030027389526367,8,19,0.3956043956043956,0.6860192364632112,0.7898652577573851,ok
CP000285.1,2342007,2341819,0,189,93.48455046523947,1.3885239603917126,0.43437305167547435,0.3932634278667364,-68.85706329345703,34,10,0.6455026455026455,0.36778591591447746,0.41451310298463545,ok
FORT01000008.1,242912,242670,0,243,73.63557830583139,3.900098587352638,0.6607081250366487,0.6233630139969958,-28.15995216369629,45,24,0.4897119341563786,0.5641988026682357,0.6834762177818132,ok
JADEWQ010000090.1,4522,4670,0,149,43.42652296332337,6.487907625592246,0.16022326967946432,0.6107652877691905,-18.6885986328125,38,26,0.44966442953020136,0.5585234981330214,0.6480751924060411,ok
SACT01000004.1,92203,92441,0,239,55.092852042085,19.999999999502787,0.038098278167510435,0.3667384504260604,-91.16537475585938,32,8,0.7238493723849372,0.3630938509271922,0.3795053381512647,ok
AP023366.1,818732,818601,0,132,94.99999999960737,2.668716811488446,0.5116539299317981,0.5072062480791233,-24.987152099609375,25,18,0.4772727272727273,0.47679574296350086,0.5362983738288669,ok
CP041730.1,4302933,4302758,0,176,94.99999994761795,2.988678116406551,0.5487017421266336,0.37232906224342505,-61.75314712524414,26,11,0.6136363636363636,0.3425147300336485,0.4016774583265202,ok
CP002801.1,699223,699058,0,166,92.23096433740899,4.12853081052949,0.5594668911322517,0.37802303141050353,-56.602867126464844,38,6,0.6987951807228916,0.3556560252365807,0.4027978086751165,ok
LGUG01000004.1,46723,46811,0,89,78.18871624767561,5.5812891915755545,0.5696974251961021,0.5328926568075844,-17.82075309753418,18,16,0.5056179775280899,0.505389998571253,0.5669624802985682,ok
KE150423.1,147506,147302,0,205,51.88072795072997,7.521340012343788,0.27910700501388663,0.6129998766550407,-24.07825469970703,18,24,0.44878048780487806,0.5392069704319524,0.6881945601316272,ok
CP001727.1,1116296,1116152,0,145,59.78812944649359,4.850655064657672,0.2386359634005038,0.49289883106592564,-37.062110900878906,19,10,0.6068965517241379,0.455937764070546,0.5302208565319722,ok
CP019706.1,3542547,3542451,0,97,74.14207564830741,5.546536356675176,0.596495856908449,0.528682311999621,-23.651321411132812,12,12,0.5463917525773195,0.49028922629839355,0.5752864524126202,ok
JAMQKB010000002.1,173726,173499,0,228,63.985995373119025,4.588090936889564,0.4849697746205619,0.6196124808688708,-23.730602264404297,24,26,0.40350877192982454,0.5579376840719953,0.6831141214307687,ok
MJEJ02000025.1,58573,58447,0,127,45.679063115154214,6.149452468763485,0.11769710724229948,0.4896293251070128,-31.494014739990234,23,15,0.6535433070866141,0.45400825321688154,0.5182375247542617,ok
JRFA01000017.1,18439,18680,0,242,49.47798795113429,7.215102545760752,0.25246941691732516,0.5288322125377823,-30.382713317871094,23,12,0.384297520661157,0.45361870431669526,0.5975748201008061,ok
LGKP01000003.1,15636,15772,0,137,82.6478153474112,3.7812588477732376,0.6072665444234656,0.5677929533662035,-22.061925888061523,11,16,0.48905109489051096,0.5287840529600633,0.6084442175507897,ok
FR879556.1,24032,24140,0,109,73.34912304978062,4.30701831771081,0.4826407921618848,0.6058206190655785,-17.525157928466797,17,20,0.5229357798165137,0.5649914321739251,0.649214946665722,ok
CP017269.1,3690587,3690800,0,214,53.74941424407987,7.131968236040422,0.27741396999417417,0.5772810218826235,-34.22051239013672,12,17,0.4719626168224299,0.5132967537606217,0.6451933384046107,ok
JACIDY010000006.1,116709,116900,0,192,28.968177234288564,19.999999996276525,0.5042046112885183,0.4304496060588405,-51.418521881103516,18,8,0.671875,0.42706734741803,0.433855428467198,ok
FRAG01000004.1,119734,119852,0,119,55.95352979906214,5.072927418739235,0.30512146405960044,0.5717818109047048,-17.732955932617188,13,23,0.3697478991596639,0.5146369594573347,0.6270473012929122,ok
QIBZ01000005.1,85511,85682,0,172,76.16170339356178,6.157959363985103,0.5678053159968697,0.36682395696474845,-57.439453125,24,7,0.622093023255814,0.3398665491136331,0.401650684344981,ok
CP001219.1,466131,466262,0,132,94.99991982737046,3.910261407437937,0.4274139092183767,0.4106873302072646,-46.588539123535156,37,13,0.6666666666666666,0.39402239232060393,0.4288196219643853,ok
JGVW01000131.1,23986,24102,0,117,94.99999998413956,3.806346708840999,0.37350985957440624,0.5134258608229688,-29.44695472717285,18,9,0.5726495726495726,0.4980454662178966,0.5299629937699181,ok
CP002738.1,3052770,3052683,0,88,92.82703434566045,2.3464134710110742,0.646885170253783,0.5114761565209688,-19.787128448486328,8,11,0.5681818181818182,0.4696952769549,0.5497908169208916,ok
JWHU01000004.1,13780,13686,0,95,71.92628969936055,4.349574174322371,0.5334040790141851,0.5819526502796366,-14.645888328552246,14,8,0.5789473684210527,0.534194222849676,0.6327795583983882,ok
CM002917.1,3005378,3005490,0,113,92.84142548364198,4.890432872216114,0.5387873552273736,0.5070995402128043,-28.44900131225586,19,10,0.6194690265486725,0.4920728105584969,0.5250943845377368,ok
FNFD01000003.1,232332,232108,0,225,85.34704809727609,4.235863202415821,0.5739336931556527,0.47306759022588946,-59.4272346496582,16,16,0.6,0.44393697107046376,0.5050854260784255,ok
JACYLW010000010.1,58576,58761,0,186,55.94112919344747,5.854655885639899,0.22576332392034054,0.4962828969766972,-44.17498779296875,18,22,0.553763440860215,0.4525135194259497,0.541344972812731,ok
CP001739.1,2233593,2233690,0,98,41.55097667493924,8.313008710088756,0.14989329870630408,0.7252461413093694,-8.798555374145508,22,25,0.336734693877551,0.6665789832266222,0.7612531371670215,ok
ASWO01000001.1,790075,789983,0,93,83.89958555619283,2.5889670537501868,0.667631186678009,0.7398190056777625,-5.878630638122559,21,17,0.3763440860215054,0.6896063082343743,0.7859121298067875,ok
VKDD01000003.1,306722,306547,0,176,53.44277672158547,6.653362342073088,0.2949358588112937,0.5821763950457721,-23.759143829345703,20,15,0.4602272727272727,0.5140644623719134,0.6519494952670927,ok
FRAH01000077.1,2314,2538,0,225,48.84532315992662,9.970336866947074,0.21052209045533543,0.5246050583024485,-38.608646392822266,30,18,0.5244444444444445,0.4498764754421335,0.5988567761528775,ok
QKZV01000001.1,630376,630441,0,66,57.344460008284095,3.9006448374426954,0.2512671153912218,0.7004063460417939,-7.83259391784668,12,15,0.42424242424242425,0.6601825167834982,0.7370912941340659,ok
WUUQ01000002.1,320435,320629,0,195,58.84072426226274,5.979282014178272,0.3821514645664618,0.5495184874793452,-31.265819549560547,28,15,0.4564102564102564,0.48710695092452483,0.6176370974417053,ok
FTPS01000001.1,1772552,1772346,0,207,20.207870330977357,6.0345490076993356,0.5107696789781896,0.45241958681530253,-60.76602554321289,28,18,0.6280193236714976,0.44426089610238,0.45717806801079053,ok
FMYM01000002.1,273826,273927,0,102,37.04019648275797,19.99999999999996,0.048570188235674716,0.6247115401277035,-14.359569549560547,7,30,0.4411764705882353,0.6054435059308162,0.62564847125431,ok
JADPIE010000005.1,182863,182722,0,142,61.52332574250469,4.866436488595814,0.387670786086484,0.6302592454954725,-17.876710891723633,19,21,0.4295774647887324,0.5750239534683844,0.687138424549882,ok
AZDG01000010.1,31998,31896,0,103,53.53250735101167,5.284377549002987,0.358028722696469,0.6481931258581902,-9.776361465454102,11,9,0.4368932038834951,0.5724619056078412,0.7196248259460792,ok
LGKO01000006.1,133282,133345,0,64,85.64641726027344,4.610487566931288,0.5649932385134331,0.4999967604679043,-12.770269393920898,17,11,0.609375,0.4750879291862529,0.5286366415280418,ok
WUUQ01000007.1,40026,40194,0,169,71.39685756705126,7.099199841927285,0.5800757015649409,0.5125918644793739,-36.66525650024414,15,16,0.48520710059171596,0.48056659619855063,0.55663977177225,ok
BMGR01000002.1,287436,287281,0,156,71.60305502849266,5.799904979818922,0.6088662419091746,0.6201704449697828,-20.304275512695312,23,13,0.5448717948717948,0.5766331419674388,0.6733309096063301,ok
RAZB01000004.1,141007,140911,0,97,48.107629791914505,7.743178475693013,0.2018537498573021,0.6491512644099667,-12.624588012695312,22,24,0.5463917525773195,0.5826194805893478,0.7080285054939224,ok
AE016853.1,327286,327345,0,60,94.99999991530463,3.338351248226684,0.5490135175845441,0.30634441162596077,-20.495189666748047,23,4,0.6,0.2796794243180578,0.3336288233528891,ok
QJJK01000005.1,451763,451976,0,214,94.99999999124063,4.162716738720032,0.34807880093788407,0.46611570009800635,-58.34881591796875,20,18,0.6214953271028038,0.4535479367955052,0.47999513504787666,ok
CP010311.1,1783204,1783290,0,87,50.11506209544598,4.695671333829674,0.10396166317088029,0.5694561336426857,-20.24378204345703,12,15,0.5862068965517241,0.5463617697599518,0.5893706467276189,ok
CP011770.1,1809850,1809707,0,144,62.37325662082334,3.878291783671755,0.20789565190838594,0.4478137700985055,-39.305511474609375,24,6,0.6041666666666666,0.41972399287660656,0.47458581630152824,ok
CP080467.1,1589264,1589370,0,107,90.43359027305146,3.0661228667663667,0.3576465849090674,0.470682679787267,-28.859453201293945,32,15,0.6074766355140186,0.4493812864553451,0.4916592115818433,ok
SRYR01000004.1,146794,147017,0,224,54.48692813109919,5.201586700504468,0.45525463770543545,0.5885058063340093,-20.25364875793457,45,32,0.26339285714285715,0.49690824735537414,0.6765158122275354,ok
MKIR01000012.1,189050,188970,0,81,73.41235661372414,2.4034771307176785,0.752180443935599,0.705032124233078,-7.392263889312744,11,26,0.3950617283950617,0.635236088447638,0.7671098019714098,ok
CP042266.1,3412057,3411999,0,59,94.999462273071,2.2469771271094383,0.6024178429618696,0.6809695155438149,-12.318357467651367,6,16,0.6101694915254238,0.6429653779152995,0.715375105378666,ok
QXEV01000023.1,21362,21193,0,170,42.06391180361203,2.2334706904683257,0.5536999831199475,0.7654551340018937,-9.5836181640625,6,102,0.37058823529411766,0.6976335274465617,0.8175452030856353,ok
AP012978.1,2506538,2506457,0,82,94.25239183997819,2.543874276830093,0.25876966329255585,0.5100807682391514,-22.33078384399414,22,11,0.7317073170731707,0.494228092306933,0.5250050263760989,ok
CP042819.1,210924,210704,0,221,91.70282956680683,1.9278473947835035,0.6273121073684701,0.49162542881156385,-56.30092239379883,45,13,0.6063348416289592,0.45015155041789306,0.5278388072740834,ok
BMJS01000037.1,19260,19157,0,104,65.57980966024056,5.183884136125545,0.48121340952568836,0.6069766887650553,-11.857245445251465,9,19,0.4230769230769231,0.5526396457704706,0.6669817181023372,ok
LOED01000002.1,108358,108142,0,217,89.05466488612784,4.6047549275145485,0.5554699994162385,0.5448140030432232,-41.515602111816406,25,21,0.543778801843318,0.5227195370217242,0.5699223278288387,ok
FWXK01000003.1,38915,39048,0,134,55.07851688040989,6.911284714244388,0.2677232865451261,0.5345870021461775,-26.763023376464844,13,12,0.3880597014925373,0.47864570971967674,0.5957841349265209,ok
NFJL01000003.1,143440,143543,0,104,50.46878402188744,3.9079777634137787,0.15350184968688796,0.5678510809242087,-19.833942413330078,15,20,0.5288461538461539,0.5383389281193134,0.5926932866132653,ok
NQYC01000001.1,162176,162406,0,231,45.27559848231425,7.4970723500036724,0.1074735653607426,0.5362114831167668,-53.68408203125,24,12,0.5497835497835498,0.49800985162204453,0.5657024295011441,ok
GL945163.1,407467,407200,0,268,43.198999280667664,16.406368730419622,0.08942204885696559,0.6910975364314424,-23.063720703125,43,35,0.47388059701492535,0.6390962282133184,0.7142230454615472,ok
NGKC01000007.1,142629,142431,0,199,50.13793683695789,5.7039599533066605,0.2811173707075685,0.7439811200892684,-12.816648483276367,21,48,0.4221105527638191,0.6729333450215729,0.8074268003098285,ok
PDOF01000006.1,19921,19704,0,218,47.13825340578169,8.398348388722937,0.09518552384422702,0.45859838364630834,-41.0449333190918,48,19,0.5321100917431193,0.42438670072747087,0.4885184283056734,ok
AZGB01000003.1,30349,30590,0,242,43.06662542963932,5.178057787006049,0.36360583161261445,0.6135706398418682,-27.47894287109375,20,32,0.3884297520661157,0.5156808206710289,0.6853891385785575,ok
QFRJ01000014.1,71473,71679,0,207,50.578195317191025,4.131530548397397,0.3468905867123685,0.5934492476643353,-27.39261245727539,19,22,0.4057971014492754,0.5240847368095318,0.652522668599106,ok
NFLG01000027.1,10110,10015,0,96,41.787750767418835,19.999999969595684,-0.017837765970393216,0.4844912684183777,-15.489448547363281,7,12,0.46875,0.49562485679805646,0.4819552918244075,ok
SMFL01000001.1,476060,476248,0,189,45.775706457608315,7.569391562090764,0.17700210366924252,0.6109805777861238,-28.852388381958008,24,19,0.48148148148148145,0.5483323597958578,0.6601709990751023,ok
JACRST010000001.1,197029,196763,0,267,41.93647351580322,8.992742469652951,0.10574034061475213,0.5639763230196099,-55.818260192871094,15,32,0.5955056179775281,0.5199571470182465,0.590833750451941,ok
CP000576.1,309896,309819,0,78,68.73362222313841,4.082990547480831,0.5525024642775405,0.6249036918451992,-10.032205581665039,7,9,0.38461538461538464,0.5664454055403587,0.6841477432100923,ok
KQ969158.1,119316,119159,0,158,85.30164009776908,3.239647522707193,0.6205297934783438,0.5666103166321103,-21.71588134765625,13,18,0.45569620253164556,0.5254270076919875,0.6072248998525075,ok
JQIE01000238.1,6681,6549,0,133,50.45623443601425,4.968449988080471,0.2953161048786805,0.5128517030625193,-24.587326049804688,20,18,0.5338345864661654,0.4453301397893786,0.5721148448891262,ok
CP051151.1,701936,701837,0,100,37.74939982341559,6.0510546117673725,0.16378538061512582,0.808917867558829,-8.550948143005371,6,55,0.35,0.7641646762286295,0.8357741611852669,ok
JAQV02000007.1,54219,53995,0,225,49.001271793062514,7.141793051366193,0.2576623138102776,0.6344454035112516,-26.965011596679688,18,15,0.44,0.5567651002766051,0.7054449019225114,ok
QGDJ01000001.1,875954,875741,0,214,61.241516923488916,3.043896658244424,0.27295965391792804,0.40410283728490115,-75.57740020751953,34,8,0.7102803738317757,0.36917816025596484,0.435201840463829,ok
RAZB01000003.1,20295,20175,0,121,90.1709969086956,2.728976722611624,0.6299563393307702,0.6079496691658698,-16.163543701171875,10,15,0.5206611570247934,0.5673244151621583,0.6464857432798516,ok
MSFI01000007.1,44831,44606,0,226,93.48598321082072,3.228735455946274,0.5908719786778684,0.5296310130952101,-49.418556213378906,29,14,0.5353982300884956,0.4983093883357399,0.5613637839077738,ok
NHRJ02000001.1,522209,521955,0,255,56.430852716244836,4.380909672701779,0.31009661040988856,0.5329148822534283,-45.35475158691406,23,22,0.5372549019607843,0.47901147543848144,0.5831280197707309,ok
CP029478.1,1783967,1783824,0,144,65.16769956393729,4.924319157929124,0.6179857203054646,0.5525825485557357,-19.785186767578125,24,15,0.4652777777777778,0.4797018822810699,0.6307990481181394,ok
CP000724.1,3700638,3700859,0,222,70.1264122503026,4.432778930066596,0.669369816930771,0.5634940221231962,-31.201576232910156,18,25,0.44594594594594594,0.4983086452460176,0.6312480209425305,ok
FUZU01000003.1,809696,809803,0,108,76.13839811324283,4.106181776977798,0.6314985980910759,0.6538698659303642,-11.840335845947266,17,25,0.42592592592592593,0.6048137319466655,0.7055052540054878,ok
CP002826.1,2549363,2549617,0,255,41.004870634788865,15.014500139309693,0.0188785753874518,0.4241792749031779,-81.71802520751953,26,14,0.6431372549019608,0.41372024906161153,0.4294262653825558,ok
PNYB01000007.1,17571,17693,0,123,80.00486828054468,4.538914827838678,0.5919089196887508,0.42403206389778364,-32.37284851074219,39,9,0.6341463414634146,0.3886845744188872,0.463747154726141,ok
LKET01000051.1,15447,15345,0,103,59.89136855612248,5.549128942086184,0.24070118083868142,0.6357207941672972,-20.318206787109375,7,14,0.4077669902912621,0.5985454350896205,0.6753493881783298,ok
CP042266.1,5297456,5297296,0,161,49.141328011286866,6.651434524948334,0.08196921800972257,0.40067208124501663,-67.44986724853516,16,7,0.6521739130434783,0.37708201200785296,0.42201323774348426,ok
JAESIY010000014.1,98330,98134,0,197,81.0364632465598,2.880909984321313,0.6639514529067212,0.6354737664753367,-21.96282196044922,22,47,0.39593908629441626,0.5833190231577426,0.6846659080725991,ok
CP053708.1,3002828,3002688,0,141,50.13963597302832,6.331327542502186,0.1885165273219076,0.4957194396447259,-38.89496994018555,18,10,0.6170212765957447,0.44508182990882217,0.5420909814411109,ok
FQZQ01000027.1,43973,43871,0,103,49.80820037541857,5.7433389220250355,0.22452841770918908,0.5933957220790544,-18.08279800415039,7,20,0.5825242718446602,0.5357564858434135,0.6446605138574442,ok
RQZC01000010.1,65905,66070,0,166,54.465532673123626,6.402494094377136,0.14503962090258576,0.4812153868052785,-49.0670166015625,15,11,0.6746987951807228,0.45011044025838076,0.5136768671860257,ok
JACIFD010000004.1,111518,111626,0,109,94.9999076469113,4.700887766533821,0.24656756084649578,0.6285460001400098,-19.152698516845703,7,25,0.5045871559633027,0.6217558121840946,0.6365494932361027,ok
FNHG01000008.1,53427,53529,0,103,48.346513062687,5.092437002836368,0.05032656474678865,0.49851539778987464,-35.71837615966797,15,16,0.6796116504854369,0.4860654225923612,0.5089052502803459,ok
CP010776.1,768284,768392,0,109,94.99999999915127,2.6150199674269303,0.396188018968591,0.47867691510787475,-28.603694915771484,13,16,0.5321100917431193,0.455115639089441,0.5009367852978036,ok
JABAGC010000055.1,2568,2698,0,131,61.542149605841296,4.845585058973114,0.6832957617136741,0.4566036894257195,-20.3641357421875,28,17,0.3435114503816794,0.35933829462625816,0.5567058576551777,ok
GG665867.1,51065,51198,0,134,93.38619612948115,1.979789086637627,0.5307509690805275,0.5234549758642443,-29.877582550048828,22,14,0.5970149253731343,0.48896072258713225,0.5539565080485489,ok
CP022983.1,861502,861270,0,233,65.32720943162875,5.795138987733722,0.43375941413297936,0.6657871533864909,-25.992448806762695,26,24,0.43776824034334766,0.6190091242430106,0.7203816263723035,ok
QSBX01000002.1,127369,127123,0,247,51.20378749167866,4.171279434922964,0.26668666228791726,0.5535831636190486,-45.042259216308594,17,24,0.5546558704453441,0.5006195752706517,0.5989957048626073,ok
CP059066.1,143899,143798,0,102,68.44414108373336,6.326076500455105,0.6252448397215186,0.6098394172586311,-13.016084671020508,17,16,0.43137254901960786,0.5598602120438947,0.6728563057504442,ok
JAASRM010000001.1,3042040,3042152,0,113,55.10998681332634,6.906244861287334,0.2580735829220299,0.4323011946671884,-31.113574981689453,27,9,0.6017699115044248,0.3785365833363256,0.49123466413852024,ok
QXPZ01000019.1,70931,71185,0,255,55.38179109611673,7.532373397228094,0.36338706630382017,0.52406348439628,-37.37204360961914,28,12,0.4235294117647059,0.4491737602312252,0.609386817244051,ok
CP024123.1,1175678,1175857,0,180,68.6708372420709,5.853503930728339,0.6375209668823489,0.6306153734554638,-18.92306900024414,20,21,0.3888888888888889,0.5752564305590592,0.6973253827370428,ok
KQ758617.1,163611,163754,0,144,49.330702527397705,6.933819204834906,0.324391719955173,0.6457306815228413,-10.415328979492188,40,12,0.375,0.5507047962191075,0.7322029890447054,ok
AP019309.1,1011906,1011994,0,89,66.7134679476227,3.130643411357334,0.36912650773919997,0.6065708524996178,-13.78994369506836,13,15,0.48314606741573035,0.5647774512583033,0.6448151201391397,ok
CP017151.1,229663,229557,0,107,69.96599023257492,5.765904530870076,0.6251549765130824,0.45627140598470733,-25.060096740722656,12,5,0.514018691588785,0.4065080695494734,0.5165492375688807,ok
JAFIBU010000001.1,3688696,3688953,0,258,94.99997568840807,2.428142448246433,0.4401437478258194,0.4440041397694117,-66.40923309326172,25,14,0.5658914728682171,0.4168856950454302,0.4692096333263745,ok
KQ236745.1,478963,479074,0,112,77.83858429756465,3.4994427043823957,0.6484857712555245,0.6052783759940286,-19.424034118652344,10,19,0.48214285714285715,0.5533187353615293,0.6571706904896362,ok
NOII01000003.1,451149,451036,0,114,65.98909263535947,6.574434310109278,0.2263880165412644,0.6205142421176281,-21.15995216369629,12,15,0.543859649122807,0.5994893285661703,0.6470720606338758,ok
LSZO01000144.1,40536,40389,0,148,42.42596673361115,6.304899231667998,0.062119922807897854,0.5073744799818051,-39.0614128112793,22,22,0.6081081081081081,0.48763240405098857,0.5212459492196958,ok
JACHXU010000013.1,132955,133072,0,118,56.542523523551225,5.2003850890223315,0.14074956990884713,0.4823944709920575,-32.23332214355469,12,12,0.6101694915254238,0.4565736072970604,0.5078680775913712,ok
AP023366.1,3125338,3125228,0,111,46.252122069854565,10.061350036998974,0.07654626414651489,0.5944217583938348,-18.301982879638672,11,19,0.4954954954954955,0.5627200275948396,0.6203587621997003,ok
JACIDW010000006.1,131434,131354,0,81,48.3763479978925,6.437863062508864,0.262572390538575,0.533148035195481,-18.13302993774414,11,8,0.5555555555555556,0.4568498121495348,0.5999395450777175,ok
CP040396.1,751381,751480,0,100,30.549178170925327,19.999999999999996,0.5109969495490977,0.6443352265303374,-14.543159484863281,7,25,0.43,0.6354269030043411,0.6407718034077846,ok
QXJM01000027.1,14545,14761,0,217,94.28560597169673,5.105410806338692,0.5105567005920313,0.46234121498326425,-59.697509765625,26,14,0.5898617511520737,0.4502779911055325,0.4770887364165001,ok
CP106855.1,353027,352929,0,99,58.870662183011696,2.982685642425591,0.4881282721487147,0.6713309949215965,-10.244877815246582,8,20,0.5252525252525253,0.606156847718963,0.727798419962169,ok
FWXI01000002.1,17800,17907,0,108,51.453327772852774,3.6738960135445127,0.17019958590480322,0.5229259011466478,-22.930809020996094,14,22,0.39814814814814814,0.4923442107303482,0.5487691067949921,ok
JWIR02000043.1,29552,29322,0,231,91.14567875024147,4.095874708754616,0.5636052971268309,0.5370890559441318,-48.26833724975586,28,42,0.5324675324675324,0.5132123926488563,0.5634517110781719,ok
JACXLD010000001.1,421454,421572,0,119,80.87922828737004,4.211668827236785,0.5995874277789408,0.4958022644833753,-24.267494201660156,23,10,0.5462184873949579,0.457921109372044,0.5369394975456363,ok
QQAY01000003.1,223950,223717,0,234,86.96695405622657,3.7254450044951812,0.5882795289321318,0.5853940609110538,-38.3382568359375,25,24,0.4700854700854701,0.552605473738559,0.6198192529613182,ok
BKBA01000003.1,906326,906534,0,209,94.99999800502157,3.524828783519015,0.45683396155645195,0.46254425918318415,-63.96889877319336,22,17,0.69377990430622,0.44144045833926226,0.4843492490720114,ok
FOLX01000001.1,3196706,3196658,0,49,94.99999999999189,3.5936666225327762,0.477638475031821,0.4764184475825784,-10.167612075805664,14,9,0.6326530612244898,0.45524218799588717,0.4986760508967704,ok
JQCE01000021.1,23172,23359,0,188,62.4663984125565,7.762111640598711,0.38222421096449083,0.47066836744349755,-34.92545700073242,30,14,0.4627659574468085,0.4293518399355895,0.5266427481605079,ok
SJST01000002.1,206296,206064,0,233,83.1955027216795,2.8900832449186025,0.492998279561808,0.48581632617433046,-58.932952880859375,43,16,0.6266094420600858,0.44921323238317035,0.5204602726302342,ok
QQAY01000002.1,359559,359751,0,193,66.2725820303111,5.046227535041502,0.45261088096501145,0.4995172828742889,-31.891605377197266,17,21,0.47668393782383417,0.4496466468282086,0.5539437943810749,ok
KE993502.1,168335,168234,0,102,51.378569602862505,5.314427324122752,0.3601514225786093,0.6781675710468158,-8.08343505859375,16,16,0.37254901960784315,0.5948817100668635,0.7535782725843957,ok
JAESVN010000007.1,70886,70670,0,217,13.087371461455005,2.5762366365137117,0.5200402061928858,0.4439146983076773,-65.30131530761719,31,16,0.6082949308755761,0.4310290977294792,0.4523381229568101,ok
JTKH01000021.1,55549,55654,0,106,51.26636220130951,7.038947534460543,0.1302151264467093,0.6150682336574568,-18.202899932861328,15,25,0.4056603773584906,0.5803062112293489,0.6492872030263195,ok
KI391955.1,647761,647668,0,94,94.99999999993328,2.7395015673655005,0.5056505880527756,0.7301800647146077,-8.515695571899414,7,22,0.3404255319148936,0.7000836716457128,0.7592121460925181,ok
QGTQ01000003.1,411784,412018,0,235,44.89236283678516,11.190777260914004,0.05234329203930743,0.5353156320131855,-50.39398193359375,19,15,0.5617021276595745,0.5109653699197919,0.5518940348703943,ok
JAAOHU010000002.1,587408,587360,0,49,89.64639862104193,3.9022679961180424,0.5745543858072013,0.5441897128037264,-11.822332382202148,9,6,0.6326530612244898,0.5167010463225835,0.5738136924274354,ok
CP049857.1,2767885,2767679,0,207,74.37009857241748,4.23292276888445,0.6216292517830647,0.608625565829894,-24.096118927001953,27,23,0.3864734299516908,0.5577907156785394,0.6625343964311622,ok
CP053746.1,5029073,5029206,0,134,51.98359536626621,7.022906942856637,0.11304875804431991,0.48577158510028456,-45.98638916015625,10,20,0.5970149253731343,0.4568341819073337,0.5148941330355036,ok
SKFB01000001.1,226044,225946,0,99,69.00211338104423,5.420732596628465,0.6463059853846609,0.5255873495567488,-21.020462036132812,12,12,0.42424242424242425,0.46748005542548066,0.5928933362692989,ok
WWVX01000004.1,63813,63568,0,246,91.93383035186618,4.467522659047974,0.5114291799946676,0.4591448571675596,-76.7567138671875,34,14,0.6260162601626016,0.44126021145615574,0.4796094898151354,ok
CP045121.1,2898638,2898449,0,190,54.17063059249355,4.816680299317176,0.18385219605623404,0.5482960315916096,-39.56050109863281,15,14,0.6473684210526316,0.5119825777004798,0.5819351082796317,ok
CP002780.1,535514,535630,0,117,81.61865435819763,1.8024232285432449,0.4484768099157974,0.5041582087080015,-23.599876403808594,15,15,0.49572649572649574,0.47130153699816263,0.5320927112706055,ok
NZ_AXWS01000007.1,658340,658189,0,152,94.99995183849782,3.7574265737229466,0.3829387896741096,0.41872741231820826,-49.86588668823242,13,10,0.6973684210526315,0.4026954974613673,0.43588797645903465,ok
FRAF01000011.1,73974,74075,0,102,63.009623333529035,7.1816205700226226,0.189881295763703,0.5147920414734543,-12.756168365478516,7,28,0.4411764705882353,0.49404291630388464,0.5419197032324764,ok
RSCJ01000020.1,41211,40991,0,221,79.41700507224846,1.2900792450871357,0.8117402339704971,0.5628640429243781,-31.678199768066406,65,18,0.45248868778280543,0.5124129662065774,0.6039619414255526,ok
FOOE01000009.1,108533,108734,0,202,48.64448068424533,6.025993125185832,0.32118027969288887,0.6724719606785645,-14.77682113647461,11,15,0.3564356435643564,0.5837597800840174,0.7493231598478041,ok
CP073745.1,3130147,3129994,0,154,78.4662635832711,5.878557130755128,0.5622314941816708,0.4714678346979602,-28.916824340820312,23,8,0.4675324675324675,0.4466831658396036,0.5031511407701406,ok
WNHB01000002.1,141722,141440,0,283,71.78692558659704,4.698359978829518,0.6439648420899287,0.5483408752982011,-41.616153717041016,30,20,0.4275618374558304,0.4925774623868357,0.6098011261205554,ok
SLXK01000014.1,62320,62535,0,216,49.924111537806944,6.31781878250577,0.1594738745851409,0.5159459209601208,-50.346946716308594,22,12,0.5277777777777778,0.4726938781189118,0.5550008439632339,ok
JAGTTQ010000001.1,154054,153886,0,169,94.99700330382447,1.8708146105107175,0.6659417657364627,0.6225587269023632,-25.05392837524414,27,19,0.5798816568047337,0.5802169547692901,0.6595201181356637,ok
LR778301.1,155120,155288,0,169,86.29374506501166,5.173790923260244,0.5488514024707636,0.40465595365609563,-58.72578811645508,18,7,0.6272189349112426,0.3855846313564411,0.42787380847479617,ok
LJHQ01000042.1,55378,55431,0,54,85.05930186706755,1.8062440882050088,0.7277271973958546,0.4012341673409865,-15.178218841552734,21,5,0.5925925925925926,0.34983490940618167,0.4452842634926672,ok
LKBA01000004.1,121883,122099,0,217,22.092332191018574,0.6763778542840616,0.8549427457920439,0.4685953008045893,-54.29331588745117,38,13,0.6221198156682027,0.4366913765819021,0.4944525685063434,ok
LMQB01000026.1,90663,90792,0,130,50.43771492716909,8.859781609549659,0.18160615973496907,0.4753642037624331,-31.047834396362305,17,5,0.6076923076923076,0.4196759888081413,0.5326530271487822,ok
BMXA01000001.1,1126629,1126477,0,153,41.47461101926363,7.2048071792554955,0.21398222216563711,0.5646109672480997,-27.765811920166016,10,8,0.5686274509803921,0.4895387790692988,0.6130861377316552,ok
JNVC02000005.1,449422,449178,0,245,45.287018117329225,12.596243353084509,0.08363717611992733,0.5439920985584109,-36.68689727783203,21,13,0.46938775510204084,0.5035768849641203,0.5746851629977905,ok
CP012502.1,2038331,2038212,0,120,94.99999997031813,3.048451326115891,0.584867427882532,0.4545409863056797,-24.3869686126709,13,9,0.425,0.4229684175449267,0.486005284705801,ok
NHSD01000278.1,19658,19724,0,67,90.50369938023063,2.442978735063719,0.2610392324044474,0.4300668675974635,-26.296302795410156,13,6,0.7313432835820896,0.4127221144586541,0.4460089172175803,ok
JAMQJZ010000010.1,90666,90476,0,191,69.6834701299675,5.832940800612343,0.6235883166593373,0.6007803377219892,-26.340911865234375,16,15,0.43455497382198954,0.5509344579936793,0.6613193726083824,ok
AYZM01000091.1,43028,42803,0,226,65.41504715199513,3.0045971586179356,0.37133919732950127,0.6540484083008745,-27.352712631225586,9,37,0.4469026548672566,0.6111096054792408,0.6926597696211885,ok
UFXZ01000001.1,3287906,3287785,0,122,36.88926971529669,4.16662109087057,0.43140945090112887,0.5927666015477168,-20.498729705810547,23,26,0.48360655737704916,0.5055718111668397,0.6515626050331016,ok
QJJR01000004.1,1424,1649,0,226,54.84108623463088,4.662523450788544,0.3178613056679674,0.5942104988355368,-31.333477020263672,21,47,0.4247787610619469,0.5340086012082972,0.6502679835137049,ok
CP046401.1,7352437,7352230,0,208,65.66127407383287,6.434176803638663,0.571395787964637,0.5573368666297744,-36.13166046142578,26,17,0.44711538461538464,0.5016225736938197,0.6262244256588259,ok
FNNQ01000008.1,155930,155690,0,241,94.99999878461338,3.215306421162385,0.5131097890183867,0.5182437837902646,-42.168060302734375,28,12,0.5145228215767634,0.4923817310597229,0.5446131587443184,ok
CP016379.1,3507811,3507994,0,184,94.99957843465532,1.6271634956210967,0.5639117032267702,0.44737080868024764,-43.419281005859375,26,19,0.5054347826086957,0.4123386190642433,0.47758308702064256,ok
CP049773.1,355003,355130,0,128,54.56675022635888,3.534766446454841,0.6808697259015377,0.6613304036225274,-11.213818550109863,18,36,0.28125,0.5503949597118979,0.7583202885520541,ok
RBVX01000058.1,23713,23935,0,223,85.84060025185313,5.442517459007977,0.5447858543856263,0.45299713875604025,-47.20967483520508,36,16,0.47533632286995514,0.435393525646484,0.4750074197387556,ok
MVDD01000003.1,9646,9833,0,188,65.75485232709856,3.740804394720815,0.5626828496315379,0.5909723245370013,-27.029972076416016,13,15,0.4148936170212766,0.5237732618687434,0.6558872459634613,ok
CP003235.1,1688464,1688315,0,150,82.03936372772279,4.403764141412935,0.5845301201004811,0.5940798344303171,-24.046865463256836,15,14,0.5133333333333333,0.561227128701249,0.6306014827263566,ok
QUOY01000005.1,219025,219146,0,122,75.71648961212347,2.8829599408820274,0.5221153735716547,0.5130532891478341,-29.315637588500977,25,15,0.6147540983606558,0.4664611637665812,0.5562292463427966,ok
NMVQ01000005.1,25458,25600,0,143,94.99999999999999,4.514281999465894,0.4920254045789267,0.4656226197961216,-43.36888885498047,19,11,0.6363636363636364,0.4506078039535399,0.4831157151341766,ok
HF985852.1,5370,5553,0,184,53.064276645348045,6.547098019823541,0.132528806141201,0.4540618776587138,-41.59334945678711,44,6,0.5217391304347826,0.4230119482006634,0.4857797660166494,ok
JABAFC010000049.1,8567,8759,0,193,72.61583568130715,4.32919965748773,0.650733614598288,0.6322721790750764,-23.180461883544922,14,21,0.41450777202072536,0.5750682619886825,0.6930385761553732,ok
SLWR01000010.1,84681,84836,0,156,94.41526251495276,6.602880005138796,0.5144111850341968,0.40544912906625713,-54.4206428527832,24,10,0.6794871794871795,0.3993125224089447,0.41338249299004187,ok
CP011280.1,495384,495456,0,73,63.941732229004295,2.6864049516186874,0.8342873752587746,0.7440663109035084,-3.118251323699951,9,21,0.3150684931506849,0.6485491857097377,0.8273773323428084,ok
PDOE01000016.1,40666,40488,0,179,65.10961631225813,3.3935862214239156,0.7837358889582717,0.6322061625660725,-18.030868530273438,20,39,0.4245810055865922,0.5368148519305976,0.7211543160806485,ok
CP040093.1,128988,128789,0,200,45.572259401067555,6.939932059472254,0.19592987288831076,0.7056770808695766,-13.972021102905273,28,32,0.44,0.6403049922033628,0.7571934240255711,ok
MPSB01000001.1,102917,103111,0,195,57.52512082904803,5.824563797090841,0.16447748653639666,0.433718266789818,-57.65604782104492,54,12,0.6820512820512821,0.4046209311743247,0.464487770506808,ok
CP002048.1,1521235,1521346,0,112,91.06529526841256,2.6587703594280434,0.5481484378223622,0.5301301154880366,-24.833391189575195,13,8,0.5982142857142857,0.4951421750063835,0.5630584991047277,ok
CP004404.1,2324875,2325028,0,154,68.16401566697941,8.28957357565295,0.585251139813641,0.576853568889461,-25.59473419189453,10,29,0.44805194805194803,0.5435156052333809,0.6262442467622862,ok
CP000698.1,4286617,4286720,0,104,50.10275489124399,4.527797193663046,0.16696633671422145,0.6124663174999977,-16.027246475219727,13,15,0.5480769230769231,0.57627705347997,0.6433705489423576,ok
SNZE01000015.1,5531,5280,0,252,84.96329715884667,4.210248230594245,0.5806127140791701,0.5256225162895786,-51.82101058959961,39,14,0.5634920634920635,0.49519452543461956,0.5591599453808986,ok
CP020100.1,948135,948241,0,107,82.27205795684114,3.268668726519574,0.4427532099026797,0.5381854183615887,-24.68364906311035,11,9,0.5794392523364486,0.5063147752673277,0.5696731147984736,ok
JPER01000003.1,127157,127581,1,425,49.63058272563231,2.539546003642342,0.3421113539083569,0.5576571724943616,-71.83057403564453,28,44,0.41411764705882353,0.511503154024798,0.59456890816467,ok
WSEK01000004.1,2433862,2433451,1,412,52.05635198473284,19.99999999999921,-0.009633206840135744,0.4727284203072067,-118.50596618652344,36,25,0.6262135922330098,0.46768806274415303,0.46667205829267866,ok
SWCJ01000009.1,55178,54709,1,470,68.30904577568688,2.271111716918681,0.6113390543607696,0.632734893683159,-60.368106842041016,17,33,0.4127659574468085,0.5734397606890365,0.6836823026499806,ok
JAGHKQ010000011.1,58383,58010,1,374,56.6724205074996,6.657040489419215,0.29444569916807994,0.6130801200208211,-41.869285583496094,51,70,0.3877005347593583,0.5575997398933948,0.6736490012005946,ok
CP045349.1,4232111,4232227,1,117,94.99999996945547,3.1229783826765676,0.32697752194471175,0.4883534474359991,-40.974853515625,9,13,0.6752136752136753,0.47130861724558776,0.5053894987031743,ok
BATL01000100.1,1215,1623,1,409,66.59129213314048,5.897740419711708,0.6609243434583503,0.6074953276582432,-42.00019073486328,50,47,0.34474327628361856,0.5416898016326198,0.6839983053502824,ok
QTJR01000004.1,160652,160215,1,438,53.73747092161799,14.282348474497152,0.07719981277486693,0.40039801618622634,-132.70584106445312,80,18,0.5776255707762558,0.38349858125032493,0.42803483876838844,ok
CP028922.1,1673255,1673615,1,361,47.39057339862678,8.203029378003105,0.2367594189870561,0.5367052626283239,-54.957000732421875,31,9,0.3988919667590028,0.4536567344947981,0.6090720547746861,ok
CP010892.1,2286444,2286515,1,72,94.99999763546806,3.265738680579607,0.4970570978038489,0.6126018250273116,-13.631260871887207,9,15,0.4444444444444444,0.5874555849539368,0.6381383748269391,ok
SSOD01000003.1,337200,336799,1,402,63.151336503405695,4.382326271417381,0.30066797464436895,0.4719476900516802,-97.72109985351562,50,17,0.5845771144278606,0.4321126869427794,0.5119290025456656,ok
AM260480.1,2176004,2175574,1,431,72.26475321111145,3.392092927500898,0.3899255266698931,0.44502184200419354,-111.20034790039062,37,25,0.5498839907192575,0.40731587594199836,0.4814858450813319,ok
NGKB01000024.1,15041,15433,1,393,57.37065695300572,6.659473374890393,0.5173825867160784,0.6199052294372823,-46.05146789550781,31,42,0.3384223918575064,0.5269580476611144,0.722769460447154,ok
JACOPQ010000003.1,158169,158537,1,369,83.04725576575447,4.958824620327867,0.5651650429416157,0.4873793508482367,-102.98827362060547,28,16,0.5338753387533876,0.4619176214871366,0.5174085603415025,ok
CP045417.1,808764,809207,1,444,80.67756323188063,5.0014502867299635,0.5742210003058363,0.42428303230097125,-117.60589599609375,38,11,0.5675675675675675,0.39520941651548214,0.45856433337280483,ok
KI635562.1,325095,324694,1,402,44.89751033960769,9.324232314032088,0.11349414072550562,0.5421811451602407,-81.93338775634766,41,29,0.4601990049751244,0.4948870112867191,0.5766529252037215,ok
FNDD01000010.1,60149,60547,1,399,53.11501002147855,5.264576409197951,0.2596628918636958,0.5735138064369038,-55.76025390625,44,27,0.38847117794486213,0.5176561377168849,0.6255453173079139,ok
LNAM01000175.1,44100,44611,1,512,69.52308479515612,5.113174946341426,0.653023196877413,0.4977396942655747,-64.00462341308594,98,32,0.373046875,0.43739586551656556,0.5665684340317209,ok
CP002394.1,320941,321267,1,327,45.65408890606676,6.276024802187611,0.2037301300006833,0.6407286055895854,-39.79659652709961,15,56,0.37003058103975534,0.5778197892199084,0.6900816274928283,ok
SMFQ01000005.1,278209,277837,1,373,52.75306580692667,5.47978061491812,0.34672684019511435,0.562157320722132,-48.81852722167969,42,13,0.38337801608579086,0.4849984511104591,0.6346269160524105,ok
VDFV01000082.1,7140,7249,1,110,62.39698109286286,5.3495987245215435,0.36551145941068364,0.4357446348044785,-33.906131744384766,35,9,0.6,0.38678689755201195,0.4890537116750697,ok
CP011452.2,2785373,2785468,1,96,67.01028280091313,6.549056256454931,0.6369420154738926,0.38026980366605767,-31.473783493041992,17,8,0.5833333333333334,0.3252478599142134,0.449952678249838,ok
NPDD01000089.1,24280,24651,1,372,75.341928703175,4.0205793594956845,0.6416455213291663,0.5239982621434411,-59.45001983642578,34,36,0.3602150537634409,0.4715750047900623,0.5788063481182125,ok
CP011412.1,287235,287614,1,380,56.04805983989097,4.320287924851949,0.2852223579344647,0.5489981288132327,-57.87459182739258,40,32,0.4421052631578947,0.49895182129997023,0.5949954040454194,ok
AE016827.1,672984,673140,1,157,49.65723408885255,6.282872744302906,0.34331052570071857,0.6387736948048371,-15.164688110351562,18,15,0.3184713375796178,0.545143218976963,0.7234232549641847,ok
PIPI01000003.1,27316,27736,1,421,78.5481457546195,3.3023550144444958,0.6542172311882573,0.5881022645961745,-63.57212448120117,32,20,0.4156769596199525,0.5352853935485704,0.6395688490597977,ok
JACHHT010000004.1,172605,173052,1,448,80.63774870072652,3.9218264305775774,0.6116087812951674,0.5344955476070555,-76.35316467285156,17,19,0.4375,0.4934619887052048,0.5776938521242996,ok
CP000606.1,1341497,1341066,1,432,48.99315452117451,6.963249423937835,0.19274751978921778,0.5907012949138989,-56.10710525512695,42,46,0.42824074074074076,0.5331514183583712,0.642304910624483,ok
QGGU01000001.1,469875,469428,1,448,43.80480170411297,6.606436514806901,0.21250487683521108,0.5466876618551283,-73.36043548583984,24,35,0.38392857142857145,0.47642570949137075,0.59636828134117,ok
QDKP01000043.1,41754,41663,1,92,69.52277302079895,12.901616951356232,0.5186912283204713,0.41267345397288535,-29.82733917236328,15,18,0.6739130434782609,0.4045254162753312,0.4288402785488873,ok
PGVB01000005.1,38772,39216,1,445,69.61694326533711,3.576226559639173,0.7155284130271373,0.5538409219341117,-68.77425384521484,21,57,0.3865168539325843,0.4785537147798365,0.6268205615826109,ok
AVBG01000001.1,364220,364612,1,393,56.879540660405596,4.945388622826342,0.2634438507520001,0.5210599222755132,-71.60250091552734,26,50,0.37150127226463103,0.4741480330361228,0.5669124525973863,ok
JXKH01000009.1,42879,42540,1,340,59.269303431567025,5.7999931438007675,0.4424207336435784,0.5239947743230357,-49.805789947509766,58,13,0.38823529411764707,0.45349073680633933,0.6004945291400602,ok
CP003244.1,3475797,3475391,1,407,58.59846630720442,4.70272981898269,0.3123082033847204,0.5663073258607759,-68.78352355957031,20,46,0.4226044226044226,0.515391061463381,0.6161627467357941,ok
AE004091.2,3893111,3893002,1,110,56.78820937883209,6.58875503759563,0.33284291467037763,0.592710468891109,-14.38399600982666,29,22,0.4909090909090909,0.5310133526551252,0.6613073354863134,ok
CP001878.2,575036,575418,1,383,48.94994504140376,7.910761508689024,0.27755341874983874,0.5389856671839132,-56.91441345214844,39,14,0.3968668407310705,0.45029076562523573,0.6214742886569545,ok
CP000282.1,4759595,4759169,1,427,43.84815529442881,4.547112228923613,0.3166759109087953,0.5767797455594197,-59.99930953979492,29,21,0.39344262295081966,0.5009142170570581,0.634068646578906,ok
AE016853.1,2388894,2388957,1,64,71.40329577174947,6.119977149097847,0.6012571671607041,0.6086981759318361,-11.04509162902832,8,14,0.515625,0.5683910999040982,0.6594599500763596,ok
QKRA01000002.1,546107,545662,1,446,82.12370007080334,3.2523207980266298,0.6364832787906017,0.547127981938641,-81.29734802246094,21,25,0.40358744394618834,0.5004870609853516,0.5931610056916203,ok
LELK01000001.1,537814,537486,1,329,62.18383143339207,4.336731011701429,0.46984176248106835,0.6320733157327435,-45.693912506103516,23,52,0.3951367781155015,0.5670982961148111,0.6960877856857983,ok
CP029550.1,5258934,5259030,1,97,55.67046795916912,8.824126321140573,0.2562869854711558,0.3278141071818517,-35.83563232421875,17,6,0.6288659793814433,0.27746487267342096,0.39205355121922103,ok
QWVT01000023.1,69440,69793,1,354,71.88329129706442,4.769887919155255,0.6398963691907609,0.5613955481580964,-54.97123336791992,13,43,0.384180790960452,0.5069286494178321,0.6215823679185161,ok
AKGD01000003.1,412475,412405,1,71,75.37782343615135,4.619286975386259,0.617363233002702,0.5768510929427823,-10.088414192199707,8,11,0.5211267605633803,0.531438365165803,0.627252358114274,ok
VOSK01000381.1,2376,2283,1,94,64.6004676396366,7.698671533526086,0.6265797325993987,0.4994932940259487,-23.20775604248047,13,7,0.6170212765957447,0.4438439577758234,0.5762809235238706,ok
CP021358.1,2436152,2436480,1,329,60.40739356145075,4.760827402434646,0.32915546566564946,0.49235644266329603,-72.81207275390625,20,11,0.47720364741641336,0.4428645263793591,0.5421725716766587,ok
CH724120.1,59839,60271,1,433,75.25399165265617,3.7677563731808883,0.6537903538233865,0.5193860930905353,-74.2245101928711,39,17,0.42032332563510394,0.4636585567715447,0.5758033368240257,ok
AE003852.1,899828,899898,1,71,25.781330034641268,1.7648843299224861,0.7647160753351352,0.7237274458713512,-4.493898868560791,7,32,0.352112676056338,0.6622412611792029,0.7684748250425619,ok
CDGG01000001.1,3341675,3341251,1,425,62.019886090576165,3.0660922815599516,0.5542992094345656,0.6703487680263178,-40.50807571411133,17,42,0.3552941176470588,0.6002976323223752,0.7325367608795734,ok
MRWQ01000010.1,53366,53802,1,437,68.36476047214951,4.705164639998694,0.6831548175566825,0.5574010331002467,-56.91859817504883,65,52,0.3684210526315789,0.4862477064400304,0.6350110789397123,ok
RBRL01000356.1,2385,2495,1,111,91.79110306362061,1.2708557023491858,0.29735742469658744,0.4346518777398513,-40.02105712890625,10,14,0.6126126126126126,0.41769067576749763,0.4487363614289152,ok
AE014299.2,1734797,1734364,1,434,72.08666179116506,2.988893604083274,0.7237568401631909,0.5627853764827614,-58.88588333129883,54,37,0.3870967741935484,0.49157416151816336,0.6290436198834061,ok
NJIH01000003.1,217277,216855,1,423,93.6876305713932,2.2164582114035225,0.6044929207126815,0.5352156816614727,-79.4398422241211,32,31,0.491725768321513,0.4965300682031155,0.5707981176884166,ok
LCYG01000016.1,201104,201197,1,94,94.4365921987783,3.6659188411915915,0.5673927128487257,0.3200735321295594,-34.71552658081055,17,6,0.5638297872340425,0.29519781535776035,0.3464507041028633,ok
UHJG01000001.1,1093075,1092624,1,452,60.47706959416053,5.1257171335002125,0.3446205794392162,0.5753165498062252,-71.56609344482422,30,54,0.4092920353982301,0.5235869884320027,0.629064538122125,ok
SMAB01000014.1,47166,46779,1,388,71.98342658757367,4.326488392931958,0.4959803120602688,0.6197421246668576,-48.500877380371094,32,42,0.3634020618556701,0.5752247122986598,0.6668067464113233,ok
CP003985.1,428177,428506,1,330,68.4142683365851,3.44954169608709,0.5602689844057879,0.5265319365781453,-55.580909729003906,23,14,0.4212121212121212,0.4655780048474479,0.5850685579989618,ok
ADBS01000002.1,98637,99077,1,441,43.346886638311894,9.574183586099723,0.170438853160844,0.5056513166054588,-65.23650360107422,51,25,0.3786848072562358,0.4316046653889204,0.554804856322853,ok
LGAA01000026.1,356008,355620,1,389,54.3578340875419,4.455040335729722,0.3771201660746583,0.6244176357297898,-47.9016227722168,22,45,0.35218508997429304,0.5533517854208221,0.6892891349150708,ok
AL935263.2,1058791,1059118,1,328,60.587183567951215,3.2067330535436582,0.7577216804532094,0.5649381204781984,-40.44429397583008,44,10,0.375,0.4637868306216003,0.6550033897263977,ok
CP003169.1,993955,993605,1,351,82.93680809802522,4.027162811552566,0.5961603769963164,0.4790658992136463,-86.55428314208984,21,29,0.5527065527065527,0.4432657065930337,0.5175854661853703,ok
CP039852.1,2331579,2331984,1,406,57.1100812596107,1.6685106917848926,0.9710666882404777,0.5684068935422593,-60.190608978271484,47,21,0.3793103448275862,0.48325586920621955,0.6375870927715199,ok
ARZY01000010.1,97477,97902,1,426,45.1551716712926,1.1780677938724538,1.1333644119408133,0.5890347057604107,-62.099056243896484,28,25,0.3685446009389671,0.5145882315447673,0.647952644184842,ok
FYAH01000016.1,5031,4602,1,430,71.4747577692323,3.142228225935365,0.6167495886227328,0.5857157587772166,-49.69599533081055,42,57,0.36511627906976746,0.5243774750356466,0.6433880716768697,ok
FNVQ01000001.1,1356975,1357422,1,448,57.59360396952765,5.263077940762771,0.2844782449019654,0.5098249318972451,-82.25064849853516,29,18,0.5,0.46016132540866167,0.5599564023180522,ok
JXCY01000007.1,203903,204274,1,372,73.09843376540807,3.6923865799711133,0.672812033028723,0.5223570836279262,-56.31135177612305,32,34,0.3763440860215054,0.46033946087034394,0.5843465622351909,ok
JACOGI010000001.1,1943651,1944072,1,422,92.87170572144882,1.9761804859918035,0.5637274156285981,0.4749603741737183,-91.09222412109375,31,27,0.4431279620853081,0.43829033978614035,0.5076201187735401,ok
GL379591.1,31243,30819,1,425,48.143515528695175,10.058659879844688,0.18956175536602482,0.6433342041371853,-49.95396423339844,38,69,0.3788235294117647,0.5717986865453892,0.7089436958877116,ok
CP017151.1,562001,561564,1,438,70.29160444363366,1.1969405093601584,0.8729025050203614,0.6509712868374705,-59.49470520019531,16,46,0.4383561643835616,0.5975691320328186,0.693965337269509,ok
CP010415.1,3286881,3286769,1,113,94.9999416830798,3.4448564522303364,0.16200887158195504,0.4586689198637203,-37.81198501586914,8,13,0.6371681415929203,0.45111028807555553,0.4664635643604958,ok
QRAP01000008.1,115424,115216,1,209,49.104223031554824,11.32361351114791,0.14972919930990652,0.5479851512776456,-46.41647720336914,41,28,0.49760765550239233,0.4932817418538356,0.6046492442562512,ok
AE004091.2,1559151,1559260,1,110,85.07576154855744,2.4705650383708964,0.6710643089513464,0.5395084207424367,-18.693178176879883,14,27,0.38181818181818183,0.4897895284056242,0.5851750513207918,ok
CP002038.1,4500569,4500137,1,433,53.31118412893989,4.888882098346005,0.35568170423829865,0.5464742593073024,-56.87522506713867,45,27,0.42725173210161665,0.4733713389046841,0.613612252097762,ok
CP061368.1,44270,43842,1,429,64.37234286310398,4.806293176747464,0.2757111881171234,0.42692300269575684,-113.78455352783203,44,14,0.5687645687645687,0.3928759074451702,0.46301451693307133,ok
RYVO01000064.1,14993,14905,1,89,63.21617803960284,5.686673654966956,0.45452605177559535,0.6403390721338971,-10.755057334899902,11,19,0.38202247191011235,0.583534136036678,0.7046154086492445,ok
JAPTGG010000001.1,258248,257814,1,435,54.35453735732971,5.111128219990484,0.3332755049393222,0.5810334681233461,-51.58062744140625,35,31,0.3954022988505747,0.5139285679228047,0.6445469320314787,ok
AE005176.1,172821,172454,1,368,71.58453146608745,3.5745083134713296,0.6967411329151341,0.5219592776953269,-58.72001647949219,26,42,0.33967391304347827,0.4524791904247962,0.5902274320056273,ok
FYAH01000001.1,846495,846917,1,423,46.81015395657864,9.056534114901112,0.2256056911375688,0.5398234150288735,-60.487281799316406,33,19,0.3806146572104019,0.45414147419708784,0.613327171525962,ok
WKJC01000001.1,486318,486726,1,409,46.52211410859353,5.261927504460892,0.3341056528081507,0.6149097447720013,-47.77321243286133,34,40,0.37163814180929094,0.5269239813089237,0.6863159196779612,ok
CP054689.1,2466943,2466604,1,340,85.37102659273185,2.5703107012877275,0.498838235987827,0.4990991512628415,-96.8301773071289,19,17,0.6058823529411764,0.46281290333375547,0.5324859755132496,ok
CP040602.1,1111714,1112168,1,455,65.78203647530694,4.821667746680582,0.7108486419163615,0.5379038173736317,-68.0725326538086,35,14,0.4,0.4562208957685204,0.6253210961246022,ok
PDOF01000003.1,592301,591942,1,360,44.69128840157554,0.9698276751859598,1.1008644933064595,0.6023248680902434,-45.03070068359375,51,63,0.4083333333333333,0.5429352521090247,0.6491247421418677,ok
CP068053.1,531125,530745,1,381,66.42521297680776,3.0011899303845584,0.6707407680910529,0.6288859463703877,-45.957576751708984,17,68,0.3648293963254593,0.5532729468416651,0.6972864282123657,ok
AP017656.1,166250,166343,1,94,78.65113207038392,3.514251968649638,0.6424022529647424,0.4301107871333265,-29.36171531677246,16,10,0.574468085106383,0.3802096400064699,0.48022870803304096,ok
CP031728.1,4163610,4164024,1,415,70.85713951102339,3.905348660414517,0.686910860191656,0.5162108442975446,-72.96463012695312,39,43,0.41927710843373495,0.44787815762899513,0.585205917986409,ok
BAFF01000015.1,22097,22510,1,414,82.31596021998654,4.2093532153927296,0.5936148005863355,0.5129905383642073,-64.47374725341797,55,27,0.4492753623188406,0.4769073270711138,0.5523521631623521,ok
RYZR01000001.1,196188,196560,1,373,90.2005227564991,2.359856377532329,0.6558230039603572,0.4257051986053932,-107.80050659179688,30,10,0.5227882037533512,0.38154118425882966,0.46604901356608763,ok
CP054864.1,1858126,1857708,1,419,48.72103362504846,6.01619695206823,0.19176697330766068,0.5396031191219351,-86.24459075927734,21,18,0.4988066825775656,0.48678753915655804,0.5851952255186181,ok
AP024233.1,1906808,1906462,1,347,93.68720804580994,1.272142157385985,0.710799975573934,0.5632743966077851,-74.74296569824219,26,21,0.4697406340057637,0.5234481290498909,0.5961415186864494,ok
AP018738.1,775115,774790,1,326,79.99303862719128,3.506867229221476,0.6347264425303306,0.4952600839480417,-69.55565643310547,21,13,0.5030674846625767,0.4478213275127011,0.5429684450714095,ok
CP041666.1,1816772,1817156,1,385,73.31213743732316,3.685013869217095,0.6733034693148992,0.5621471453791105,-60.59452819824219,38,50,0.38701298701298703,0.5004705308496574,0.623669977907326,ok
MINN01000085.1,298510,298123,1,388,66.59310075807294,4.955313903493356,0.6934592968420471,0.6362979435116882,-40.28483200073242,17,51,0.36082474226804123,0.5604223615438764,0.7185090675723818,ok
JACMOS010000269.1,3201,2803,1,399,74.81876374220295,4.750336224777318,0.6160491515173991,0.4969584913857257,-93.06387329101562,28,29,0.518796992481203,0.45201570336574226,0.5473531320400135,ok
CP001983.1,963223,962882,1,342,61.9752730924864,3.2486501733686737,0.5281592281494566,0.6388199936622821,-42.34600067138672,21,51,0.3684210526315789,0.5703530433314914,0.7005543609078698,ok
NGKA01000002.1,271987,271638,1,350,75.35515733379935,4.760557757107613,0.6121858396709261,0.5930003085686613,-46.96605682373047,18,44,0.3742857142857143,0.5494378574482924,0.6420713256671208,ok
VYKJ01000005.1,145065,144616,1,450,59.301639398116485,5.35907134043189,0.3509475845726321,0.558705220686348,-78.41902923583984,24,62,0.43555555555555553,0.5025830005103712,0.6170901820418192,ok
CM001773.1,1501509,1501661,1,153,64.85615375629965,2.201898886878382,0.8491350655857776,0.6263555492850642,-14.542327880859375,10,23,0.38562091503267976,0.540581012772538,0.6991697371877353,ok
BMGP01000005.1,90619,90267,1,353,87.66091804983708,2.667818556876428,0.644592256305512,0.4506597125462098,-97.57874298095703,20,10,0.5552407932011332,0.4062223276072152,0.4923763839614777,ok
LKHS01000009.1,421814,421394,1,421,48.5177315904833,9.910325021877624,0.22682971584276335,0.5732313735401763,-66.45516967773438,56,20,0.4180522565320665,0.49081537009769777,0.6523836189351118,ok
AQQV01000002.1,680955,680622,1,334,66.03431372977977,4.246902856517649,0.3842281071429847,0.5414208631257784,-74.97930145263672,14,42,0.5179640718562875,0.49629603493448826,0.5870954587188274,ok
PJZK01000001.1,507691,507272,1,420,87.97045344665229,2.9705287096431743,0.6245185581216159,0.5624773627589774,-65.86563873291016,42,27,0.4523809523809524,0.5216559782928275,0.6022047651985206,ok
HF972622.1,66809,66411,1,399,91.53778511806685,2.635417612045348,0.6319987810596526,0.5128215134438081,-75.542236328125,26,22,0.5263157894736842,0.47221124987011787,0.5515847679520375,ok
CP146991.1,3277845,3277469,1,377,46.51283474000868,6.4827431191794895,0.20003104277238448,0.6289242446597579,-54.007232666015625,35,24,0.4244031830238727,0.5667950058442025,0.6790907388518872,ok
CGIG01000001.1,3764693,3764765,1,73,68.29117002445824,6.206883980192935,0.632394218626331,0.41193954024427376,-14.352825164794922,17,7,0.4246575342465753,0.35882826262157436,0.4785891184849094,ok
LXEN01000147.1,6375,6809,1,435,48.17579668490703,7.378389500548362,0.26917005860958665,0.6559599911024403,-39.9200325012207,37,30,0.35172413793103446,0.5699532709602989,0.7316851641412967,ok
LYBM01000059.1,20408,20837,1,430,52.3571564185431,8.173160757084009,0.2745785336612635,0.5365899278081521,-67.43092346191406,62,22,0.4232558139534884,0.46475692503079963,0.6139683603144076,ok
AJYW02000097.1,11211,10778,1,434,50.68087664807764,4.156053246796502,0.2324397736533989,0.525477577447721,-63.829673767089844,23,23,0.3663594470046083,0.47901589415415335,0.5657541053859911,ok
SLZR01000007.1,150946,150534,1,413,51.05941157723006,6.5794746547376075,0.24208558502002225,0.5729209474881899,-60.35574722290039,39,27,0.3946731234866828,0.5092856400223853,0.6331222099876186,ok
CP038493.1,3283168,3283612,1,445,66.80478793398507,4.142853194643069,0.7240314112314791,0.5779439294486456,-57.01020812988281,46,70,0.37303370786516854,0.49534647364551354,0.6617406014188535,ok
CP013140.1,3434391,3433970,1,422,94.60758492756541,2.8749804383644637,0.4088034554333021,0.41554694440429,-123.38027954101562,30,13,0.6018957345971564,0.3925484446387707,0.43798851487076335,ok
NGJY01000001.1,4733,5084,1,352,55.792314891429264,7.943109763700847,0.47822233198731745,0.5088391454330806,-45.76904296875,43,16,0.3806818181818182,0.4146137431668322,0.6227282002734013,ok
JACYHA010000002.1,284511,284188,1,324,74.04236927111006,3.62439785639722,0.6702215433402517,0.6783551870304244,-32.16122817993164,26,49,0.3549382716049383,0.6179683059535613,0.7382695905008704,ok
KB946294.1,245737,245346,1,392,79.26182028392495,4.311671671702479,0.6036766599562096,0.6014499394794296,-44.06029510498047,41,35,0.413265306122449,0.5620939395550476,0.6443457658783677,ok
CP002243.1,53010,53415,1,406,48.92052080089248,5.274049904529623,0.3254650364202589,0.5978972727400259,-45.06426239013672,31,57,0.3497536945812808,0.5165813698494032,0.667233240727115,ok
LLZH01000285.1,3068,3398,1,331,86.80048516058,4.251894393574637,0.5721090784555378,0.42057523587271334,-105.65257263183594,39,13,0.6314199395770392,0.3933515760879939,0.450823826406651,ok
CP011974.1,1887421,1887808,1,388,59.41782516228836,6.357160557746888,0.5275589351480817,0.4996113997224288,-65.51395416259766,31,20,0.3479381443298969,0.41767296914741725,0.5932271851082396,ok
CP040428.1,2296682,2297092,1,411,51.866653740704585,7.3469554338533065,0.20267405037124347,0.5284323199663908,-71.88001251220703,38,36,0.45498783454987834,0.47544515135174487,0.5827653320250571,ok
GG658170.1,1923291,1923596,1,306,74.81329351471985,2.9439409262157175,0.702793652215841,0.5382066052274662,-51.56483459472656,21,14,0.4150326797385621,0.4737932131484335,0.5983871387192365,ok
CP012602.1,1517582,1518012,1,431,84.15502499272219,2.531626073403353,0.6715006607806165,0.5503179858988231,-66.89673614501953,22,28,0.41299303944315546,0.4997219765429601,0.5971276345837376,ok
WITC01000106.1,7882,7785,1,98,64.01827634093881,5.218904498718867,0.18448425265584345,0.5602229620171773,-25.835786819458008,10,15,0.5714285714285714,0.5375167606967267,0.5850252630091352,ok
BSEC01000006.1,79283,79389,1,107,92.45686686957544,3.8702101237387185,0.5678763007079075,0.4368374017621334,-28.451099395751953,16,11,0.5514018691588785,0.4115206466316749,0.46417291186145704,ok
CP016761.1,1518411,1518013,1,399,50.52330563821553,6.305310620544265,0.27170553925760543,0.6498228842041157,-45.04491424560547,19,32,0.38596491228070173,0.5781887823830877,0.7159614002485051,ok
VLXZ01000001.1,406314,405936,1,379,75.60835300872242,4.159124789154117,0.6335360024386961,0.6048421300289493,-49.48776626586914,18,48,0.38522427440633245,0.5546775772055503,0.657879834237421,ok
CP001616.1,637791,638238,1,448,65.25407608847648,7.496879501779616,0.6394672774707801,0.5068115445559439,-73.48934936523438,58,19,0.41517857142857145,0.4509383704759897,0.582603954843212,ok
RAQO01000007.1,59736,60168,1,433,51.337301254017255,6.6969383841532615,0.2954487631876932,0.5896910459618124,-51.0350456237793,36,35,0.3903002309468822,0.5126898280608353,0.6641594028912154,ok
CAADFC020000016.1,477792,477886,1,95,89.92085365371048,4.889076898351211,0.5456928591554236,0.3904009913360995,-33.66825866699219,11,9,0.6105263157894737,0.3725362950380959,0.41166396930436905,ok
JAODNV010000013.1,81331,81426,1,96,94.99999395116818,3.630092622244936,0.5120608891913607,0.3438153290348092,-31.09176254272461,17,5,0.59375,0.3213703856731012,0.3675504308523489,ok
NZ_AXWS01000007.1,378039,378405,1,367,92.38808897775726,3.1033723049257635,0.6004178316795066,0.42101185945666364,-92.29359436035156,34,20,0.5313351498637602,0.3871920011783313,0.45468520637273013,ok
QAOJ01000013.1,152352,152468,1,117,92.37417286383646,2.115635587562188,0.40160589213588155,0.4708672745573526,-39.39259719848633,10,14,0.6239316239316239,0.4443428024621204,0.4945776715479814,ok
CP003735.1,2478262,2478624,1,363,47.68888953050568,5.730382377441857,0.12680433533072966,0.5337713559531491,-91.56035614013672,17,26,0.5179063360881543,0.4989264678790914,0.5627708583898189,ok
LDOU01000013.1,165474,165884,1,411,49.043305374365794,4.234133173519603,0.21846963814517983,0.6487159602793346,-50.57108688354492,38,36,0.3795620437956204,0.6026000486831655,0.6868868602246395,ok
AB255436.1,46891,46833,1,59,94.99999995526909,3.0855891445115673,0.39368196446742093,0.416097994288587,-16.04199981689453,19,8,0.576271186440678,0.3952907047185541,0.43682569639489083,ok
UHJG01000001.1,70625,71071,1,447,73.42993168735431,4.474762967971071,0.6375846029476286,0.5781815958593965,-66.45447540283203,20,33,0.4116331096196868,0.5253670142732509,0.6351919106249219,ok
CP001063.1,2115802,2115380,1,423,93.40613647376767,1.7436926385481437,0.7010843607434077,0.481922822473743,-68.37107849121094,59,25,0.4231678486997636,0.4367879145347514,0.522055840206511,ok
AE004091.2,5847084,5847187,1,104,94.99998593060955,1.1277432896030561,0.4404272496890293,0.5863364539771202,-20.632736206054688,9,24,0.5865384615384616,0.5631999335818596,0.6055192208968713,ok
CP022113.1,570242,570147,1,96,78.9821159354399,5.959761163148043,0.5225087757531579,0.43458376803692017,-34.105308532714844,17,16,0.6875,0.41318507164391444,0.46212524808969124,ok
KB375284.1,651097,651002,1,96,70.00429555305962,7.900536247210617,0.5750039527541051,0.572395254597124,-18.525775909423828,8,17,0.6041666666666666,0.5429154611314527,0.6151907206131891,ok
JAIULA010000014.1,16798,16409,1,390,70.20239220889725,3.065159475637694,0.7366922990498138,0.6390627591972212,-39.07329177856445,27,50,0.35128205128205126,0.5632393104092009,0.7092903873884141,ok
SLVV01000009.1,239022,239442,1,421,82.52142788970748,2.218780805883204,0.7044937360118317,0.5674710260669475,-69.54762268066406,46,76,0.3824228028503563,0.512865663898291,0.6162170796673937,ok
AE007869.2,109596,109822,1,227,50.97304180007217,9.439082629064556,0.15636988479962055,0.5833214504527032,-35.67481231689453,30,18,0.47577092511013214,0.536252450604102,0.6339159355806275,ok
AP014546.1,2339916,2339480,1,437,31.11381821170563,2.336916745404998,0.8366552867030966,0.6528181664090971,-44.59915542602539,88,33,0.40045766590389015,0.5575042862441258,0.7212645618345782,ok
RBOJ01000035.1,152246,152359,1,114,94.86399256718911,2.399178510346323,0.22479198475616485,0.47815728511354555,-38.730323791503906,8,14,0.6140350877192983,0.4641214998036174,0.49114685919045015,ok
FNFL01000004.1,40653,40280,1,374,73.16373202635741,1.8392819173202077,0.7959813113344932,0.688024999924202,-36.42012023925781,22,56,0.36363636363636365,0.6232282738861086,0.7425753555933163,ok
CP005974.1,27318,27725,1,408,92.27848080963525,2.769054238192736,0.6194550563108203,0.5262384740453713,-76.87581634521484,35,38,0.45098039215686275,0.4883941296673521,0.562342522411417,ok
LR700946.1,51822,51431,1,392,77.226306835125,3.9355371449183534,0.6321619648048515,0.6676113351010698,-41.49211120605469,26,63,0.35459183673469385,0.6187511744371635,0.7184486137078165,ok
CP007453.1,342124,342434,1,311,73.17514986288339,2.731242138581262,0.7293176892382502,0.6265945717422838,-41.78733825683594,29,69,0.3504823151125402,0.5577912759881634,0.6891026639267802,ok
LAQR01000048.1,168450,168080,1,371,83.7406265321632,3.352127779930371,0.6237731257811887,0.5510638771415436,-62.20784378051758,31,30,0.4339622641509434,0.5077220473301877,0.594638053124319,ok
GL538181.1,53195,52810,1,386,76.07202609488117,4.3254010389556345,0.6239340495561905,0.5840488202982769,-53.511356353759766,36,33,0.4067357512953368,0.5369467276244456,0.6351004871952705,ok
LT906479.1,1855134,1855593,1,460,68.13021788636331,5.6841847479221626,0.6489195260691922,0.5239578260082115,-76.66889190673828,47,23,0.4782608695652174,0.4641801675395513,0.5945128584555839,ok
AKJA01000153.1,2005,2385,1,381,45.481008508183734,7.051269560512476,0.18432506679415228,0.5080115359935241,-64.02613830566406,64,26,0.4566929133858268,0.44557781258269114,0.556575952263114,ok
CAJPFU010000642.1,14178,14569,1,392,45.64776483188524,8.135339052015329,0.15016035747044432,0.4778784345108024,-91.06095123291016,26,13,0.46683673469387754,0.42196140918159286,0.5219723985287822,ok
RCCI01000006.1,279138,278746,1,393,93.88934358492156,2.796097613863501,0.5497326265075657,0.5087399237004023,-81.8978271484375,29,15,0.544529262086514,0.4766940866580777,0.5396965995945167,ok
AHBZ03000014.1,63826,63384,1,443,64.50526187058313,3.722571029771075,0.5547688963963842,0.5523119362666492,-62.2159309387207,38,58,0.35214446952595935,0.4830740557735966,0.6181765137513159,ok
PDDX01000001.1,3667876,3667413,1,464,47.59128443538689,7.324773923370923,0.2472741127344284,0.5587639679923123,-60.26416778564453,38,19,0.3922413793103448,0.4782716599290501,0.6279566613868862,ok
AJYK02000024.1,43040,42640,1,401,74.65385047780435,4.227512959884722,0.6378250067595761,0.5167380749815255,-63.60675811767578,56,15,0.40399002493765584,0.4650366896357991,0.5718696686243103,ok
BA000028.3,606090,606478,1,389,67.84765513233027,4.61577409933264,0.6914602623119664,0.5472228651319538,-52.30204391479492,31,43,0.35475578406169667,0.4729612045367872,0.6261322693314008,ok
CP010536.1,808736,809142,1,407,53.563683832229195,4.946614983282525,0.2021481368749713,0.46458863582622706,-96.8567886352539,29,11,0.5356265356265356,0.423126134995452,0.5027106696675896,ok
CP045403.1,1397747,1398182,1,436,50.13051069158121,5.526475978578023,0.3798961004744745,0.6094253589042778,-53.38287353515625,30,20,0.33715596330275227,0.5153185665860154,0.6931724729304678,ok
VTXE01000004.1,128509,128082,1,428,85.83976127793207,3.6318492933740267,0.5998103851930845,0.5489027663918479,-75.5114517211914,29,33,0.3855140186915888,0.5128995042878576,0.5862018640479706,ok
MRWE01000006.1,84532,84344,1,189,54.571447242507,5.537259574031106,0.30586435687161095,0.49448456864167883,-36.12457275390625,30,8,0.5502645502645502,0.4316470494234594,0.5560096247118163,ok
FMWD01000008.1,31173,31562,1,390,43.46805396879121,12.5096538594294,0.06951796224171686,0.48642209153341825,-100.43649291992188,40,25,0.5461538461538461,0.4509854697445574,0.5077324166201176,ok
LLWI01000053.1,23172,23073,1,100,49.706035328930525,3.936882161437304,0.2126385548880484,0.5264509710224962,-23.543743133544922,8,7,0.55,0.48470477215486907,0.5612587365104337,ok
SMCO01000007.1,25365,25799,1,435,50.29433324962891,6.418968774665593,0.23680307725728394,0.5077888948087709,-80.10152435302734,39,23,0.42528735632183906,0.4442003305937918,0.5666747790155027,ok
JQAZ01000001.1,193152,193475,1,324,59.44049815304269,5.730461204865733,0.5612973511286261,0.486422140866251,-53.72793960571289,33,12,0.3888888888888889,0.39797281156549164,0.5824022757307737,ok
CP009706.1,2571208,2570815,1,394,79.6564168682635,2.9192222177569076,0.6698397371493546,0.5720433453736401,-64.18387603759766,32,41,0.4416243654822335,0.5177668248078419,0.623267305840004,ok
JABZEC010000005.1,10735,11122,1,388,55.161577583022776,1.607550466183997,0.998685842016475,0.5668624386770109,-59.56553649902344,25,39,0.38917525773195877,0.48098020534755775,0.6357848982964707,ok
FMZJ01000007.1,185142,185262,1,121,46.73467751749565,3.986677361243053,0.30139939420629275,0.4355563736622375,-40.898040771484375,23,5,0.6446280991735537,0.372879929996343,0.48567533203824126,ok
CP002583.1,2973493,2973053,1,441,77.50141483720745,2.973920589386606,0.6805036823556343,0.6001498588590631,-59.29896545410156,27,39,0.3786848072562358,0.5422389028708616,0.6548503662386689,ok
BJMD01000008.1,170157,169752,1,406,87.90714263809832,4.415305497816749,0.5130012361582968,0.4164047473606131,-122.2674560546875,66,34,0.5443349753694581,0.3944222933598722,0.44126472474849654,ok
NEVQ01000013.1,1053409,1053017,1,393,87.0744340028294,3.9323905848704364,0.5835280822005506,0.4715269816118959,-82.83038330078125,39,19,0.5012722646310432,0.44016033840246227,0.5052965881155346,ok
CP001339.1,539427,539775,1,349,87.9915915549968,3.5730770125644287,0.5934488528463697,0.461450007272919,-97.60163116455078,22,14,0.5730659025787965,0.427973508737024,0.49598173933763284,ok
CP001349.1,2453017,2453107,1,91,94.99999988682377,3.9962359574133175,0.5550480559707945,0.32779303658007464,-31.325361251831055,17,7,0.5604395604395604,0.30660451519389503,0.3510913057012274,ok
CP009706.1,3544821,3544328,1,494,60.445628849702054,5.06403123218646,0.5081259201950988,0.5043546828272938,-81.28314208984375,40,30,0.4190283400809717,0.4279177082095575,0.5832784209899524,ok
CP019706.1,442038,441611,1,428,77.38248764463046,4.105376339816375,0.6234093830637455,0.46442035853984714,-83.73888397216797,49,22,0.46261682242990654,0.41828888416944265,0.5133106634600727,ok
CCSF01000001.1,48108,48224,1,117,58.87773634826066,6.190712146973395,0.06592974530778734,0.4856367231930165,-36.93006896972656,10,13,0.6153846153846154,0.47495760965478956,0.49754505963637696,ok
FNNQ01000001.1,339799,339456,1,344,69.14685004438466,4.792815388432518,0.6678939854817527,0.5163139406487439,-54.04176712036133,39,15,0.39244186046511625,0.4511935806308268,0.5878078093624581,ok
JALPRX010000089.1,3073,3145,1,73,94.99971589423073,4.569444028739971,0.525527544488577,0.32529575235980573,-27.261232376098633,16,7,0.6438356164383562,0.3098586438597393,0.3432814867071047,ok
LS483470.1,1995174,1994767,1,408,62.48450307143565,3.823334668026088,0.36363360799829036,0.5982948749709652,-69.30609893798828,19,24,0.44362745098039214,0.549435029707508,0.6444611233712793,ok
JMPI01000069.1,2633,2206,1,428,69.97994453941784,5.055071353568856,0.6490063426942698,0.4540322710882994,-73.04827880859375,66,14,0.4322429906542056,0.39537628133634195,0.5202742567268192,ok
LT960612.1,912466,912895,1,430,79.30143267927929,2.88808360589965,0.6742615197528623,0.5348302179821665,-73.56217956542969,25,28,0.4046511627906977,0.47943136345077847,0.5869027844260458,ok
CP024848.1,1169544,1169927,1,384,60.3615311202696,2.0851429090093427,0.9131708188034278,0.5711242065273356,-47.972198486328125,25,37,0.3697916666666667,0.47758455929841137,0.6491109851535111,ok
LGIT01000004.1,413308,413231,1,78,76.01480519252041,4.600925206105006,0.6133603582254834,0.5367536572620536,-12.217799186706543,9,15,0.48717948717948717,0.49307010837200027,0.5853439237884394,ok
RZHF01000005.1,169049,168604,1,446,75.09326312308293,3.92662246867945,0.6478957195257936,0.49420111119415927,-85.50492095947266,31,27,0.4798206278026906,0.4399519641953174,0.5503663701237518,ok
CP004345.1,2767131,2766842,1,290,49.686938810334766,2.9594174168066734,0.371524862276402,0.5685900548477208,-42.943031311035156,26,40,0.42758620689655175,0.511256962551336,0.6155061845034133,ok
FMUN01000012.1,24237,23841,1,397,48.305900107381454,5.923525952275043,0.12781972893542204,0.4993607715160467,-107.91645050048828,31,40,0.5894206549118388,0.4640558976471246,0.5294752708453235,ok
JACXIZ010000018.1,704,321,1,384,58.480377813294695,4.848642631365088,0.3966420427950464,0.5018836255754812,-65.74909973144531,23,21,0.4348958333333333,0.4365662633908938,0.5667179155701313,ok
LT629785.1,653385,653497,1,113,91.72023743258684,5.008801516465244,0.5387441368759978,0.4825759893370343,-35.046546936035156,9,13,0.6106194690265486,0.46749804735274164,0.5008053132864156,ok
SMGD01000001.1,31287,31689,1,403,62.82359650182469,4.267385742538397,0.5587428947199984,0.5674256137210726,-54.54762268066406,38,20,0.3746898263027295,0.4923459256438286,0.6416215486178691,ok
AP014936.1,949670,950054,1,385,94.25391389990375,4.377644527060604,0.5476250078007481,0.418326188031716,-120.11334228515625,45,13,0.5974025974025974,0.4001096544896762,0.4390665068891979,ok
CP013187.1,3746076,3746457,1,382,74.72588903327838,2.60286173790959,0.7263343913071921,0.5343769945355002,-56.65235137939453,31,45,0.33507853403141363,0.46809887915817766,0.5944786740816888,ok
FZQB01000003.1,37322,37221,1,102,87.70748331844443,3.6454965377079906,0.5913578832561792,0.5112733475256879,-22.517173767089844,18,25,0.5392156862745098,0.4783758633563533,0.5455139310384516,ok
CP134400.1,781002,781362,1,361,94.9999999917209,3.0541457016059357,0.4858257123753529,0.4870049446973737,-99.5798110961914,14,30,0.5235457063711911,0.46087257892621714,0.5129266505309599,ok
POTY01000591.1,373,3,1,371,76.81214739017531,2.817325635724914,0.6947315049766316,0.6370360284528492,-45.450469970703125,26,42,0.39892183288409705,0.5765336874162137,0.6926970500543312,ok
CP014873.1,1152249,1152648,1,400,50.102405505499384,7.8122251754511085,0.21919074729095528,0.5301861343490573,-66.2271499633789,30,34,0.3675,0.4647305989509924,0.5936955424355456,ok
QUDT01000015.1,69434,69060,1,375,72.41309799996156,3.5531225417300383,0.6883655035987088,0.5567563762799984,-55.27863311767578,45,42,0.4533333333333333,0.49087442980148577,0.621422141587934,ok
JACHXI010000013.1,54593,54710,1,118,81.02882231914955,2.962870786543871,0.20411666071791906,0.46639991600608993,-39.90311813354492,10,12,0.6271186440677966,0.4505432305247159,0.48149081707498725,ok
GL379669.1,2360,1895,1,466,50.09610419451466,8.882090238470807,0.22906894995099797,0.5757163575206553,-72.05264282226562,39,33,0.41416309012875535,0.5039010411720284,0.6490299094165644,ok
CP021659.1,1522694,1523119,1,426,48.84504236638101,6.9314268490896245,0.2760344830959963,0.5740805235836082,-64.40210723876953,34,14,0.4084507042253521,0.49197679244494913,0.6489671682910896,ok
QWVT01000065.1,6235,6619,1,385,44.98154609385516,5.874418346268552,0.21885548590245463,0.5850305329251686,-68.73502349853516,18,37,0.42857142857142855,0.5202756328417846,0.634950711024962,ok
SKBM01000006.1,156019,155925,1,95,94.99987141293153,4.1724619706402555,0.26389920922184223,0.4119402522174164,-40.82644271850586,11,12,0.7684210526315789,0.40267268569879916,0.42229102274845604,ok
CP019445.1,1260001,1259569,1,433,47.41219605652043,8.197362347671863,0.18331152755079705,0.540986100014681,-70.3944091796875,41,17,0.4341801385681293,0.4766479274764559,0.5968201610101401,ok
JMCG01000001.1,2086321,2086738,1,418,44.63321699993638,7.793340541015748,0.26291548737646775,0.6545867712753358,-47.363365173339844,27,51,0.37559808612440193,0.5576189350858096,0.7283567599087863,ok
RZJR01000022.1,40454,40841,1,388,82.12193475890406,3.432893188499505,0.6270529192634324,0.48610829323129745,-73.67508697509766,31,26,0.4175257731958763,0.441517831420027,0.5309715416131701,ok
FORT01000001.1,436231,435932,1,300,47.73386089339845,10.470424431490605,0.16961279563671605,0.6050480865217133,-34.32490539550781,58,33,0.4,0.5385585232888285,0.6649985457569075,ok
WQLV01000009.1,173944,174303,1,360,72.24906431276605,3.9513890466334103,0.44058489053555355,0.5047538164715627,-86.68480682373047,13,27,0.4861111111111111,0.4638190279805747,0.5463964299466746,ok
CP013099.1,678974,679332,1,359,20.471773179712606,2.338105194254588,0.6260263677547611,0.5455153326003699,-66.35277557373047,36,23,0.46518105849582175,0.5034579893719441,0.5742226357861354,ok
LGAA01000018.1,139654,140039,1,386,55.74262787306465,1.5082564240027647,0.9893578272140184,0.6622415135187344,-32.731536865234375,48,53,0.35233160621761656,0.5825242277508222,0.7255404010570204,ok
PIQH01000002.1,180618,180222,1,397,77.88027581871309,2.9538051010263073,0.6793663667815102,0.5640993191616629,-60.33875274658203,34,23,0.4156171284634761,0.506653654661281,0.618343958031394,ok
BMIY01000014.1,48097,48546,1,450,74.6640251043326,6.444494314762219,0.5702555170678525,0.45510468755227285,-87.34278106689453,44,39,0.43333333333333335,0.4268469037505711,0.49194229924918276,ok
CP001997.1,1822541,1822101,1,441,48.34359759488948,6.384751877819783,0.20052791264870118,0.5987322923130592,-65.40850067138672,22,55,0.4126984126984127,0.5404870855186237,0.6488791974346463,ok
JYFT01000060.1,63194,63079,1,116,50.74470884582508,4.9903401124854145,0.10115935860539238,0.4467895636845454,-46.9088134765625,13,12,0.646551724137931,0.4237631119639208,0.46699517999985196,ok
MIJE01000011.1,228252,227897,1,356,82.61464087099931,2.9058450231413637,0.6544669811207436,0.6202825802511427,-40.70610809326172,31,59,0.36235955056179775,0.5705516518769655,0.6678285301922561,ok
DF967972.1,890200,890497,1,298,49.25577387899276,6.800620939082223,0.16225664972523762,0.5405039043052041,-65.6458969116211,25,43,0.5369127516778524,0.49320062540456366,0.5828496904543982,ok
BORO01000024.1,50426,50787,1,362,57.42587175592828,4.900417330858037,0.4027737182711551,0.48993502894183866,-58.9952278137207,36,22,0.3701657458563536,0.4203012528251087,0.5586553264868335,ok
CP034412.1,3029680,3030075,1,396,71.05434149977789,4.049353696044686,0.37699374590431606,0.45010470913426287,-119.920166015625,34,17,0.5984848484848485,0.4137069127713167,0.48725838710101416,ok
MTSD02000001.1,1063785,1063344,1,442,54.65646337516624,4.798772912359444,0.2931661989006395,0.5902406447827997,-66.00201416015625,21,39,0.39592760180995473,0.5335528183695194,0.6432630866648831,ok
CP019706.1,310347,309869,1,479,48.13722945290978,4.990561048085061,0.24035453591401318,0.5156177555494206,-92.79341125488281,49,65,0.4196242171189979,0.4567810868380374,0.5645311542229285,ok
FQTQ01000057.1,19309,18875,1,435,70.33735221482968,5.208400638985465,0.6387297829071414,0.646445651476358,-40.525543212890625,48,43,0.3632183908045977,0.5912894129949321,0.7090076799989524,ok
BA000019.2,323243,323301,1,59,78.82714046886802,3.7795097584310526,0.6282741584459333,0.6982816917856866,-8.41958999633789,5,15,0.423728813559322,0.6517157514734137,0.7461119786998157,ok
VFRR01000002.1,106585,106174,1,412,47.53204135898379,7.662765221672582,0.20628805491673008,0.6051133956262553,-56.413734436035156,20,52,0.39563106796116504,0.5358011894729832,0.6645943031570076,ok
CP002727.1,3297127,3297060,1,68,88.17934489749624,2.981189740140867,0.6238977050121525,0.5707755502783901,-11.483072280883789,8,13,0.5294117647058824,0.5295552640599712,0.610931854765998,ok
QZEW01000207.1,1691,1794,1,104,60.21974263026132,8.841114821068375,0.43379310001754007,0.4089194261851277,-28.102550506591797,16,6,0.6057692307692307,0.35592659787974323,0.4846094852774454,ok
CP009706.1,3666920,3666474,1,447,42.73696252459089,4.318582093719278,0.23477423895744892,0.6172676530240787,-56.531375885009766,49,73,0.42953020134228187,0.5634965874366772,0.657108572604964,ok
SLXK01000037.1,20254,19852,1,403,51.465450779258255,5.938665791479772,0.24145100565533018,0.6165433236769968,-47.88678741455078,25,22,0.4119106699751861,0.5575314465818692,0.6720326462257433,ok
JANCLT010000005.1,205773,206168,1,396,87.12497868376607,3.0255465011593365,0.6243385793090137,0.5037771248411819,-72.83949279785156,42,51,0.42676767676767674,0.46282375357448235,0.5436327246535448,ok
BBMT01000012.1,103071,103500,1,430,49.22841474453156,6.846807948885486,0.20397158691507927,0.5825966278323896,-63.00996398925781,42,26,0.4116279069767442,0.5228331082573833,0.6361654966085227,ok
LAQT01000002.1,305130,305519,1,390,74.68190398755743,5.378251509781773,0.5965689137257729,0.44860917485286284,-87.241943359375,60,10,0.5205128205128206,0.4104696329993742,0.49403574276338785,ok
FWXD01000001.1,35185,35483,1,299,91.5588424085426,2.7600043495220588,0.6225911696227986,0.525015763179561,-68.76563262939453,16,23,0.5484949832775919,0.4863258068289694,0.5618491002648707,ok
AKKV01000019.1,142187,142549,1,363,66.69607583034372,5.536790539543972,0.6719638028972631,0.5022234965040625,-59.63628387451172,28,14,0.38016528925619836,0.4332636513671927,0.5812215886550107,ok
CP001154.1,893915,894277,1,363,85.8943459747287,3.852854135008271,0.5908598734005959,0.4815142589904604,-87.45879364013672,39,9,0.5371900826446281,0.44783605551250216,0.5173492356489163,ok
CP019640.1,373847,373406,1,442,71.9728319496603,2.4862724957845685,0.7566360649632118,0.641080444703602,-53.099327087402344,19,71,0.4004524886877828,0.5688847846472636,0.7046802203275612,ok
MXQD01000068.1,39457,39069,1,389,92.86091043989126,1.6953313759562196,0.707182350714721,0.4825029026395291,-77.90919494628906,34,24,0.42930591259640105,0.43729468788960185,0.5219362051138452,ok
LELH02000006.1,144926,145253,1,328,44.090569511223336,10.263018096159376,0.15742895917038296,0.5655974922560044,-55.4205207824707,17,36,0.4878048780487805,0.4947494608073488,0.6136474982247349,ok
QPJY01000003.1,177070,177463,1,394,94.7442031153341,1.4803502849079866,0.6078386254163654,0.48719733250116243,-90.10719299316406,17,42,0.5583756345177665,0.4507500098525541,0.5180296796789665,ok
QKRA01000006.1,26174,25732,1,443,55.10828480670259,3.0999544476516236,0.5186933093803001,0.5704960467488591,-59.38719940185547,33,21,0.3905191873589165,0.4939744172146351,0.6356312315911917,ok
CGIG01000001.1,835093,834644,1,450,63.77762497479151,4.848929226986257,0.4370969698478607,0.5280652652557526,-73.58454895019531,49,30,0.42,0.47239127547286475,0.5865594503792779,ok
CP009706.1,351452,351540,1,89,53.12150240504129,6.415372925207075,0.4610807162765681,0.6115044252836174,-8.578730583190918,16,10,0.39325842696629215,0.5043189142838939,0.719212808542117,ok
CP003923.1,3226800,3227171,1,372,78.39254402721411,4.030166503350123,0.6204711455585533,0.5290009108881963,-63.50807189941406,22,35,0.41935483870967744,0.48413341211221284,0.5764191749728665,ok
FQXG01000008.1,235526,235107,1,420,91.43180675229883,3.6101898060678925,0.5799510327582997,0.47071471492697353,-102.1332778930664,29,20,0.5261904761904762,0.4418761558313853,0.5008267257459639,ok
CP021106.3,3162680,3163084,1,405,57.7174891523178,5.161319335029067,0.3387643732890189,0.5463180919753144,-72.30052185058594,35,15,0.45185185185185184,0.4878057810983376,0.6051652831699956,ok
LGUE01000004.1,150637,150211,1,427,63.911857782236105,3.0863785312571634,0.45881456000508614,0.5623528688824698,-62.88860321044922,49,42,0.39344262295081966,0.5070900528213633,0.6128473972412624,ok
CP008849.1,3786095,3785678,1,418,69.48122593973586,6.036136509728815,0.6240673664648124,0.5232254051360868,-60.14122009277344,48,31,0.39712918660287083,0.47323208891309687,0.585200136569055,ok
CP054212.1,3461480,3461203,1,278,82.05786548301666,3.4983121342117887,0.6236061676586824,0.5762197262154135,-44.46065139770508,23,54,0.4172661870503597,0.5325761210634218,0.6202654461771016,ok
FQXZ01000041.1,5751,6137,1,387,80.58726369702019,2.9331997227668025,0.6642501467410291,0.537377332878481,-55.4413948059082,48,18,0.42118863049095606,0.4842862452424092,0.5878518728091486,ok
FQUG01000005.1,98198,98624,1,427,69.69986794361999,4.379565828961359,0.6776067085822578,0.555198609533596,-72.5323486328125,27,52,0.4215456674473068,0.4876622813074396,0.6260268667311711,ok
LT699767.1,955371,955040,1,332,68.8698514408342,4.131538714881706,0.6971074176938242,0.6764456883776365,-29.462413787841797,18,44,0.35240963855421686,0.6031944362778199,0.7508242536444848,ok
CP003230.1,610790,611216,1,427,49.306461067269076,10.324651797793502,0.26415472509795007,0.5801312522670999,-57.7827033996582,34,19,0.3629976580796253,0.4880531105738502,0.6749600978401198,ok
FPJW01000006.1,32807,33209,1,403,62.97203810300517,3.597422307870986,0.49901003172549974,0.4372878047710553,-76.87981414794922,61,10,0.41687344913151364,0.3725277622583617,0.49849456550044263,ok
FPIU01000013.1,192010,191645,1,366,89.60723140568565,2.9898041687685355,0.6172878138630095,0.5353153889443792,-58.595542907714844,34,13,0.4644808743169399,0.49640573912315034,0.5734311225073558,ok
LS483466.1,1813977,1814379,1,403,68.3476149776515,3.1559700317263353,0.7536152103245864,0.5991297522217569,-45.28030014038086,32,37,0.36228287841191065,0.5163261739924455,0.6760448394353262,ok
AL590842.1,1604240,1604374,1,135,53.451306571079215,3.871811523155119,0.310799240262667,0.6152594686312524,-21.070268630981445,22,18,0.48148148148148145,0.5598696492485453,0.6635451285201645,ok
JMSP01000100.1,124,412,1,289,63.392393527453756,1.1716478602689522,0.9251749970614142,0.5574396455203291,-33.61322021484375,25,23,0.3771626297577855,0.5001184840951075,0.604108886341705,ok
JNGI01000184.1,68192,68602,1,411,78.4130923179938,4.02813701631097,0.61990175638616,0.5470833815422605,-52.93921661376953,35,35,0.3795620437956204,0.5025576510736487,0.5940053865836039,ok
CP010552.1,560983,561326,1,344,71.09613839780842,3.566415254637275,0.7011170602419105,0.5580606900958449,-47.96958541870117,84,40,0.35755813953488375,0.48767533192693846,0.6270563429944447,ok
BAEN01000068.1,162599,163054,1,456,67.04505094089413,5.350003904192347,0.6748905342542035,0.5381473916749001,-62.90071105957031,58,24,0.37280701754385964,0.46816652850112694,0.6175141590684526,ok
AZGA01000006.1,57791,57405,1,387,67.3951707087835,4.5207031623941685,0.6991446971165878,0.5906135300672571,-48.58200454711914,24,41,0.3669250645994832,0.5145091776674592,0.6702529468226577,ok
AP013066.1,2217055,2217444,1,390,48.44729933902248,6.68748653716299,0.14996421609647437,0.5014625256291735,-84.9070816040039,37,9,0.45897435897435895,0.4568233417305846,0.5406405621183888,ok
JTFC01000031.1,58291,58671,1,381,71.28046538306737,4.567403081213203,0.6543333789557151,0.5783905416118058,-55.72877883911133,23,32,0.3569553805774278,0.5188661272003016,0.6429442821447311,ok
FNCT01000014.1,72210,72051,1,160,94.99999998473808,2.753370086973093,0.2754671996796073,0.4420145391166795,-54.17466354370117,22,13,0.6125,0.4260487098789378,0.4573539528548218,ok
CP016761.1,3174810,3174432,1,379,70.78752263322359,4.07248905775176,0.6793131298363049,0.6035411340433022,-47.76565170288086,24,36,0.40369393139841686,0.5369104722015677,0.671659912404071,ok
JALPRX010000089.1,7109,7198,1,90,86.91001915148428,5.015977118929863,0.5507163811890501,0.35175065864579896,-31.891000747680664,17,7,0.6222222222222222,0.33200969791678936,0.37549341426689936,ok
QFFF01000001.1,1424974,1425069,1,96,52.738734973334296,4.001078483707336,0.3011276581656228,0.5144877219573406,-27.041860580444336,11,7,0.6145833333333334,0.4586012253871542,0.5630514553113751,ok
VRYZ01000003.1,457147,456756,1,392,44.39433675565665,7.316806188305288,0.09107709818350546,0.49884709996566956,-95.21626281738281,45,18,0.5,0.46646286382505653,0.522467127152351,ok
SRJC01000001.1,1128034,1127620,1,415,41.53942877620185,3.564000997689982,0.2862462161510079,0.5924207989320126,-67.9629898071289,32,27,0.39759036144578314,0.5377298393555316,0.6329115429381839,ok
CP007142.1,2496503,2496098,1,406,43.99990667467984,7.658401749323663,0.17999389435818752,0.5692655804064185,-67.42115020751953,26,45,0.4064039408866995,0.502671678322427,0.6159724941058877,ok
WOCD01000001.1,571014,570879,1,136,53.43433006727869,4.660736513926065,0.34766646205925483,0.5710767748689026,-16.643718719482422,30,29,0.375,0.5017525431776807,0.6341085434939325,ok
JTKH01000024.1,365451,365850,1,400,65.39811974363012,2.410409152117137,0.5852578431304752,0.5756386461566965,-54.356529235839844,38,33,0.3925,0.5142720823334292,0.6283418814643333,ok
LT897836.1,1511741,1511597,1,145,75.11032103430361,1.7546325050024878,0.7895422763204338,0.659275846230379,-18.1871395111084,12,33,0.36551724137931035,0.5980205910287615,0.7107199333048758,ok
SNYM01000004.1,98192,97815,1,378,76.18895978669485,3.5577134373298236,0.6046568874543881,0.5372578256081918,-60.05735778808594,33,18,0.455026455026455,0.4864934107953388,0.5878698571021683,ok
CP022736.1,1872839,1872441,1,399,50.95536356274619,4.574017552189422,0.3832940857602566,0.5417709084478708,-60.85043716430664,33,36,0.43358395989974935,0.460057719016919,0.6128272051590767,ok
JAJNNZ010000014.1,32359,32780,1,422,54.47649686914241,4.043584822619867,0.43185590127891965,0.602347670368257,-51.91712951660156,55,47,0.3862559241706161,0.5253562399343498,0.6704743793746347,ok
JAGIYQ010000010.1,31262,31638,1,377,56.10949712625136,5.467342070212373,0.3331765671463999,0.5832530179241703,-47.777992248535156,15,23,0.3448275862068966,0.5200807320309208,0.6464536394927509,ok
AL590842.1,1640745,1640856,1,112,67.86833179564327,4.044399752584344,0.7145214769569302,0.7247083926337083,-5.86043119430542,14,22,0.29464285714285715,0.6456516282253799,0.804248608785795,ok
ASXJ01000337.1,18923,18816,1,108,82.78174629481886,3.0888977815872876,0.6422812618432683,0.5142359294428424,-24.47321891784668,13,14,0.5462962962962963,0.4668034596271806,0.5603485837716661,ok
HF985266.1,109812,109442,1,371,74.04655846815275,3.215166097632577,0.6921824355467566,0.6537405993236741,-37.59667205810547,19,41,0.38544474393531,0.589595335003501,0.7148053901343352,ok
CP013650.1,1730103,1730554,1,452,49.44784265279726,7.3555774721357645,0.2984182465813885,0.5755617552752678,-63.78154754638672,41,54,0.3827433628318584,0.48582743940380646,0.6588924544125868,ok
AE015451.2,2245706,2245773,1,68,84.61771511390309,3.335465927595507,0.6191421014562193,0.5524489315530908,-13.494539260864258,11,14,0.5,0.5111778567438107,0.5937115193808217,ok
FRFE01000002.1,133746,134160,1,415,61.00359789193812,3.336611665388358,0.312683837405524,0.5071679777542596,-81.14097595214844,26,16,0.4650602409638554,0.46510578681753073,0.545148630501308,ok
LZHQ01000031.1,8152,8554,1,403,48.27178022567026,9.488230774544432,0.3461301308059078,0.5503869044483406,-49.37754821777344,44,15,0.315136476426799,0.4257621688306018,0.6683849580830628,ok
JACHHI010000001.1,138335,138702,1,368,82.1377732010978,2.2823751848585547,0.7009932557675336,0.6096171715707125,-45.581966400146484,19,35,0.39402173913043476,0.5548797321152096,0.6585482847511718,ok
WWCL01000004.1,726747,726384,1,364,44.99797122893359,9.736890491480038,0.08675102740250112,0.5257377934358867,-62.240413665771484,16,51,0.4368131868131868,0.4887279333315037,0.5529713921991771,ok
CP041151.1,2040136,2040567,1,432,72.84484008837012,3.4229962943493315,0.6913277004749924,0.5163638897092219,-64.45829772949219,52,35,0.40046296296296297,0.4506721647599369,0.5801886768814211,ok
JANCLT010000001.1,664983,664598,1,386,85.81536261006075,2.6287480319929286,0.6566983337048642,0.5741564808205397,-53.43024444580078,53,58,0.4015544041450777,0.5259844442984007,0.6189657907739435,ok
GL636106.1,51956,52137,1,182,58.91776514819637,4.404118925845886,0.38621645335939647,0.644451607856315,-21.606985092163086,15,32,0.4230769230769231,0.5833727313941248,0.703380035411029,ok
LWBR01000079.1,78328,77927,1,402,50.830837488864816,4.302504885112949,0.19489117420209479,0.6307294791899845,-46.606449127197266,37,43,0.3407960199004975,0.5907699380298451,0.6649477071348383,ok
JACHEU010000001.1,97410,97495,1,86,63.87711080784534,10.07911627654888,0.6120140523584239,0.3825989019715075,-24.464406967163086,17,7,0.5581395348837209,0.3401169800079645,0.45157715611167965,ok
FODY01000004.1,101286,100949,1,338,94.99428270555674,1.886158622452815,0.5834825465732962,0.6139937314868443,-54.252899169921875,19,55,0.40236686390532544,0.5767866564972092,0.6465809147168942,ok
CBXF010000132.1,1571,2020,1,450,83.40342338791287,2.5873202323858835,0.6707367561130777,0.5515880469620913,-66.8193130493164,34,27,0.4311111111111111,0.5007432670806863,0.5986162909092538,ok
MODU01000004.1,217999,218419,1,421,49.589513680129826,7.768067443911179,0.20164869140288644,0.5701869756345985,-55.626808166503906,44,49,0.37054631828978624,0.5081268808995947,0.6280669049028585,ok
CP010796.1,166277,166675,1,399,50.8403612467734,5.258252882309249,0.36751399614003294,0.6296961098435538,-41.01823425292969,39,28,0.3609022556390977,0.5435583362367866,0.7064877920407756,ok
QQAY01000015.1,804,428,1,377,70.9295502809973,3.8832763294825985,0.6855713245348768,0.602047580864629,-41.886566162109375,30,31,0.38726790450928383,0.5343050864231718,0.6695180749943017,ok
PUEJ01000001.1,89677,89768,1,92,63.446032100408274,6.552911587063545,0.6964118213468248,0.38658569228312567,-29.842248916625977,16,4,0.5978260869565217,0.30710275858390096,0.4843338456456849,ok
SPIA01000001.1,165720,166160,1,441,41.1754647666628,10.119182294897005,0.11916456909910284,0.5299501444554919,-75.82904815673828,44,35,0.4467120181405896,0.4770061709900412,0.5601537272697019,ok
CP003532.1,2784167,2783805,1,363,30.668335832112383,4.688592240234361,0.7077198044774841,0.6588824757421019,-45.41616439819336,38,41,0.4380165289256198,0.5539613011162017,0.719995781889414,ok
MRWE01000014.1,25448,25536,1,89,52.9542880144056,5.04417958786638,0.350481497097326,0.6674089352596234,-6.133721351623535,19,20,0.33707865168539325,0.5933031860724545,0.7359797772659104,ok
VIWP01000010.1,84072,84162,1,91,77.64391457999939,4.735245201546506,0.5983100063781361,0.4915604133007944,-23.114152908325195,10,9,0.5714285714285714,0.45331225875663966,0.5348698520876406,ok
AL590842.1,2098677,2098606,1,72,94.9999999963923,2.722672575451816,0.48235515380150984,0.6510523264471061,-9.467657089233398,7,16,0.4166666666666667,0.6228936658077294,0.67801340965108,ok
WXWF01000081.1,26309,26730,1,422,60.95842009315987,3.7616398396747384,0.4623227479994482,0.5405615234629852,-69.54655456542969,39,14,0.3886255924170616,0.4755904749100216,0.6013034576596824,ok
CP020444.2,49428,49526,1,99,68.22650187192617,4.03716632945109,0.7108006365295167,0.46850083883699795,-26.30055046081543,15,5,0.5454545454545454,0.3914544731176342,0.5469780081265739,ok
QWEZ01000002.1,956661,956235,1,427,84.28627319121955,3.429689050442387,0.6159268549481456,0.4900031934055953,-99.57527160644531,24,16,0.49414519906323184,0.44939042513725813,0.5310139686365878,ok
VLLC01000001.1,142453,142912,1,460,52.38358468097469,6.896970209069841,0.26860349620185325,0.5679583659406565,-71.62034606933594,28,34,0.3826086956521739,0.5012433088369918,0.6355076982116002,ok
CP049990.1,736102,735743,1,360,54.69735793160993,3.244474067088832,0.2972411120411227,0.6239557214618354,-54.718162536621094,22,35,0.41944444444444445,0.5783175530518155,0.6630216317119908,ok
CP009706.1,1798133,1798582,1,450,66.28282905678944,5.0790076836820015,0.6937813593649667,0.5600819714906978,-63.71846008300781,41,20,0.45111111111111113,0.48298491109986996,0.6437949173362724,ok
FUGE01000161.1,6664,7099,1,436,52.388703728852775,9.914306144098662,0.3256937839620375,0.5327023064572318,-62.34762191772461,42,16,0.3967889908256881,0.4449135165767609,0.6364918825232091,ok
WJQS01000010.1,17258,16898,1,361,46.1278341537421,7.843219215749598,0.26252941671833724,0.6222304598988221,-42.58900451660156,27,32,0.3601108033240997,0.528658150736146,0.6992896301285773,ok
LGJH01000129.1,24931,25036,1,106,81.35707134945305,4.6114453884751425,0.5816172042562795,0.44767577370734285,-34.58811569213867,16,14,0.6037735849056604,0.4161884334935211,0.4833458575472465,ok
BMYM01000002.1,505426,504995,1,432,85.89154573598837,4.3402890022425265,0.5729803739298349,0.4730760060708364,-96.06212615966797,35,19,0.4861111111111111,0.4451083694225413,0.5042994066311789,ok
CP022572.1,3785535,3786007,1,473,41.316883253857355,8.792863600474677,0.12253609581181568,0.6337650395914257,-55.55899429321289,68,30,0.3572938689217759,0.5839493352219515,0.6623385582021161,ok
PIPO01000003.1,287812,288202,1,391,94.81488770203816,1.4488329033880476,0.691225689741936,0.5468787353159764,-60.94657516479492,33,47,0.42455242966751916,0.505856257909437,0.5816200268222909,ok
CP003235.1,111631,112099,1,469,49.06275741237542,8.896004965356127,0.3149111798948311,0.5372230673228241,-70.50634002685547,43,12,0.43923240938166314,0.43105023083664945,0.638312708797944,ok
CP034433.1,2588270,2587915,1,356,76.03940813337711,5.354896693574547,0.5874086108332341,0.48493552973407145,-80.84371185302734,33,26,0.4747191011235955,0.45030920563934956,0.5264549963274224,ok
BMGH01000001.1,445635,445974,1,340,78.28861666280419,4.869707563560217,0.590161629808847,0.46414030953007274,-85.89707946777344,28,14,0.5411764705882353,0.42903407674337024,0.5046943891608048,ok
CP027860.1,3033323,3032888,1,436,43.904696695751575,10.83353417979963,0.08007253069956116,0.5204715677473134,-88.17566680908203,30,38,0.5229357798165137,0.4831858314899355,0.5461504110683042,ok
CP003350.1,810701,811142,1,442,82.77748933578867,4.723984578081015,0.5731722335989635,0.40416404639946807,-121.20374298095703,83,17,0.5475113122171946,0.3758739773513148,0.43697516563264976,ok
CP071182.1,1732726,1733140,1,415,78.82583677658351,3.1567415233450355,0.6604831314467621,0.534148862818769,-75.73001861572266,26,30,0.42650602409638555,0.48058759970059856,0.5856600779772106,ok
FNGI01000010.1,137438,136992,1,447,94.98813436865898,2.309635259702325,0.5445816565407331,0.4423498106221457,-100.62804412841797,34,27,0.5123042505592841,0.40786628186857443,0.4739313501329053,ok
NUMC01000057.1,29763,30143,1,381,58.57593935569309,4.300052816678896,0.4511651540641047,0.6243765595583176,-46.950435638427734,23,33,0.35170603674540685,0.5523815385023318,0.6925222488173763,ok
PQGA01000002.1,596297,595988,1,310,60.80544498764445,3.9655486178534924,0.2619854401629078,0.5075025780728324,-73.85272216796875,39,14,0.5129032258064516,0.4699169980606737,0.543131779684839,ok
AE017340.1,37222,36798,1,425,82.85417236341036,3.496826723508546,0.620199957577293,0.5496267197043859,-66.53709411621094,16,24,0.4023529411764706,0.5070454116746207,0.5929007267119573,ok
JXNU01000003.1,2592036,2591580,1,457,56.11642399825572,5.787238725067344,0.40652405820982945,0.5632454298056063,-72.21026611328125,43,24,0.437636761487965,0.4849333284245533,0.6424606635349005,ok
SZZX01000002.1,61055,61456,1,402,50.39940921557594,6.304850285915146,0.24297949835452315,0.5359999783218761,-57.69285583496094,17,24,0.3208955223880597,0.47148135479067815,0.594969219032742,ok
BAUW01000014.1,13810,14233,1,424,50.63003460176418,5.758436806826083,0.3721535434816026,0.6203170990992355,-47.95012283325195,32,27,0.37971698113207547,0.5272539561003837,0.7039216240923902,ok
OBEM01000009.1,247915,248031,1,117,47.69161827706572,4.743740243057973,0.11527325615806372,0.4777992887205366,-41.86509704589844,10,6,0.6752136752136753,0.45045310190209326,0.5002828246756641,ok
CP000462.1,4392693,4393138,1,446,53.14606221141092,5.487230297852549,0.21347673125007727,0.5935630187029146,-66.39476776123047,46,34,0.47533632286995514,0.5468145130582447,0.6377829774759418,ok
VWUI01000053.1,22172,22601,1,430,71.62827818521589,3.1005100093113183,0.7026891868413969,0.578072025261264,-51.94149398803711,44,28,0.42790697674418604,0.5085371555118101,0.6432715830994429,ok
CP000115.1,1226107,1226007,1,101,92.1057047134017,3.282760189278526,0.5924532796708306,0.5832286239668693,-21.364521026611328,10,15,0.6039603960396039,0.5510879968795952,0.6156808550235744,ok
RYZZ01000033.1,966,535,1,432,64.58592491558662,3.5267102673382533,0.4811488724630193,0.6263932661727193,-53.31692123413086,18,39,0.36574074074074076,0.5670105251388327,0.6819558710037044,ok
CP013987.1,3123307,3123235,1,73,94.99999999921589,2.603521274236639,0.5911521438201722,0.4739417961746562,-19.154254913330078,10,6,0.5616438356164384,0.43866928905086944,0.5075089956907561,ok
PNCO02000002.1,584786,585234,1,449,55.87345790091167,6.103318967331542,0.3646389876233363,0.5045125517520411,-68.0921859741211,43,15,0.40089086859688194,0.43277460427498277,0.5788695759943535,ok
SMAA01000005.1,186979,186635,1,345,76.50521576677087,3.124379820511749,0.6784796802731823,0.639779649701533,-40.52164840698242,25,44,0.37971014492753624,0.5807357174670866,0.6959785702629279,ok
AEVK01000026.1,18681,18269,1,413,87.97564928531068,4.123170670489359,0.5733397188618703,0.4950285452339899,-73.15789794921875,53,43,0.38256658595641646,0.46732344117826685,0.5257606242869888,ok
CCSE01000001.1,1095928,1095581,1,348,64.27086406140701,3.1949904818099837,0.48458279453291997,0.6316588491596788,-42.13002395629883,24,32,0.3563218390804598,0.5727640078532155,0.6849621850242864,ok
WBOT01000001.1,599846,600268,1,423,71.93275557450781,3.436097913535605,0.698700971119417,0.5695340901617146,-58.952239990234375,34,38,0.3806146572104019,0.5011620464283832,0.6354683398369233,ok
CP005973.1,2039951,2040375,1,425,47.00585325545534,8.829466245843573,0.22737906554393628,0.5636386364834032,-57.625003814697266,35,30,0.3811764705882353,0.47892100558439565,0.6359371374544814,ok
SMFX01000001.1,1167224,1166819,1,406,82.36754198706548,3.9113472427080094,0.6033903514788301,0.4801538267297343,-83.37973022460938,30,15,0.5049261083743842,0.44205825553036415,0.5204928309083674,ok
LXEN01000125.1,11483,11855,1,373,67.70864715122511,6.540085805241956,0.6292568330400482,0.5255223319788827,-54.47784423828125,32,25,0.35656836461126007,0.47341397334503443,0.5919134207920183,ok
QCXQ01000002.1,273123,272678,1,446,46.39350933619925,9.232564808365236,0.21741283786162047,0.61226699542787,-53.728973388671875,25,32,0.38565022421524664,0.5269927918082561,0.6828622249108796,ok
FOHK01000001.1,293932,294331,1,400,53.714006913148914,5.715781958096229,0.3688615373737258,0.5705636833467835,-57.25593566894531,30,19,0.375,0.4905698712508358,0.6482219414990623,ok
CP019706.1,2637088,2637255,1,168,44.32014176060714,7.128950892835763,0.2740043936465969,0.6376107571119278,-21.381973266601562,23,20,0.44047619047619047,0.5424138229776301,0.7089384122896745,ok
CP000471.1,3850736,3850296,1,441,64.77865913521498,3.847881744015397,0.36479203838128027,0.5043416431910749,-92.66017150878906,39,20,0.5011337868480725,0.4591132799376899,0.5479885398550598,ok
JAAIWM010000002.1,862801,862421,1,381,80.75746066907907,2.838570412152162,0.6680220861817375,0.6016614756608469,-47.18075180053711,18,56,0.37270341207349084,0.5488438152028445,0.651188688190306,ok
LIXZ01000001.1,339471,339825,1,355,46.08469875435762,5.623678447892739,0.30343021242731355,0.5487388273679613,-48.33960723876953,31,27,0.38591549295774646,0.46393365271534315,0.6180536300016628,ok
BSNC01000001.1,591433,591871,1,439,69.8811574220793,5.497906440365527,0.6342264920392843,0.5756838149358988,-66.58684539794922,23,46,0.38496583143507973,0.5220803912645035,0.6383616006463256,ok
JAQV02000017.1,61590,61163,1,428,44.49609558489962,16.31475025521874,0.0948252391731138,0.605181077658275,-58.76419448852539,27,44,0.39953271028037385,0.5522585428763555,0.635932727820239,ok
JAPNOA010000059.1,354140,353698,1,443,45.66508790039385,9.754592609095894,0.15325726761384967,0.5419185530678752,-75.4210205078125,26,42,0.4604966139954853,0.47805056670758117,0.5921482160703823,ok
CP000822.1,2972562,2972517,1,46,53.57608588503537,5.975142028840286,0.4010062794589726,0.724253250704395,-2.800978183746338,10,10,0.32608695652173914,0.6354416809421514,0.812030932685513,ok
LDOU01000015.1,663973,664403,1,431,46.038101254613636,7.2553048838346035,0.16902266826844553,0.5657263045076131,-60.38218688964844,25,47,0.37587006960556846,0.5080083562342967,0.6112764396005173,ok
UHJG01000001.1,112780,112664,1,117,43.377608747933024,7.448089303029032,0.16852765594091512,0.6178902478431908,-11.742311477661133,31,13,0.46153846153846156,0.5566477425076788,0.6608545394111377,ok
CP058559.1,868451,868111,1,341,72.93920207298314,1.757722493386238,0.8049601581298693,0.6887188808353629,-34.50016784667969,12,94,0.3343108504398827,0.624546261253009,0.7424597989185185,ok
ATCL01000009.1,10950,11270,1,321,51.63738003645401,4.244959684285333,0.30735124765210564,0.5593282215255385,-52.98076248168945,25,18,0.43613707165109034,0.49822585480129405,0.6122846688394865,ok
AP014879.1,2524925,2524534,1,392,50.02005493742438,7.26028965918558,0.15014428540021346,0.47278492889072904,-102.40535736083984,27,37,0.5408163265306123,0.42917506779756903,0.5139059114065883,ok
JXRP01000009.1,332881,333189,1,309,54.22386033393377,4.167563693739718,0.47142084607665485,0.5671113717332429,-46.56760025024414,29,22,0.3818770226537217,0.48103763241578273,0.6440013313431219,ok
BATL01000025.1,91752,92177,1,426,70.34122202279492,4.2188599169909065,0.5711273277474895,0.5563334937403969,-57.570648193359375,58,22,0.39906103286384975,0.5005004595638249,0.6142053535666391,ok
CP029347.1,696273,696651,1,379,72.0251422829443,4.969857265443081,0.6315797779710919,0.5259656005190256,-65.77316284179688,26,15,0.44591029023746703,0.4744676604017731,0.5843492917159744,ok
SWLG01000006.1,220192,219794,1,399,52.31541665850448,4.785252345306479,0.2842039429976473,0.6478062698571815,-49.9208869934082,20,60,0.37092731829573933,0.5879158770130173,0.7011999155081216,ok
CP040449.1,578414,578060,1,355,76.37679906858524,4.522108172416863,0.613809371622653,0.49050815718030655,-68.49883270263672,65,12,0.504225352112676,0.4467698517157853,0.538783308954778,ok
CP008876.1,306723,307075,1,353,54.447851929202,3.5011370600589715,0.37334792741775885,0.4928299553428077,-68.02348327636719,30,43,0.40226628895184136,0.43213187643943113,0.5454254907395285,ok
JAGXQV010000035.1,3926,3520,1,407,53.513471149003884,6.179905595052264,0.19104566486844227,0.49673484729091627,-82.13849639892578,47,16,0.5061425061425061,0.45366492203148806,0.5393427369202302,ok
PKGB01000015.1,33078,33543,1,466,43.76355925360554,3.7793186070997082,0.3444159170923443,0.6081499283165869,-63.19856262207031,46,41,0.36909871244635195,0.5383648972652497,0.661076140263223,ok
SHKP01000005.1,628373,628783,1,411,94.99999992685248,3.190557031688563,0.5741703048974336,0.39942885893359287,-114.64578247070312,72,8,0.610705596107056,0.369667711307991,0.42962624631280694,ok
BMGG01000011.1,206409,206315,1,95,64.68647942696289,2.719191413398514,0.39344958655657064,0.5797699957269247,-22.788795471191406,14,29,0.5684210526315789,0.5354319766381263,0.6188606049363289,ok
SWCN01000038.1,32581,32977,1,397,61.358179760894515,3.8346903847633693,0.3548598772139184,0.5368069694702203,-78.50022888183594,25,23,0.44836272040302266,0.48727575465327283,0.5834100262457456,ok
BJYL01000012.1,45785,46148,1,364,75.91647460816601,3.7655203047466634,0.6484309493370809,0.5035236498719461,-67.03148651123047,26,22,0.3956043956043956,0.4499138919459159,0.5579033387852855,ok
CP002209.1,1808267,1807875,1,393,82.43509839238263,2.9873265635686566,0.6494249055200103,0.5083343722524483,-73.61937713623047,48,21,0.4681933842239186,0.4597700074734946,0.5549065268137063,ok
JACRSS010000001.1,129764,130241,1,478,81.97433118860644,2.582548630859617,0.6793181855864254,0.5041998487415489,-96.4839096069336,94,16,0.4309623430962343,0.4505431008916669,0.5534108012382044,ok
BA000040.2,5776213,5776303,1,91,74.41373416787096,4.592234666162711,0.6254732841205066,0.4213062545314364,-22.575815200805664,15,5,0.5604395604395604,0.3730548230235791,0.47469010862227035,ok
KQ758640.1,22773,23143,1,371,68.98238672726666,3.95243932753058,0.7056062212972626,0.5395953356882776,-51.05004119873047,40,49,0.39622641509433965,0.46462351921080086,0.6153286854887157,ok
SRJD01000006.1,48682,48245,1,438,41.355384162890914,5.242996621008312,0.17616491986620614,0.600436740233698,-62.550628662109375,30,28,0.4429223744292237,0.5530383764628851,0.6344576882104911,ok
CBXF010000089.1,13141,13561,1,421,73.24086400838938,2.756667540838334,0.7143294358001726,0.5779059802093731,-51.90047073364258,37,48,0.36342042755344417,0.5105459799947321,0.639218334000675,ok
FP929140.1,1401699,1402144,1,446,74.14595237160493,4.74007908016068,0.6218281591081303,0.48508171332763683,-93.51110076904297,20,39,0.4551569506726457,0.43772582525841314,0.5378944311599618,ok
BA000032.2,1368413,1368823,1,411,65.57486544169701,2.711582374379524,0.8116669575719566,0.6088859134206744,-46.652069091796875,33,43,0.3844282238442822,0.5187197052380205,0.6888162337246448,ok
AL590842.1,2679841,2679959,1,119,92.48503211631031,3.500000534743887,0.5807528709482064,0.6600684383144862,-16.03291893005371,14,11,0.46218487394957986,0.6312549845895282,0.6899300120423532,ok
SMSJ01000014.1,53974,53883,1,92,82.75495076207159,4.482802162791649,0.5241413510927546,0.5013858624672202,-27.31822967529297,10,14,0.6521739130434783,0.4738305219591642,0.5323708090865887,ok
AL590842.1,4065469,4065056,1,414,81.6100293925803,3.9298559169152782,0.6066875730960046,0.52034914231836,-71.49362182617188,48,27,0.43478260869565216,0.48093163087652857,0.5621263948458679,ok
CP004345.1,1526077,1526438,1,362,74.31270091026923,4.606296022107972,0.6262645053042144,0.4699090429192019,-68.40959167480469,23,13,0.42265193370165743,0.4210651767709196,0.5239659432908463,ok
BA000039.2,889417,889465,1,49,52.2902794239574,5.03085942601269,0.24997079461157812,0.8681838694738144,-0.7140908241271973,5,26,0.4489795918367347,0.8139953147451393,0.9174189131192605,ok
QNQT01000005.1,97333,96956,1,378,55.17028159921163,4.3600840663750695,0.26003525213658907,0.6067265784290218,-60.12461853027344,17,41,0.42328042328042326,0.5595792998800806,0.6499544819728592,ok
AMRI01000019.1,19291,18867,1,425,33.4320744820331,1.4534537133302516,0.9317049119833648,0.49091873169767203,-84.73967742919922,46,30,0.4611764705882353,0.4183866821800378,0.5470204900778686,ok
CP047476.1,1639893,1639479,1,415,52.35701779595186,5.399582854863985,0.34333308660318956,0.5339606382857837,-54.11213302612305,53,19,0.38313253012048193,0.4568712359961044,0.6055368983353082,ok
CP048649.1,3112769,3113125,1,357,77.06390137068085,3.09609739309299,0.6763001260794005,0.5830271755957984,-48.93906784057617,19,33,0.36134453781512604,0.5250003705632867,0.6383466915825219,ok
WKJC01000001.1,187894,188294,1,401,49.74144297973186,6.2883018733577565,0.3059037904697885,0.587756872641863,-54.83259582519531,29,17,0.38403990024937656,0.5046164987068117,0.6631738879587242,ok
CP007441.1,1208837,1208433,1,405,82.63510903054501,3.802713916637307,0.6072951743692832,0.4662059341819311,-80.0845947265625,49,9,0.5037037037037037,0.4269593485812001,0.5075057273921969,ok
SLUK01000002.1,42915,42552,1,364,93.13148099401306,2.2392840174617525,0.5946441340951799,0.5225149750145844,-77.01353454589844,20,36,0.49725274725274726,0.4840358666607537,0.5577406333018601,ok
CP072937.1,180895,181032,1,138,44.07908081702121,8.833510198497402,0.3066748313427918,0.6221295712795049,-14.879862785339355,25,11,0.39855072463768115,0.4972828699980339,0.7121276675936338,ok
CP042593.1,2945346,2944962,1,385,51.02639759589025,6.702826966072681,0.2317988959125583,0.6411859742980488,-46.305023193359375,20,35,0.34025974025974026,0.5796682521160125,0.6999683261891634,ok
BAEO01000013.1,37458,37896,1,439,51.7129126242172,5.597652117322946,0.43234288239151075,0.6004895787904466,-43.365623474121094,40,23,0.36674259681093396,0.4989150854291656,0.6943005910238756,ok
VOLS01000008.1,9398,8963,1,436,48.73932782583661,11.3495728475213,0.28888954543338047,0.5351156695016573,-54.073814392089844,53,21,0.3669724770642202,0.42658678217649576,0.645130808121654,ok
GL891959.1,304378,304007,1,372,64.7439300032119,4.226729224375798,0.46024890648590944,0.6094298616460939,-50.30125045776367,20,24,0.4112903225806452,0.5522873812553288,0.6664957978793318,ok
AL591824.1,204468,204339,1,130,45.44243905677838,5.66429393539653,0.3641125899753258,0.7103712764679412,-6.658829689025879,8,37,0.35384615384615387,0.6065736546756493,0.7919728606997906,ok
VFRR01000004.1,119888,120287,1,400,69.87963595761981,4.6417564852826,0.664906081423834,0.559834989995295,-56.48888397216797,19,25,0.3975,0.49606606914125523,0.6285416544796131,ok
BATJ01000011.1,97631,98071,1,441,78.88371328068938,4.007885211501146,0.6187132260354271,0.5237705632638581,-81.18157958984375,33,42,0.4126984126984127,0.4796507958292897,0.5705397661416115,ok
CAJQUM010000001.1,1527801,1528202,1,402,42.052872589921506,6.25429975860173,0.07605187706325167,0.49521448039552823,-85.56752014160156,27,19,0.5199004975124378,0.4713431938699573,0.5125771648841788,ok
CP064795.1,618396,618835,1,440,43.63853754571225,5.158807212615864,0.304834411860552,0.5505354530094961,-69.87702941894531,34,14,0.43863636363636366,0.4689073424541659,0.6116061715010893,ok
AL590842.1,2984138,2984599,1,462,80.82805666164215,2.461262511084133,0.6945156446749956,0.5143236502863705,-73.64069366455078,47,77,0.37662337662337664,0.4587806895930833,0.5648678637934867,ok
CP000020.2,2883971,2884415,1,445,51.31421134377469,5.9898621370401415,0.21921669729262416,0.5848656289671041,-51.028541564941406,39,37,0.3550561797752809,0.530204585178024,0.6344432281492777,ok
LAYY01000007.1,39365,39775,1,411,54.60683285270503,4.18759284050715,0.38224382478558866,0.5705993355839921,-60.536590576171875,31,22,0.39659367396593675,0.5015482916599862,0.6329793696625868,ok
CP015438.1,1858580,1858901,1,322,47.734587134127764,11.303079208110496,0.2622867451705,0.5657795578271428,-43.70771789550781,73,51,0.40993788819875776,0.46073053464716734,0.665002729874404,ok
AP014936.1,2578309,2578739,1,431,41.75508042334662,16.370150944685726,0.03519386343405323,0.4713000110638242,-127.04803466796875,28,12,0.6102088167053364,0.4507957304597516,0.4832347717221116,ok
MZ779062.1,99361,98938,1,424,68.6535203283175,5.845764362164439,0.5923570874580962,0.5459384677694706,-62.788291931152344,41,30,0.4410377358490566,0.4949389086114254,0.606566568125237,ok
MEIY01000001.1,926754,926317,1,438,83.067333451213,3.469551522683984,0.6209047746211569,0.5604597182014033,-73.915283203125,30,27,0.4840182648401826,0.5176679516483956,0.6039739444725464,ok
JACHHV010000002.1,88767,88416,1,352,74.59356907190258,2.961550364975124,0.7035301904846136,0.6070536870341956,-40.81465148925781,19,44,0.35511363636363635,0.5421876187709429,0.6677306070072305,ok
FONL01000007.1,95300,94874,1,427,38.76124232566116,2.1067090734799305,0.55506216847379,0.6695984401875931,-45.15062713623047,35,46,0.3981264637002342,0.606041465134103,0.7172488983561973,ok
LT906439.1,237936,238281,1,346,51.62631332356121,6.030115584563289,0.27285070254353516,0.5809151209162433,-45.073726654052734,26,31,0.36127167630057805,0.5142566397313807,0.644186364960542,ok
AL590842.1,3240329,3240147,1,183,67.00702751709744,3.843873497460545,0.40725379194839395,0.6049744942885705,-28.957599639892578,10,37,0.47540983606557374,0.5584485356552248,0.6505662065687833,ok
JPEO01000001.1,481920,481512,1,409,54.13981545902493,5.138372446157084,0.37533262243888244,0.5727301977810407,-60.850440979003906,62,27,0.3740831295843521,0.49641618438779267,0.6451989845974048,ok
LR590083.2,3415171,3415263,1,93,85.13556199755531,4.074751489730108,0.5853580886884214,0.4185808497154983,-26.976898193359375,13,9,0.5591397849462365,0.3864321288166357,0.453568203647629,ok
CP049258.1,611833,611729,1,105,86.92773218633396,4.51657344511137,0.5634499350009389,0.5686207608841846,-24.813087463378906,8,17,0.638095238095238,0.5443290969158837,0.5963297320428469,ok
AODH01000019.1,46935,47319,1,385,64.05980703935639,4.831837005993769,0.7401405769284303,0.5209799726566763,-52.42851257324219,24,33,0.36363636363636365,0.42778747306870796,0.6195312842225181,ok
CP043404.1,3278500,3278083,1,418,76.57102222157167,2.963415633734219,0.6877394597450015,0.6166835029530623,-46.489627838134766,18,39,0.37320574162679426,0.5565682780970451,0.6730946771201237,ok
MPRL01000019.1,3358,3683,1,326,49.69195104709498,6.775243248595736,0.21062116249307422,0.5622497070780662,-56.98072052001953,13,17,0.4785276073619632,0.5021637658675067,0.6167382424149084,ok
LGIT01000009.1,892267,892711,1,445,69.24245375081881,4.945524431707379,0.6603164554594236,0.5227822093122759,-71.11222076416016,44,56,0.43595505617977526,0.4601030715845562,0.5922984705050861,ok
AYYS01000016.1,16170,15796,1,375,67.78739695939595,1.8975907804413277,0.8364236414540667,0.6406829316004493,-34.67353057861328,24,64,0.37066666666666664,0.5670019239472088,0.7022331199988512,ok
JTFC01000010.1,43976,43658,1,319,67.62898419248525,5.410764451558471,0.6637064593215736,0.5992295644153506,-37.31165313720703,27,48,0.38557993730407525,0.5338739801821154,0.673897758711769,ok
SKFB01000005.1,167990,168389,1,400,51.55681932733005,5.560398487406069,0.22955092277619704,0.5645444031018528,-64.0257797241211,27,28,0.43,0.510347057501492,0.61394829591248,ok
CP064931.1,1345411,1344998,1,414,77.02473401874703,7.023677915148358,0.5481085130234277,0.44001537204305485,-107.24810028076172,37,24,0.5942028985507246,0.41847319417167067,0.4668052449999304,ok
LT699767.1,409136,408708,1,429,64.75268036532988,3.801374748236188,0.627120725542915,0.5673301415712607,-55.73578643798828,38,28,0.38927738927738925,0.4896401340316309,0.6421052358741113,ok
LN907828.1,384806,384326,1,481,69.28813224876193,5.311886750493461,0.6472199153580043,0.4929969447382743,-88.68120574951172,38,24,0.44490644490644493,0.4347331937675931,0.5601649278530427,ok
BSNM01000027.1,185098,184661,1,438,50.776572830684174,6.28485549573663,0.26214304166936436,0.5967572667398021,-60.3594970703125,30,22,0.3926940639269406,0.5284986272972192,0.6600587266100095,ok
JACDXJ010000002.1,128062,127969,1,94,58.538208232757015,5.317283159217877,0.2538842186708092,0.505076979606786,-28.41766357421875,13,8,0.6382978723404256,0.4628861994642146,0.5485984884815553,ok
BJCC01000007.1,95681,95285,1,397,39.17373076995299,2.6659465274386,0.6861700456161941,0.6154193075140535,-44.676971435546875,44,60,0.380352644836272,0.5173100495689639,0.689119921190234,ok
OUND01000001.1,102487,102624,1,138,61.413653212730814,5.3950249687599365,0.497814102775731,0.6383679545143353,-12.799949645996094,16,26,0.35507246376811596,0.5677629835190414,0.7142853840778554,ok
MDJM01000004.1,10533,10189,1,345,55.39871814477913,4.977047055395976,0.37701008779471534,0.6574111747540179,-41.313785552978516,22,29,0.3826086956521739,0.585632591102257,0.7261040167984371,ok
BDGM02000020.1,14828,14442,1,387,52.602134950865434,5.139681292257336,0.3593005736893188,0.6784792448815372,-36.40138626098633,23,25,0.32558139534883723,0.6005870010268812,0.749980624854457,ok
JAEPBH010000003.1,79890,79470,1,421,56.43326254091301,5.890900031752569,0.3948834599316661,0.5587719077440033,-63.87257766723633,42,24,0.4513064133016627,0.4843144004781543,0.6364485385538349,ok
FRAQ01000001.1,2161873,2161437,1,437,60.75147626622109,4.271305846625721,0.4507667373352041,0.5014682419543955,-87.69987487792969,19,17,0.4851258581235698,0.4355024617502176,0.5652327519622492,ok
BMYM01000001.1,1375425,1375865,1,441,48.60213510277181,8.170082431913572,0.1508011044902875,0.5224488262579347,-85.88621520996094,21,19,0.48299319727891155,0.47229183945119824,0.5675646575193812,ok
MVBK01000065.1,20949,20533,1,417,51.64649523352731,5.150412513000679,0.1976841483245118,0.48538905172353486,-115.86375427246094,33,23,0.565947242206235,0.44090106154897735,0.5254155272118223,ok
JABAIH010000009.1,28799,28695,1,105,50.195968581272794,4.8830952345915515,0.3248496794240634,0.6451974401038305,-13.741817474365234,17,20,0.5714285714285714,0.5711954998660751,0.7095378135733232,ok
FXAQ01000042.1,13851,13940,1,90,58.74733617072166,7.922773025924908,0.32658882496866687,0.40287990462118767,-23.294992446899414,16,10,0.4888888888888889,0.3532247884316241,0.46672549610325087,ok
CP047476.1,254647,255068,1,422,71.93445681390763,3.4562545874114163,0.5827563172802216,0.6109032777679293,-64.18049621582031,23,37,0.4099526066350711,0.5540353928713553,0.6659081654572602,ok
BAZF01000024.1,33445,33095,1,351,50.774331952560935,5.834977835230624,0.2283707961083566,0.5110959624136983,-75.20135498046875,17,28,0.5242165242165242,0.4540434996261978,0.5632067701102959,ok
BOSH01000002.1,320491,320870,1,380,69.97479187748725,4.983582270030663,0.6515407697081401,0.5211967424436309,-65.40863800048828,33,35,0.3526315789473684,0.4617892950842057,0.5878743591957494,ok
JAOSHN010000006.1,73231,72836,1,396,57.9644166032219,3.7908618940031356,0.4305036694027378,0.6309975466759058,-48.77312088012695,30,25,0.398989898989899,0.5643522315947389,0.6919113458555546,ok
KK036986.1,4165064,4165494,1,431,59.63225565567246,5.426806806053645,0.4578647844869527,0.5374799303875313,-58.487945556640625,54,18,0.43387470997679817,0.4657364048540191,0.613200489966713,ok
RQXV01000001.1,277847,278296,1,450,68.82239573308206,5.864570441756387,0.6344528988887883,0.5049483737440507,-68.1760025024414,63,33,0.3977777777777778,0.45105015036529805,0.5699085604578791,ok
AE017180.2,2083369,2083721,1,353,94.99999999968182,2.4944668899962172,0.4873041274427236,0.4513830563837789,-97.52166748046875,40,18,0.546742209631728,0.42160838502607195,0.4792465978863372,ok
CAJFCI010000042.1,26925,26809,1,117,35.99839459028363,4.223586241243308,0.048695386399056795,0.4000939202242087,-34.492698669433594,23,10,0.6410256410256411,0.39044928909643456,0.406447789492296,ok
AP017312.1,3542205,3542621,1,417,68.4364625014043,3.8829807889141907,0.7142537785140941,0.5365963632715264,-59.6409912109375,64,25,0.38848920863309355,0.45934527291027377,0.6135654997345344,ok
BMTP01000030.1,14581,14240,1,342,54.29241294254335,6.590336865745646,0.21296727246258196,0.45227196180330465,-96.09676361083984,46,15,0.631578947368421,0.4056558141062883,0.5008946628169852,ok
ASWO01000001.1,330078,329691,1,388,45.23944630507588,3.0624869765758818,0.41473804040792817,0.6911985425573594,-33.9177131652832,40,41,0.34536082474226804,0.6225795198251035,0.7446379821268501,ok
CP009287.1,6860764,6860350,1,415,48.074456972521745,4.964857007759712,0.3111650277089747,0.5723118776555441,-62.63098907470703,32,43,0.39036144578313253,0.4963951070877439,0.6353825637910802,ok
WTUZ01000015.1,164339,164735,1,397,66.5706039019506,5.629057134883185,0.6702911642385687,0.4871522992172615,-64.1459732055664,61,44,0.3979848866498741,0.41897843316326633,0.5659787413679245,ok
LMIB01000016.1,285324,285421,1,98,73.89381968557332,6.777153087466222,0.5684123107121855,0.34408334952383984,-34.717166900634766,16,6,0.6122448979591837,0.3169208670703018,0.38093084981075986,ok
CP004856.1,2251028,2250660,1,369,48.00954888284158,5.155363275124548,0.22363040346444563,0.6173804416686892,-52.02827453613281,18,32,0.4010840108401084,0.5610889736244733,0.664088794218158,ok
CP001983.1,1443413,1442989,1,425,70.89429864058424,1.8968168841426358,0.8089507231528438,0.7044210778345166,-42.3026237487793,13,86,0.3341176470588235,0.6356545879976554,0.7622089354183558,ok
MSCW01000007.1,669322,668874,1,449,69.1268794539608,3.4405379499215325,0.418172041674246,0.5208816884174564,-93.80592346191406,29,17,0.512249443207127,0.4761862945267164,0.5633004892389739,ok
SPIB01000002.1,407294,407701,1,408,71.09503080863642,3.6298249525923736,0.41069723294071386,0.5204103153253148,-81.83834075927734,28,36,0.4387254901960784,0.47941970133688905,0.5602056748068459,ok
JAGKTC010000003.1,453847,453431,1,417,94.99999999948291,2.8178562471680055,0.5491741477402315,0.4317869438191296,-117.75102996826172,48,11,0.60431654676259,0.4006495457631572,0.46198772930291376,ok
CP027663.1,1670479,1670083,1,397,53.76218588414093,4.251258992206525,0.35439400668286586,0.5527426774742518,-70.95668029785156,51,32,0.5415617128463476,0.4863917071773446,0.6119438678005437,ok
CP049889.1,516218,515882,1,337,73.05623827508147,1.3177305801468018,0.8438453611079031,0.6528899142546839,-43.906158447265625,22,39,0.37091988130563797,0.5980499002198548,0.6973825568025568,ok
CP000447.1,861042,861484,1,443,83.43761812954143,4.022153425886162,0.5941409316930951,0.4935297270399423,-67.55140686035156,51,19,0.3905191873589165,0.4584290559130136,0.5312805104476844,ok
BATM01000049.1,10974,11412,1,439,74.00488675123998,3.0146323464342397,0.7054997424982759,0.5746928229674624,-59.373374938964844,40,27,0.37585421412300685,0.5082915278938269,0.6369088845782067,ok
CP001616.1,1408231,1408615,1,385,72.3852995762873,3.766081386527676,0.6780009137333995,0.5066029681652382,-68.05580139160156,34,23,0.42337662337662335,0.4425689844476951,0.5707438512841658,ok
FNIJ01000002.1,153847,153538,1,310,66.85803758004714,2.3560989542683095,0.49294801290207824,0.466672297776015,-88.91620635986328,24,21,0.5548387096774193,0.4168021619234115,0.5095503287858757,ok
LT897836.1,572480,572033,1,448,56.86157705386586,8.030799706013559,0.5433590276427801,0.6223977927815653,-44.82763671875,41,61,0.35044642857142855,0.5216073414386398,0.7398796912802558,ok
JACEMT010000043.1,155410,155000,1,411,48.62323749712199,5.264593515049264,0.20924816769349985,0.49170641260686826,-84.3823013305664,39,20,0.45985401459854014,0.4394206454170806,0.5370284326646408,ok
JXQD01000018.1,409592,409168,1,425,52.66674806088224,5.773749608364511,0.2783723447122284,0.6054232281548211,-56.870452880859375,27,35,0.38588235294117645,0.5417286920904175,0.6660741517229347,ok
BSFI01000007.1,617435,617528,1,94,70.52750450998307,7.187546572141799,0.5843763505600095,0.3678917256502383,-29.54686737060547,18,10,0.6595744680851063,0.33443777134432734,0.4140264774839704,ok
UHJG01000001.1,744413,744276,1,138,36.00175450822152,11.189752412907522,0.18921168592521548,0.5786699885854347,-23.296653747558594,26,24,0.47101449275362317,0.5218309987832446,0.6007843956071541,ok
BJLL01000011.1,61016,61401,1,386,53.408675593609686,5.970871081425402,0.3886523485822178,0.576082306592279,-48.09537887573242,29,27,0.3471502590673575,0.4894966351114308,0.661962953037907,ok
SMFX01000001.1,2353964,2354356,1,393,47.709027120154566,6.405818162424165,0.23996120321688708,0.5381727606354236,-74.19334411621094,27,31,0.4631043256997455,0.46701676043908147,0.5988714803483179,ok
NULG01000025.1,154804,154501,1,304,66.48524351119951,2.8767544025122977,0.6489052534053713,0.6038840463019047,-30.599578857421875,28,45,0.375,0.5318396079593483,0.6684908213328081,ok
CP018632.1,6259594,6259168,1,427,74.79572824953169,3.8291919110115598,0.6539742239234865,0.559127427882866,-65.20209503173828,33,57,0.47306791569086654,0.5032887176036975,0.6159808937100634,ok
LJTD01000001.1,81845,82296,1,452,45.9577944354444,8.1750606323009,0.11182168364414585,0.4837575325495352,-110.30850219726562,27,26,0.5685840707964602,0.442411909013069,0.5174359033763961,ok
MCUV01000035.1,30270,29823,1,448,55.138540643054675,4.847997095859643,0.42066128302758354,0.641370182372096,-39.84352111816406,53,40,0.37723214285714285,0.561153790947063,0.7169382158656507,ok
WXWF01000091.1,26142,26570,1,429,49.180149080679314,6.757366147424499,0.1871495537944856,0.5684639865712952,-62.06021499633789,45,50,0.40792540792540793,0.5140959314563794,0.617642945925264,ok
AP021881.1,665328,665678,1,351,68.00791625237242,5.733096228899106,0.6498995180824104,0.4900881665040841,-60.06861114501953,36,18,0.38461538461538464,0.4298821230574327,0.5618384106899308,ok
CP006643.1,3033857,3034307,1,451,74.3176220614506,3.4568893953834454,0.6775396253844884,0.5517910734634129,-61.92723846435547,36,28,0.36585365853658536,0.49017195184584955,0.6123950064226416,ok
UFXZ01000001.1,2287331,2287760,1,430,81.9144024200932,3.8071486802733774,0.610527414854501,0.5660877732088653,-65.93921661376953,50,22,0.4511627906976744,0.5255838566701078,0.6084523867236045,ok
KI535340.1,1318417,1318058,1,360,74.78571968916873,3.7807995546565984,0.6579349963074516,0.593157777637065,-50.22713851928711,29,31,0.39166666666666666,0.535668073136404,0.6516401606121294,ok
AZGA01000065.1,19195,18824,1,372,63.43600205902571,3.566004115493514,0.5890884409639807,0.6075686200554461,-39.449859619140625,36,44,0.3521505376344086,0.5320752888378298,0.6780407150934581,ok
CP013099.1,3309841,3309435,1,407,83.62227580306578,4.178370465095871,0.5873066022518125,0.47409018283015913,-93.27008819580078,36,15,0.5036855036855037,0.4411809040686535,0.5100459176421902,ok
BARX01000001.1,290513,290825,1,313,69.8125236291401,5.03008685619721,0.6507134530592146,0.5113319975931764,-40.96053695678711,30,15,0.3769968051118211,0.4521458939989847,0.5776149785934898,ok
AFJL02000053.1,59426,59630,1,205,64.91555727106568,5.391484089743683,0.7045101759758423,0.5746442212874644,-17.409561157226562,34,22,0.24878048780487805,0.4927189298064033,0.6656551530852088,ok
JWIR02000031.1,13474,13922,1,449,33.07667485963664,1.5291925080133593,0.9212773298136518,0.5578167974891435,-61.79066467285156,42,31,0.39643652561247217,0.48301186494152726,0.614727219362845,ok
FMWD01000006.1,253687,253294,1,394,75.41231361538503,5.624442964278535,0.5846940037796128,0.4637012788293995,-93.57768249511719,43,29,0.4949238578680203,0.43016297208092824,0.5046979113995856,ok
FYAH01000001.1,1117598,1118043,1,446,66.46276716683515,5.493999523162983,0.6771075061364812,0.5132167337526572,-68.10858154296875,53,25,0.3789237668161435,0.4425975239556002,0.5941768507894697,ok
VIGH01000003.1,350041,350367,1,327,62.15568458239128,3.906791948543066,0.25415466608562354,0.42655944322301725,-104.3365249633789,22,16,0.6238532110091743,0.3919053355641782,0.45959541666684084,ok
UGQS01000002.1,676644,677002,1,359,71.46214975991,5.176888783225593,0.6308723453612378,0.48910930610919884,-68.17573547363281,42,18,0.43175487465181056,0.4371582622554086,0.5491532222057293,ok
AE003853.1,184100,184520,1,421,76.17057555923078,3.5981696229692446,0.6558879488627313,0.5575119382399947,-63.182071685791016,40,25,0.4014251781472684,0.5021184210417746,0.6131726021673394,ok
LAHP01000001.1,237067,237506,1,440,85.36375559436824,3.0467111977426895,0.6324111948808702,0.50254565957059,-71.38111114501953,42,28,0.425,0.45858069986245625,0.5457112045665082,ok
NSLB01000002.1,571031,570918,1,114,50.9380535278906,4.540355823098546,0.12775724772246566,0.4514587730210153,-38.713233947753906,16,10,0.6403508771929824,0.4243554252369255,0.4750153432940448,ok
CP049258.1,5744426,5744523,1,98,68.10390248472258,6.224640102687933,0.6327491823341072,0.4228447881679828,-26.26201820373535,17,17,0.5918367346938775,0.36952526173210826,0.48916060304885833,ok
ANBP01000006.1,105256,105621,1,366,67.74520831493135,3.4727380608587137,0.32737592126512477,0.4854775067225498,-95.5791244506836,26,15,0.5546448087431693,0.44894969468631934,0.5200857684108285,ok
JXYA01000001.1,186233,186643,1,411,83.9646813754522,3.388755702152633,0.6217766711864733,0.585227526700107,-54.14820098876953,30,49,0.3771289537712895,0.5420283125389485,0.6290280418866777,ok
LWFH01001822.1,14350,14799,1,450,52.608932183362825,6.655637768789181,0.29682673597886494,0.5313513878705213,-69.2490234375,63,19,0.4022222222222222,0.45952511845071453,0.6037581551192218,ok
QYUN01000002.1,1779328,1779732,1,405,78.6574266821793,3.4082758196317773,0.6477223074207507,0.5105936337866174,-69.40998077392578,32,18,0.4567901234567901,0.4593676718912448,0.5612116063553506,ok
JABXSS010000001.1,1280008,1280435,1,428,72.60539662330096,5.119358844767839,0.6209172513503147,0.5654022332447762,-59.581886291503906,33,36,0.3901869158878505,0.5178751643883229,0.6201093161937592,ok
NOKQ01000187.1,29600,30037,1,438,74.68894999250281,3.9224246611920974,0.6508761358315869,0.5455542086781778,-64.82843780517578,27,58,0.3949771689497717,0.4901803994967321,0.6024998737821926,ok
QUOT01000001.1,3237493,3237049,1,445,81.25225516571412,2.4948803599209493,0.688615523711374,0.6572628207215164,-46.524627685546875,28,32,0.3865168539325843,0.6026477779165683,0.7065341492883301,ok
CP025512.1,2959885,2959788,1,98,74.50815678744739,3.589524042432922,0.27903793198470295,0.6431161078930049,-20.268213272094727,9,17,0.6224489795918368,0.6183698884277171,0.6676603004850882,ok
AE017334.2,1108779,1109134,1,356,56.814400504524194,5.620457252325649,0.4301899484793005,0.6065748723079625,-46.016876220703125,14,46,0.33146067415730335,0.5275367898964638,0.6875614968740086,ok
UFXZ01000001.1,1040276,1040428,1,153,78.41441032518914,4.409749361433739,0.6046922914382942,0.5661738689779341,-25.378429412841797,18,13,0.48366013071895425,0.5263531510076663,0.6099367028952075,ok
CP060717.1,1307464,1307371,1,94,82.80278646534518,2.8874335923776524,0.5425649397712988,0.5383093434817533,-21.001121520996094,12,35,0.6382978723404256,0.49772861852547384,0.5768881038899719,ok
AZEU01000240.1,5254,4873,1,382,73.73576666545223,4.815821149362959,0.6227425647157678,0.5320163714249707,-53.25979232788086,18,23,0.4109947643979058,0.48399118440681066,0.5858916960555922,ok
JQCQ01000024.1,1836,1432,1,405,53.89984444999143,5.526595775553087,0.33651985974392107,0.6103759330012993,-42.70667266845703,18,50,0.3530864197530864,0.5390753187518474,0.6792640433665738,ok
LFZV01000001.1,1690127,1689713,1,415,63.78471142521892,3.7181464969695504,0.4918209721893758,0.6373898595269852,-56.2950325012207,27,67,0.39518072289156625,0.5745159538589252,0.696913471084753,ok
KB946309.1,1387267,1387649,1,383,66.9047048000132,3.299000340817188,0.7638714201177378,0.5755901397309126,-49.80378723144531,46,31,0.370757180156658,0.4879040466630708,0.6578069267758001,ok
AWWH01000164.1,40874,41227,1,354,68.3830953859472,5.805653343270663,0.6413781064300526,0.5183567726285527,-60.838134765625,25,23,0.403954802259887,0.46206533681703005,0.5860770013552908,ok
VSIW01000297.1,1446,1803,1,358,73.27105518615477,4.633418206882137,0.6327581207177796,0.5545448150444682,-50.73210525512695,26,19,0.4022346368715084,0.5031223135336264,0.6108984798457412,ok
CP002582.1,3377873,3377525,1,349,50.15359011908476,3.444401618104173,0.4435768649811774,0.632513427289806,-43.65851593017578,34,40,0.3495702005730659,0.5549348722842099,0.6963251736238062,ok
MAJZ01000302.1,479,55,1,425,76.75049235835861,3.9082429885376975,0.6364172241463006,0.5503962821250932,-54.332763671875,41,40,0.3811764705882353,0.5003249318770997,0.6023603485257523,ok
LMJW01000005.1,5842,5737,1,106,94.99998389270948,3.8591851052381,0.5197177840558678,0.47605784589477435,-30.445026397705078,29,10,0.6037735849056604,0.455081503639987,0.49889282664815376,ok
JPKG01000067.1,27698,27588,1,111,50.02071440122873,9.550880695795163,0.23132044832833942,0.48793790390657005,-27.111404418945312,16,6,0.6756756756756757,0.41326773828478885,0.5656199628495021,ok
CP002583.1,3280582,3280190,1,393,59.03984940609151,6.12105256446192,0.34611170683708975,0.4919337227486409,-60.64860534667969,35,22,0.4020356234096692,0.4361607089455722,0.5533610340979678,ok
JAPTGG010000001.1,397333,396942,1,392,71.93271341391268,4.6798029624148425,0.6433517055571037,0.5651626145222679,-57.61499786376953,40,33,0.3852040816326531,0.5096158334782086,0.6262584538787626,ok
CP040914.1,4412250,4412346,1,97,70.33197737268162,7.78636776574746,0.5736178357775794,0.38641662888421324,-31.798728942871094,16,9,0.5773195876288659,0.3579292402858867,0.42804977640687264,ok
CP053746.1,597589,597477,1,113,52.75577128423629,7.674243842459087,0.21501204553541436,0.49351381846935477,-28.25884246826172,15,9,0.6106194690265486,0.43975655720106643,0.551004577028705,ok
FOTY01000011.1,12155,12605,1,451,46.5632361556404,5.285091084511494,0.27646032147275573,0.5416932880064366,-72.49385070800781,35,36,0.3991130820399113,0.4684872998933446,0.6003381834436883,ok
CP025084.1,1961425,1961606,1,182,71.15682286389799,2.781726099279986,0.7440723489054284,0.6413674994820157,-21.906652450561523,19,38,0.44505494505494503,0.5675053409176796,0.7079667173758605,ok
RHHQ01000007.1,419772,420207,1,436,77.42543610282387,3.974807595574566,0.6286556858375771,0.4819530436796209,-77.97267150878906,55,25,0.4059633027522936,0.4346673963992706,0.5316550548374365,ok
CP000748.1,107201,107107,1,95,68.88749005716029,5.055621879539667,0.4054640025683698,0.4622062392755715,-33.94911193847656,10,17,0.6842105263157895,0.4236900686622168,0.5052777581791317,ok
JACHGB010000002.1,157569,157186,1,384,89.875124495381,3.700673560892328,0.5817549957461405,0.45421075125471644,-101.11721801757812,48,27,0.6119791666666666,0.4244973172129387,0.48560293893314194,ok
JABAIK010000023.1,44781,44355,1,427,65.09316465109043,4.2389329051985305,0.43831313761090174,0.5645163840304243,-66.6405258178711,25,17,0.40046838407494145,0.5109393856540062,0.6183305788831787,ok
FOLI01000007.1,60653,60269,1,385,70.01883495450627,1.7783329453273953,0.8264963566614989,0.6500601832711763,-38.055198669433594,40,71,0.38701298701298703,0.5815585005738192,0.7073576586675986,ok
BFFO01000005.1,62942,62543,1,400,67.02570018763045,4.282038797852645,0.5490677289556815,0.6298995667651913,-49.303524017333984,25,44,0.39,0.5680906279163681,0.6927754910552042,ok
NRGT01000057.1,128881,129285,1,405,78.47988030080928,4.226014374153913,0.6113610254261218,0.47437499419769114,-97.62323760986328,23,19,0.508641975308642,0.43249656770948713,0.5195406508643661,ok
AYZK01000001.1,110710,111088,1,379,60.59033703295953,4.750748168800274,0.30276550592085055,0.45495734181464415,-73.65644836425781,38,25,0.43271767810026385,0.40985441773060544,0.5005112368946667,ok
QZWZ01000013.1,180972,181064,1,93,75.31562089012719,3.1825898011354194,0.6841789585449541,0.40403595055895414,-28.630062103271484,16,4,0.6021505376344086,0.34304144930797426,0.4626521880162582,ok
PGUW01000002.1,363013,363485,1,473,75.26316755475065,2.2392097096604524,0.7489310441558747,0.5542091826929597,-60.42652893066406,53,75,0.3784355179704017,0.48902754720447655,0.6115468259316298,ok
FMUN01000012.1,23595,23264,1,332,89.08500329359639,3.6759520768175826,0.5858726269120063,0.4168479509015484,-116.67693328857422,19,15,0.608433734939759,0.3858168772227339,0.44979466940528595,ok
GG753567.1,3478585,3478993,1,409,94.99999999393393,2.3599453757711397,0.44133897948399725,0.5123365810298709,-79.0838851928711,28,19,0.4841075794621027,0.4848625723459917,0.5380315827810744,ok
UHJG01000001.1,2157817,2157638,1,180,48.08994153024042,6.193982136180195,0.1567193433310683,0.6087321904997031,-27.252038955688477,25,10,0.45555555555555555,0.5637047657706237,0.6467768053549092,ok
FLOC01000008.1,137366,136928,1,439,53.53278631108488,4.290484326597892,0.37830126448939844,0.6192274883762384,-54.40800857543945,39,19,0.4168564920273349,0.5474024169972629,0.6829285368615948,ok
CP002028.1,2886507,2886117,1,391,78.07195728158547,4.419044850141172,0.6071760653073733,0.6055705320929907,-57.56140899658203,31,58,0.4040920716112532,0.5643340666919324,0.6507587108034831,ok
FNCK01000002.1,185625,185982,1,358,53.50394876589515,8.254813584921475,0.328449930954525,0.5737777653015149,-37.446876525878906,31,28,0.30726256983240224,0.4947240088867566,0.662532586928409,ok
FOHK01000008.1,15189,15598,1,410,79.59424481912279,2.5469202263462023,0.6957505585178352,0.6003608282795635,-47.77508544921875,23,33,0.375609756097561,0.5429383779746892,0.6525876722645497,ok
QASN01000002.1,163210,163097,1,114,55.78814851547464,9.387839148473189,0.053338725040459445,0.4249261740554184,-36.04763412475586,15,10,0.6578947368421053,0.4148537577477587,0.4386052036737647,ok
WKKI01000032.1,23947,24311,1,365,74.31232792429684,3.569340136086145,0.6714733176820767,0.5682160294383753,-50.47715759277344,29,22,0.3643835616438356,0.5079370958753961,0.6282338561458373,ok
KB944507.1,1728059,1728145,1,87,89.61657705591544,3.7577249386027347,0.5796891670584517,0.5938322717172048,-11.012767791748047,12,22,0.41379310344827586,0.5645766225132277,0.6247643849908763,ok
BA000032.2,551875,551443,1,433,64.07712911240789,3.9890494582764697,0.5439480261058224,0.5687213167852049,-62.774417877197266,40,35,0.39260969976905313,0.49949514242633397,0.6363554789676363,ok
LR733406.1,2265632,2265696,1,65,92.50768858860059,3.025155297367065,0.6047977186164875,0.5392925625690087,-17.753578186035156,8,13,0.6153846153846154,0.5040457941814532,0.5740524390969002,ok
VRTS01000001.1,108972,108515,1,458,46.33194592466996,8.343657608313706,0.07095623536933643,0.4531357064301185,-133.0976104736328,36,13,0.5829694323144105,0.42691466325861105,0.4748548245385306,ok
CP029002.1,414675,414339,1,337,59.92291936854294,4.762640871149344,0.4908071209840791,0.6155071137147426,-42.23804473876953,20,56,0.3560830860534125,0.5400075824511821,0.6910691785048254,ok
MDHN01000034.1,50419,50857,1,439,72.69849645539779,1.899762075178755,0.7955612903941194,0.5575174507393906,-65.01129913330078,68,32,0.4009111617312073,0.4909366295768286,0.6142167190164043,ok
BAUW01000001.1,160033,159616,1,418,64.77163598709035,3.8185228771895594,0.5074088466879709,0.6652586492698842,-46.916954040527344,27,61,0.37799043062200954,0.602297057506885,0.7256169069128537,ok
ABCT01000014.1,56762,56369,1,394,75.52710094596992,4.083016090182321,0.6387110922806508,0.5263099528441093,-63.12095260620117,33,35,0.4416243654822335,0.47420831502540295,0.581240606500323,ok
CP001720.1,3147826,3147469,1,358,55.019256504980746,3.918607079897896,0.31257513116756896,0.6258767202429663,-43.044002532958984,27,50,0.3743016759776536,0.5720992664321499,0.673711668840457,ok
MAYV01000019.1,75076,74743,1,334,71.88952276407682,3.5809062950480803,0.6925420524858569,0.6176244254950221,-43.59526824951172,19,29,0.36227544910179643,0.5498780631531038,0.6842541516821676,ok
VNJJ01000005.1,118430,118818,1,389,77.16494270738993,3.885640541923084,0.6348935331949583,0.4994821326054073,-74.52950286865234,37,22,0.43958868894601544,0.45005638135322606,0.5508770239680958,ok
QETA01000001.1,443251,443672,1,422,88.95497124422289,3.0126505772247887,0.6180808657402974,0.4953279968139405,-98.42022705078125,29,40,0.518957345971564,0.45628338300725535,0.5336014689536505,ok
MDTQ01000001.1,880043,880437,1,395,79.97581152476003,3.584848886107614,0.5193728634020405,0.48905704007947187,-82.11772155761719,52,12,0.47848101265822784,0.4509285530833975,0.5276969893185031,ok
AP024233.1,1105191,1104844,1,348,72.59877672207806,3.4410670484655324,0.29536541532023564,0.6142495119663284,-65.18789672851562,17,39,0.48563218390804597,0.586000874337116,0.6415887986568005,ok
CP003244.1,1658496,1658979,1,484,47.792125895483125,6.299751345417718,0.28872889396576906,0.5300938197055706,-82.7479019165039,43,18,0.4380165289256198,0.44567339743296824,0.6020379268057426,ok
JMCG01000001.1,2332394,2332026,1,369,51.61266192612577,6.505709269865047,0.3095476633324259,0.5291471355596007,-53.14479064941406,36,29,0.39295392953929537,0.45011219661066615,0.6040467847775244,ok
AE003853.1,885898,886318,1,421,57.1435442381579,5.109336665538063,0.4415881783790343,0.5678050438305862,-57.2027473449707,43,21,0.3847980997624703,0.48953033046681943,0.6455231036601976,ok
FYEX01000002.1,152221,152649,1,429,46.69459486412996,7.249294568752726,0.2419602695780409,0.5002957600163372,-63.431549072265625,54,17,0.3939393939393939,0.42010854327994757,0.5683693963001692,ok
FNNE01000003.1,186936,186472,1,465,58.0268192031941,5.74072623940451,0.19003530529290702,0.46251202019861287,-109.06465148925781,30,20,0.5032258064516129,0.4298050593071107,0.4969515648603696,ok
BBMZ01000010.1,77418,76957,1,462,75.21366555965807,4.001708152308885,0.6442177804676954,0.5389784975947679,-76.20350646972656,41,24,0.4653679653679654,0.48541247621888095,0.5949047925030042,ok
CP040449.1,2369766,2369315,1,452,72.48126383649323,3.457318420144138,0.6878083723845971,0.47708028120161455,-89.61347198486328,32,32,0.47123893805309736,0.4112925946977041,0.5412950978742012,ok
RBZN01000015.1,67755,68132,1,378,73.1018863632545,4.251343603472863,0.6501133235151739,0.527211342554663,-57.80717849731445,37,48,0.3201058201058201,0.4703273418374907,0.5872571173586101,ok
AUYB01000133.1,17412,17752,1,341,63.27014312078464,5.166544199463196,0.5789811855023593,0.574804870301674,-47.757598876953125,26,42,0.3812316715542522,0.5000993416597768,0.654986715730568,ok
CP013145.1,676665,676290,1,376,74.40572680226413,3.917347419730806,0.6539746978555309,0.5842493098271936,-42.64759063720703,26,41,0.3696808510638298,0.5277187405446386,0.6425028701847499,ok
LS483470.1,2313867,2313729,1,139,77.28333107348755,2.7825703227050673,0.6939857726716748,0.6772296875493501,-12.413259506225586,17,20,0.45323741007194246,0.6175161734196772,0.7323456248447723,ok
JRXE01000015.1,21034,20562,1,473,47.84185364378401,8.741390749905692,0.14158643580460628,0.5301479591962601,-89.59835052490234,39,45,0.44820295983086683,0.4793397736870348,0.5739838514357701,ok
CP042301.2,1587848,1587948,1,101,51.982845367916184,10.54537931993254,0.23645794463522646,0.3955818067266414,-31.852651596069336,16,6,0.5841584158415841,0.3298265488801113,0.47596977518685635,ok
CP003355.1,297742,297391,1,352,50.46783044176739,5.176489553287176,0.22456862787063392,0.6441465964795173,-42.577781677246094,17,91,0.4090909090909091,0.5911638042985454,0.690022084650909,ok
JAAIVB010000055.1,135364,135741,1,378,72.30875960273227,7.013666548069521,0.5739048120534321,0.46335710897178206,-88.95137023925781,58,17,0.49206349206349204,0.4335908616117707,0.5035008015539426,ok
CP001707.1,1188307,1188727,1,421,53.26064173025092,8.041074488769718,0.3728168140176665,0.547133158962993,-57.35548400878906,46,25,0.3847980997624703,0.4560468502235374,0.6472379612730084,ok
JACHXI010000014.1,5879,5812,1,68,75.4595447288568,6.138916981092671,0.5721579170102529,0.5277733656489231,-13.87413501739502,9,10,0.5147058823529411,0.49920939547285087,0.5646757576340502,ok
SNZP01000006.1,182122,182545,1,424,38.45839795219976,4.00403624647967,0.23527265941268,0.5345977194792291,-77.1622543334961,40,20,0.4481132075471698,0.4866580956664772,0.5684857216095194,ok
AP022853.1,1241044,1240657,1,388,44.86037415904276,10.789815616408692,0.11810362451051082,0.5705801855128224,-70.09716796875,28,37,0.44587628865979384,0.516999989257425,0.6097983681236002,ok
CP009056.1,885102,885494,1,393,53.39467980091323,6.470363464196656,0.42102688318892284,0.6002207263655843,-39.30476379394531,31,23,0.3104325699745547,0.503384761263645,0.6979597922146042,ok
JXSS01000076.1,8620,8179,1,442,50.13127897228244,4.497880807854211,0.18033019777402215,0.44346097655817146,-107.29627227783203,24,24,0.5656108597285068,0.4046630915991129,0.4768290534428005,ok
BA000019.2,2174165,2174295,1,131,67.38721384477863,1.8633497628523323,0.8427203006198889,0.6481034020917806,-9.90846061706543,14,48,0.3435114503816794,0.5746328522567496,0.7095203497523349,ok
CP020442.2,336902,336812,1,91,57.90744019270343,5.704754410368565,0.3439096286345932,0.5889465821882293,-17.550168991088867,12,8,0.5274725274725275,0.5295841907099653,0.6516804431762881,ok
NTTM01000006.1,13741,14092,1,352,54.96928721384095,7.355629040980173,0.3615901052435448,0.47708976915358253,-56.73712158203125,32,36,0.3664772727272727,0.4004175081098864,0.562970171717246,ok
BLLH01000009.1,31759,31369,1,391,64.95153196258585,3.5927146868900426,0.7757331905393098,0.606284767432676,-44.9143180847168,17,44,0.36828644501278773,0.5103142398137834,0.6964599549393881,ok
BMLS01000002.1,390212,390625,1,414,68.37781987034528,3.631508635022081,0.6510601525850644,0.5726242718240931,-60.780059814453125,30,21,0.39855072463768115,0.5014318148735303,0.6412347188530205,ok
JACJVR010000081.1,14180,14626,1,447,91.06196731976299,2.3532214225920445,0.6528751703638107,0.5022191310089584,-95.95016479492188,20,26,0.5011185682326622,0.45871588436347416,0.5418163967818561,ok
CP076643.1,580330,579906,1,425,52.94458794203977,7.92888259074984,0.28133057562242175,0.49789189742142864,-70.91045379638672,50,18,0.4211764705882353,0.4275644427157,0.5736689132330196,ok
JRXE01000021.1,45660,46146,1,487,74.7722632254407,4.3863890060287645,0.6309510003599602,0.47952576825318355,-87.18966674804688,48,36,0.44763860369609854,0.4296837242931482,0.5336416824167153,ok
LRVM01000012.1,6902,7232,1,331,75.02536161451276,3.203675846355539,0.686059010303835,0.5584308914630652,-52.072547912597656,34,27,0.3685800604229607,0.4961593116790385,0.6182923016820905,ok
CP000783.1,4293340,4293817,1,478,73.13856164029956,5.471779387769023,0.606579008471309,0.48028307163230016,-85.19728088378906,51,29,0.48326359832635984,0.4378058919693475,0.531245572640629,ok
ATJV01000013.1,33846,33414,1,433,56.51736022706265,7.48508212488148,0.16955272611709726,0.44223960889945024,-117.96279907226562,38,16,0.558891454965358,0.41044599399253234,0.47982914066520205,ok
FWXD01000003.1,115157,115548,1,392,83.27518458080377,3.9013306202054174,0.6003605185764767,0.4786918975937143,-78.89791870117188,73,16,0.5153061224489796,0.44152312299905144,0.5183278990486722,ok
CP020892.1,3798080,3797953,1,128,55.15692965813875,3.931655541183915,0.2034463694424984,0.5077092651735189,-27.239187240600586,14,14,0.53125,0.4727493704746477,0.5388008370472365,ok
JAPTGG010000002.1,39701,39294,1,408,81.43396273369109,2.0093314308489125,0.7282494985070076,0.5402806498110465,-68.0871353149414,38,25,0.40931372549019607,0.4843230284901478,0.5891033869661424,ok
CP028922.1,4267752,4267303,1,450,77.96792340508586,3.645359425204772,0.6423869584789423,0.5315417795666962,-70.15534210205078,33,23,0.43333333333333335,0.4803501423665695,0.5840688734964212,ok
QUZL01000034.1,52255,51869,1,387,42.56191825158278,6.245153203627055,0.08819138204166616,0.4954726254624349,-95.25593566894531,33,63,0.5452196382428941,0.4676251226304226,0.5149743361019908,ok
JAGWCR010000024.1,2933,2819,1,115,56.354381520907424,3.982826225023751,0.21247733356095033,0.5138535752685051,-27.691478729248047,29,8,0.6,0.47844623556614624,0.5460808243128707,ok
LZHQ01000011.1,190872,190495,1,378,47.102954328119544,3.9365594514776157,0.30642131122488825,0.6932202189645826,-38.35518264770508,15,55,0.3333333333333333,0.6304567242358771,0.7435178004075831,ok
MJEH01000012.1,14778,14416,1,363,44.86239473271864,9.015364027668715,0.22577638026356883,0.653139847452283,-42.69551467895508,32,18,0.3581267217630854,0.5618455965328502,0.7233395317340156,ok
LT629764.1,716067,715694,1,374,52.85367161006764,2.504605595164809,0.5510873903787934,0.6551439565785592,-43.274044036865234,15,43,0.39037433155080214,0.5840277163117332,0.7130988776691777,ok
CP098242.1,751200,751572,1,373,70.81835465611837,2.8555899360333594,0.39280737852978553,0.5152859232932895,-68.39741516113281,37,19,0.42091152815013405,0.47589528909492207,0.5511407262239845,ok
JACHHQ010000001.1,273809,274222,1,414,72.83513070564267,2.17001316216085,0.7734983363457744,0.5120618412797439,-72.07683563232422,65,21,0.4033816425120773,0.44246938990305756,0.5723365938028019,ok
AKJA01000100.1,13609,14013,1,405,57.30262153659063,5.81072382840404,0.34186943637505557,0.4995341018248843,-78.8853759765625,22,12,0.4617283950617284,0.4382468080613629,0.5639042293447164,ok
WHOH01000003.1,44090,44432,1,343,76.26023328655805,4.137618084771135,0.6301091868047652,0.47930552747023397,-62.029029846191406,34,30,0.3877551020408163,0.43054245472128183,0.5311062432294004,ok
SRHY01000024.1,13593,13204,1,390,71.2765767533888,3.522877777514929,0.7011391890458283,0.6051865005119615,-50.13058090209961,24,22,0.382051282051282,0.5349888537778833,0.6733657282720652,ok
CP049056.1,527325,527416,1,92,75.85550498366354,4.123168238244098,0.6341192227244485,0.4516072593169465,-22.164669036865234,16,11,0.5760869565217391,0.40135700645548994,0.5049996280069895,ok
FQWZ01000004.1,419985,419918,1,68,21.172287264586608,1.971141782084054,0.6669904108537528,0.5551826720194529,-10.876075744628906,12,14,0.5294117647058824,0.5084098653161787,0.5881587706449021,ok
QDKP01000049.1,135028,135123,1,96,56.927076325864626,4.664321222944942,0.2568551054913922,0.3992291427898951,-36.1917724609375,13,6,0.6354166666666666,0.35455163154710856,0.4424434290422045,ok
GG669994.1,187430,187014,1,417,59.621146321097385,5.904249837997971,0.4100112131387048,0.5258727692744387,-64.40922546386719,46,35,0.3669064748201439,0.4621583008918239,0.5961541389988363,ok
FOAS01000007.1,156629,156515,1,115,22.35493492442421,5.867604746640987,0.4288185024017884,0.5102859493180867,-30.09145164489746,7,13,0.5739130434782609,0.49729163360826145,0.5166519569477166,ok
CP009889.1,964048,964408,1,361,69.53775470839227,3.3189457966642264,0.7307330683140743,0.5665855495336156,-46.51122283935547,37,29,0.3462603878116344,0.48881731838864984,0.6402191432259062,ok
MAYV01000012.1,54388,54739,1,352,67.53946812103591,3.6625639742521727,0.6673947954971439,0.5535807428722072,-43.971290588378906,34,41,0.36363636363636365,0.4786217082735445,0.6260212930331452,ok
MNCH01000033.1,23059,23500,1,442,84.11512087123552,2.412011070267656,0.6809181403506699,0.5496571222098494,-63.86750793457031,82,31,0.39819004524886875,0.4983353494107908,0.59696555954727,ok
JAALGD010000011.1,38756,39151,1,396,64.55067533188453,3.3941756516599453,0.3791146142258506,0.5489550244807782,-67.02909851074219,27,28,0.4494949494949495,0.50250171403628,0.5919455549737093,ok
JABAIM010000001.1,1366278,1365863,1,416,55.816473185914724,3.849326478065053,0.2664799688914022,0.5036245605154598,-95.44393157958984,47,32,0.5192307692307693,0.4591783242503561,0.5431051553839069,ok
JAEMNX010000012.1,193,671,1,479,59.6959338268264,4.620778721241068,0.38204525737545303,0.5024455371591062,-79.50238037109375,47,33,0.38413361169102295,0.4432587419652191,0.5607447357857962,ok
LR733406.1,3829484,3829372,1,113,38.53474588254393,19.999999999999623,0.013483240758817794,0.4252451312237267,-45.83015060424805,13,12,0.672566371681416,0.4181369038026154,0.4236131774892088,ok
CP004856.1,869625,870005,1,381,53.736271250606514,6.181157916639606,0.2755910704337734,0.5917343276566095,-56.4028434753418,19,30,0.36220472440944884,0.5304808951446662,0.6532097075718298,ok
JAFKCV010000015.1,86341,85886,1,456,57.04881501779973,4.8900519350282226,0.3265204444893114,0.5970212972000022,-68.9250717163086,28,35,0.43201754385964913,0.5393432377181677,0.6527805538576851,ok
JANATA010000023.1,15461,15088,1,374,53.76950095986625,5.519073516835291,0.3849821220168739,0.5573124844408069,-55.26854705810547,29,27,0.35294117647058826,0.475399685054848,0.6365051059094663,ok
JAGYPI010000001.1,1527357,1527717,1,361,70.6663596098515,3.0251270295294135,0.735136881357463,0.5555145400073516,-49.124839782714844,23,25,0.32409972299168976,0.4806533136560155,0.6250969762243205,ok
JAQV02000033.1,1967,2370,1,404,68.59972189593937,2.501854542571358,0.652000668959666,0.5850387833199623,-59.207855224609375,24,62,0.3564356435643564,0.5192052548823743,0.6425685566683818,ok
FLYE01000001.1,62029,62447,1,419,76.18018186654851,3.3006180812530426,0.6716407499067233,0.5247862672692027,-76.10969543457031,20,31,0.4105011933174224,0.4659664010443054,0.5818046810693562,ok
MQVI01000010.1,57604,57218,1,387,61.89592671793295,3.5613866862909087,0.6578552502223068,0.6291615037139415,-41.846988677978516,31,50,0.35400516795865633,0.5407455394615368,0.7106529877177957,ok
JXSY01000018.1,294216,294639,1,424,56.98409595450222,5.470288191875798,0.35108518090309354,0.520686433840006,-77.99476623535156,28,42,0.4363207547169811,0.4569245280163806,0.5850971483005555,ok
PVNS01000007.1,154122,153764,1,359,49.18054554247502,3.6546826302711066,0.23125464447694877,0.6083827933291314,-48.279541015625,25,31,0.4568245125348189,0.5652696233487109,0.6438485463467758,ok
FXUV02000054.1,29680,30043,1,364,48.285262267066976,7.329988420749881,0.2564522765040956,0.591889263922758,-49.52537536621094,21,28,0.33791208791208793,0.5108829792278687,0.664189525237703,ok
CP006643.1,2016348,2016715,1,368,46.102131544381535,7.610414570321634,0.15646387222369285,0.5870561131016595,-48.40480422973633,80,36,0.4048913043478261,0.5318310245845108,0.6301404491800862,ok
VJOY01000002.1,319777,319891,1,115,93.88477513130486,2.5413708310078693,0.2021059711633998,0.4740050720413623,-36.77315902709961,9,12,0.6782608695652174,0.46155050640771994,0.4856344597731084,ok
BMFK01000002.1,530424,530081,1,344,71.60841569094077,6.110275643102913,0.6008077874653343,0.6305680417120134,-37.967445373535156,27,51,0.3633720930232558,0.5898972063076493,0.681526263900405,ok
WUUL01000015.1,55215,55563,1,349,63.878933651544855,1.6260947525471736,0.6214677217941915,0.5140430933412858,-66.27689361572266,27,25,0.40974212034383956,0.46344551813265406,0.5554180726700492,ok
JPEO01000015.1,71304,71728,1,425,45.03818898299657,10.805177791355076,0.17946272974175387,0.5930397362361451,-61.349273681640625,42,37,0.3811764705882353,0.5123415371812875,0.6539257141770779,ok
AOFT01000005.1,94911,94541,1,371,67.84152930762221,6.558546586971092,0.6275774146357123,0.47645026030796456,-75.05987548828125,39,28,0.4555256064690027,0.4248915667767333,0.5423065584051229,ok
UFXZ01000001.1,1440099,1440556,1,458,47.89131987063766,5.143024368740833,0.23720824688890357,0.5189517893375315,-85.59103393554688,19,32,0.4890829694323144,0.4591905158547206,0.568380262757107,ok
WEIO01000001.1,414277,413910,1,368,61.139774986576725,4.292905667854756,0.4470851750079332,0.7111885129585992,-32.601863861083984,15,57,0.3532608695652174,0.6466680678879703,0.7737536694194299,ok
RPOK01000002.1,69127,68823,1,305,72.84508737552096,3.7200053097866883,0.6764405626274252,0.5631201312254991,-38.60820770263672,29,31,0.3737704918032787,0.4999679557151698,0.6264257852780531,ok
FOLO01000021.1,58304,57844,1,461,45.53850518027257,7.708645948541541,0.33850549570723293,0.5841096561517627,-53.264686584472656,62,19,0.3405639913232104,0.46309844562769525,0.6814142332169155,ok
BMGB01000001.1,786956,787307,1,352,88.0752179911821,2.167329017061664,0.6812730456488519,0.5101570715497126,-82.93843841552734,40,12,0.5426136363636364,0.46188109558151946,0.5534306271060756,ok
MJIC01000014.1,65573,65946,1,374,46.05330261081895,6.359770319452517,0.1717442323142765,0.4940198864438863,-73.4634780883789,28,36,0.4385026737967914,0.4407218744246401,0.5355722280429187,ok
MSFI01000002.1,70442,70071,1,372,73.67293888937249,1.8249542669919998,0.793575997914147,0.6362392596665655,-40.09000015258789,53,43,0.3790322580645161,0.5721721013786762,0.6901522774799099,ok
RRCT01000017.1,55010,54622,1,389,47.12264240355302,5.656812671589257,0.24940835911531156,0.6222771996166583,-47.02955627441406,23,47,0.33161953727506427,0.5536070307919383,0.6792064652986953,ok
LVIE01000035.1,105007,104551,1,457,62.88664599817099,8.314873946532606,0.6632929410823823,0.48969883481896487,-70.63457489013672,70,9,0.38074398249452956,0.42400023607809795,0.5810241779175973,ok
MJIL01000085.1,118300,117876,1,425,64.9910848810673,4.92696663778126,0.7190908412372117,0.5487014788186674,-55.21148681640625,34,49,0.3788235294117647,0.4625735977986766,0.6401260632893219,ok
CP000961.1,1710534,1710980,1,447,48.94425870087136,8.7917459280205,0.24560510989182116,0.5490362381771711,-63.856109619140625,56,22,0.39149888143176736,0.466682323047855,0.6282846214067083,ok
HE576794.1,1552450,1552801,1,352,50.767198486477966,3.4166777877017918,0.411572697323137,0.5689644696342065,-58.925045013427734,26,24,0.45738636363636365,0.49822231840118325,0.6276629371118356,ok
CP007151.1,2080487,2080035,1,453,94.99897953573291,2.316511802371068,0.6002790135601312,0.5362686060915466,-69.52781677246094,37,18,0.4503311258278146,0.49861662479919805,0.5710153225107774,ok
JJMI01000010.1,54584,54165,1,420,47.566473031477535,7.870900222462413,0.24049480710586035,0.6143453097730671,-47.92466735839844,28,35,0.4095238095238095,0.5325973727505007,0.6856506400340316,ok
QUME01000019.1,43951,43587,1,365,75.1615985648808,2.531272964428847,0.7261554111308277,0.6177001358698067,-64.51992797851562,27,46,0.43561643835616437,0.5525788970784103,0.6754248328365532,ok
JAFKCV010000003.1,451037,451475,1,439,52.01901907475462,4.962603916770395,0.31613727229348626,0.5448659177368055,-75.21302795410156,50,23,0.4191343963553531,0.47617700826487597,0.6066495839188382,ok
AP019400.1,6247155,6246772,1,384,70.69812693749219,2.6838472270373885,0.7586865014120754,0.5749246453218241,-42.26613998413086,27,71,0.4088541666666667,0.49860920522318103,0.6448873208751982,ok
VLTJ01000029.1,432329,432427,1,99,77.50955748015123,5.918340951920881,0.5653453039636891,0.3558029005067837,-41.50666046142578,17,11,0.6363636363636364,0.3295991703188033,0.38917026425560236,ok
CP147246.1,2725343,2725705,1,363,66.05095487056182,4.256970338181553,0.7303811562652545,0.6132995164381173,-39.31964111328125,54,38,0.38292011019283745,0.5264744406070497,0.7009362561821363,ok
WSSB01000009.1,34607,35002,1,396,67.27286153403827,4.8559404286600065,0.437740320109738,0.4762666801134487,-83.6672592163086,38,10,0.5025252525252525,0.4297937754652038,0.5266369920185262,ok
JOTN01000003.1,234270,233906,1,365,71.0824235567022,4.257116372277431,0.6404737706221484,0.6321253999791506,-44.74378204345703,27,71,0.3506849315068493,0.5717957683939192,0.6952763387343756,ok
JMPI01000023.1,40684,41172,1,489,47.408206083517385,10.374729502987242,0.18420300258011635,0.5383778915160594,-74.36642456054688,49,28,0.4233128834355828,0.4655528721804255,0.604209676120001,ok
BAXA01000011.1,72794,73149,1,356,43.366777359843766,6.255298202543591,0.24703389750848254,0.5689643017025404,-42.083030700683594,42,26,0.37640449438202245,0.4909099311807185,0.6255553596127869,ok
CP001022.1,1644118,1644565,1,448,48.434294025107604,8.536945310581588,0.2533956032144077,0.6037604607220688,-58.16704559326172,47,28,0.3705357142857143,0.5174109499026769,0.6836530085745139,ok
RJVQ01000007.1,175607,175189,1,419,50.372919742190994,4.8933835188220804,0.35187982499184056,0.6025785517491595,-54.99674987792969,29,20,0.36992840095465396,0.5227234834052259,0.672198208999099,ok
LWQT01000051.1,30345,30256,1,90,75.53683805889021,6.027235715313423,0.5667294253654198,0.42178729554611194,-29.23894500732422,11,18,0.6666666666666666,0.39305390420828157,0.45854949096207476,ok
AZEU01000244.1,1066,660,1,407,87.64993112203742,3.2649229943040328,0.6098303427982597,0.525056135872763,-82.6178207397461,25,46,0.4594594594594595,0.4872093824498781,0.5630076378027208,ok
CH724156.1,1160367,1160816,1,450,45.58191698896367,8.708546564929618,0.0945707428803016,0.49150264392784854,-121.89461517333984,20,19,0.58,0.4545652666980972,0.5201773383584338,ok
LECR01000074.1,32669,32216,1,454,48.36835516430529,5.65493537341162,0.23626635979842897,0.5731165029136249,-71.642578125,27,41,0.45594713656387664,0.5100782749834581,0.6266382332222314,ok
ASWO01000007.1,179840,179450,1,391,55.01687115447356,5.894898559482901,0.3523224703512168,0.6310088378703179,-40.4072265625,27,65,0.3350383631713555,0.5588127817004301,0.7036631375452332,ok
KI629785.1,66325,65926,1,400,46.09302885579753,7.070085646687897,0.2681104259825654,0.5817992695298244,-55.10932540893555,30,27,0.4075,0.49251018557036597,0.6541790968159541,ok
CP001634.1,2191361,2191710,1,350,54.03916254546546,5.577929885666154,0.2830497706023237,0.5195594233728175,-66.62391662597656,17,27,0.4342857142857143,0.459773961316026,0.5777117103737515,ok
CP073078.1,1136222,1136317,1,96,53.35723442799145,5.052390046839019,0.2354739043710214,0.4375492360673474,-33.27963638305664,15,6,0.6354166666666666,0.3885172906579975,0.4833114531358022,ok
SWLG01000015.1,8774,9106,1,333,68.8146969080458,2.1321253473312463,0.8103489614695183,0.5816286455139058,-48.43197250366211,23,52,0.36036036036036034,0.5059284190093145,0.6460685590909164,ok
MAIS01000062.1,323,777,1,455,56.13491068106984,6.020901924754218,0.3898402863032511,0.5774949370426973,-67.68240356445312,23,58,0.3978021978021978,0.5022098012401103,0.6557709412017253,ok
PXYL01000019.1,70493,70390,1,104,58.55412563191595,5.002803296360996,0.2190040237371505,0.5511545911171688,-27.527700424194336,12,11,0.625,0.5150538543467976,0.5875296651818789,ok
FOYF01000002.1,694434,693997,1,438,48.64240828702479,6.1244227472801365,0.3222257047548126,0.6613493719415618,-44.703922271728516,22,33,0.3698630136986301,0.5715201022853968,0.739752330963258,ok
CP004345.1,1984190,1984612,1,423,49.54733991245022,6.469426252789812,0.2004131758322939,0.5600353935491581,-69.08951568603516,57,37,0.4515366430260047,0.5041082900128638,0.6105286733621016,ok
LECR01000035.1,13931,14118,1,188,43.22815241494208,3.0271778517899346,0.5300411464360413,0.688655469601191,-13.609289169311523,13,32,0.4148936170212766,0.6015184421805791,0.7552848234779244,ok
NHNG01000406.1,1,319,1,319,61.25731292682891,3.891556379817857,0.6030076525967567,0.5766203890237588,-40.279685974121094,17,27,0.322884012539185,0.49182468867358425,0.6566434494230405,ok
BX470251.1,3898998,3898821,1,178,64.39708156651737,2.744172302430913,0.5393209779010796,0.678322881700237,-17.988601684570312,14,38,0.4157303370786517,0.6168408300411786,0.7322525176003388,ok
JAAONZ010000010.1,160953,160533,1,421,61.5893608112363,4.732210681070182,0.3598103937004183,0.5731274526066413,-69.72932434082031,31,49,0.4346793349168646,0.5219295192372637,0.6251267167823658,ok
CP003735.1,3759637,3759223,1,415,94.9923923401131,2.064187850237732,0.5527359131537108,0.5594237222350733,-73.56422424316406,23,40,0.4771084337349398,0.5239386444758481,0.5910707498091791,ok
LSZO01000112.1,32089,32150,1,62,75.2899788786996,4.881148445367965,0.6084014780645548,0.5117834384508683,-10.620033264160156,9,11,0.41935483870967744,0.4695739004114867,0.55996051273993,ok
AP014879.1,863622,864003,1,382,81.04795628360729,3.838579284950978,0.6141073421376776,0.47568563910011313,-82.94915008544922,47,54,0.5209424083769634,0.4333983582900005,0.519759556039381,ok
BBRZ01000065.1,23208,22804,1,405,62.57271103736239,3.8168086201952947,0.4712993658309854,0.6064426738950006,-51.08346939086914,27,35,0.3802469135802469,0.5433962341482282,0.6662252248543791,ok
MRWE01000012.1,115089,115463,1,375,80.04816945739375,3.124675123257853,0.6549964525532697,0.5444437775916074,-66.77523803710938,21,41,0.4666666666666667,0.49279056681690964,0.5941859454023876,ok
BBSY01000002.1,1102135,1102227,1,93,86.41514334815183,4.100390625823095,0.5787715981336468,0.3549632473776619,-29.851106643676758,17,6,0.6666666666666666,0.3254744438225041,0.38718899547065416,ok
JNGI01000016.1,14422,14860,1,439,52.503189674737904,5.731565995859431,0.207828394901592,0.5113190767896515,-79.05127716064453,57,26,0.46697038724373574,0.4636509470358048,0.5567455658796835,ok
FNIJ01000019.1,68161,68047,1,115,74.63948866513458,2.9382262443808136,0.34912296399473425,0.4810269672646439,-35.262596130371094,18,11,0.6347826086956522,0.4490822079728071,0.5108182796330369,ok
JACRTC010000005.1,130279,129808,1,472,46.71443950540316,7.487344164323797,0.1391622743127492,0.5744859185096772,-75.59053039550781,21,34,0.4173728813559322,0.5269984563759894,0.6136158624541543,ok
CP067393.1,1673393,1673725,1,333,69.02454818463852,4.552660858923442,0.6783905668447232,0.5542135670700801,-46.91237258911133,27,15,0.37537537537537535,0.4857059176629764,0.6271806444271923,ok
CAKJTG010000014.1,65743,65406,1,338,54.08285302156716,4.593397173925569,0.33672725102076095,0.6606879541384683,-36.70058822631836,15,31,0.378698224852071,0.5955015364962668,0.7201246730664296,ok
FOLH01000002.1,188306,188746,1,441,76.81536052293525,4.408200340335323,0.6159350847582974,0.41272877285081894,-86.67897033691406,94,18,0.4421768707482993,0.36807591373544596,0.46145925529851745,ok
FOAJ01000015.1,13874,13387,1,488,85.44716028838829,2.8015895603202177,0.6172110776566202,0.45966184786835135,-121.2454833984375,49,36,0.5389344262295082,0.4158813340537423,0.5010220231001679,ok
CR954247.1,89794,90164,1,371,69.32757907128291,4.253734390766265,0.6871390847217604,0.599017382819209,-42.52621078491211,19,24,0.3504043126684636,0.5284417582326171,0.6718045760367366,ok
AVPF01000014.1,16286,15957,1,330,87.6258742130954,2.1561660969291054,0.6836203114278501,0.6084947310586042,-43.09056091308594,23,44,0.38181818181818183,0.5600216193639996,0.6516751298369473,ok
LN999832.1,886669,887115,1,447,68.86198585627135,3.096714436036765,0.7496881281729343,0.5890010210919591,-56.61978530883789,17,82,0.3221476510067114,0.5087856323217321,0.6631624322333741,ok
HG427739.1,15350,15047,1,304,51.9462815059951,5.859305135430248,0.4109490058871429,0.6712442268650071,-23.704856872558594,21,28,0.34868421052631576,0.5734707861184216,0.7634615098643541,ok
BCMF01000004.1,215262,215703,1,442,76.3832760410474,4.651794751274965,0.6095857360776774,0.5554991135032651,-68.64791870117188,28,30,0.4004524886877828,0.5126799024122973,0.6031563739868717,ok
LAQR01000045.1,162080,162243,1,164,56.32444311654182,2.252357228607138,0.5713707582875184,0.5595544899033784,-27.355953216552734,18,17,0.4634146341463415,0.4947061719113357,0.6130535427415567,ok
AE010300.2,3440039,3440255,1,217,68.52862771785456,4.979409816037849,0.6670552697072701,0.6509074502675851,-20.26569366455078,23,23,0.31336405529953915,0.5849592980507153,0.7231679812359092,ok
FP236843.1,2779375,2778895,1,481,83.78232988667021,3.6794904044724808,0.6063852182325478,0.5099305311367118,-97.36431121826172,42,35,0.4656964656964657,0.47155511373305836,0.5495852220262886,ok
FUFT01000001.1,372269,372713,1,445,46.71162369573114,11.155954388337934,0.13500857103047187,0.5285777483553799,-62.915645599365234,44,27,0.3707865168539326,0.4710523826237589,0.5775364376008182,ok
CAADJD010000020.1,50235,50159,1,77,90.27896741382422,3.1067678849750706,0.6086657869330858,0.6344368335232259,-8.75013256072998,8,17,0.4155844155844156,0.5973806918829002,0.6712156593252182,ok
CR354531.1,2196714,2196282,1,433,47.5039344147728,8.88172216846586,0.2479276379733657,0.5974773052075969,-50.486305236816406,38,25,0.3787528868360277,0.5070190735786694,0.6775912336231372,ok
PUEJ01000001.1,87392,87497,1,106,53.455208607191146,10.289122847794246,0.26770145101741777,0.42455907148829425,-30.55658721923828,17,7,0.6037735849056604,0.36011704574668346,0.5076870639738709,ok
LGHJ01000012.1,194730,195072,1,343,49.552170417605,3.6882842638734554,0.38069701685366597,0.6051548487080789,-49.65799331665039,22,49,0.4314868804664723,0.5340147661547675,0.6636650979761166,ok
LYBM01000017.1,72173,71735,1,439,82.92568106021338,3.451564619917346,0.6220418691478591,0.5389084776758616,-66.50670623779297,50,22,0.4214123006833713,0.49581300800543054,0.5823774051085814,ok
JAPNUT010000055.1,1398,1747,1,350,70.44889972819804,6.4814879969708565,0.6019453793166173,0.42716639982782106,-75.47818756103516,56,12,0.5228571428571429,0.3861211140380357,0.4802735853849507,ok
KQ758462.1,62995,62634,1,362,67.5051427996496,3.8607674135095977,0.3697449298827869,0.47765680867978366,-90.2783432006836,38,13,0.5138121546961326,0.4362164732864715,0.5185040917599658,ok
FOBW01000010.1,150900,150478,1,423,74.56811310478534,3.454578074382944,0.6755023328970698,0.6322907279841542,-50.92047119140625,22,60,0.3664302600472813,0.5713429783401494,0.6922012918858733,ok
PDDX01000001.1,3143046,3142594,1,453,81.22407300725718,3.32335816540696,0.6379619696974453,0.6064249908980537,-56.5325813293457,30,70,0.3730684326710817,0.5585937953882647,0.6538131397673902,ok
AVPT01000001.1,119263,118937,1,327,94.99999531798785,3.265766662384218,0.5175208800235085,0.43628225219484723,-110.21306610107422,14,9,0.6452599388379205,0.4105068728281009,0.46231453341226053,ok
QJNR01000004.1,4229175,4229258,1,84,88.33822052357387,2.4119448355873394,0.6604488861057629,0.4137450690211879,-23.656230926513672,17,4,0.5595238095238095,0.36759945664688287,0.4562845677276914,ok
CP100350.1,484193,484625,1,433,70.50457810344169,5.028568776059058,0.3932971725952444,0.4657151417589418,-93.05020141601562,39,23,0.43648960739030024,0.4315294761385187,0.5044351151219947,ok
JXXV01000028.1,234155,233705,1,451,65.166026134732,2.3823502051202188,0.8359182249521919,0.5806749463670569,-61.78773880004883,63,61,0.3858093126385809,0.49295755055906043,0.6569026524068998,ok
MAMP01000020.1,60201,60676,1,476,66.59277575130841,5.078518056683931,0.6891457447164214,0.6093291098791745,-56.60531997680664,42,57,0.35084033613445376,0.534714650950284,0.6911814991732986,ok
SMCR01000013.1,50469,50656,1,188,42.05649476486865,5.063042483971285,0.2769506639463925,0.6368181005189423,-26.59512710571289,20,29,0.4946808510638298,0.5638511775861081,0.6887860740233712,ok
RYVO01000037.1,4940,4511,1,430,52.2066986674377,4.244287478253945,0.35451372585131485,0.6131039328898792,-48.90775680541992,36,26,0.413953488372093,0.5437098738167323,0.6736552521599543,ok
JACNEP010000002.1,380602,381009,1,408,70.96975137651337,4.524574027333669,0.6599714059876121,0.5725913267483262,-52.08870315551758,27,15,0.3897058823529412,0.5114902588275447,0.6392842734827229,ok
JAGKSQ010000001.1,538086,537633,1,454,56.79766946304823,3.5374191296397126,0.42562126031447334,0.6541255286340183,-52.70709991455078,24,54,0.40308370044052866,0.588245250645454,0.7122008803915459,ok
LMGD01000004.1,152208,152118,1,91,94.9999924774856,3.2301816345140093,0.31866843395731737,0.5445487045363835,-22.570051193237305,8,17,0.5714285714285714,0.5282999430317079,0.5609752626306417,ok
JAFIBU010000001.1,3141252,3140853,1,400,76.31922931365523,3.084569264284746,0.6823649536935144,0.5773622917154538,-56.65029525756836,29,32,0.395,0.5176376320254243,0.6341599365642299,ok
JABEQK010000016.1,31952,31866,1,87,89.4605756360946,2.558771267803153,0.6442667686321506,0.554649152538811,-16.642072677612305,14,17,0.5632183908045977,0.5113837012928883,0.5948836709839413,ok
LR699166.1,2631742,2631270,1,473,52.33042962634086,7.0462000591241525,0.3236382014169023,0.5824785762539886,-71.17496490478516,51,17,0.4397463002114165,0.5009646649788144,0.6647437964135725,ok
CP000783.1,2132721,2132283,1,439,76.2119804603048,3.5754876291761337,0.6560663392738372,0.5569044386212636,-68.3157730102539,26,24,0.46924829157175396,0.5016814341405128,0.6120204913591427,ok
JACHHY010000002.1,218422,218010,1,413,86.22540994784846,3.6115305446786112,0.5989829584582903,0.4718634609918518,-85.03398895263672,71,25,0.4939467312348668,0.4363965090651529,0.5086820509890618,ok
AQQO01000221.1,335,246,1,90,36.10226394666421,1.8689038759844616,0.9782127263586798,0.8004126906645284,-2.2990636825561523,8,44,0.37777777777777777,0.7020225822223383,0.8745878710232781,ok
RHGZ01000043.1,14414,13978,1,437,56.34828307043544,5.22003335058518,0.2296948756794192,0.505325464102455,-102.54349517822266,23,14,0.5240274599542334,0.4627973882388084,0.5473931942682899,ok
CP058559.1,2596415,2596032,1,384,57.71451131219135,5.917653561400447,0.27693811891534237,0.6002038616768214,-53.714324951171875,37,51,0.3828125,0.5515860002332224,0.6517815816151729,ok
CP029843.1,3647364,3646932,1,433,92.95915251074814,3.2052867792950615,0.5935635838387188,0.4467326064325757,-124.98526763916016,56,14,0.605080831408776,0.41470512098985746,0.47909947211343296,ok
NKXM01000348.1,2020,2159,1,140,83.89472154122156,2.369812050157947,0.6846430797095819,0.5578272547018089,-26.56549835205078,20,8,0.5,0.5059105960842539,0.6048800751223218,ok
AZFF01000001.1,316837,316445,1,393,55.749165037606005,1.9984440661232572,0.7238974319122835,0.5947791497045293,-50.08544158935547,55,56,0.39185750636132316,0.5200128246747617,0.6556404954200545,ok
AKKV01000021.1,55287,55685,1,399,72.44787535663528,2.8537765479368393,0.7273439980858956,0.5709285134558277,-57.43854522705078,18,39,0.37343358395989973,0.5006665916818466,0.6349215822023695,ok
KZ319369.1,375178,374763,1,416,58.34727018598444,4.887211555232096,0.3400607318376502,0.5488566892746644,-59.76803970336914,51,48,0.4206730769230769,0.4922874380474774,0.6046830860911876,ok
LDOV01000037.1,69179,69647,1,469,48.41387577639797,8.421957877005,0.20410939092926028,0.5705471535985275,-58.38102722167969,17,44,0.3859275053304904,0.5008533123841447,0.6327398520438097,ok
PGVE01000028.1,167993,167656,1,338,83.05423198414502,2.3123855466562016,0.692767940457372,0.6669280314236515,-33.43248748779297,15,46,0.378698224852071,0.6137555900697609,0.7142422539256544,ok
UWOC01000111.1,63205,63313,1,109,47.327761895218664,11.755097760630646,0.1894900907132484,0.39270997727395796,-40.57703399658203,17,6,0.6605504587155964,0.3139247520740765,0.4660563227958435,ok
SOQX01000001.1,755192,755607,1,416,48.26238067272394,10.646574879002399,0.21126762070263466,0.5058576462630141,-79.25770568847656,65,27,0.4519230769230769,0.4265698093020605,0.5845139276350562,ok
GL636105.1,152854,152673,1,182,54.523287730673175,5.1070335201358406,0.3482158108092741,0.6272320043906847,-19.88967514038086,27,16,0.4065934065934066,0.5577412394087126,0.6934994197754091,ok
MLYR01000030.1,105189,105533,1,345,44.245990962618144,6.113532770583383,0.30824032263104856,0.6054589870953736,-51.45851516723633,19,42,0.3739130434782609,0.5105125825615269,0.6770385512540952,ok
BATM01000044.1,35298,35730,1,433,38.70743410453495,3.4081947779767807,0.4087174276133088,0.6350363498901889,-56.528743743896484,40,32,0.38799076212471134,0.5621506515218855,0.6871736329102803,ok
FNIL01000011.1,37929,37615,1,315,57.064533128752764,3.320780206706985,0.3278131858600609,0.7081992874173609,-30.930374145507812,29,79,0.4126984126984127,0.6596081098370786,0.7505177393066259,ok
LJTD01000009.1,24199,24625,1,427,77.42497015548943,4.981411115617905,0.59176740418549,0.4540929116637054,-91.14295196533203,38,21,0.5199063231850117,0.4180586631041393,0.4959326907793877,ok
MINN01000074.1,924543,924181,1,363,52.82163526482612,3.526889366201162,0.31744246875402066,0.6051953304227152,-45.446983337402344,41,87,0.3691460055096419,0.5511311897412154,0.6501996618996494,ok
AOFT01000003.1,63230,63642,1,413,51.539066008822104,5.776617589001708,0.23339511770568167,0.5200519398453688,-73.51325988769531,28,36,0.4406779661016949,0.4636907977727248,0.5715798048077304,ok
VYXP01000002.1,383765,383373,1,393,52.12084964963255,5.56143328836245,0.1891509991064429,0.558991913048635,-81.25354766845703,25,27,0.5597964376590331,0.5153986710176982,0.5993711740767604,ok
LGAA01000018.1,135480,135945,1,466,45.54933943382526,11.820644035553103,0.2827216607082639,0.6110301890109787,-56.42105484008789,45,32,0.33905579399141633,0.4830193274746356,0.7168342632129048,ok
PZGG01000003.1,61042,61407,1,366,50.63700135948571,8.847750047394435,0.28991762730650134,0.5584078574559977,-57.123558044433594,21,29,0.366120218579235,0.4709405595997228,0.6497198538985434,ok
FNBG01000058.1,1875,2347,1,473,45.77985331983959,6.90097775876536,0.2736554027948988,0.6192025332019974,-55.388206481933594,28,25,0.3974630021141649,0.5287504857034646,0.6907896860127071,ok
KK073875.1,3779571,3779894,1,324,73.32890844305552,2.3755809138394475,0.7528339612669221,0.5607820124989418,-49.44989013671875,26,18,0.4104938271604938,0.4921499745614779,0.6212545166332745,ok
JABTTE010000019.1,7036,7473,1,438,50.99379475426526,6.198533534482946,0.31903674698113166,0.5719611774184089,-54.96573257446289,36,27,0.3447488584474886,0.4903161284862889,0.6478484748259983,ok
FMZJ01000007.1,138073,138166,1,94,66.4177460797123,7.371209481955798,0.6250321495284104,0.42402190530218115,-26.105228424072266,15,9,0.574468085106383,0.3739950055041421,0.49182691115033383,ok
JAOBYS010000013.1,38181,38063,1,119,94.99999999996933,4.403310354256344,0.4240320268910159,0.40260169069322166,-43.295989990234375,14,13,0.680672268907563,0.38904982021256124,0.41807747695577346,ok
CP042582.1,5098008,5097910,1,99,93.40924499261854,2.658604829867939,0.5637806030534691,0.5012028402051698,-29.176877975463867,10,12,0.6060606060606061,0.4669075344426033,0.5335710303090425,ok
AL590842.1,2457295,2457598,1,304,72.39554534064834,2.254468504856084,0.7692233419973356,0.6296586468252929,-32.265777587890625,18,43,0.34210526315789475,0.5596459363400799,0.6903037358848738,ok
LVIE01000001.1,454592,454149,1,444,73.82168322124754,3.914017951954808,0.658871177913022,0.6395232387864898,-55.06769943237305,39,57,0.3581081081081081,0.5812281810863593,0.699355384790496,ok
RBWY01000001.1,1094545,1094144,1,402,50.80778267993677,4.161705312040977,0.2788007160031486,0.6796199680366882,-44.57402420043945,25,78,0.3805970149253731,0.6237669939723877,0.7270353618030804,ok
CP014135.1,2160096,2159983,1,114,52.91685704698047,6.415690364665337,0.20386071696229485,0.47333799702481927,-28.068233489990234,14,9,0.5701754385964912,0.42541223331275774,0.5212680669488631,ok
FOSR01000008.1,15320,14923,1,398,93.28415782525838,3.113281253927136,0.5967401573537248,0.4976898028035372,-98.09835052490234,18,31,0.5829145728643216,0.4648783185465923,0.5301800431625103,ok
LMXU01000033.1,66613,66168,1,446,68.84381948047114,4.571000136874427,0.6786795397306978,0.6076808719932414,-49.06503677368164,31,51,0.35650224215246634,0.5389365356475752,0.6804086196670649,ok
LT629751.1,167331,167446,1,116,57.10328876329695,5.089018137492607,0.15424899012681464,0.48438578266116367,-34.87190246582031,13,13,0.6810344827586207,0.4570584253654479,0.5115946744164047,ok
BOSI01000006.1,94812,95232,1,421,66.90498993975545,5.8867898790791955,0.6573554955714871,0.47117256752045317,-85.29456329345703,64,13,0.45368171021377673,0.4078418941974622,0.546261657079623,ok
GL636583.1,65537,65848,1,312,44.50637613817568,8.378324528514236,0.3356981980500296,0.5412975544179528,-43.86776351928711,36,22,0.33653846153846156,0.4114040589320667,0.6407782997026537,ok
JANCLT010000004.1,188795,188383,1,413,45.363765072409734,4.763660378573684,0.21882564303081253,0.6737866006999558,-49.026634216308594,20,98,0.4043583535108959,0.6197147456426594,0.7158287184520947,ok
JMCG01000001.1,1647908,1648332,1,425,69.03893326743308,2.0607652415990767,0.8145072423380353,0.5844109319578371,-58.40953826904297,22,54,0.3905882352941176,0.5094136922451419,0.6482579932365137,ok
CP000138.1,533135,533039,1,97,22.11981783672408,1.0522294375653307,0.7812406571744339,0.5520465269478518,-19.541393280029297,14,32,0.5773195876288659,0.5114684815168935,0.5827698461673536,ok
PJBZ01000053.1,6484,6816,1,333,51.81340625856527,6.541373080887618,0.2536001162242302,0.6029420111355521,-45.70039749145508,13,24,0.3663663663663664,0.5390998198138458,0.6650399367324202,ok
JWYV01000026.1,26502,26893,1,392,77.27664599897174,4.859901289444765,0.5962612108266439,0.471289244230914,-80.84940338134766,37,26,0.461734693877551,0.4338352166082697,0.5143238613171129,ok
SMSE01000003.1,280753,280318,1,436,45.557757800497754,10.466615704977281,0.1308926197424164,0.6121705283724274,-78.22199249267578,34,33,0.4541284403669725,0.555069961296111,0.6553003141463247,ok
CP048834.1,927900,927994,1,95,74.00409793237452,4.163828165990102,0.6472012538207341,0.45074501227750674,-25.43321418762207,10,9,0.5473684210526316,0.3951888666914983,0.5094511622777034,ok
SKFG01000011.1,111224,111619,1,396,52.621554192419374,6.098165821609288,0.30103535987912655,0.5906208932662765,-51.23101043701172,31,24,0.4166666666666667,0.5199785987323124,0.6590970425225069,ok
CP018632.1,3964561,3964940,1,380,56.39223854603313,4.18963220269919,0.29396451839795446,0.5120009117333558,-85.41764068603516,18,13,0.46842105263157896,0.461792582896415,0.5580240936485773,ok
LILC01000002.1,655816,655400,1,417,69.77752867309142,2.8138318177853536,0.7561922505343284,0.6506482071654157,-37.699188232421875,21,50,0.3405275779376499,0.5727327447331023,0.7207773605313708,ok
BA000040.2,5775907,5775809,1,99,83.44876594802803,3.2713690075091666,0.6282415608874372,0.5012357806454907,-26.432476043701172,13,10,0.6666666666666666,0.45731263231413205,0.5447814533357836,ok
VDMP01000013.1,71714,71273,1,442,93.59582014710551,3.343012910873753,0.5846504925964215,0.4032636798011773,-148.838623046875,32,13,0.6244343891402715,0.37375799779871605,0.4333637807668802,ok
GL622200.1,1425072,1424908,1,165,74.96918989755976,5.202220608297426,0.5998484183501717,0.5705349722011088,-27.12350082397461,15,18,0.3575757575757576,0.5309947969762916,0.6170545277730006,ok
BMIR01000002.1,108586,108226,1,361,76.79706782879937,4.041127119430576,0.5961439502851263,0.6141837523020882,-48.66001510620117,17,48,0.3878116343490305,0.5687120253870424,0.6618726855230566,ok
GL870929.1,1785608,1785233,1,376,84.27726776275648,3.0995073757913447,0.6332117829322165,0.5566916540897414,-55.468727111816406,47,38,0.4175531914893617,0.5122265884602856,0.5998291507092212,ok
FTMN01000007.1,269151,269569,1,419,48.836381364407664,10.927508794001147,0.18605273962355418,0.5243204218178567,-70.81291198730469,44,24,0.45346062052505964,0.45565528537434113,0.5934978584647791,ok
CP060724.1,406749,406394,1,356,50.49431975164025,2.6761671440146686,0.5809249946245707,0.6796097843503199,-31.011493682861328,22,29,0.3792134831460674,0.5981361828374672,0.7452819754663895,ok
AZDG01000004.1,94290,93909,1,382,50.79094211297578,5.865334532635607,0.31952938978098056,0.6528122802206175,-43.12559127807617,45,65,0.3743455497382199,0.5726531947308022,0.7256613567758567,ok
JOTN01000016.1,30210,29846,1,365,55.361569771545575,3.8062175289414806,0.3764552661339836,0.6155545478534071,-43.891502380371094,23,26,0.34794520547945207,0.5524942224499874,0.6715317123509752,ok
NSKD01000003.1,327457,327879,1,423,39.225453975490005,19.999999999999993,0.03239603453529122,0.4785211435997643,-98.04969787597656,29,55,0.524822695035461,0.46007128270457726,0.4868766121235453,ok
BMJD01000057.1,626,1042,1,417,47.47634297228557,7.578906591375276,0.3172309948078718,0.5730493824425594,-62.11094665527344,42,21,0.3908872901678657,0.46729513332324296,0.6647122967987845,ok
NFSA01000058.1,223743,224177,1,435,51.089199744951834,6.914935800471501,0.21025061875822776,0.47653888480602014,-95.95260620117188,29,13,0.4942528735632184,0.4201679309830145,0.5310566112529931,ok
CP004345.1,3010965,3010524,1,442,82.08375953757762,3.311905789262772,0.6332081990898384,0.5027494599892585,-74.56700134277344,60,15,0.4117647058823529,0.45697727479872846,0.5482179407897784,ok
KB944511.1,108221,108634,1,414,70.18271903363578,6.534820782221667,0.6034814634828114,0.42856913269810554,-78.19398498535156,53,25,0.4178743961352657,0.3867939195864091,0.482790590541451,ok
PYMC01000003.1,455414,455863,1,450,59.059898050795475,4.336138833898329,0.3288912530072005,0.5235362554133998,-62.70688247680664,52,27,0.4,0.4720966789117682,0.5732928557795316,ok
JAGIAG010000011.1,58069,57977,1,93,67.72772745115373,4.739841944823559,0.47494709844629224,0.5893826622022469,-18.794448852539062,13,26,0.6129032258064516,0.5395255917840523,0.6428817814798223,ok
PVNS01000012.1,59863,59529,1,335,87.96447864134552,1.6485871838013744,0.7317862604541036,0.5798323877974969,-58.872100830078125,20,36,0.44776119402985076,0.5307764471046558,0.6216505127787139,ok
MKIR01000022.1,91327,91018,1,310,69.77980301364313,4.460221208449175,0.6730261478949485,0.6074085789159401,-36.085227966308594,29,34,0.38064516129032255,0.541559637151487,0.6772462089732814,ok
JMIW01000001.1,3298,3402,1,105,80.24780701305531,6.169753495544438,0.5491962261428497,0.40426225119651793,-31.625585556030273,17,12,0.5142857142857142,0.3847466818131521,0.42990832206098273,ok
CP076456.1,2837202,2837586,1,385,93.69139992913533,2.2207537711277094,0.5437223662159153,0.4788588915412344,-100.84654998779297,14,30,0.5402597402597402,0.4438981996231215,0.5105410814025177,ok
UFXZ01000001.1,1948058,1947627,1,432,51.637363371507135,1.7764307178690082,0.5064554169129123,0.5430090492023946,-85.38799285888672,22,25,0.5185185185185185,0.49472437362960175,0.5820974017308114,ok
JAKRRX010000046.1,5531,5962,1,432,58.9106718926748,4.340494775355002,0.4279589338977764,0.585752663202192,-61.284385681152344,33,22,0.39814814814814814,0.5182741207416262,0.6503624430398511,ok
CP005083.1,1935697,1935593,1,105,67.59936365531101,5.626486000444344,0.267972770384039,0.46550130245052485,-29.143505096435547,17,10,0.6095238095238096,0.4401174702999358,0.4953166329142301,ok
AE017143.1,1485548,1485395,1,154,65.9006986168372,2.658762757181379,0.32690912997961924,0.5838292216371527,-30.28083038330078,9,21,0.3181818181818182,0.548187587287865,0.6151379077341111,ok
VYKJ01000009.1,87128,86674,1,455,56.25102877789424,4.493073467926214,0.3262350284732793,0.5619578751227546,-67.55220031738281,56,18,0.4461538461538462,0.5042995721294045,0.6160681918839638,ok
LFDT01000008.1,26290,25892,1,399,45.13092022801453,9.853148590575492,0.10631467897619135,0.49897367405746923,-76.38780212402344,47,21,0.48872180451127817,0.45360009877583746,0.5336540672388146,ok
AE017340.1,2672893,2672478,1,416,76.41006626646012,4.132299528785922,0.6289092428685459,0.5353575129762865,-66.88944244384766,39,27,0.43509615384615385,0.4871418100700331,0.5864983110080093,ok
SOHE01000056.1,82167,82512,1,346,54.17898287790739,5.582294282574348,0.22764166214021742,0.4269488688001142,-108.5129165649414,22,9,0.5780346820809249,0.3791725906777876,0.47353258052373787,ok
UFSO01000002.1,1053172,1053592,1,421,75.24774340062719,3.814505448149801,0.6524587982647764,0.5663305449261548,-58.248497009277344,30,69,0.3752969121140142,0.5106192928767611,0.6232171440875689,ok
FNDS01000008.1,171133,171028,1,106,86.97447880353289,4.202008827604228,0.5729312060471554,0.5221782026777144,-28.023330688476562,12,23,0.5660377358490566,0.49476041197107423,0.5524238871465522,ok
LOPX01000018.1,18815,18415,1,401,42.82648116351634,6.706572763233334,0.10446505604235462,0.449901743635432,-115.02056884765625,21,26,0.5610972568578554,0.41498603880261686,0.474680140486543,ok
CP061721.1,2632377,2632723,1,347,44.765027854910876,8.934198081653946,0.09209661022451915,0.45893654129393835,-101.1832275390625,24,26,0.5965417867435159,0.4214458372691423,0.4860291201684001,ok
LXEW01000015.1,62134,61701,1,434,65.18763228132008,7.75753885455134,0.6337398209851941,0.5527667950731617,-63.61677169799805,39,39,0.3986175115207373,0.49852276158154196,0.6264108969061704,ok
JACHYH010000002.1,361629,361212,1,418,47.01527256001773,7.685043873634285,0.12620002713317052,0.5245432996823531,-89.46985626220703,31,44,0.5454545454545454,0.4811014050269438,0.5603919430456706,ok
DS022295.1,362232,361812,1,421,48.04287567034506,5.924833262675612,0.332381705186098,0.6535551515527075,-49.02228927612305,15,45,0.40380047505938244,0.5609738952854955,0.7318959117099081,ok
NOII01000055.1,1226,1615,1,390,68.94320522648046,4.397432037313587,0.6865859904800493,0.5228610715959311,-64.72152709960938,25,47,0.3871794871794872,0.4518764650119961,0.597564474025979,ok
LXJR01000022.1,10164,10280,1,117,87.28495300855518,1.7801543484736797,0.3938163326858897,0.4305685374982906,-39.652950286865234,14,14,0.5982905982905983,0.40358650855027484,0.45366113170609923,ok
WEKT01000007.1,27091,26946,1,146,69.06393292476979,5.066209879340224,0.6583785448334616,0.5635285393025051,-18.244281768798828,36,16,0.410958904109589,0.5013607190411697,0.6334596868396551,ok
BATJ01000001.1,425288,424859,1,430,69.70430477313542,4.796871298095343,0.6606540136568164,0.6294750041723386,-48.72394561767578,31,48,0.4,0.5669350378704031,0.6978488148869799,ok
AP017312.1,1395356,1395030,1,327,72.87787024557825,3.154513153190132,0.706341783400329,0.617979173320213,-43.004268646240234,51,38,0.3944954128440367,0.549764420187873,0.6822584541025716,ok
JAGXTL010000060.1,15015,14690,1,326,78.59587084704826,1.8934206600932335,0.7547420446976962,0.6770155542039298,-37.32231903076172,13,50,0.4263803680981595,0.6183419297264432,0.7271526891896287,ok
AL590842.1,3764130,3764038,1,93,61.13667973499616,5.935148809895717,0.7666265214388279,0.6414536335285175,-6.681426525115967,13,18,0.2903225806451613,0.5332708362214473,0.7632997426563584,ok
CP002780.1,3685318,3684884,1,435,49.116596980190145,8.845169583806348,0.1963809120069805,0.5896198184157491,-52.385231018066406,52,36,0.42528735632183906,0.5243442313519432,0.6534566641789101,ok
CP051428.1,1969913,1970365,1,453,63.21537448398006,4.216381869546499,0.4228524528969796,0.45559557613531404,-102.8730697631836,54,10,0.5298013245033113,0.3997440599218201,0.5108589621208228,ok
SMTK01000002.1,129088,129520,1,433,81.8890916455796,0.8414960184850028,0.8596515448512099,0.4408562433904007,-115.40413665771484,64,33,0.5681293302540416,0.40340568084683626,0.4718276521098033,ok
FXWH01000002.1,41971,42423,1,453,29.05601741159163,2.3718453278646625,0.7833257967183757,0.550074023677101,-75.86510467529297,44,26,0.4194260485651214,0.46614324571396665,0.6096692351512659,ok
BX470251.1,4453113,4452673,1,441,48.669348247139716,12.143776140001023,0.30924228129126435,0.6279703430052181,-37.50934982299805,63,39,0.32653061224489793,0.5085741789261021,0.7498314343016715,ok
JACEIB010000006.1,411958,411852,1,107,17.742658520641243,1.0301229757545804,0.7258455371032265,0.5605408089467393,-27.74496841430664,16,34,0.6542056074766355,0.5264691779715859,0.5863076165227747,ok
LJTD01000002.1,187341,187785,1,445,76.72412461761103,5.525374665565616,0.5799806520842994,0.41033462225008915,-118.29814910888672,51,11,0.5370786516853933,0.3787547290843845,0.44904561182548147,ok
AP013066.1,2398899,2399217,1,319,47.95300569628161,8.721537119268486,0.2292635024565733,0.5320236939022536,-63.70413589477539,28,17,0.5047021943573667,0.4511564992530718,0.605581915955365,ok
JABAIH010000009.1,38140,38233,1,94,73.39932579468673,5.654536797094106,0.5980964569829967,0.3920419853729063,-28.812213897705078,14,8,0.5851063829787234,0.3532306843384981,0.43947877484806336,ok
ACJM01000011.1,72232,72680,1,449,64.26232632530578,5.031729443308413,0.7291422851606204,0.5603175585267798,-60.288333892822266,31,27,0.37639198218262804,0.46999078699796715,0.6572664789826178,ok
VRVF01000022.1,14729,14633,1,97,75.74350705158334,6.207041718957156,0.5678633817757821,0.47516881069696487,-30.959976196289062,9,10,0.6597938144329897,0.4480153503873679,0.5104296583121914,ok
NQMR01000017.1,24157,24563,1,407,48.246900025965296,6.142413555178526,0.265813048129249,0.624332141366582,-41.51839065551758,36,55,0.3488943488943489,0.5488750672320789,0.68879519618932,ok
AP018052.1,429129,428737,1,393,91.16290045787218,2.36909323274033,0.6512421129415503,0.5095547480661303,-92.99877166748047,23,50,0.55470737913486,0.46640225548945013,0.548986941351205,ok
JMIR01000004.1,119807,120141,1,335,57.12529502462683,4.368919649250185,0.326111858587662,0.515822432048514,-61.143497467041016,23,24,0.47761194029850745,0.4606219418234135,0.5676268097702101,ok
CP021425.1,25487,25056,1,432,43.60167790285553,9.904299135695027,0.22588630354273542,0.5966619064441799,-54.069366455078125,41,24,0.37962962962962965,0.49665012525449165,0.6640392640742899,ok
CADIKH010000015.1,130728,130303,1,426,19.180422522994427,1.263442130607433,0.7179933480088972,0.508440761878309,-92.26179504394531,35,25,0.5211267605633803,0.4689658604776264,0.5371492426585824,ok
JABBHL010000001.1,1126349,1126263,1,87,75.49259454256688,2.70232609321949,0.712390378778943,0.5192651766311457,-23.165315628051758,12,6,0.6206896551724138,0.45546414748177266,0.5773672165180512,ok
CP017448.1,794693,794303,1,391,89.91824576038346,3.1004370069457705,0.6105473129705583,0.44038144172118737,-95.31480407714844,33,14,0.5524296675191815,0.4022867549206656,0.4777895287035961,ok
ALXG01000030.1,22374,21992,1,383,48.351309223490006,7.318156385274627,0.21216897876844054,0.647933278347081,-37.77777099609375,20,48,0.3629242819843342,0.5809251285827908,0.7070017438960612,ok
PJZK01000027.1,39525,39067,1,459,75.82802824165981,3.594069689316533,0.6584277654963784,0.5167760131432345,-73.00689697265625,35,25,0.44880174291938996,0.4606327264525725,0.5730783627757868,ok
LNTY01000060.1,78991,79427,1,437,51.22980094393958,5.460915681184632,0.24717494723256705,0.558764310335644,-66.2235107421875,69,25,0.425629290617849,0.500092492620099,0.6111139184336085,ok
FP236843.1,4928987,4928499,1,489,69.6243752074004,6.042920538879494,0.6217899679647593,0.5057902292380162,-87.47447967529297,51,22,0.44171779141104295,0.4566822325653219,0.5664922617493972,ok
AP023240.1,3788906,3789295,1,390,73.6391739254567,2.561148669739113,0.7372619972398725,0.6283940592005739,-46.87608337402344,23,36,0.4,0.5599670589097923,0.6896262451062849,ok
BX470251.1,5438229,5438142,1,88,45.323238598468556,3.999593559224779,0.44519167656991243,0.8146075062823157,-1.2649097442626953,5,62,0.2840909090909091,0.7203865474611264,0.8880644381382036,ok
BAFF01000006.1,91054,90592,1,463,76.65021861701014,3.668207402889721,0.6485325413651137,0.54535273946572,-76.33695983886719,24,63,0.4017278617710583,0.49197049464378007,0.5991710497380719,ok
CP058349.1,4019534,4019642,1,109,89.65741299072107,4.931038502682336,0.5454842349241117,0.5154870845841278,-30.915802001953125,8,12,0.6146788990825688,0.4975378058754621,0.5367872042992612,ok
CP021376.1,1066853,1066433,1,421,48.98309844087044,6.300108699340993,0.2140119176793751,0.530787606306354,-67.14323425292969,47,30,0.4156769596199525,0.47077853503168676,0.5839943050753226,ok
PNCO02000002.1,846419,846067,1,353,49.07176684871778,10.271789080587169,0.2623980537744803,0.551822397414594,-47.07003402709961,55,25,0.3881019830028329,0.4590743686032849,0.645922502980473,ok
AUYT01000001.1,1671509,1671048,1,462,47.82822599957632,6.477514078827228,0.2029726283107527,0.5918811676962256,-67.7359619140625,24,45,0.3917748917748918,0.5313007176618993,0.6430715122917192,ok
CP035492.1,1831110,1830676,1,435,54.89490457341438,5.163386681985886,0.26895372152119135,0.6313829323902146,-62.016605377197266,18,35,0.42528735632183906,0.5781949492035785,0.682164313441387,ok
CP020705.1,517652,517217,1,436,80.86541761272935,2.6189121008248004,0.6830159842815076,0.5453789389196941,-74.322021484375,26,21,0.43119266055045874,0.4904671546712289,0.5959156714444349,ok
ML122577.1,29700,30098,1,399,73.17691413201932,3.220608027948061,0.6998819944156942,0.5692156873592861,-61.84727096557617,24,32,0.3208020050125313,0.5029656216707483,0.6327530368359664,ok
JAOUCS010000046.1,15732,16125,1,394,65.50052729370401,6.524232504201343,0.6607694971082512,0.48793546355767226,-77.57794189453125,29,19,0.46446700507614214,0.42280142334087173,0.5692057309853602,ok
SOQX01000005.1,90300,90700,1,401,50.16550881232111,4.208003051504156,0.2854123909545167,0.5560737206268743,-74.83071899414062,30,29,0.49875311720698257,0.4976443236571934,0.6056189202662994,ok
SMAN01000003.1,68544,68906,1,363,47.0476638120653,11.906128817991258,0.26783479993401826,0.518879972185568,-59.832801818847656,68,26,0.39669421487603307,0.40475667942196736,0.6217498837703783,ok
DF967972.1,3325262,3325570,1,309,52.41376530853226,3.6863079689790563,0.27682417734067233,0.5676584872415211,-61.17729949951172,20,57,0.49838187702265374,0.5187587093393373,0.6094151731557507,ok
BAFF01000001.1,43347,42925,1,423,68.99990722052364,5.358964579352788,0.6481528049994909,0.5218892153499909,-72.33544921875,38,30,0.46335697399527187,0.46277537581943096,0.5894364452182457,ok
PCDP01000006.1,30036,30124,1,89,59.0245192047313,6.1090464130806525,0.45130667536397623,0.4006148241595184,-22.3167781829834,16,4,0.550561797752809,0.3281975749250269,0.48136965861981545,ok
KB944511.1,1376594,1376166,1,429,69.06999275680931,5.90950667939628,0.632126571635838,0.4996433703296203,-79.18269348144531,37,27,0.4125874125874126,0.44680628553860263,0.5646004800239677,ok
FUXI01000020.1,16547,16165,1,383,52.321897014454585,4.114814748844711,0.3711266319168403,0.5936717179835694,-45.57841491699219,23,37,0.36553524804177545,0.5227340842360848,0.655325642718118,ok
FORE01000010.1,166595,167030,1,436,55.84152800325424,3.392692613372384,0.40774268823804954,0.5221191236906564,-83.83493041992188,24,21,0.4197247706422018,0.459137446008386,0.5767721716585658,ok
FQWD01000002.1,510407,510043,1,365,58.1228460245692,3.439571809686424,0.38392095295265266,0.5754462361625542,-58.02642059326172,28,50,0.4465753424657534,0.5189841200638257,0.6257459400910436,ok
JACAOA010000032.1,8133,8504,1,372,68.30781717507135,6.102685735948339,0.6344492648242375,0.5315099005856372,-53.626747131347656,29,32,0.3602150537634409,0.4773820958480366,0.59824428098583,ok
SWDB01000010.1,49909,49505,1,405,21.785722956691746,2.1765383980799626,0.6580470274634717,0.5926263985171495,-59.98795700073242,22,41,0.37777777777777777,0.5445349220223147,0.6263418644484836,ok
CP003380.1,2526783,2526368,1,416,68.54619842938831,5.47039451736486,0.6508058467050462,0.5209103794999389,-62.90106964111328,27,24,0.4182692307692308,0.4609086517164823,0.5908348905295929,ok
HG427724.1,1945,1525,1,421,52.41436802443935,6.625887094864803,0.2655581389468679,0.5878382402959973,-44.97381591796875,51,30,0.3586698337292161,0.5225783390646468,0.6521562937749623,ok
CP041151.1,3684750,3684354,1,397,53.604514866792265,5.533024693800157,0.2392320205688231,0.6579107818035134,-36.860164642333984,26,45,0.36272040302267,0.6061638907699095,0.7064656746014716,ok
OUND01000001.1,284983,285405,1,423,67.95524133322681,3.3195799646145123,0.7480841810035801,0.5653023778085428,-56.71392059326172,33,22,0.39243498817966904,0.4824885995656131,0.6430559466728691,ok
AP011177.1,2813333,2813777,1,445,72.43657153942533,4.304283099306452,0.6539878665387422,0.5832085010197819,-52.95958709716797,35,52,0.3550561797752809,0.5247351043878012,0.6452263415885904,ok
CP000653.1,4342563,4342450,1,114,67.4943158768649,0.6999281331846756,0.9355095272084686,0.6394220742847669,-14.940248489379883,12,39,0.39473684210526316,0.6032027510570084,0.6686450934679712,ok
SSOB01000010.1,93141,92767,1,375,42.68164093531546,19.9999999999251,0.12463681421692974,0.5623404857770148,-62.37580108642578,50,23,0.49066666666666664,0.4856125698550059,0.5986647056768288,ok
JMPJ01000053.1,247676,247314,1,363,50.44239612646815,5.560563170975421,0.25891751078690095,0.5666690131538222,-56.93956756591797,28,59,0.5013774104683195,0.503069260012984,0.623931048068257,ok
LGUG01000004.1,322857,323328,1,472,72.36724299191872,3.912525144701744,0.6722001361170624,0.4831963382260433,-77.7208251953125,50,18,0.4173728813559322,0.4202673968501564,0.547660934726852,ok
CP003032.1,258403,258823,1,421,75.52356514814085,3.2855187179756147,0.6782107813021689,0.512140297751155,-72.94583129882812,62,26,0.4014251781472684,0.45122093221500253,0.5712627546686252,ok
AP024601.1,2986016,2985575,1,442,25.41768123083662,0.7225269390623063,0.8815954675586882,0.5849904198037909,-71.84949493408203,17,52,0.4796380090497738,0.5505625596631072,0.6125499596426759,ok
CP049872.1,2769408,2769817,1,410,78.01917970527374,4.458902514227892,0.6050258189615381,0.4450680144434123,-114.63619995117188,45,10,0.6,0.40490933185090877,0.4894981073011623,ok
CAFK01000229.1,45252,45129,1,124,50.80221369497105,2.617882947129719,0.32189646066433236,0.43992750268874453,-45.44497299194336,23,6,0.6774193548387096,0.39583595934865407,0.47573155187082633,ok
AFDH01000112.1,106685,106294,1,392,77.96755329786835,4.285914613615354,0.6124269405729474,0.544448619708461,-63.38106918334961,28,36,0.40816326530612246,0.5020106960908128,0.590596799170768,ok
PGVE01000028.1,78464,78063,1,402,42.88719398721342,12.357685150091692,0.10584644197248172,0.6487885106497769,-40.76076889038086,24,91,0.39303482587064675,0.5947257089031175,0.67859084123085,ok
PDOD01000005.1,255266,255620,1,355,58.46913496778765,4.729869936856175,0.47076355125796737,0.5472954375777418,-52.92631530761719,29,27,0.37183098591549296,0.47018601023972556,0.6232782764143626,ok
CP029347.1,695684,696121,1,438,52.52581011139302,1.0784020964380965,1.025172867945552,0.541489051753928,-72.5007553100586,24,42,0.454337899543379,0.4807099115334774,0.5891433388127839,ok
CP058952.1,2186659,2187029,1,371,48.08745949569736,5.365388230280644,0.2246991937623105,0.5471221556643401,-59.74351119995117,31,16,0.41778975741239893,0.4890342678290904,0.5960760869187763,ok
FORT01000016.1,138734,138292,1,443,56.13893382734902,5.241596716789165,0.22314453716622806,0.5718632738226661,-62.45546340942383,30,40,0.4582392776523702,0.5301142403391549,0.6132033091698114,ok
CP022987.1,2967554,2967929,1,376,61.98652859240752,4.210434846632515,0.369731549575407,0.5379002283732348,-75.0119400024414,19,21,0.5026595744680851,0.4864511538633766,0.587762062620062,ok
CP003924.1,333335,333786,1,452,90.34318670150851,2.3135733609184133,0.6088488697400454,0.44814054548202825,-131.12075805664062,20,13,0.584070796460177,0.4071401347712216,0.48536691417024475,ok
JAPDIA010000003.1,977058,977520,1,463,86.22393657117712,3.6290573045554564,0.598098948065851,0.4901147830085751,-98.11986541748047,26,15,0.4319654427645788,0.4545641026851476,0.5266769277054159,ok
PGLV01000001.1,1072480,1072104,1,377,78.45746300619693,2.4913773715967813,0.7073764059121296,0.6672972190772817,-39.87722396850586,47,86,0.35809018567639256,0.6076582558131663,0.7212880825430833,ok
CP000653.1,14627,14699,1,73,24.65016753760102,1.542780000674474,0.7409167672592509,0.6028628968945935,-9.507858276367188,19,10,0.4657534246575342,0.5499896409136023,0.641519359143569,ok
APHR01000037.1,54191,53786,1,406,77.88249749923924,1.7167343416298477,0.7768432307024238,0.5461723534889139,-72.43232727050781,40,48,0.45073891625615764,0.4879239347000223,0.5958552350504057,ok
OFSM01000017.1,61075,61528,1,454,47.190660521292635,8.681707261134736,0.17070433975739796,0.523814052189568,-70.83671569824219,32,51,0.381057268722467,0.46122752225550967,0.5776942873178122,ok
MINN01000128.1,131506,131884,1,379,54.31816720522164,5.417478596373838,0.29824630396409896,0.5540655262816621,-54.14552688598633,26,55,0.36147757255936674,0.49242466348095654,0.613261722885599,ok
CP000507.1,2399081,2398667,1,415,80.30940629489858,4.066974532820692,0.6075182359248821,0.5390535697209614,-81.62432098388672,38,36,0.45542168674698796,0.4989081726399392,0.5818566881537452,ok
CP064781.1,1203905,1203528,1,378,94.1912584863193,2.8084959413234736,0.4582024699528633,0.48284145912301296,-97.78904724121094,39,18,0.5634920634920635,0.45634588467207626,0.5083517823687308,ok
FNHQ01000001.1,90305,89962,1,344,85.36457977887744,2.768480885741247,0.6484186388474624,0.688852056579007,-36.11180114746094,22,41,0.3953488372093023,0.6423383994815979,0.7327068698238534,ok
BDUF01000020.1,52785,52455,1,331,52.70003848597125,3.7253883484086727,0.2293143421224062,0.5983007576753678,-51.695396423339844,20,55,0.4652567975830816,0.5577371839792236,0.632972466803329,ok
AYKS02000112.1,27157,26732,1,426,44.95343876262708,5.428240102898071,0.21404898005795103,0.5851069769291591,-65.17920684814453,22,49,0.4131455399061033,0.5256496543047486,0.6303837046295507,ok
SDMK01000004.1,235124,234754,1,371,83.5621302504553,4.534335488975395,0.5719044504203636,0.5207385606445833,-79.58160400390625,35,17,0.555256064690027,0.49217374025378663,0.5529918912894508,ok
AL590842.1,3248678,3248590,1,89,68.43344200907985,4.291936385316191,0.6959675813890329,0.7488496048543154,-5.973638534545898,8,43,0.33707865168539325,0.6751888225663008,0.8250362672437808,ok
CP022657.1,1043243,1043613,1,371,93.95705931855508,1.9824873336009468,0.6739056152547024,0.5275301111165499,-61.497196197509766,19,15,0.42587601078167114,0.4839300759831894,0.5663621243089372,ok
JXIQ01000038.1,38943,38510,1,434,46.295363871993985,5.9412013149446015,0.22037135633115978,0.6532421656902302,-49.72895431518555,16,49,0.3824884792626728,0.5888048437645123,0.7045449090104774,ok
SDZE01000372.1,2353,2260,1,94,81.62323557250755,2.6903620664329386,0.6730044236799384,0.5646678437605416,-20.446022033691406,16,7,0.6702127659574468,0.5119922656775479,0.6134971088042891,ok
CP037940.1,1805803,1806202,1,400,57.60298629657802,3.872744119855574,0.5587728086815691,0.5716957867036256,-57.42096710205078,37,20,0.3875,0.4831885193831171,0.6521734451498838,ok
CP013987.1,908348,908459,1,112,94.99999911474025,3.182084427228589,0.4622538619239467,0.41843384037938397,-37.84910583496094,11,12,0.6339285714285714,0.39466708484889956,0.4423743209165154,ok
FUFT01000005.1,356138,356575,1,438,60.157684846974234,4.873003519366052,0.3977606311660885,0.5709001383950949,-68.15538787841797,29,40,0.3881278538812785,0.5103094002524837,0.6323798046326519,ok
CP021425.1,4817932,4817557,1,376,48.53008949195272,8.914826847913496,0.16284708923931435,0.5784075546217259,-43.42224884033203,33,22,0.3962765957446808,0.5214682871179229,0.6298829948198422,ok
CP011367.1,2203642,2203261,1,382,49.34382801236744,4.510778606970053,0.17758228827843375,0.48157804909959756,-104.05415344238281,33,22,0.5732984293193717,0.44249817872209807,0.5144893519669017,ok
BMPO01000001.1,641569,641459,1,111,65.17303944854436,5.867116248919985,0.34350209326740966,0.39630607975089105,-37.23991012573242,15,9,0.6396396396396397,0.35921955284856405,0.4399171751891554,ok
FOSC01000005.1,104329,103843,1,487,45.82146965604966,4.838892957409318,0.2178062374454412,0.475576369311484,-118.92427062988281,42,9,0.5133470225872689,0.42140696487451235,0.5185969475042956,ok
AHBZ03000027.1,1112248,1112668,1,421,69.6705130030217,4.288768037787995,0.6813443208303389,0.5361356245329835,-60.97708511352539,24,18,0.3847980997624703,0.4679226600576434,0.6071041165280375,ok
JACGXS010000006.1,102869,102449,1,421,94.99999994669557,3.0242229672290315,0.5261524525254311,0.41510408111583513,-117.59732818603516,51,11,0.5771971496437055,0.3865931776798217,0.44365211125589676,ok
AZCX01000002.1,40968,41408,1,441,48.03870330253511,7.348182488697881,0.20550901742343503,0.5280245509878991,-72.0040512084961,30,28,0.40816326530612246,0.46198857328687376,0.585097302833725,ok
AL590842.1,4578870,4578681,1,190,77.4513678867973,4.8687360216558755,0.5947723266275,0.599160490437728,-34.37511444091797,13,14,0.4105263157894737,0.5623373804415925,0.6415364875320632,ok
CP003504.1,1775498,1775881,1,384,73.09587047458659,4.132882705176064,0.6559647139271005,0.544106719888003,-55.184940338134766,25,46,0.3463541666666667,0.4855349242722965,0.6054825866742644,ok
BAEN01000026.1,468,53,1,416,46.33613010890817,5.14293385062317,0.3387230517147059,0.655500197315315,-43.05120086669922,26,23,0.3798076923076923,0.5673682244830797,0.7254467798406222,ok
FOLH01000001.1,865072,864651,1,422,50.3554263635953,5.2060758936665135,0.2798497792045763,0.5869683962113983,-60.755496978759766,19,37,0.41232227488151657,0.52076041266063,0.6454195714845559,ok
AP011177.1,2892852,2892441,1,412,51.723476019786325,4.368828817469199,0.3354660332164739,0.5952749072000104,-51.263336181640625,25,32,0.4029126213592233,0.5273484017582086,0.6542782805720517,ok
CP029185.2,2279034,2278592,1,443,50.864340839824095,6.166412498189747,0.351594225937061,0.6615587138970274,-39.878700256347656,53,49,0.34085778781038373,0.5714328566642275,0.7454278962440929,ok
FQXS01000031.1,44397,44023,1,375,40.21616146880297,19.999999999998387,0.025857681608811245,0.5149169248275521,-91.39176177978516,15,21,0.552,0.49936418379525743,0.5107768651537091,ok
QWKJ01000043.1,32225,31811,1,415,51.77833433172771,4.3184976061032785,0.20731621517149745,0.5001758356241918,-94.2195053100586,61,21,0.5325301204819277,0.4587492154709657,0.536832307056205,ok
CCXS01000001.1,3016508,3016926,1,419,61.10910608550123,4.412420988597191,0.4260107359102214,0.5829706231554772,-62.01939392089844,29,54,0.38663484486873506,0.5212370631558199,0.6435370910498881,ok
JAGXTI010000037.1,71273,70874,1,400,94.99999999190479,2.5744956582140404,0.46385044589690205,0.433862663802143,-116.42841339111328,50,12,0.615,0.40616435535535295,0.4600295298100776,ok
LHPJ01000005.1,709228,709663,1,436,75.86958807946505,3.225051247811489,0.6768083815293777,0.6198169623761578,-57.34647750854492,29,41,0.37844036697247707,0.5602541470850902,0.6765803369350619,ok
RZNX01000013.1,58735,58393,1,343,74.38531506607806,2.1932409929229597,0.7584069758945651,0.6435002921458485,-37.125160217285156,52,65,0.3965014577259475,0.5772901378441345,0.7011183047609751,ok
AP014683.1,116865,117196,1,332,47.09312809685399,4.962098291429146,0.16346558615681878,0.5004381165763775,-88.08174896240234,28,18,0.5933734939759037,0.4597316961160366,0.5334939918854288,ok
WEHU01000008.1,36685,36295,1,391,56.81466537579895,3.9954480249917945,0.37662834637006104,0.6636262726598562,-39.822574615478516,30,52,0.35038363171355497,0.6015617548524257,0.7200787908580147,ok
FQXZ01000014.1,54561,54189,1,373,72.9144185852785,4.561689176327163,0.6389296008211677,0.5671635882094068,-44.925575256347656,67,32,0.42359249329758714,0.5133240616132063,0.6255467482401286,ok
GG753567.1,1467606,1467782,1,177,53.50763947815756,5.944943644234888,0.2420086421501061,0.5962055475189175,-26.660236358642578,15,13,0.4406779661016949,0.5425058615752189,0.6490887442871018,ok
CR354531.1,2957254,2957102,1,153,48.85774769842333,6.433438398270395,0.22493936987297503,0.6301933075169798,-19.189315795898438,19,20,0.42483660130718953,0.5658612588580452,0.6868592095250298,ok
QPJJ01000005.1,92637,93033,1,397,68.82847500809456,4.41811374663339,0.6854352413185791,0.542862273676007,-59.13350296020508,26,26,0.3677581863979849,0.4725229585915418,0.6165861671449835,ok
STGJ01000001.1,76357,76764,1,408,89.1770542439995,3.207409988338801,0.6066633024801363,0.47264499044181485,-92.11351013183594,34,17,0.5441176470588235,0.4361957122026521,0.5091057956454823,ok
CP031413.1,2279627,2279233,1,395,94.99956950274351,2.6440796497279915,0.43310655332730214,0.422864045064129,-113.33055114746094,35,13,0.589873417721519,0.39711517047719397,0.4474282203607717,ok
LIXZ01000023.1,756,420,1,337,49.249681448642,6.815580733487514,0.24794383879682452,0.5834399637760451,-50.18553161621094,38,23,0.3798219584569733,0.5112578887387678,0.6484585340602518,ok
CP018800.1,223873,224286,1,414,52.80366558347868,6.6143105498804555,0.3922235587684579,0.5389673239934439,-64.50446319580078,36,18,0.427536231884058,0.4451004217983211,0.6333159329624556,ok
BNBA01000004.1,164286,164717,1,432,39.49170505743241,7.7146395632736455,0.08170515235725045,0.4384238946982549,-107.07316589355469,37,39,0.5879629629629629,0.4100664154434694,0.45774838639429777,ok
JABXHM010000023.1,53725,53313,1,413,50.42085062960144,8.6275505805411,0.28815969711524886,0.5945126056059102,-52.60761642456055,53,35,0.4188861985472155,0.5070691964785639,0.6840667868609569,ok
MDHN01000005.1,125221,124766,1,456,30.078417815301343,1.6599261504559681,0.8556912741225261,0.6512068011663212,-53.83686828613281,29,45,0.3706140350877193,0.5786333662304134,0.7054688794402741,ok
JOJP01000001.1,5096485,5096889,1,405,70.32730194679318,4.501789906530184,0.6654163006734184,0.5075487544310163,-73.89971923828125,48,15,0.4345679012345679,0.4441251621990534,0.575018365104578,ok
SLZQ01000001.1,171733,172110,1,378,40.59667282629216,13.461857447123705,0.05395372435429041,0.4857783952697092,-80.3438720703125,31,21,0.49206349206349204,0.45792233818056044,0.5007459799335855,ok
JAAXPN010000002.1,93358,93759,1,402,49.49111478689833,6.20596726973594,0.30017867646150753,0.5366575220299583,-64.49808502197266,30,50,0.3805970149253731,0.45482279345891624,0.6099792965946964,ok
CP117260.1,249149,249057,1,93,43.842576635498,7.991501966812935,0.1117688882762875,0.5962023075195885,-15.166929244995117,11,15,0.5806451612903226,0.5535216711319805,0.6263337332460184,ok
RYVQ01000204.1,7872,7670,1,203,91.48743841915577,3.194914815364573,0.5989852627375142,0.6244308852549098,-26.179706573486328,15,30,0.43349753694581283,0.5905422326859844,0.6584415254155335,ok
SMFQ01000004.1,997016,997415,1,400,89.7027702705998,2.616498569144243,0.640716633337589,0.5021268988034976,-66.31432342529297,64,29,0.38,0.45921958620956926,0.5430266333660416,ok
JABAIK010000003.1,92190,92605,1,416,48.74591169654489,7.2352528153040465,0.2536558800329795,0.5692441299014619,-53.20867156982422,33,31,0.4014423076923077,0.4911014742821729,0.639482025687628,ok
KZ478068.1,8490,8872,1,383,77.06768352284523,3.6764379374846605,0.6451295414214959,0.5597176340923558,-49.58248519897461,38,30,0.42036553524804177,0.5078635446002363,0.6124720876733575,ok
CP045423.1,1772143,1772234,1,92,88.39460204335666,5.179988863741694,0.5432940455243568,0.32930865944798154,-38.950775146484375,13,8,0.7391304347826086,0.3122803247784326,0.35010649653706866,ok
JNVC02000004.1,158812,159250,1,439,50.34554888042851,5.429108299093376,0.36691282673587483,0.578176529861975,-60.65547180175781,27,41,0.3735763097949886,0.4887469860986352,0.6571508492819608,ok
RBRL01000099.1,1885,1819,1,67,48.64958104253099,10.054895401751306,0.2915561755299426,0.5672922929931915,-11.642831802368164,10,8,0.5074626865671642,0.4621184473228286,0.6704617312694368,ok
FOVO01000013.1,49814,49620,1,195,78.22754001816018,1.8176900381874241,0.7635134417242981,0.7017970040117237,-15.40345573425293,12,54,0.41025641025641024,0.6433607217203765,0.7511767130409297,ok
JAERJD010000008.1,130047,130490,1,444,47.274955898875874,10.553418633416902,0.23824976644619889,0.5383412539631793,-67.52913665771484,57,15,0.43243243243243246,0.44289501337701087,0.6241442307935322,ok
UFXZ01000001.1,2070735,2070303,1,433,78.23889729963173,3.470269953509242,0.64794229338927,0.5207543559031304,-72.43787384033203,25,86,0.4780600461893764,0.46897822712775794,0.5725033982994514,ok
WXWF01000034.1,453,20,1,434,49.14116338023687,8.253536094502714,0.23739259582297623,0.6008859612314291,-45.1072998046875,57,25,0.35944700460829493,0.52437729380432,0.6738231213524447,ok
RZTZ01000002.1,749336,749675,1,340,49.6088100370458,7.172328910456478,0.3726481183583708,0.6221615889084096,-40.65963363647461,28,28,0.3382352941176471,0.5124477155525453,0.7240635692244424,ok
SJST01000003.1,228163,228066,1,98,76.83067975207754,3.1191257208761023,0.6466231453426499,0.5502959808831254,-19.493865966796875,13,7,0.5918367346938775,0.49477065210033006,0.6032527071357909,ok
FO203527.1,1880137,1879703,1,435,41.50161109454229,8.660632627514945,0.21094527073075287,0.589201997267202,-58.65019989013672,36,34,0.4206896551724138,0.5040037283024901,0.6375486632945152,ok
SJOI01000001.1,400101,400569,1,469,46.26557073926541,7.010975018413851,0.19360115818661938,0.5223965298409058,-86.08891296386719,50,19,0.4605543710021322,0.4584191141454791,0.573980827404,ok
JQCN01000050.1,2834,3214,1,381,46.63425652177936,15.1530156412944,0.19063272298364003,0.5902767713660543,-56.061038970947266,52,28,0.3884514435695538,0.500058000899861,0.6712284175089349,ok
FYAH01000002.1,745263,744817,1,447,48.382152630544915,7.914313522115823,0.2829453492905574,0.5761974727691201,-46.608726501464844,57,26,0.35570469798657717,0.4833300767281327,0.660968224804194,ok
BA000022.2,460734,460688,1,47,45.036399061981996,3.9328936504653402,0.33365657753752254,0.7781720315589986,-3.110872268676758,9,11,0.3617021276595745,0.7085491636201857,0.8324928008680547,ok
FZOT01000004.1,166380,166763,1,384,68.27096751595695,7.510055921942742,0.6020250011153985,0.4605319265961823,-76.86945343017578,30,14,0.5,0.4191798451900082,0.5179781245448275,ok
MJIC01000016.1,395596,395176,1,421,60.478997420672705,5.431062560853906,0.5685867486486431,0.5534199304488953,-57.07658767700195,45,31,0.40617577197149646,0.4683038276013167,0.6438475559933162,ok
PUGF01000014.1,34405,33995,1,411,53.661177731620924,5.556480021878475,0.3040233689224704,0.6481339127335523,-49.88185119628906,28,76,0.38929440389294406,0.5827926648094679,0.710938478118579,ok
AYKS02000077.1,19743,20186,1,444,57.964321535841904,5.821727089717048,0.36096010961050107,0.5080059774115784,-71.86520385742188,35,44,0.42342342342342343,0.4456566272776271,0.5739836834306626,ok
MIES01000033.1,252345,252673,1,329,94.45563959833136,2.6181530038677687,0.6030160822851809,0.5157755666773222,-62.95326614379883,17,13,0.47720364741641336,0.4796711107136446,0.5501016539197381,ok
CP043404.1,592601,592978,1,378,45.49117802970281,10.348755697828404,0.20779424923578443,0.5375258356950724,-56.746543884277344,62,36,0.3862433862433862,0.44793617867124746,0.6081612484703911,ok
CP016761.1,3290855,3290432,1,424,50.80842409536262,2.9759814732443313,0.5134209188361525,0.644185454530403,-50.195003509521484,25,47,0.37735849056603776,0.5655250996323944,0.7083835365971162,ok
BJZV01000007.1,3229,3323,1,95,90.18018769329876,3.7833730229940943,0.5772672628535418,0.32410662677925367,-28.13946533203125,18,7,0.5157894736842106,0.295894273148801,0.35418073466485084,ok
CP007440.1,6527993,6528090,1,98,82.1150389772034,5.2145719770998715,0.5617794892908515,0.29492752127486405,-39.95233154296875,21,5,0.6632653061224489,0.27071562516585584,0.3243012383944289,ok
LDZF01000003.1,197648,197219,1,430,50.646713496712366,4.788391668003581,0.3275354484367819,0.6148145331679177,-49.34735107421875,39,30,0.42790697674418604,0.5419022206918943,0.6775944026525883,ok
QUQV01000002.1,65798,65399,1,400,41.36959610523922,4.012420678758516,0.3997946584246923,0.6662220728328941,-38.96672058105469,90,70,0.355,0.5808969670536891,0.727188617454689,ok
PGVB01000052.1,10814,10355,1,460,49.152801703502405,7.187372729554087,0.2229878603353701,0.6230135872896616,-53.73027801513672,17,41,0.40217391304347827,0.555728140865053,0.6840643205880854,ok
ABCK01000003.1,13674,13304,1,371,67.99677543815388,2.583891935686906,0.7905916816753468,0.6412725525186377,-39.73360061645508,17,45,0.3665768194070081,0.5585052718800965,0.7142247845509025,ok
JAGSPN010000011.1,119392,119019,1,374,60.12872154286441,3.2305349621055517,0.5112665911860933,0.5619245794082043,-54.222877502441406,18,56,0.4144385026737968,0.4926680694118674,0.6236046060483477,ok
JAQV02000013.1,67428,67758,1,331,67.71504506728381,4.9971988380817285,0.6510827208834933,0.5543447518721079,-43.60440444946289,17,29,0.3564954682779456,0.48770733383673376,0.6274422456792217,ok
LGCM01000065.1,117901,117529,1,373,85.51259891005424,0.8748717722895845,0.8402773132362837,0.5813052779134026,-75.00153350830078,21,42,0.5201072386058981,0.5438666572076508,0.6114715702911697,ok
AP021875.1,4682562,4682141,1,422,42.831248505362815,5.902071049388137,0.17544193062886593,0.5972423901539443,-81.32823944091797,32,115,0.46919431279620855,0.544562043119928,0.6357750104292278,ok
SJOI01000001.1,2317734,2317309,1,426,80.07790481615706,3.639344934203529,0.6276533831068173,0.5803987980332719,-70.87472534179688,21,30,0.42018779342723006,0.5346784375303296,0.6269671085030019,ok
FQXG01000001.1,777984,778286,1,303,83.49340086884114,3.4858312845852257,0.6168283688404743,0.47057587956599684,-76.04337310791016,19,13,0.5247524752475248,0.4294099381708037,0.5122573951594097,ok
KB944507.1,363314,363173,1,142,64.19522664524172,3.312091204704236,0.7992351780613454,0.5405209519385649,-19.847797393798828,30,18,0.4507042253521127,0.4421447916020986,0.6305665346259938,ok
LMEA01000011.1,953687,953590,1,98,48.780908138326026,4.211231086023266,0.15894304005376958,0.6207207859605292,-23.367307662963867,9,8,0.5918367346938775,0.5871873104362726,0.6485101835703909,ok
CP000698.1,5078005,5077546,1,460,59.90480413827222,5.51632904126888,0.36152584933391496,0.5819299720445453,-74.53479766845703,53,19,0.5021739130434782,0.5260229098430922,0.641068170873827,ok
FOUI01000007.1,80008,79601,1,408,67.1494873088688,6.44124591704415,0.6388702630178485,0.4787282733445162,-79.00813293457031,39,27,0.5,0.4221558516795146,0.5491108054178492,ok
AYYO01000017.1,37348,36999,1,350,55.532183725434486,4.463510670302007,0.2892723663812141,0.5682883144343802,-55.34761047363281,24,19,0.4542857142857143,0.5157350393118382,0.6164029618666658,ok
WXWF01000055.1,2233,1798,1,436,71.67469283399461,3.337857860444585,0.6467376804087372,0.58895395910666,-55.33378982543945,42,45,0.37844036697247707,0.5250344528155647,0.6499349218141831,ok
WSSB01000013.1,86787,86380,1,408,55.07692121970778,5.193366041618883,0.2363064112302679,0.5057037986590902,-84.55746459960938,32,19,0.4950980392156863,0.459379606702409,0.550524896989461,ok
OAOP01000010.1,133038,132604,1,435,42.152554051157985,6.826972723625335,0.1897530090969699,0.6250456703446462,-51.741371154785156,37,93,0.3931034482758621,0.5607410741205384,0.668576242375551,ok
CM001398.1,1729854,1729478,1,377,48.290199510073606,6.4598039785253745,0.3101242774763886,0.6781146632020588,-34.21962356567383,25,32,0.3687002652519894,0.5873508971655912,0.7567892686711304,ok
JADFUA010000002.1,353117,352716,1,402,58.786929725800306,5.3213109548870445,0.29738787988633525,0.46697718249390835,-91.24701690673828,35,12,0.5199004975124378,0.4181672852454195,0.5174269891337666,ok
CP004387.1,4126799,4127198,1,400,86.51839650995498,3.3078738956944007,0.6122831290345541,0.5101592050583249,-75.23294067382812,39,20,0.5225,0.4712417284348176,0.5491763339551489,ok
DS022294.1,1056386,1055978,1,409,77.11934278264316,3.4325835722007905,0.656355314893817,0.5896313945465107,-65.80545043945312,34,72,0.4669926650366748,0.5351100024011548,0.6429401690724788,ok
JAUNQW010000015.1,11005,10624,1,382,64.78395178461967,1.2596890781438017,0.9080370512135005,0.6931786462830578,-35.99001693725586,21,71,0.32460732984293195,0.633325516708398,0.741593089013812,ok
AZSV01000003.1,100792,100725,1,68,73.86969085482576,5.785076958070575,0.5916460886476952,0.5654117477907042,-9.21750259399414,7,14,0.4852941176470588,0.5287644825624875,0.6106691978945359,ok
CP051180.1,1163343,1162970,1,374,74.93222157169451,7.674349020775652,0.5470913761243669,0.5332004055622752,-63.100677490234375,37,61,0.45454545454545453,0.5140566108015284,0.5601016895895288,ok
VTXE01000004.1,82399,81968,1,432,46.451911924708256,6.120449838632626,0.23388598003417227,0.5881309741448727,-56.25570297241211,59,35,0.4097222222222222,0.5186137455929387,0.6449978749908496,ok
LAQT01000036.1,7243,6820,1,424,48.869724400277036,7.478808101936693,0.1673230616691908,0.517615615448041,-87.83210754394531,46,14,0.49528301886792453,0.4652569251648384,0.564639972562188,ok
CP013187.1,1411314,1410891,1,424,74.57500690701296,4.041832587736744,0.6476880209264186,0.5545705089574083,-55.87348556518555,35,44,0.3561320754716981,0.499310596765919,0.6122187316461493,ok
CP012157.1,1110921,1110602,1,320,48.38257176939338,7.544851112052811,0.23062029975373977,0.5438774681251758,-57.376686096191406,43,27,0.471875,0.4701543455744613,0.6104820480547818,ok
PIYS01000006.1,78890,78777,1,114,90.69847192457505,2.5683540882053664,0.2269273447372243,0.4547595011043329,-43.04514694213867,11,12,0.6403508771929824,0.439941880235494,0.46858145192103734,ok
SMCR01000004.1,7914,8364,1,451,64.74729323050863,6.960382058992285,0.6606126665514072,0.5369510656082813,-58.788475036621094,53,33,0.4079822616407982,0.4717214476654543,0.6203680100319616,ok
CYGX02000059.1,66680,67018,1,339,51.831020939723615,4.152460663340187,0.2742835287263514,0.4630577142165111,-78.63445281982422,40,15,0.5309734513274337,0.40964833427902014,0.5093494281216739,ok
KI517367.1,772013,771903,1,111,94.99999994804216,3.0453881301396684,0.3815058000051915,0.5187143333208178,-30.359575271606445,15,9,0.5675675675675675,0.4983333595984118,0.5389044472706112,ok
VTOW01000003.1,37788,37453,1,336,59.44998827639772,5.344572265838187,0.22633594699647264,0.4889553263644526,-70.82313537597656,51,33,0.4880952380952381,0.45308854453081987,0.5263946284881063,ok
JTFC01000031.1,7703,7378,1,326,67.99501299442116,1.387247460082499,0.8725271848350193,0.6669998319488085,-39.12214660644531,15,62,0.3558282208588957,0.606084674661916,0.7163397305706791,ok
MSZX01000007.1,102081,101678,1,404,83.40299839517391,3.8743703390438653,0.6002455003376744,0.5320717444769792,-59.74104690551758,50,34,0.400990099009901,0.49495138451634263,0.5711520895139188,ok
PGUZ01000013.1,31129,31499,1,371,53.92453183511865,5.92448722449116,0.31769496803006875,0.5119560655142588,-65.5265121459961,24,20,0.40970350404312667,0.44294549356417706,0.5801347869937674,ok
VKAD01000001.1,42271,42693,1,423,51.061877381671735,6.197203086057145,0.2607465069963564,0.5538699654900091,-59.02916717529297,43,30,0.39243498817966904,0.4873744594242063,0.6159578923617635,ok
CBXF010000013.1,50711,50470,1,242,62.092200273221025,4.53261009716373,0.6331116997244839,0.6302883381304415,-21.071754455566406,33,19,0.40082644628099173,0.5423861479555037,0.7186719843967297,ok
WJYB01000001.1,369988,370435,1,448,64.17812166850396,8.203284772354245,0.6415125793842162,0.49655995086861143,-80.4032211303711,54,18,0.4263392857142857,0.43881324641313957,0.5762967639210888,ok
AFPO01000013.1,58839,59267,1,429,60.98002403968244,1.635694028132963,0.9225045453165822,0.5721211693959439,-68.8780288696289,25,49,0.4358974358974359,0.4946961624460405,0.6348468741437766,ok
AP010872.1,579466,579094,1,373,49.10846596835802,4.642561961090671,0.40984499874891656,0.6521725267149016,-42.40336990356445,13,44,0.3297587131367292,0.559497975064479,0.7303017634641551,ok
AGIF02000001.1,2381658,2382051,1,394,83.43664402129315,1.3795404612807816,0.725708727322334,0.5192018777383836,-83.25770568847656,21,23,0.467005076142132,0.4737094722683036,0.5567711312119217,ok
AZFX01000072.1,32981,32606,1,376,45.361003501415276,5.767424509412552,0.2805331418188363,0.6292956803228036,-38.27769088745117,19,41,0.3829787234042553,0.5479771247878829,0.6929171289145887,ok
QFXC01000011.1,29485,29043,1,443,67.2965280877285,5.880543465310626,0.6540566123304684,0.5474677475400773,-67.86479187011719,34,23,0.3860045146726862,0.485390493711093,0.6218336995273468,ok
RKRF01000009.1,2057,1713,1,345,68.93838568792903,2.680153498499804,0.7743297836830547,0.5935155566900732,-39.85884475708008,25,37,0.37681159420289856,0.5131302100246901,0.6653208348842019,ok
JMSP01000346.1,3115,2676,1,440,74.25545121861899,3.18538884180801,0.6923774318847467,0.5748617177046248,-67.4460220336914,48,18,0.4022727272727273,0.5108690789942576,0.6356758972344988,ok
QQAK01000012.1,205889,206258,1,370,74.49168195974073,3.935358439160363,0.6518989753600694,0.49282538464513365,-74.67567443847656,35,37,0.40540540540540543,0.43687109064649376,0.5502675164945118,ok
JACCKB010000046.1,15552,16002,1,451,51.3382909636405,9.642167670339036,0.34434479507944016,0.5258288339080752,-65.68312072753906,50,15,0.38137472283813745,0.4251630331482333,0.6384582423334899,ok
QWVT01000025.1,8473,8024,1,450,41.27814350644164,19.999999999999382,0.0497711301763345,0.608066931034867,-61.1153564453125,17,46,0.39555555555555555,0.5767826115658019,0.6164345517746432,ok
BOSE01000012.1,125511,125923,1,413,50.79279617151251,5.715836679955028,0.27087331557669664,0.5768449077535207,-53.290592193603516,21,19,0.387409200968523,0.5098988241522872,0.6373166737693619,ok
MK524177.1,43911,44310,1,400,60.35255406788216,4.129171098824288,0.47033253236628114,0.604001367025833,-41.33656311035156,27,18,0.3825,0.5346097840619097,0.6700537530154904,ok
WITC01000045.1,55310,55406,1,97,82.18047166828504,5.476647347400645,0.5559470413598322,0.4269989743808378,-29.53533172607422,12,13,0.5670103092783505,0.40488094849310063,0.45438317562811775,ok
NRDP01000011.1,22554,22125,1,430,94.99999999367994,2.9379891438004977,0.2674139197087905,0.43846639717222163,-120.95005798339844,70,16,0.5744186046511628,0.42339905332849276,0.45371782723373166,ok
AYKS02000100.1,61453,61235,1,219,74.61793668101333,3.054042952743661,0.40897072890198705,0.5251328115952125,-44.001094818115234,33,25,0.4657534246575342,0.4877100766433094,0.5603041218017686,ok
NPDD01000131.1,12485,12794,1,310,67.85017188866873,3.361093991285881,0.7477343172437392,0.561922038830709,-39.0448112487793,40,17,0.34516129032258064,0.47878696156858536,0.6405909793563073,ok
AE015451.2,1549110,1549227,1,118,94.99969745288043,3.466856418754524,0.2759042591909646,0.4541067689467764,-41.291099548339844,11,14,0.6186440677966102,0.4410406343847477,0.4676457100475203,ok
PGVB01000002.1,156288,156680,1,393,52.45158249533585,4.684011530704908,0.3790510796270338,0.5999450192594297,-55.958229064941406,36,45,0.38676844783715014,0.5214740420110819,0.66987964078633,ok
AP022853.1,1657426,1657067,1,360,68.18319936669675,4.310046975363542,0.45573991193499996,0.5475055898820907,-62.14105987548828,28,29,0.45,0.4988495578595373,0.5975527222791991,ok
KQ130488.1,61997,62417,1,421,70.4005138660316,3.5149484178184864,0.5451530397483616,0.6344552237408718,-49.582035064697266,18,45,0.332541567695962,0.5785908096451008,0.6882040398346649,ok
JANFAV010000002.1,5516,5617,1,102,73.11022439957524,4.894829458276968,0.6246706900864827,0.4034294427615421,-31.829191207885742,17,12,0.5882352941176471,0.3548434097968571,0.4584249114536898,ok
KI391971.1,445251,445613,1,363,62.75852566565566,6.025464965083186,0.37564605112422356,0.5892159284251094,-57.66520690917969,27,26,0.3856749311294766,0.5420442343406483,0.6439947009641248,ok
CP007029.1,269091,268706,1,386,86.15149200355019,4.010410238728614,0.5830202064707151,0.514519636417581,-92.76437377929688,28,15,0.5751295336787565,0.48370810193218283,0.5479098096242858,ok
AP012551.1,1189904,1190328,1,425,45.53550183952842,4.8608671381388815,0.26979283919805325,0.6108218816373142,-51.04500198364258,33,42,0.42823529411764705,0.5431639274152816,0.6638493726484902,ok
LN907827.1,1010905,1011355,1,451,87.7791531542134,3.6161051955251615,0.5926018472711827,0.5365989035352124,-82.34354400634766,29,38,0.43458980044345896,0.5032854402540343,0.5712411676632455,ok
LT896716.1,3885024,3885406,1,383,63.89271232514024,5.852391212263537,0.36663229669554415,0.4976262661582204,-74.46044921875,48,41,0.5274151436031331,0.45453219940766243,0.5478715971332939,ok
SMCR01000003.1,26429,26872,1,444,67.56964222254842,6.143617773508075,0.6418739182940552,0.5406154152389738,-74.40216064453125,30,32,0.44819819819819817,0.48337538273127867,0.610779304569703,ok
QRAP01000001.1,758539,758126,1,414,90.07896130992148,2.4325922821654387,0.6508012333811548,0.6047413714776037,-67.35053253173828,22,46,0.46859903381642515,0.5610069465440065,0.6449104142287857,ok
LT629780.1,58192,58080,1,113,92.4763854848387,0.9786308514785798,0.30679733913858626,0.3929880117662002,-48.62704086303711,13,8,0.7168141592920354,0.37839798785220663,0.40482601156756776,ok
PGVB01000025.1,24086,23655,1,432,74.16410052325499,2.1256357696847075,0.7649604051372554,0.5976732024990591,-42.7056770324707,46,67,0.3888888888888889,0.5314552597754961,0.6546205137789475,ok
LKKK01000001.1,1014156,1014040,1,117,94.9999999983471,3.0102565386761855,0.4215343087368442,0.5314916068320539,-30.173439025878906,11,15,0.5470085470085471,0.5087502335768446,0.553886306560563,ok
AP008955.1,903194,902733,1,462,58.00483781320521,6.529321431606327,0.33299175298896067,0.6030429058962439,-51.03155517578125,40,45,0.3787878787878788,0.546001306143995,0.6669973485146854,ok
FOXE01000012.1,85127,84751,1,377,56.42208460482825,4.086055192108575,0.32770139127026987,0.5485680843660101,-67.281494140625,21,26,0.46684350132625996,0.4934098395758498,0.5991661485760771,ok
JXIQ01000065.1,19636,20094,1,459,46.5058792817976,7.767453080166397,0.17294452611073147,0.5539925944762284,-64.78839111328125,45,68,0.40522875816993464,0.4930771763091432,0.6036606930097824,ok
ML064686.1,3056,2622,1,435,48.42726383846697,4.110027230994722,0.3634276739759931,0.5962518071051534,-56.430057525634766,25,66,0.35172413793103446,0.5206097830246619,0.6583684336292993,ok
AZDA01000046.1,92517,92091,1,427,44.4930769655771,10.976958734983794,0.24448507336369057,0.6225853754472467,-43.8952751159668,55,31,0.39344262295081966,0.5104868201981868,0.7051927670371265,ok
NKXM01000471.1,249,335,1,87,59.405065328326735,6.085971760047972,0.5245359656606331,0.5822201519157303,-11.946695327758789,16,10,0.40229885057471265,0.49989031439847714,0.673883260357787,ok
JAOUCS010000131.1,1567,1194,1,374,85.58945199901804,2.0061894110722007,0.7060980621089251,0.5485861716342817,-68.95755004882812,19,41,0.4679144385026738,0.49760614655424745,0.5930956020129271,ok
SMCR01000008.1,136387,136301,1,87,77.71281830995866,3.3060773692791727,0.6603589166810787,0.651464085994043,-9.550674438476562,7,16,0.47126436781609193,0.5964556080692132,0.7052162215555409,ok
JACHHU010000013.1,23789,24180,1,392,54.949209420567755,5.19047736260687,0.36741025853346987,0.6051191187558161,-52.20201873779297,18,43,0.35459183673469385,0.5327377668656167,0.6751290204071477,ok
QQXK01000011.1,88949,88550,1,400,94.99999999999964,3.6811408187726355,0.3690535088349799,0.3883244470182498,-132.35365295410156,35,13,0.625,0.3722372397111279,0.4055184954261056,ok
UHJG01000001.1,765915,765484,1,432,74.14739299519476,3.2450258679567483,0.6897747445304026,0.5827901214196131,-63.568519592285156,25,31,0.41203703703703703,0.5193269557328865,0.6437330153716242,ok
LXTQ01000011.1,520149,520550,1,402,81.3601705092029,3.5381232918359906,0.6258252266822444,0.5197198846695114,-76.3492431640625,53,18,0.4552238805970149,0.4750386382297623,0.5650690539709537,ok
JWYV01000005.1,102921,103362,1,442,54.60227960456084,7.390050227267419,0.36479486474819456,0.5220537688365193,-73.07998657226562,69,19,0.4117647058823529,0.441922510805315,0.6093359354700854,ok
JWYV01000012.1,13520,13945,1,426,53.49452690212464,5.364689891172247,0.30668188863367973,0.5213549567982022,-70.9832534790039,31,12,0.4624413145539906,0.45603495951219836,0.5837299742800292,ok
QFWX01000005.1,282518,282085,1,434,77.25586415830765,4.330212726866932,0.6159564912541906,0.5060488958380919,-69.00314331054688,54,66,0.45852534562211983,0.46177629684402727,0.5542021499760362,ok
AYYX01000033.1,10222,9812,1,411,45.670646393500604,5.297387683444735,0.3548592957112764,0.6679272685737812,-43.6840934753418,34,65,0.36253041362530414,0.5724615017837958,0.7432230616456584,ok
CP011797.1,631136,630695,1,442,42.82158872210668,14.79421437931864,0.12791181316419437,0.55879903555644,-66.84273529052734,42,26,0.4072398190045249,0.48821677902983174,0.6011345669474114,ok
AP018439.1,1998453,1997966,1,488,60.59041219648002,3.6551094800287314,0.4102459379700499,0.5650601786087792,-74.79508209228516,21,33,0.4077868852459016,0.5071915353371763,0.6182451652851935,ok
CP051180.1,1162928,1162611,1,318,60.7675010821773,5.172378043523457,0.36775910823001584,0.48539103817964885,-63.33318328857422,52,22,0.46855345911949686,0.4310643725894111,0.5422461965985736,ok
LR134493.1,2908010,2908200,1,191,75.35682450210675,3.5914858913736434,0.6622980360455257,0.619859936113231,-23.314571380615234,18,28,0.47643979057591623,0.5620421149765378,0.6774301648344628,ok
JXYA01000056.1,23631,23265,1,367,74.32310630942406,3.6390996992502376,0.6679573877094223,0.5539868084209506,-53.09195327758789,30,45,0.40054495912806537,0.49422445466528286,0.6137804978741743,ok
FNIT01000004.1,50777,50686,1,92,81.486067883265,4.514987085983353,0.5850436731536073,0.48529322162625754,-30.59899139404297,12,10,0.6847826086956522,0.4526991032963985,0.5219259796173448,ok
CP000133.1,1298546,1298647,1,102,91.32402792632678,2.575819303278478,0.6364114907380202,0.4518112640692371,-28.914188385009766,16,9,0.5392156862745098,0.4104026035411957,0.4907570975127092,ok
FR879629.1,32381,31906,1,476,47.051270677958016,8.28162583103134,0.16976115397957137,0.5610400925613344,-66.8871841430664,72,28,0.4222689075630252,0.5003989332850453,0.6136290242975235,ok
GG753567.1,1111770,1111333,1,438,57.47922943506433,5.439746609026162,0.5185745299699882,0.6176898378013498,-49.939170837402344,37,26,0.4223744292237443,0.5260876035883213,0.7108318803775537,ok
PIPM01000001.1,471201,470799,1,403,50.4443594209167,6.160331982367955,0.23366382309477418,0.6200007035415683,-58.81492233276367,31,41,0.4218362282878412,0.5589261689155517,0.6758375479535415,ok
VLJN01000023.1,89837,89448,1,390,94.99999999602316,2.5508635149171712,0.4923468371400109,0.4816909746095653,-98.3508529663086,22,24,0.558974358974359,0.4519619282419475,0.509436422127869,ok
CP049332.1,785263,784840,1,424,56.51637871582695,5.045061306202663,0.3326473526819753,0.5681209236869235,-55.328983306884766,29,28,0.41037735849056606,0.5076013655495893,0.6273639144895672,ok
JAAXYH010000002.1,464601,465044,1,444,67.03142491193147,5.81177574742675,0.6586186918906151,0.5116973953433044,-72.19036865234375,70,21,0.3963963963963964,0.4475448371473385,0.5871032967997174,ok
SMGD01000012.1,295228,295647,1,420,47.490811274871334,10.522432992120981,0.23301953874393966,0.6494370989639542,-44.445125579833984,39,49,0.35,0.556995214383687,0.7334185799069138,ok
AYZJ01000050.1,45426,45836,1,411,73.61728624190428,6.565906941275303,0.5747635830502279,0.47573253272619204,-75.1481704711914,42,22,0.45255474452554745,0.4442468577667721,0.5153867611978461,ok
WUBS01000012.1,28459,28546,1,88,56.31830612922862,2.9541912746834353,0.39679368542364896,0.5826064536070544,-15.399394989013672,12,8,0.42045454545454547,0.5273104515166013,0.6298376932104631,ok
JAJNNZ010000005.1,96288,96729,1,442,59.97051739070084,2.1246999814080563,0.6489509812784247,0.5679318782662012,-65.18629455566406,41,13,0.39592760180995473,0.5004887647647713,0.624128898156149,ok
JAMOIM010000005.1,172611,172518,1,94,61.50449345908465,2.0088385760207146,0.5421801986714133,0.5686587749549966,-16.82410430908203,20,19,0.574468085106383,0.5155584826150456,0.6128757828309677,ok
CP012365.1,1827412,1826998,1,415,73.03606866291807,4.9048080666090925,0.6249651400665215,0.530515632130364,-78.08650207519531,21,16,0.42168674698795183,0.4817246567873564,0.5857148654531499,ok
JADEYS010000004.1,98465,98064,1,402,61.38246091675312,5.5478658091753665,0.38451231421676146,0.4970822430141044,-68.0518798828125,35,16,0.4527363184079602,0.4428346402900197,0.5564097827368866,ok
VWXL01000053.1,141738,141348,1,391,86.17280039484031,3.1754460640775672,0.6205233286236291,0.5599574327491342,-66.91142272949219,26,37,0.4117647058823529,0.5190822925007145,0.6002747334015477,ok
JAKRRX010000171.1,1296,856,1,441,44.75359893465754,6.027638295896596,0.30969860729584886,0.5791679907232301,-58.27487564086914,79,19,0.40589569160997735,0.48506838023433757,0.6496995965731843,ok
CH724127.1,533282,533645,1,364,81.79627137808284,3.510494892928753,0.6249066786913882,0.46111733522355786,-76.78076171875,40,18,0.4423076923076923,0.4168268770683843,0.5059709447982771,ok
BJYU01000449.1,1144,1052,1,93,80.02438831454471,4.352444941837558,0.5329569905422207,0.5167434651778106,-26.254405975341797,10,8,0.6021505376344086,0.48377140717032485,0.5529847183970337,ok
PJNH01000003.1,51803,51478,1,326,79.65030603242799,4.574871846481134,0.5927013832100646,0.608542266238185,-47.796756744384766,20,48,0.39263803680981596,0.5727282862789363,0.6488439628059105,ok
CAJPFU010000622.1,1830,1471,1,360,34.721535463007385,1.0161418472910735,0.9685939882916398,0.4860724722671843,-83.6424331665039,34,13,0.4888888888888889,0.43220000942266423,0.5281946671852209,ok
LAZH01000016.1,32655,33065,1,411,58.88467492772644,5.257848752844352,0.3272924415391475,0.5233952493363979,-68.026123046875,24,29,0.3795620437956204,0.4697784354321182,0.5779610050282415,ok
FXTU01000001.1,73624,73216,1,409,54.83263404835217,3.70802580036252,0.4048886621961631,0.5512379370821724,-60.99275588989258,21,31,0.43276283618581907,0.4835327089565134,0.6107042089319216,ok
BAXA01000011.1,124496,124875,1,380,76.968425779621,3.4557436295553834,0.6571764130032904,0.5396456516748396,-63.178260803222656,24,45,0.4131578947368421,0.48489870501312105,0.5939910807032338,ok
MIHC01000039.1,52902,53287,1,386,89.58316963455673,1.4407434409334756,0.7485358377019522,0.4854543341388699,-94.3408203125,18,11,0.5492227979274611,0.4396090090984488,0.5243948246589775,ok
JAFNJE010000012.1,95150,95576,1,427,47.06917449075128,11.070789036150124,0.20851763382774807,0.5708137401812841,-57.11493682861328,55,45,0.40046838407494145,0.4839775476268216,0.6470628114995296,ok
SZZW01000001.1,222995,222858,1,138,58.842090707606715,2.5678929820209713,0.57282856517494,0.7678750733503018,-6.949274063110352,13,42,0.3333333333333333,0.6984451345592804,0.8266187620348142,ok
JAAGSC010000040.1,317023,317416,1,394,32.1952799832986,1.0337187447854181,0.933971457320795,0.49821098828424404,-82.16595458984375,30,31,0.5380710659898477,0.44536341801615764,0.5392768804370683,ok
CP024123.1,3131138,3130740,1,399,61.75404669501345,4.11660559600251,0.542050304947546,0.5735787086106672,-47.146324157714844,54,49,0.3508771929824561,0.49780533124213466,0.6466580337125409,ok
AP018933.1,164178,163750,1,429,68.21947559514196,3.8634198677276874,0.3973294678927097,0.4793176824340915,-94.89209747314453,26,25,0.4801864801864802,0.4359376838200604,0.5222090764783118,ok
BNAP01000004.1,39177,39278,1,102,80.64350251718868,3.833031610627087,0.6155144375820072,0.34470620974246335,-32.600242614746094,15,6,0.5882352941176471,0.302762549552488,0.3887201531897217,ok
CP024478.1,4249304,4249177,1,128,89.15789680331686,3.9747832958231775,0.5222045698564692,0.46120534244949535,-36.26359558105469,19,9,0.578125,0.4365369555471648,0.48793798304955366,ok
JADBEL010000001.1,51124,51577,1,454,71.26873691436434,2.4238741202943315,0.7677831808280158,0.5712373619070995,-64.00628662109375,39,41,0.3920704845814978,0.49740475136531925,0.6359083654749668,ok
FUYB01000001.1,110873,111332,1,460,74.51669707018212,4.737196785876606,0.6190638938273713,0.49801887621185176,-68.50421142578125,65,27,0.38913043478260867,0.45176257410955334,0.5497378604514734,ok
SLWF01000014.1,14379,14807,1,429,50.88700938674965,7.0561735759103525,0.29058818056675106,0.5335255657959804,-68.5613784790039,35,28,0.38927738927738925,0.45404997813220155,0.6102970696427923,ok
QGGU01000010.1,78606,78977,1,372,47.83489253160388,8.409236416248044,0.2127410268694545,0.530334562653977,-60.79917907714844,36,13,0.3817204301075269,0.4564017740684937,0.5972542906999907,ok
KB946294.1,603501,603067,1,435,59.733477124847234,4.3704227454868505,0.4461011161069921,0.565644703204128,-57.09858322143555,28,21,0.39770114942528734,0.4973757147909247,0.631555421503003,ok
PYFP01000001.1,1710774,1710270,1,505,53.549564089372915,5.848253267905032,0.3467996601260077,0.5952043830141535,-61.43360137939453,45,21,0.42574257425742573,0.5187366247634013,0.6697993368304563,ok
ADAQ01000008.1,236786,236326,1,461,48.17816609667533,7.551936848050534,0.24216286998380682,0.5981492907695497,-53.61372375488281,50,37,0.40563991323210413,0.5196439304528573,0.6672379020917321,ok
AJYK02000032.1,19960,20433,1,474,46.49504164961578,5.806663798807023,0.3015461222086416,0.5891030998872417,-63.86141586303711,49,29,0.37341772151898733,0.503167671534906,0.6590222423855026,ok
JH414908.1,4162,3735,1,428,79.20692906576535,3.874608879845083,0.6220019575886793,0.5576055200856084,-66.12425994873047,29,41,0.4182242990654206,0.5127279871321297,0.6042244683465136,ok
FOGV01000004.1,136552,136933,1,382,50.109830890575466,6.050610817886494,0.2714360316915833,0.5366518612223748,-63.729827880859375,42,23,0.42408376963350786,0.46574781337078597,0.6014928841630781,ok
CP064795.1,3190218,3189778,1,441,57.21604056773751,3.6654139985973573,0.3310397914651463,0.6020365414884904,-63.86692810058594,41,44,0.3854875283446712,0.5504944740088891,0.6484603184421581,ok
AP009333.1,91828,91480,1,349,77.95375192146844,2.478690684448953,0.712102741065928,0.5607711966354231,-48.78168869018555,29,29,0.3524355300859599,0.5002200029180776,0.6157969561147844,ok
FNNE01000002.1,73428,72990,1,439,52.553735650164796,4.580746751228795,0.20422039542206627,0.5440588628544951,-76.32750701904297,60,15,0.47380410022779046,0.5024920677169034,0.5810475229901755,ok
CP050253.1,1754820,1754970,1,151,72.93179748605777,2.5119019292956284,0.5615106566674221,0.6255871049353166,-17.47629737854004,12,22,0.37748344370860926,0.5732588010664977,0.6720317034835026,ok
JXXZ01000006.1,113423,112988,1,436,50.62936205581205,6.28921805025815,0.19051777612603926,0.5647291972617635,-63.99212646484375,31,24,0.43577981651376146,0.5147676846861751,0.6109620119809371,ok
RXNR01000086.1,7844,8248,1,405,72.27465781087754,2.5041397660365643,0.6718255367468824,0.5344358752398067,-65.23307800292969,31,39,0.3506172839506173,0.47118673152634094,0.5907876649904754,ok
MVAD01000001.1,1621977,1621563,1,415,79.26940670489653,3.647409657702196,0.6323460043192379,0.520931709343488,-85.72454071044922,35,51,0.5228915662650603,0.4734750875064966,0.5692699178751375,ok
CP006911.1,1446481,1446816,1,336,72.32168783957856,1.9051396259442503,0.7972317456929022,0.6018330817732668,-48.921974182128906,22,23,0.375,0.5349361964956958,0.658453488249108,ok
LXEN01000152.1,7361,7799,1,439,63.11047761209189,6.243935086281922,0.7110628511714441,0.5860493105976574,-49.138099670410156,36,30,0.34851936218678814,0.5002764469162628,0.6874087493941254,ok
LR890047.1,789161,788743,1,419,75.93540272411583,2.7642965050913277,0.7060516440767708,0.5837637685708309,-58.28701400756836,36,44,0.36754176610978523,0.5207807281439564,0.6420725046721534,ok
KI517367.1,510939,510873,1,67,45.73302519640871,7.536099597783217,0.1726661385990894,0.5247022964651687,-20.995269775390625,10,10,0.5373134328358209,0.4639284110914878,0.5731756640560232,ok
AWTT01000047.1,11899,11497,1,403,56.33518032910336,7.388109589693383,0.42190242124673616,0.5739576118662691,-48.830081939697266,34,52,0.3771712158808933,0.49320052876056836,0.6673232587431056,ok
AP017372.2,89016,89469,1,454,68.42374606138056,4.797778700507396,0.4150440003557668,0.449430301154901,-118.10424041748047,33,18,0.5,0.4077488368382769,0.4948837633164855,ok
CP000115.1,3174760,3174853,1,94,78.51942478476228,3.535039701706136,0.6445676133941576,0.4329746059307802,-24.348386764526367,17,5,0.5106382978723404,0.38104336121186105,0.48526759367468747,ok
FOMJ01000004.1,206901,207284,1,384,88.31029934701793,3.52253433420324,0.5947358823159712,0.4585776615243741,-112.21244812011719,27,40,0.6171875,0.4247557912195269,0.49336357000665537,ok
JOJP01000001.1,3534477,3534040,1,438,65.84125580735528,4.40557249800225,0.33228815972817866,0.5633302087300386,-72.02987670898438,43,41,0.4292237442922374,0.5241802092332093,0.603365060001182,ok
CP001614.2,4187691,4187263,1,429,55.369765862186945,5.963522820598457,0.30140539689460044,0.5553960779169108,-73.33370208740234,33,46,0.43356643356643354,0.49487650292128477,0.6176392526742064,ok
CH724127.1,530596,531032,1,437,46.17950746233869,7.530814653873432,0.1793451070959275,0.5342655797486254,-73.78817749023438,57,22,0.41189931350114417,0.47204430302673017,0.5852890203321569,ok
CP045202.1,3111200,3110777,1,424,89.43071055207629,4.213224864338621,0.5652604141709269,0.4554709903119763,-102.64898681640625,38,17,0.5188679245283019,0.4308584478681982,0.48311485653572234,ok
CP003244.1,1113766,1114206,1,441,70.65712247728874,5.387173388196953,0.6337596432983651,0.5708036075168063,-56.284812927246094,41,44,0.40589569160997735,0.5177099886255648,0.6343656649490705,ok
SIRE01000003.1,423714,424081,1,368,49.26534373474553,7.737137102360241,0.224075439611767,0.6014962997498139,-51.49981689453125,18,38,0.42934782608695654,0.5316999161825883,0.6666138196909208,ok
BORC01000001.1,826260,825913,1,348,55.50549816706571,3.8231437063986635,0.31252864263991686,0.6693746676647958,-40.719932556152344,18,114,0.3649425287356322,0.6168013474096449,0.7151341504634912,ok
CP003154.1,1873689,1874098,1,410,80.36547613903069,3.8134976028928835,0.6181275503736112,0.4646809497085056,-100.2240982055664,25,33,0.5439024390243903,0.42154650124030163,0.5095271246802632,ok
MAXC01000033.1,4640,4737,1,98,69.83362141856075,7.724344862437907,0.5792760558457225,0.4133881602631753,-37.90670394897461,14,11,0.6530612244897959,0.38250725310232186,0.4579625140710794,ok
SMSJ01000037.1,37602,37692,1,91,81.73664183558074,5.161028735369734,0.565631113331875,0.3312674802552819,-32.336219787597656,12,9,0.6483516483516484,0.3054155479469764,0.3624188030218486,ok
QQWI01000002.1,338199,338587,1,389,50.629186509012555,6.832760268726915,0.321831978014809,0.589211467169047,-48.71038055419922,30,30,0.35218508997429304,0.5013240412154156,0.6727444618111104,ok
FRCF01000004.1,136956,137337,1,382,68.3182799183657,3.5744853792202296,0.7314542105275961,0.6060359425100639,-48.21413040161133,28,52,0.3612565445026178,0.5255259999033631,0.6839651310698253,ok
PIPO01000005.1,197781,197375,1,407,81.26379053059516,2.505003278883993,0.6883696330667368,0.5652285226239673,-70.6184310913086,34,35,0.43734643734643736,0.5104546964722387,0.6149329887583893,ok
UGHS01000004.1,287972,288110,1,139,73.10270186854137,4.0996055886586475,0.45405024467212995,0.5884571492052527,-19.08766746520996,25,15,0.38848920863309355,0.5484949381481147,0.630096358647836,ok
PZZP01000002.1,312605,312265,1,341,60.8737304717054,3.670901316627309,0.20353250131435802,0.5511820341038486,-69.32074737548828,27,30,0.4662756598240469,0.5226071639103675,0.5773146434353369,ok
QPGB01000002.1,518723,518324,1,400,87.44325433140489,1.68499870402949,0.7290751351418745,0.6006150406650219,-72.16365814208984,21,29,0.4575,0.5515538519340635,0.6422023581987408,ok
CP000510.1,2635337,2635783,1,447,45.52771657107158,4.382299388271481,0.3671358190351952,0.5851866159989861,-63.679710388183594,20,59,0.37583892617449666,0.501092966981551,0.6510717119056079,ok
CP001322.1,3194731,3195139,1,409,48.751292684670744,6.9185274943073205,0.20989564152156437,0.5295297290392715,-91.6737289428711,29,29,0.46943765281173594,0.46663987445623484,0.5858330513264735,ok
AE004969.1,1040064,1039950,1,115,83.29895599294125,4.702195594669456,0.5714540927397912,0.6902835266174282,-14.756654739379883,11,49,0.4782608695652174,0.6624772420807061,0.7221633679843387,ok
FMWL01000019.1,27250,26866,1,385,73.33285608138101,4.542154921985959,0.6371954732931914,0.5006215782317166,-41.50438690185547,71,19,0.4,0.4478941848423353,0.5587181981640575,ok
AE002098.2,1975310,1975382,1,73,62.64134771860268,1.4347314859066187,0.9150811551468954,0.8082857955527233,-2.298793315887451,8,25,0.3698630136986301,0.7404221477944767,0.863085649583337,ok
JTAK01000003.1,145326,145217,1,110,94.13533420506762,4.310649393405767,0.4881937062694925,0.4688939380832828,-41.44472122192383,10,13,0.6818181818181818,0.4523324628497713,0.4876123115385906,ok
QNQT01000001.1,888079,888428,1,350,42.84569733458793,14.163518548330334,0.07882099736471176,0.5330894167715142,-59.99067687988281,30,42,0.47714285714285715,0.4899728635688838,0.5559166754964794,ok
GG657906.1,177652,177217,1,436,49.67449410645522,6.286226936485123,0.2252098993615695,0.5510036846214815,-73.50399017333984,30,62,0.41284403669724773,0.48943103579832503,0.6059628657720125,ok
AP013068.1,5191178,5191066,1,113,68.11786444509174,8.07245586842019,0.5889929336378439,0.4066671096194006,-36.83787536621094,23,8,0.6548672566371682,0.3722606450384299,0.4573277074923957,ok
GL379591.1,106777,106915,1,139,58.40545879499396,2.9944905182259043,0.5540815962590211,0.6477095465185198,-12.52756118774414,22,19,0.381294964028777,0.5727939251121041,0.7123445686565618,ok
CP061368.1,3425718,3426108,1,391,46.804905693215424,9.5807021678953,0.11952215682923223,0.503306375865106,-90.46550750732422,29,34,0.5601023017902813,0.4559900242667985,0.5423033999754805,ok
LT699767.1,1263784,1263646,1,139,70.40379259517016,5.676277799056858,0.6235174579042954,0.5342069027569916,-20.039936065673828,24,17,0.4244604316546763,0.48481038018974837,0.5932955425840664,ok
CADIJQ010000001.1,1890634,1891037,1,404,85.82938028439149,5.640668586489015,0.5414618399733993,0.4964595200631286,-97.43417358398438,26,22,0.5297029702970297,0.4795149222384908,0.5174347102194539,ok
JACRSQ010000040.1,21959,22366,1,408,80.06428103429259,2.970890792982416,0.6651605354615644,0.47691559680792933,-85.24791717529297,60,39,0.4166666666666667,0.4233414783500056,0.5281662771795519,ok
JPKR02000004.1,870135,870277,1,143,57.864694047652755,5.872964036675575,0.27923216303177023,0.5326921532595531,-23.919811248779297,19,13,0.4405594405594406,0.48437007209713234,0.5845140445259667,ok
CP063356.1,2086797,2087169,1,373,72.82241538796065,3.2642424093874145,0.7004217632929959,0.554077883448172,-55.38723373413086,22,35,0.3485254691689008,0.48690040657675615,0.6183219056496101,ok
UGYO01000002.1,1331995,1331548,1,448,82.58847293748869,2.38843734290127,0.690169227026731,0.5522564612108737,-71.92669677734375,25,50,0.43080357142857145,0.49854349893389316,0.6007709008910551,ok
PDKU01000001.1,342581,342216,1,366,83.85111872112621,2.4792997213730352,0.6762420220870236,0.6068398045950226,-48.72919464111328,21,73,0.3633879781420765,0.5556166119867614,0.6535670737778951,ok
AZFT01000006.1,76107,76493,1,387,50.957958506123,8.602947462076491,0.27174744391910616,0.5172014590041675,-62.675445556640625,40,26,0.38242894056847543,0.4376096043760998,0.6002850109238385,ok
NPIA01000003.1,340482,340818,1,337,78.0420855786693,2.7713875576356464,0.6902061166522883,0.5837641074860994,-43.7857780456543,26,43,0.3649851632047478,0.5249830143121227,0.6381858482742574,ok
LZHQ01000005.1,26943,27092,1,150,77.10211467733167,5.341451124376414,0.5833463630524881,0.5631419296726393,-27.484153747558594,13,22,0.36666666666666664,0.5300424877465553,0.6029549423527377,ok
CP007726.1,1914211,1914620,1,410,45.6728789532177,7.015376207905584,0.263464206006219,0.5917975614877004,-62.24110412597656,46,17,0.4268292682926829,0.5034374449910554,0.6614862215545573,ok
JACEIQ010000003.1,50386,50003,1,384,32.18307089190816,0.727716717917394,0.9417635266982162,0.5971550864457954,-59.318946838378906,21,49,0.4375,0.5593352015685734,0.62655016440837,ok
AE004091.2,4917616,4917502,1,115,55.705815415887486,5.417701240418681,0.22887853361394422,0.42367153373462835,-38.0666389465332,16,5,0.6608695652173913,0.3795298993374728,0.4675258194991607,ok
AE014075.1,3052509,3052070,1,440,71.93920459937691,3.423210644103125,0.7035749096339241,0.633157162664299,-38.96924591064453,43,66,0.3659090909090909,0.5628168189716003,0.7025248990153775,ok
LT629787.1,3208244,3207810,1,435,47.22397055124392,5.80181467054299,0.2155492506273889,0.4947991160993197,-88.2339096069336,33,14,0.46206896551724136,0.43435854909130167,0.5447945409916812,ok
CP072133.1,999905,1000256,1,352,48.33377723305495,4.8858703436039725,0.3383569893575103,0.6380597306471435,-40.986572265625,21,61,0.36363636363636365,0.5570940806445027,0.7058689511082284,ok
CP025084.1,4755965,4756393,1,429,65.29549950275374,7.6908725056262615,0.6340014116396648,0.5270868699916637,-55.54795455932617,45,17,0.38461538461538464,0.47361531731870143,0.6007604919963941,ok
SWLG01000008.1,257206,257622,1,417,46.45637435003957,8.56920715869988,0.2505295151861262,0.6308946788939666,-48.204017639160156,53,33,0.37170263788968827,0.5372842733959505,0.7087774460741745,ok
LGAA01000018.1,32943,33424,1,482,52.70181911264032,7.54641093571885,0.36630779649768974,0.6164208719965341,-58.2017936706543,37,32,0.35269709543568467,0.5245471802830075,0.7131519682523897,ok
JNVC02000001.1,437096,437513,1,418,57.61421048053249,6.165121674501274,0.42454902766181274,0.540481797236354,-61.01442337036133,30,28,0.38516746411483255,0.46548185686074056,0.621226311829697,ok
FO203512.1,74384,74833,1,450,50.422088681247544,4.3804991260268356,0.28768370437474833,0.5735537253371891,-64.91425323486328,18,34,0.39111111111111113,0.5133042088910705,0.6254322828924831,ok
WKKI01000037.1,39596,40016,1,421,52.01982351658451,3.6439392895092846,0.3421042551655484,0.5577676394715699,-76.3910903930664,23,21,0.39667458432304037,0.4974071049446367,0.6091401085110775,ok
PJZK01000023.1,8375,8848,1,474,87.13921019131739,3.249326307838789,0.6124901798156976,0.4851319192930513,-84.92411041259766,19,22,0.4767932489451477,0.44631762403701936,0.5236446562177012,ok
NRDP01000025.1,225548,225983,1,436,69.8899089063286,5.205100134159247,0.34677749682785036,0.4290189792464932,-126.00637817382812,46,13,0.5389908256880734,0.3986694723509254,0.46388152159105583,ok
PIPQ01000004.1,76551,76127,1,425,60.5022942652964,3.5022715672806797,0.46475305818170715,0.5901058241970898,-61.099754333496094,18,39,0.38588235294117645,0.5254597305045353,0.648910705091736,ok
CP029550.1,5893240,5893335,1,96,83.45895832253717,4.941073373730362,0.45566062423951603,0.36111942252652063,-31.031396865844727,17,10,0.59375,0.34122305556735205,0.384675584566722,ok
LMGV01000006.1,56457,56872,1,416,94.99999997797347,2.9919920272526697,0.41596999148746716,0.396878512039347,-128.36929321289062,41,13,0.6057692307692307,0.3742401479514612,0.41917212249788294,ok
CP011412.1,3812787,3813174,1,388,69.15584756754104,4.559281091532755,0.47668709876749293,0.49141647707508646,-89.00465393066406,46,17,0.520618556701031,0.44400115115069916,0.5421071572655688,ok
PDDX01000001.1,3660979,3660523,1,457,60.94155473011469,4.324099171884072,0.5946548311564666,0.5580491809664705,-59.17936706542969,54,25,0.3916849015317287,0.4716604670791899,0.642428164669462,ok
FUWX01000005.1,18999,18683,1,317,80.39212125472285,2.7439310885938113,0.6765186187033246,0.6842912144216018,-31.842069625854492,20,98,0.3312302839116719,0.629977857981205,0.7346860126201502,ok
FOXU01000009.1,14594,14973,1,380,68.08997485383762,2.728959950507782,0.779386145467871,0.522828246423085,-62.41443634033203,26,47,0.3368421052631579,0.44059670162922837,0.5960847499631292,ok
CP009455.1,2321216,2321332,1,117,53.89715425912699,4.548096875652771,0.12839689030518459,0.509491060062442,-34.42927551269531,8,12,0.6666666666666666,0.48459884313325186,0.5320406181033921,ok
AZEC01000008.1,70276,70621,1,346,73.4055015439036,4.503954509315146,0.6367931961005191,0.43128351867750664,-65.48086547851562,48,29,0.4190751445086705,0.3789633122785864,0.48829770824008617,ok
CP043046.1,4444325,4443914,1,412,50.82314626618422,8.991232642067818,0.13243457654665108,0.441422495302148,-102.6194076538086,30,21,0.5655339805825242,0.40184362705372934,0.4834431147900801,ok
PIQH01000001.1,400061,399640,1,422,52.132435593306916,6.778123438619899,0.3218991643034256,0.5958301180385663,-54.85981369018555,50,23,0.4004739336492891,0.5148697116122518,0.6757057067259777,ok
CP021659.1,2077346,2077484,1,139,79.45882183908725,3.49055855187572,0.6386739815659457,0.5769428283246888,-15.981042861938477,30,28,0.4316546762589928,0.5283093522124541,0.6257033473406464,ok
JH109152.1,1753069,1753438,1,370,73.4880186554265,3.7117550222747973,0.6706675487179503,0.49017061422321345,-69.13468170166016,32,11,0.40540540540540543,0.4293574153376828,0.5512840159869133,ok
CP000507.1,3527485,3527111,1,375,67.94203538210849,6.565965112516825,0.6270715289707909,0.5242208729613451,-72.5408935546875,32,28,0.41333333333333333,0.4726427077614862,0.5902476227423741,ok
AEDD01000015.1,87396,87765,1,370,54.94313197536811,4.131105534443593,0.3114002394774784,0.5555849504484067,-67.47351837158203,31,31,0.4243243243243243,0.5001627828915775,0.6051390630066008,ok
CP000238.1,275889,275456,1,434,84.59052029036509,2.668966512810339,0.6589540163231884,0.6113163252870194,-62.78948211669922,19,61,0.3456221198156682,0.5626542145413914,0.656635621161032,ok
JARXWR010000057.1,563,172,1,392,62.977931396357285,3.906560175103716,0.6186021349974842,0.649180360268005,-41.88133239746094,16,37,0.34438775510204084,0.5671649577421415,0.7275421287177135,ok
CU234118.1,2898709,2898835,1,127,71.2125602284319,7.571719268270604,0.5712201220936507,0.3664487785177249,-38.35752487182617,26,8,0.6299212598425197,0.33858734611599234,0.40649519166516657,ok
LITU01000082.1,60692,61019,1,328,73.4785838258296,4.499030581547916,0.6366637631501919,0.565882454497604,-47.02189254760742,24,37,0.38109756097560976,0.5132483685261671,0.6229510335498655,ok
WEKT01000065.1,16349,15876,1,474,29.638929087021804,1.531595263917384,0.8561293308624548,0.5812511201963508,-67.44700622558594,50,28,0.4050632911392405,0.5142835626835771,0.6310246194699911,ok
MTHD01000001.1,756646,757095,1,450,70.79521422562576,3.5240761414725514,0.48037125693688715,0.5241869355903163,-84.83534240722656,31,30,0.4866666666666667,0.47559672964285016,0.5709753786557727,ok
PISE01000025.1,63343,62994,1,350,78.78610315575914,2.4191271670377175,0.7099658128583008,0.6474827089435508,-36.6768913269043,22,90,0.35714285714285715,0.5884917628185248,0.7003787747272978,ok
UWPJ01000026.1,98225,97869,1,357,67.75353688401452,3.60673701334656,0.28360288912184295,0.4494764564766786,-86.2391586303711,40,22,0.5574229691876751,0.4178626890976939,0.47999480294451036,ok
CP009533.1,908779,908889,1,111,43.882554295635614,3.538890051609859,0.06825105808144255,0.4790165312400662,-36.395992279052734,10,12,0.6396396396396397,0.46599724102959517,0.4888560153633957,ok
PSRR01000053.1,20641,20760,1,120,73.97274428056963,8.00878482610466,0.5470279633208146,0.3169460801692514,-44.16352081298828,20,5,0.6583333333333333,0.2988814217015161,0.34422784038927084,ok
PCDP01000054.1,26179,26088,1,92,52.938924726643286,9.25781950756488,0.254795649445223,0.4485822992371982,-23.53353500366211,15,6,0.5652173913043478,0.3842209835225804,0.5250387009411805,ok
VYXP01000001.1,324556,324923,1,368,24.849668154378953,2.080138286127146,0.718646003643279,0.4409659776281057,-94.382080078125,28,11,0.5217391304347826,0.3802071423478175,0.48467613629398704,ok
BNCK01000009.1,99479,99820,1,342,79.7167969804362,2.2108232419060605,0.7204687358914519,0.6255695121509404,-43.8262825012207,30,47,0.3567251461988304,0.5674927576426292,0.6766632111567982,ok
MASJ01000014.1,38300,37928,1,373,68.06273454214453,5.476755972225816,0.6561426913114184,0.5206390573234013,-55.91853332519531,28,47,0.3699731903485255,0.45831431071923145,0.592708458211634,ok
RCFQ01000008.1,23779,23399,1,381,47.01222650867546,8.826055009908876,0.23999537081832933,0.6086083081687766,-40.75341033935547,51,47,0.4330708661417323,0.5194009980886831,0.685274837277185,ok
CP013476.1,1678276,1678673,1,398,67.09938297140707,3.374759149266815,0.7621121363550699,0.5544348171246529,-56.7679557800293,32,26,0.3316582914572864,0.46555529376502097,0.6399691122597673,ok
AFHG01000045.1,14959,14657,1,303,43.59203656655177,5.864751895131881,0.12982407208996716,0.5011805891839304,-69.03569030761719,65,57,0.5346534653465347,0.4623747231842959,0.5301045183791884,ok
JABXSS010000001.1,1304215,1304601,1,387,56.318771211067684,4.631574775921073,0.36156121220772747,0.590105992574886,-47.189422607421875,39,20,0.39018087855297157,0.5255803843507154,0.6512068468929119,ok
AL117189.1,35989,36121,1,133,48.15320338595034,8.039581801357436,0.40341151635790196,0.718426316195533,-7.247616291046143,16,18,0.3007518796992481,0.5830023338635192,0.8398676415796643,ok
NPDD01000088.1,19418,19777,1,360,48.42778220803079,8.621234628203458,0.19795916655848528,0.5316403762231046,-49.549888610839844,62,47,0.36944444444444446,0.46388016853801683,0.5947248508980458,ok
CP003171.1,984491,984087,1,405,46.388265161032685,10.499106506772124,0.1655448103458788,0.5470217021375541,-77.2916259765625,30,25,0.44938271604938274,0.47759482128533703,0.6049448902376885,ok
CP002159.1,465670,466067,1,398,54.274017721967425,5.229928957727342,0.27987261724591317,0.5136234572152237,-74.03949737548828,44,38,0.40703517587939697,0.45657321116090405,0.5680622914417317,ok
JWJG01000028.1,2234167,2233710,1,458,82.14953684288461,5.1427640900916245,0.5639526545738338,0.5655862334648455,-60.43152618408203,75,44,0.4366812227074236,0.5397801752911179,0.5965457260321625,ok
AMRG01000008.1,50931,50476,1,456,75.33727915140541,4.731607836307244,0.614618700986514,0.49968404422614315,-82.37213897705078,55,32,0.4144736842105263,0.4551327716953748,0.5501959240121086,ok
CP009533.1,1664244,1663894,1,351,79.14907325307914,3.150364628170509,0.6588539446787308,0.47980454425980784,-75.98369598388672,17,26,0.4928774928774929,0.42683302834895787,0.5308166732334751,ok
BMDT01000001.1,136709,137098,1,390,62.00809400821864,2.4952219048527766,0.8711902651486132,0.5936364600195764,-47.380672454833984,56,36,0.358974358974359,0.49496460266441117,0.6780502571007823,ok
QXIR01000001.1,3418,3807,1,390,72.59742416434027,2.8724548906588416,0.7257002644128263,0.5635000283356931,-53.624080657958984,25,49,0.3923076923076923,0.4933593811468678,0.627906001094175,ok
QLUW01000002.1,1112746,1112334,1,413,45.910493068692176,7.429971619714983,0.22775202863363375,0.7197402376037979,-41.544219970703125,23,72,0.38256658595641646,0.6405054038259086,0.7827122934838893,ok
CP025682.1,2445979,2446342,1,364,87.50841001688421,4.085518094433227,0.5754975422086939,0.4336155324601531,-100.90807342529297,49,13,0.5851648351648352,0.40530356295528924,0.4646922647006804,ok
SCWB01000012.1,39611,39978,1,368,51.2642376498831,4.7634565242336775,0.28245364838905,0.5732633340658427,-59.33402633666992,31,22,0.375,0.5120006369218107,0.6273785497193692,ok
VIKR01000007.1,53181,53619,1,439,80.50515011244646,2.5151576282051087,0.6919304045487435,0.5750487876469537,-60.6539421081543,33,24,0.3895216400911162,0.5194193043620794,0.625602627553587,ok
LR595862.1,44669,45085,1,417,70.78876549124871,4.545712987097795,0.6596015129417907,0.533511284541367,-49.55857467651367,49,33,0.3764988009592326,0.472033729031869,0.5995967084698692,ok
JNVC02000001.1,660093,660464,1,372,74.27348055724963,3.1209832342973853,0.6965379831512539,0.5451604148102863,-56.23616409301758,24,45,0.3655913978494624,0.4804608730319602,0.6064594801633436,ok
AL590842.1,1360742,1360592,1,151,43.47152277330128,3.3546619192482092,0.3938648832891179,0.6171776748883515,-13.345451354980469,41,18,0.3841059602649007,0.5458703726926777,0.6719056555543831,ok
CP041666.1,302383,301901,1,483,45.89237511175073,3.4932505374888376,0.38203283412426214,0.7116759324674762,-38.7966423034668,14,78,0.35403726708074534,0.6405416886151837,0.7675901319148907,ok
AAMY01000002.1,59728,59826,1,99,92.91749942742054,2.1617938591121173,0.6364341808675791,0.35813283976856763,-40.48127365112305,20,5,0.6464646464646465,0.31649376918458577,0.39560708172926673,ok
AWGA01000011.1,91954,92371,1,418,60.169252421534324,6.716700909717777,0.7712720118693945,0.5434739025562852,-59.17097473144531,57,17,0.3588516746411483,0.42949199314512215,0.675200860196221,ok
AYKS02000108.1,54356,54185,1,172,62.51021750225518,3.8258626519766605,0.5705813731648129,0.6638161461639803,-15.701275825500488,14,28,0.4418604651162791,0.5872166212523734,0.7362956889808097,ok
PYJQ01000002.1,21507,21599,1,93,72.39323278495003,4.641189884160568,0.6398384783991279,0.4337729965373331,-24.421842575073242,14,6,0.5591397849462365,0.38003814367703276,0.49283231375119224,ok
JAGHKQ010000001.1,94896,95250,1,355,64.6517967589256,4.59082637004706,0.738015677052037,0.5617764681126725,-44.69084930419922,52,30,0.35774647887323946,0.47070363823521544,0.6560346331259089,ok
WEKT01000015.1,50882,51300,1,419,56.03682062221673,5.0768653435321935,0.4371376865037126,0.6003700629292775,-50.584556579589844,38,30,0.4033412887828162,0.5187565709634135,0.6793753877700129,ok
CP012602.1,3068159,3067776,1,384,72.8768330157421,4.069705645933886,0.6599726427432709,0.6102818795461914,-47.693260192871094,25,36,0.3932291666666667,0.5508111686431801,0.6720694971067406,ok
CP008849.1,1361531,1361985,1,455,47.67417969526995,6.97486908977627,0.18675385044382775,0.5680183537170094,-60.744117736816406,80,23,0.35604395604395606,0.5090766138881415,0.6177426054063208,ok
CP016303.1,24355,23914,1,442,52.954313394941295,7.8136806290377105,0.22965873634885436,0.6080413473436174,-53.47988510131836,58,41,0.3914027149321267,0.5511289621034137,0.6697439428437975,ok
