rfamseq_acc,seq_start,seq_end,label,seq_length,nupack_Tm,nupack_hill_coeff,nupack_amplitude,nupack_mean_exposure,nupack_MFE,nupack_max_stem_length,nupack_max_loop_length,nupack_gc_content,nupack_sd_pair_prob_10C,nupack_sd_pair_prob_80C,nupack_fit_status
JACRTE010000004.1,226305,226434,0,130,26.783423230016645,4.817557745518685,0.6063173372266487,0.6639730862750451,-20.344406127929688,11,26,0.35384615384615387,0.6063339793949275,0.6956796447176186,ok
CP019605.1,2532991,2533086,0,96,57.529791340163456,7.138913872674704,0.25548947482614714,0.545952712723304,-18.798166275024414,15,8,0.6041666666666666,0.5011401423757317,0.5980543496699159,ok
FSRE01000001.1,445320,445418,0,99,46.68624715867833,7.465226720353133,0.1672722587185249,0.4642580698126045,-28.366519927978516,23,6,0.6464646464646465,0.4073329130649614,0.5114376996648883,ok
CP000478.1,3423285,3423188,0,98,44.76280301968752,5.936982532449626,0.12001561524884341,0.6043498991181094,-17.7943115234375,13,15,0.5714285714285714,0.5684081377169041,0.6318109338097291,ok
MIJB01000009.1,259635,259728,0,94,94.99999997093104,2.7511511071641275,0.6098203845870829,0.5910788388283845,-19.685565948486328,12,20,0.6702127659574468,0.5558858814009061,0.6249018025497867,ok
JACHHG010000002.1,125572,125669,0,98,91.76572425331928,5.099431072861673,0.5268598509712548,0.4284002762285502,-32.84376907348633,14,8,0.6530612244897959,0.41439398512185294,0.4455177639259888,ok
PVZS01000010.1,98071,97973,0,99,90.62860772531936,3.9781032629014197,0.5701403867438299,0.4253297785609907,-28.393949508666992,24,9,0.6666666666666666,0.39855724426436795,0.4543709108586753,ok
HF996063.1,14081,13991,0,91,72.51955965617009,2.111241915053115,0.7792702989695068,0.5850776338866993,-15.178238868713379,12,22,0.5604395604395604,0.5162238431752395,0.6441697034552589,ok
CP025513.1,1104934,1105037,0,104,49.94357993831377,2.224124002781122,0.4209099718611924,0.4732986834942845,-28.399795532226562,19,6,0.625,0.42320816951844636,0.5134417670343111,ok
JACMQW010000080.1,73935,74028,0,94,82.8311333205568,5.131972501972946,0.561414818068979,0.5224805270332507,-19.776506423950195,9,8,0.574468085106383,0.4984479078937604,0.5513285817587096,ok
AP012338.1,3520195,3520101,0,95,90.93184524271423,2.7971805725337444,0.4322453690599051,0.46251009986922026,-24.613161087036133,16,11,0.6842105263157895,0.4354267384874414,0.48847872071041304,ok
FNGS01000003.1,286282,286186,0,97,41.00204060668367,6.626939653913652,0.12903002571671884,0.6278306501812814,-18.29294776916504,16,9,0.5670103092783505,0.5857807146946585,0.6552159131807307,ok
FQXB01000003.1,227429,227331,0,99,93.90296055252459,3.620709744947876,0.5721686676623443,0.5614071369931563,-19.93399429321289,20,9,0.6060606060606061,0.5354566115622387,0.5887208401377613,ok
BEIN01000001.1,1521,1431,0,91,53.661598738978256,4.760816254257151,0.3398651874888379,0.5573516220074918,-17.813451766967773,9,7,0.5604395604395604,0.48942186163123597,0.6198681879555522,ok
VRSW01000004.1,84882,84974,0,93,93.86842094111229,2.0020123497117925,0.5385232715811922,0.5655807761523697,-15.764211654663086,15,15,0.6021505376344086,0.5307343566133087,0.5964181988652416,ok
PYAV01000002.1,6088,5987,0,102,94.9999999979391,2.208561317467705,0.3784045757965766,0.5917374405352348,-15.188892364501953,25,18,0.5392156862745098,0.5674854988733014,0.613910446327794,ok
JH651384.1,3388341,3388248,0,94,43.565811125957744,3.691888516852367,0.13549723263278463,0.5460499623335564,-18.87627410888672,11,12,0.5851063829787234,0.5192688762366949,0.5667726327360642,ok
FORY01000009.1,84450,84353,0,98,91.48977405530552,2.5374941443551324,0.49062710235656715,0.6101812803777026,-16.263126373291016,15,16,0.5918367346938775,0.5784255087614981,0.6397234521345893,ok
PDEP01000001.1,237674,237579,0,96,50.349429626897916,3.50166841944051,0.24446580198383894,0.6078566741099526,-18.10759162902832,17,16,0.5833333333333334,0.5646853707315089,0.643630476143267,ok
AVOG02000001.1,524638,524541,0,98,44.72810095915114,7.6499596439751985,0.13731378437981312,0.5783127203748634,-14.718745231628418,12,8,0.5918367346938775,0.5281629646209218,0.6156001272690516,ok
JACHXA010000008.1,32734,32848,0,115,40.74564052535552,10.531867831435836,0.09656616591663264,0.485145524924714,-24.65862274169922,34,11,0.6,0.44181817396248246,0.510229752294368,ok
CP000141.1,2138132,2138225,0,94,52.419040934119415,7.49944653502522,0.1672027437838468,0.48783399637731634,-23.060100555419922,28,10,0.574468085106383,0.4452905229096885,0.5323139314537044,ok
CYSD01000020.1,75183,75274,0,92,94.53863662867353,3.5229860500207906,0.5748431487222273,0.4964225798524726,-23.461942672729492,21,10,0.5978260869565217,0.46952562128395464,0.5245484243227728,ok
JACHIW010000001.1,783117,783020,0,98,84.16630991059246,4.232457890057218,0.57115629661341,0.5264225208456997,-23.439626693725586,13,12,0.6122448979591837,0.495903632105539,0.5599833870214215,ok
JXII01000010.1,56078,55982,0,97,40.051802083598254,19.999999999998053,0.02173311472451711,0.5920289486591263,-15.449753761291504,13,25,0.5773195876288659,0.578878723842126,0.5951281876643685,ok
SMAR01000016.1,11989,12084,0,96,94.9999999894803,2.921390229205446,0.3520410594256728,0.5381441258330378,-21.77113914489746,17,16,0.59375,0.5186136797100488,0.5572901592546519,ok
LT907844.1,197802,197708,0,95,89.79228543853027,3.4919369422973427,0.5597531429726879,0.537390385407075,-21.15711212158203,10,12,0.6105263157894737,0.5070024639947779,0.5685682008331238,ok
FR884410.1,956,1042,0,87,84.53368562326007,7.820485479681193,0.514144499417186,0.48889753772683814,-24.317644119262695,22,20,0.6206896551724138,0.48116905629424167,0.4993721977503813,ok
KI635562.1,778636,778542,0,95,94.11024450558091,2.6696983782263595,0.6193418314730392,0.5954713404700839,-17.061460494995117,13,12,0.5684210526315789,0.5584674741268041,0.6305818186476319,ok
CADIKF010000001.1,90217,90124,0,94,61.27124390513785,5.619853352403564,0.2702078140975007,0.5549333378917111,-22.251968383789062,15,7,0.6595744680851063,0.5166994304922466,0.5970398192810588,ok
QQSV01000004.1,71495,71386,0,110,51.25680033462517,19.999999999999996,-0.008961880945272283,0.5368263528454967,-24.685787200927734,7,16,0.6,0.5372082781697634,0.5308104720368247,ok
FOSC01000009.1,132418,132511,0,94,79.0500208747118,0.2941068448401838,0.9498002727603456,0.5951680579009954,-19.024211883544922,11,19,0.6170212765957447,0.5796164394583467,0.6074517285860462,ok
CP032762.1,1011483,1011578,0,96,87.69834018131371,3.5239513804607823,0.5967972261430877,0.5488773204883266,-21.1878662109375,13,9,0.6145833333333334,0.5144968775803888,0.5842491328179205,ok
QUQO01000001.1,1412518,1412423,0,96,94.9999999048315,5.504838875661364,0.4238125753292846,0.42887498187649825,-31.087276458740234,22,10,0.6875,0.4204736963555816,0.4397065418241147,ok
JACICF010000002.1,146040,146148,0,109,91.44531166058293,4.120417268149789,0.5617792144763548,0.470454325226979,-29.563493728637695,31,10,0.6605504587155964,0.4472875480611017,0.49607755653801333,ok
CP015614.1,1903103,1903229,0,127,94.99985070457993,3.532143659032959,0.36565689979117844,0.41325863218974973,-40.48970031738281,16,12,0.6299212598425197,0.3966809556845635,0.4305855551285377,ok
SSXI01000226.1,26060,26151,0,92,73.74246614213389,4.683575241354909,0.38677545707334526,0.5073255349947962,-24.51386260986328,15,11,0.6847826086956522,0.4772561991383976,0.5406876931485457,ok
KQ948015.1,281751,281628,0,124,47.92297160843586,6.072300772931759,0.14291002644480716,0.5045973842446253,-32.58831787109375,14,20,0.6774193548387096,0.4639585324863037,0.5389853080744437,ok
FNCY01000002.1,181239,181332,0,94,41.8011830723898,8.010030485090908,0.051117890767588436,0.5814764382886538,-18.048738479614258,13,18,0.6382978723404256,0.5619627777755732,0.5940531971719507,ok
FOPJ01000006.1,43249,43157,0,93,85.42295042737852,4.09289006044891,0.5752632875118158,0.4882877902705784,-19.833637237548828,17,9,0.5806451612903226,0.4579778594443711,0.5213085640938329,ok
RHHQ01000007.1,423626,423714,0,89,79.5633438722198,2.5685539090534473,0.6957198636946016,0.48335647944260024,-14.818795204162598,28,6,0.550561797752809,0.42574374930660674,0.5366881983695353,ok
STGJ01000003.1,124002,124094,0,93,81.79591763554679,5.272305194841764,0.5621234373815278,0.5321759954639577,-21.958465576171875,15,12,0.6129032258064516,0.5076858658804816,0.5618380120866946,ok
CP007029.1,2465645,2465549,0,97,94.44967598872311,5.163206565282544,0.5304141555946736,0.4516107153319589,-27.478260040283203,18,12,0.6288659793814433,0.43958641046916797,0.4664741487349773,ok
BMAY01000014.1,20027,19938,0,90,68.68254932385385,6.24739627897733,0.6247448999644086,0.5640246923374557,-15.018915176391602,22,23,0.4888888888888889,0.5142834617723366,0.6264454736999266,ok
CP039852.1,2749739,2749635,0,105,47.172167576186716,6.752203903992436,0.14526681103711703,0.6261375825186414,-15.975927352905273,11,10,0.5142857142857142,0.5805701421775411,0.663994793990608,ok
QRAS01000001.1,554951,555044,0,94,43.08994853124165,8.620168470777335,0.022054422857818334,0.561866250377519,-20.030332565307617,9,12,0.5106382978723404,0.5529452971121319,0.5679739951895756,ok
BJUK01000003.1,149102,148983,0,120,82.14920686556918,5.567163264354404,0.41765899812751417,0.4719785736918456,-35.92830276489258,14,24,0.6583333333333333,0.4562186106907166,0.4917740723419715,ok
CP025682.1,596841,596740,0,102,65.35107588050283,4.477801898815765,0.1871574081394758,0.6022447119378267,-24.509103775024414,10,12,0.5882352941176471,0.5797976568408147,0.6253342927696517,ok
CP053069.1,61251,61154,0,98,83.32581562867216,3.4376168781676517,0.6203871357660613,0.42531255050584366,-26.168577194213867,31,10,0.6632653061224489,0.3832115101688105,0.46794015977339903,ok
WOYE01000009.1,414402,414487,0,86,56.29478646159481,5.160699182968726,0.2905812840229075,0.6307042394202361,-10.871221542358398,10,12,0.5581395348837209,0.5769499049441135,0.6835989570974735,ok
SJZI01000050.1,150447,150346,0,102,67.79367784363896,6.371113267635089,0.38538019362372156,0.504173870207724,-24.762475967407227,15,9,0.5882352941176471,0.47220305879188207,0.544684319180314,ok
JAABLQ010000001.1,2593560,2593655,0,96,94.93486051041137,1.359082906427387,0.7379583078099946,0.5131514604186275,-23.469295501708984,14,15,0.6354166666666666,0.4706073438862845,0.5487908269164792,ok
FUYB01000019.1,10336,10250,0,87,36.25250575366651,19.999999999999773,0.02196896252837488,0.5994461884577968,-14.739168167114258,5,20,0.5632183908045977,0.592492524221986,0.6013338085497023,ok
AP024619.1,966359,966463,0,105,40.99710127328254,19.999999999972776,0.04209043417694802,0.5116770656665454,-26.05803871154785,11,6,0.6095238095238096,0.4854797776337002,0.5168631469192471,ok
MKQR01000028.1,99923,100016,0,94,59.87954176663219,5.099819311737821,0.16795652608221767,0.41689267673678704,-36.67021179199219,14,9,0.7659574468085106,0.3909424049977883,0.4437286259260859,ok
FLQY01000039.1,1294,1196,0,99,68.04159646463232,3.486721760602373,0.4153722095997847,0.5996125519411455,-15.702146530151367,19,19,0.6363636363636364,0.5537355727580522,0.6433673617700191,ok
JXYE01000001.1,11056,10966,0,91,75.43585277716696,4.659104747676288,0.6150551365231632,0.5376998732918342,-18.07696533203125,20,10,0.6483516483516484,0.4932012780656548,0.5872197110677,ok
LCZK01000010.1,229114,229025,0,90,40.31451981673246,19.999999999999993,0.062119471000881,0.47794649917600834,-21.400188446044922,12,4,0.6222222222222222,0.4397780273703344,0.48821668520129063,ok
QCYG01000002.1,293286,293390,0,105,88.30259780233489,2.4006438145204823,0.4641102350334202,0.4818311603129679,-23.78545570373535,20,6,0.638095238095238,0.44954225938325976,0.5114288521466336,ok
QQBB01000001.1,49358,49464,0,107,49.518606195273094,3.9079193856544316,0.10699681081727108,0.5313913411084726,-28.47726821899414,13,13,0.6542056074766355,0.5104194028715053,0.548770831985664,ok
BMZB01000003.1,168624,168716,0,93,71.44281429309619,6.709914312969025,0.5863081467248298,0.44824198169909585,-23.531509399414062,28,12,0.6021505376344086,0.4139889090330795,0.49400194872496617,ok
FNJI01000032.1,49091,49001,0,91,51.46533840705344,6.684138463419892,0.12893263514442455,0.6191374971130141,-15.58427906036377,9,12,0.5274725274725275,0.5857992050729316,0.6515084502139471,ok
DUZT01000123.1,934,1031,0,98,46.92793520733593,6.342861846172487,0.21831194385243885,0.5623781652897909,-21.171464920043945,13,10,0.6224489795918368,0.4964944018332871,0.6167217476171566,ok
CP048711.1,1869659,1869559,0,101,94.99999999373306,2.8762014069155164,0.12186224593043804,0.5434742423010593,-18.2523193359375,14,19,0.5841584158415841,0.5361755302844959,0.5506372097110643,ok
CP074694.1,1701312,1701218,0,95,44.11482125987296,8.301286482182778,0.05343779001099924,0.5734469737576254,-19.442739486694336,11,12,0.5473684210526316,0.5525594879268312,0.5884030698506464,ok
CP014140.1,1220954,1221054,0,101,5.0000488123914035,1.330223906334848,0.42208712739739873,0.5246301978743809,-19.0234375,14,8,0.6039603960396039,0.5176069781862321,0.5302850014489034,ok
FMUX01000005.1,192531,192440,0,92,52.08751262637445,6.92046594240046,0.14790738773844314,0.620750961251159,-15.359237670898438,7,9,0.5760869565217391,0.5832178947814162,0.6581376926754979,ok
JACJFM010000017.1,41381,41275,0,107,83.24517088369605,3.107937707422376,0.49962059459075026,0.5812119242887249,-21.431196212768555,17,16,0.5514018691588785,0.545221488496611,0.6160746683687648,ok
BBSY01000004.1,4416,4320,0,97,94.99991265894404,4.123726227741212,0.24136683977944778,0.49703465203981856,-27.097614288330078,12,15,0.6597938144329897,0.488245713050752,0.5067740277710973,ok
UFUW01000001.1,93332,93241,0,92,73.92627866242985,4.073685479042599,0.6499804017409396,0.578744779477713,-14.075343132019043,18,8,0.5652173913043478,0.5231445505865591,0.6366948454386661,ok
QEYE01000005.1,173933,173813,0,121,93.67947364695013,2.4862741570298357,0.6062082316892639,0.5267885522515063,-28.772911071777344,15,8,0.6446280991735537,0.48906657288465694,0.5618533172127477,ok
VIVQ01000001.1,22272,22344,0,73,80.65768099750215,5.367346439842562,0.5640964193337723,0.5244079460332326,-22.0596981048584,11,6,0.6438356164383562,0.4993421768384052,0.5550688471347699,ok
LSTF01000058.1,65896,65799,0,98,47.94669734598797,7.326136716311965,0.11166531264814522,0.5225814657381892,-23.09134292602539,10,8,0.5918367346938775,0.48663577480609255,0.5536043990374099,ok
LQPZ01000008.1,12987,12892,0,96,93.13340769215915,3.4892098776703557,0.5801468725334864,0.5472733993426135,-21.134033203125,9,13,0.6354166666666666,0.5185503638605413,0.5769646625484373,ok
FNAQ01000002.1,51006,50902,0,105,66.35757544046514,5.474775369934816,0.2298160989393822,0.5295453147659824,-20.47301483154297,13,15,0.5714285714285714,0.5054540396563574,0.5569798097752635,ok
CP003735.1,1931741,1931649,0,93,90.10333214499846,3.5711258104607637,0.5861116947928194,0.5629586202806098,-17.57794952392578,13,19,0.5591397849462365,0.5318708487888366,0.5950420352738188,ok
WOYE01000009.1,801544,801443,0,102,57.6679207307324,5.831462854508132,0.28781973077531064,0.6026458946707209,-14.842657089233398,14,12,0.5392156862745098,0.5521659031965244,0.6561768920582915,ok
AWGC01000006.1,230858,230949,0,92,41.10811914015054,14.437265206617615,0.018183392590007896,0.5404523807260941,-20.580839157104492,7,9,0.6739130434782609,0.5305466968559116,0.545627905178186,ok
AP012304.1,4224860,4224963,0,104,91.38902419432283,4.158731273809472,0.5605947735260071,0.5089862159133761,-29.85032081604004,19,19,0.6057692307692307,0.48618020967728,0.534198519195103,ok
MWQO01000006.1,110810,110901,0,92,94.99999987806044,2.9553040807467488,0.12953768797707338,0.4382773259166542,-32.018280029296875,25,15,0.7391304347826086,0.4311395452375894,0.4452923837539266,ok
SMMF01000941.1,47286,47391,0,106,94.99999999999993,3.572068594821576,0.5442080389313155,0.4742622552075089,-28.186954498291016,20,13,0.6037735849056604,0.44994592517348025,0.4997967593439211,ok
DS990604.1,61563,61655,0,93,60.09856938140931,4.046809102918573,0.29777153515118093,0.557215376446084,-16.05253791809082,14,19,0.5591397849462365,0.5131363424619292,0.5988947486552708,ok
CP015698.1,1219868,1219775,0,94,75.98046128052653,8.778910428810201,0.5294619496181036,0.49498616481836755,-17.139362335205078,25,12,0.5638297872340425,0.4838248061242,0.5127118715591954,ok
LXYT01000001.1,1253896,1253806,0,91,46.91330850607811,6.001438275154729,0.19886915863942872,0.44650115681827546,-20.35498046875,23,7,0.5714285714285714,0.3891049357882869,0.49442735163865215,ok
KK073875.1,1946183,1946093,0,91,94.99992308829228,3.7244595506671234,0.48428600673596356,0.4843782061521682,-20.99860954284668,17,11,0.5714285714285714,0.4640154613198635,0.5061134844477685,ok
SEEB01000015.1,11576,11671,0,96,28.108453281754095,1.122736271057605,0.5955678048879712,0.5866179531518368,-19.118072509765625,12,17,0.59375,0.5516163056908219,0.6132510905875382,ok
AFBX01000854.1,4437,4327,0,111,46.60786606906701,7.051045027726933,0.08041099801456897,0.5729786926088175,-26.59954261779785,13,9,0.6756756756756757,0.5465008184853948,0.5943808163389632,ok
NQJD01000004.1,99698,99803,0,106,88.53091200179072,1.59363734169985,0.4570094804399747,0.5704679950774549,-22.507949829101562,10,17,0.6037735849056604,0.5407533251257249,0.5955179224157584,ok
VWXX01000003.1,63263,63356,0,94,52.74655232515719,19.999999999999996,-0.004501021080165479,0.5883639820537542,-17.78569793701172,15,21,0.574468085106383,0.5866605781436145,0.5850621786430193,ok
LMNA01000028.1,94918,94827,0,92,59.82537241673856,6.423141197348706,0.1881562952207786,0.4820790780601956,-25.129127502441406,14,7,0.6521739130434783,0.4538605796188039,0.5149059546959087,ok
KK073875.1,5151704,5151796,0,93,88.44367282193343,4.677477802982642,0.5543135366565959,0.431744711387868,-29.296932220458984,15,6,0.6666666666666666,0.4108866827011152,0.45605161248632087,ok
SRIC01000105.1,10307,10218,0,90,94.99995607741378,3.948817659225405,0.37877492914219635,0.2904439122323463,-41.88005447387695,33,6,0.6666666666666666,0.2758785269058956,0.3063399861344292,ok
HF990616.1,19663,19746,0,84,43.26248044820338,7.188324008506728,0.11201132319866769,0.6015249112996358,-17.317459106445312,15,16,0.5595238095238095,0.5618961201532227,0.629236816791762,ok
CP000267.1,2718770,2718676,0,95,81.03479360757379,3.9379501308948757,0.6088073596512776,0.6981335624127448,-10.078786849975586,7,19,0.5157894736842106,0.6580459119218521,0.7405221559763469,ok
FR888963.1,25905,25807,0,99,57.77736079744688,5.587533782092716,0.23030302955417398,0.5106687093962289,-19.752443313598633,19,11,0.5454545454545454,0.47061252247179564,0.5523565882643088,ok
CP003096.1,420746,420639,0,108,42.92821122782873,8.037797320550903,0.08633841347101878,0.6518124954677184,-15.829477310180664,7,19,0.5462962962962963,0.6185086426416259,0.6740331799480634,ok
FOUG01000002.1,183489,183384,0,106,41.68481317672729,9.956658929050704,0.05009994961379882,0.5924601296153896,-21.4931583404541,9,12,0.6037735849056604,0.5702442651024446,0.6057884497060939,ok
JACYLW010000007.1,49052,49148,0,97,94.99999999999994,3.666168952357823,0.3897174236652947,0.5531917992822272,-19.37667465209961,23,19,0.5773195876288659,0.5363215389148597,0.5711074879187472,ok
SELO01000024.1,16798,16705,0,94,90.85582724506835,3.5204205036052305,0.5855569254858872,0.40671343291045287,-26.898361206054688,31,10,0.6382978723404256,0.3763062558108789,0.43824318235505594,ok
NKIN01000004.1,139641,139755,0,115,86.49451573581706,4.163719123919256,0.5762305729968294,0.3962333875992769,-35.89201354980469,20,7,0.6608695652173913,0.3675964361126999,0.4277503401607858,ok
BMIF01000002.1,75548,75661,0,114,65.3247938532625,3.676921117950137,0.3950593059957299,0.5212231565118545,-24.03223991394043,29,18,0.6140350877192983,0.4733147800254434,0.5668437106681066,ok
JAGXSW010000045.1,2759,2872,0,114,91.27833275554971,4.2488972123645885,0.5582898157641263,0.5621715530542993,-23.001346588134766,17,16,0.5701754385964912,0.5400929079206623,0.5868323085865113,ok
CP010904.1,2064127,2064010,0,118,94.99999966238609,3.954329858474957,0.49195492706311195,0.5560612964583981,-22.506006240844727,27,17,0.6186440677966102,0.5370418507311809,0.5768726716602013,ok
PDJI01000004.1,43254,43370,0,117,76.42985402721972,5.634109189870613,0.5786122566980206,0.4514640584098886,-37.81898498535156,21,18,0.6752136752136753,0.42026893645161695,0.48981974936052214,ok
PGTB01000162.1,6991,7101,0,111,50.560738528726006,6.244284449507611,0.16203544617716892,0.5590581908316804,-19.754867553710938,14,9,0.6126126126126126,0.5165697382557823,0.5980439336508043,ok
LMDI01000024.1,5772,5656,0,117,71.12590979210073,5.43242476714516,0.624459497069905,0.4673972542184017,-27.582714080810547,36,7,0.6153846153846154,0.41803342557930995,0.5256927015359787,ok
GL501401.1,584654,584541,0,114,79.81800263773151,4.503637392696702,0.5939521266786254,0.4567740096679666,-29.98147201538086,27,15,0.6403508771929824,0.4208230852431107,0.4970523657387017,ok
CP022540.1,1712354,1712466,0,113,91.66454004898405,1.2617637497345928,0.37731266600918695,0.46865444461996675,-28.73562240600586,13,8,0.6371681415929203,0.4471586574998062,0.4866035303251183,ok
CP025394.1,2240408,2240522,0,115,92.12295983344758,5.009214917883062,0.5360087383045191,0.5032373106981576,-37.88828659057617,8,11,0.6782608695652174,0.48854443430941824,0.5209383925865897,ok
RKQZ01000001.1,214221,214338,0,118,91.83709438296238,1.9983417274927204,0.2699781312202343,0.5644642134780193,-25.216636657714844,14,15,0.6271186440677966,0.546454244063759,0.5803744801952287,ok
WUBS01000001.1,178340,178456,0,117,78.94899765234248,5.070348452161493,0.5812294012066517,0.5010010866881575,-28.707988739013672,21,9,0.6239316239316239,0.46877899969902653,0.5389080959897693,ok
VYXP01000003.1,340173,340286,0,114,44.3035879530934,9.338116128770256,0.09085954352708664,0.5309570213140046,-25.050987243652344,19,10,0.6578947368421053,0.4925706913171452,0.5580186496215273,ok
QLIW01000004.1,244047,244159,0,113,78.70870915399408,4.814790955305306,0.5893020812296127,0.47699625871500384,-29.51873016357422,18,7,0.6106194690265486,0.4422895320464108,0.516789523047891,ok
SDAL01000001.1,1982330,1982442,0,113,57.91434461476303,6.905382764092362,0.2190753704744483,0.47063339959856904,-33.45048522949219,14,6,0.6548672566371682,0.43332187995981863,0.5140242471956118,ok
CM001022.1,2195460,2195570,0,111,56.76754286096224,5.050223231146434,0.09032919206164197,0.48305461832895286,-31.59187889099121,16,15,0.6396396396396397,0.4667640913890735,0.49896073898427185,ok
WXYQ01000011.1,68858,68748,0,111,43.90214320557081,8.087102171779653,0.12507207011941113,0.6110816638434161,-17.48870849609375,20,7,0.6396396396396397,0.5630218299537777,0.6455542983629935,ok
FSBZ01000006.1,18052,17937,0,116,85.61366349279854,2.3775225257956016,0.15628204329857254,0.5636657440883858,-30.87868881225586,21,15,0.646551724137931,0.5522158916820035,0.5740547787395692,ok
AP008955.1,944363,944479,0,117,51.57348187957065,2.1898766076538636,0.43394278175682965,0.5383205472041603,-23.096908569335938,21,15,0.5982905982905983,0.4880306150013479,0.5789757316918638,ok
VDCQ01000005.1,28073,27963,0,111,83.34089535271455,4.868924211267743,0.5508246512523202,0.6025811159220672,-19.643945693969727,15,16,0.5675675675675675,0.5776384798082456,0.6318072485800502,ok
CP000774.1,2328672,2328784,0,113,43.72482809750016,4.633820185691924,0.16731370427330888,0.5116676883623089,-33.205841064453125,22,8,0.672566371681416,0.47086933987640905,0.5423744261246078,ok
JAKGSG010000022.1,1915,1799,0,117,85.40539728993241,3.905291122916025,0.589789794945516,0.4576671110915274,-27.39508056640625,19,7,0.6410256410256411,0.4245516766103176,0.4928850803754388,ok
BSFM01000014.1,523521,523639,0,119,89.5888446816784,5.083879395136403,0.539870411879975,0.3959063796246189,-37.15721130371094,38,6,0.680672268907563,0.3796705992501783,0.41565710412439166,ok
VZDO01000001.1,342566,342682,0,117,94.99999999730866,2.2179359760487856,0.6317201220332648,0.4830340236300796,-31.059602737426758,17,11,0.6666666666666666,0.44307416715970405,0.5192451925591877,ok
CP072943.1,1694893,1694734,0,160,51.53411742209889,4.61197514818717,0.18096875900528708,0.5281350757137556,-39.20362854003906,22,15,0.6125,0.4899746893142962,0.5616377809974794,ok
VNIL01000002.1,197096,196969,0,128,90.33234299841016,3.9428667651666593,0.57044650043373,0.4883599520874884,-33.80971145629883,13,10,0.578125,0.4619938860793398,0.5167678106964022,ok
CP000509.1,462310,462422,0,113,41.018085658600135,10.016317699587145,0.0403329897366842,0.5838283799009184,-22.196704864501953,16,18,0.6106194690265486,0.5660778795043918,0.5936666073548392,ok
WBOU01000016.1,25978,26089,0,112,94.99999999007805,2.9553510158733753,0.5568682714741677,0.47626844507643645,-31.123199462890625,22,8,0.6339285714285714,0.4456582889380987,0.5064700048277759,ok
JACIDS010000002.1,502393,502506,0,114,94.99999122862191,3.3059619650498258,0.5395148098427855,0.5068309093635609,-25.74057388305664,17,15,0.6403508771929824,0.4803890171421117,0.5338241514112781,ok
BBSY01000002.1,825986,825877,0,110,57.668916108315976,0.8454914987100594,0.980042620044193,0.5209569605502197,-29.928443908691406,13,22,0.6818181818181818,0.47557209203588297,0.556518657416135,ok
SNZP01000016.1,56627,56743,0,117,84.7229619402664,5.017676434226796,0.5234382830081196,0.3953406099275823,-30.688678741455078,30,8,0.5470085470085471,0.3744496944978579,0.42035312114711704,ok
AAWL01000003.1,175458,175557,0,100,78.96990253780336,7.0295263923880755,0.5393872312077447,0.5138143537810477,-18.53303337097168,17,19,0.55,0.4982280259864257,0.5355053109311908,ok
FUWG01000002.1,192275,192402,0,128,89.96390055907104,3.34764853344396,0.5966920960078236,0.5668981688285881,-24.949174880981445,8,12,0.53125,0.5330576422346182,0.6011485411769414,ok
CP042582.1,2253957,2254072,0,116,91.68164885361378,3.5634079406040815,0.5812081055629921,0.46880388291815506,-29.667644500732422,25,11,0.6810344827586207,0.4397682197749643,0.499105572645146,ok
BMHQ01000012.1,16373,16487,0,115,49.50723388572254,0.3986925152424386,0.7948855021187092,0.495380281358448,-21.66567611694336,15,19,0.5739130434782609,0.47713464421363144,0.5102709366769561,ok
BJVQ01000003.1,39579,39691,0,113,67.09529872020806,5.221822945985435,0.250727825488615,0.41372908701430827,-36.24699783325195,19,12,0.7168141592920354,0.38787196301178206,0.4427036537633336,ok
LPWE01000002.1,151975,151867,0,109,47.139173907768324,9.340689673689452,0.050093778192027205,0.5612032791523921,-27.3455867767334,8,20,0.6146788990825688,0.5420027450209721,0.5775033079906735,ok
CP000449.1,2414158,2414042,0,117,63.471997137459184,7.6239386864479375,0.34142257326247366,0.47639704871604605,-28.11601448059082,25,9,0.6752136752136753,0.4422909270618149,0.5226088088040969,ok
AP019308.1,2750986,2750649,0,338,68.50764519001854,3.924114491563315,0.47779002293756734,0.533092535531862,-56.080318450927734,27,23,0.5,0.481618950315689,0.5843474842005257,ok
HF989026.1,14312,13965,0,348,79.22502207038976,3.6469629386996294,0.6321439287422209,0.7558242690335364,-25.02310562133789,12,54,0.43103448275862066,0.7085610704370787,0.8038264475681132,ok
JPVP01000058.1,249339,249828,0,490,54.7151081537262,5.6761446912789895,0.30354064328114966,0.5630586566597182,-74.12046813964844,58,39,0.463265306122449,0.5006822569549683,0.6249318157257723,ok
LECR01000039.1,61055,60715,0,341,39.41635716863128,3.7862375341682735,0.15630118956764305,0.5916433039896091,-59.15757369995117,10,17,0.4838709677419355,0.5608555884566581,0.6145263961748858,ok
JACHKT010000002.1,220224,219926,0,299,73.65942458485867,3.450895469435147,0.6826311389462109,0.5297461491804042,-45.30869674682617,53,20,0.3745819397993311,0.466661725053339,0.5913777087389624,ok
CM002917.1,3231656,3231279,0,378,82.76408195369994,4.147371962429266,0.5923571316818177,0.4558479553648879,-82.14833068847656,36,21,0.5793650793650794,0.4211015971517973,0.4936109104540985,ok
PZGG01000004.1,65421,65076,0,346,53.13950977072137,3.6747841202727534,0.24152144641666917,0.6546990371263304,-43.5372428894043,20,33,0.44508670520231214,0.6128326158118093,0.6906757967876925,ok
QUIV01000038.1,3467,3125,0,343,27.54043520854588,2.2112199111712196,0.3473388691059853,0.6081700237855475,-44.22572326660156,17,29,0.49271137026239065,0.574874032054214,0.6332255363030123,ok
LT840184.1,961286,961623,0,338,79.24209021243071,4.396299397370481,0.6004007449299289,0.47356654796290404,-84.23280334472656,21,28,0.5207100591715976,0.435374671491173,0.5155488483696443,ok
ACCL02000019.1,74194,73835,0,360,81.3393864174828,3.8020564532443886,0.613130862093308,0.6046858883896946,-51.26585388183594,26,41,0.48333333333333334,0.5634965700213106,0.6475961692774008,ok
BLZR01000001.1,1376242,1376582,0,341,49.87901926361323,7.41215435439111,0.3149492164782892,0.6090255341434433,-36.38322448730469,34,20,0.33724340175953077,0.5162028104331738,0.6972726596281767,ok
QKRB01000044.1,596304,596659,0,356,75.02248776788014,4.0575071073638735,0.29858748708040284,0.4465950397835123,-97.53239440917969,32,18,0.5814606741573034,0.42226941879015134,0.4722533747121289,ok
JACYLQ010000017.1,8703,8369,0,335,87.21645342251499,3.546516440145464,0.5983382843838059,0.5451042846726896,-46.67073440551758,50,37,0.41194029850746267,0.5096035402719549,0.581519888917597,ok
CP016447.1,4247,3894,0,354,94.99999998178741,2.940691728984443,0.3893914183067678,0.3573846405474111,-127.81150817871094,81,10,0.5847457627118644,0.3360134587974583,0.3782613282777004,ok
MCIF01000002.1,2714317,2714700,0,384,93.46781046110341,2.1055987135349055,0.5144268705420405,0.42446046031715534,-95.1898193359375,73,15,0.5703125,0.3910234436225289,0.4544849668654711,ok
FONL01000001.1,262464,262120,0,345,77.83701687198243,4.748247185110455,0.5962057649260165,0.5793540062813656,-55.935302734375,34,37,0.4666666666666667,0.5421228386358168,0.6216027915534582,ok
JACHYE010000006.1,102313,102613,0,301,57.12018064726799,5.045439231776238,0.24777385859727807,0.4832886746016851,-65.97608184814453,47,20,0.5249169435215947,0.43955473101664344,0.5267693386585212,ok
AZGM01000076.1,26225,25876,0,350,68.55981795494354,5.7196949890403666,0.6417744047733255,0.5605317384955723,-55.4941520690918,26,26,0.46,0.5036399793044484,0.6278099870979994,ok
VEXB01000015.1,16248,16562,0,315,77.03656214079015,5.014066199526797,0.5923344092065614,0.4839686711616859,-59.60792541503906,33,24,0.4603174603174603,0.44794171941720506,0.5258514969092737,ok
AM412317.1,3653037,3652701,0,337,75.67266101283249,4.022612161282648,0.6392641527355296,0.5769324214691197,-42.190208435058594,38,35,0.3560830860534125,0.525381538889479,0.6310152644986864,ok
BIFR01000001.1,5215438,5215112,0,327,79.72588833236209,4.539135927322372,0.5930951804323934,0.6064200734581043,-45.83631896972656,33,36,0.4831804281345566,0.570532391152777,0.646480341703703,ok
CP004044.1,1169745,1170090,0,346,87.44463849675677,3.662701734891143,0.5917521382922425,0.5401870938294171,-71.47299194335938,28,31,0.48265895953757226,0.5069784324412537,0.5748475782209702,ok
CM001240.1,2348328,2348689,0,362,59.09742053008524,2.9535024170231945,0.9036586324716653,0.6332632605614051,-32.02897262573242,25,25,0.31215469613259667,0.5137674746280518,0.7363775222322975,ok
CP061336.1,1888852,1888545,0,308,48.00696068378643,6.561373826086119,0.2519946796437036,0.6403117852525549,-35.11266326904297,20,25,0.3961038961038961,0.5648803329962679,0.7045140389429561,ok
QTXP01000003.1,160308,160005,0,304,56.26352747530205,3.6319423150663606,0.41006013110618755,0.7217979711048663,-21.425161361694336,8,33,0.3782894736842105,0.6565142387327096,0.7796126674664497,ok
AP024096.1,4722560,4722194,0,367,76.02464439736876,4.884318005740926,0.6021848157124803,0.5536512737603813,-61.5782470703125,26,17,0.4986376021798365,0.5137132505982378,0.5993926921887754,ok
GL891982.1,311809,311496,0,314,52.45849135773586,6.7971884628964725,0.19005636801327958,0.529632058448282,-52.65849304199219,45,22,0.3853503184713376,0.4828555139948633,0.5768523442549478,ok
KZ478059.1,97051,96728,0,324,52.46370410998975,9.309313137986107,0.19887365327999562,0.5125654883774091,-58.09925079345703,24,14,0.49382716049382713,0.45994771709171484,0.5735026352298875,ok
LDXJ01000058.1,202972,202606,0,367,45.09551510879363,12.30663834952261,0.056979978228258954,0.6036035058733694,-52.80896759033203,56,27,0.5613079019073569,0.5759400729745392,0.6222405035766502,ok
CP027194.1,857883,857531,0,353,60.827734333469614,5.922170504551244,0.3793861559123496,0.5180453080968268,-75.28355407714844,58,29,0.49291784702549574,0.463364827205571,0.579023810827431,ok
LT699767.1,1005042,1005382,0,341,84.72762249042604,3.516292717378353,0.6138078871594306,0.5442960836784064,-47.456695556640625,22,22,0.39589442815249265,0.4999027927441245,0.5875936081275832,ok
CP001810.1,1884995,1884674,0,322,48.72907028616937,7.6306911673824125,0.18975048623212531,0.7250535368315787,-27.22906494140625,15,50,0.4409937888198758,0.6648651116346997,0.780044382160379,ok
LDJR01000010.1,33427,33765,0,339,69.97925574648491,3.6565609493006237,0.4894902971800944,0.5084773578134183,-50.97222900390625,40,20,0.44837758112094395,0.4579470438636219,0.5579576409824907,ok
CP003344.1,320314,320632,0,319,63.60225618258645,4.912326419549449,0.6744006409305785,0.5715461615749929,-41.860679626464844,28,9,0.4200626959247649,0.4852799510288725,0.6629742957752299,ok
QFBC01000003.1,384670,384301,0,370,50.86353180790381,8.89128439771367,0.11406228332062884,0.45137606681162046,-95.88504791259766,20,15,0.6270270270270271,0.41723450370178644,0.4866875909532722,ok
LTBA01000009.1,74609,74263,0,347,46.375536670516524,7.554247629895119,0.2274338470620999,0.7264014576140773,-21.917091369628906,27,55,0.3688760806916426,0.6472790174350255,0.7898735310807805,ok
JACGAG010000016.1,13533,13845,0,313,45.45691619462242,9.838477284005872,0.28651074591274567,0.5725513167230821,-36.50222396850586,35,29,0.35782747603833864,0.4526304758929465,0.6682847872134299,ok
JACWZY010000003.1,137164,137499,0,336,52.54806668251228,7.660451814032599,0.27958295015650286,0.5166232321583659,-51.99346923828125,43,21,0.40773809523809523,0.4457555190784296,0.5920115065032633,ok
CM009896.1,787839,788157,0,319,65.85330447198896,5.247354437186979,0.48138750428593735,0.5186073507058104,-57.6543083190918,28,12,0.4952978056426332,0.4653548911038679,0.5777919779070116,ok
FOJY01000010.1,107472,107147,0,326,52.46784009861593,2.5486583966005996,0.38721448040667694,0.782166601370088,-19.614482879638672,6,62,0.3895705521472393,0.7311936606398336,0.8234883892047714,ok
CP004121.1,2373835,2374124,0,290,71.9320351688976,3.510969438818346,0.6952989727301878,0.48170156115319046,-42.200660705566406,55,23,0.3793103448275862,0.4139885881980085,0.5479674238064544,ok
BIFR01000001.1,4796179,4796535,0,357,84.09747179154773,3.2651144828874314,0.6249057423411343,0.5332593947203824,-66.27780151367188,24,26,0.5294117647058824,0.4905709046278789,0.5754668665188878,ok
LGSS01000009.1,34236,33887,0,350,49.87253672979307,5.919974867167199,0.2738411048084247,0.68482649571024,-31.980857849121094,11,29,0.36857142857142855,0.6133051234374578,0.7487643214550511,ok
SLUQ01000003.1,435697,436099,0,403,94.8542445859759,2.925622331456027,0.3037444813653331,0.38949561742961997,-140.24932861328125,31,14,0.6476426799007444,0.3726621974777648,0.40603957002388236,ok
JWHR01000109.1,13433,13754,0,322,38.197187249893915,3.7642597962979414,0.4893379666679134,0.5861236578329817,-42.851505279541016,61,21,0.40993788819875776,0.49216067630685717,0.6532709881857905,ok
CAJVAS010000021.1,53480,53837,0,358,82.21539557344772,5.021549401777461,0.5658471464016408,0.3861465797165588,-88.5017318725586,76,13,0.5,0.3602985474107842,0.41687286707940785,ok
VDCQ01000068.1,38616,38934,0,319,94.99999999751559,1.9893865626332354,0.2447226063553577,0.4612977279103377,-84.70064544677734,24,14,0.6081504702194357,0.4451390711044202,0.47661147608017346,ok
GL891979.1,737857,738168,0,312,92.09119449372105,1.9716054161349024,0.6810836993825173,0.5446800354631367,-48.078285217285156,43,22,0.38782051282051283,0.4998000449679718,0.5841074019803059,ok
WBXO01000007.1,12213,12519,0,307,73.53563705639138,4.955106019534895,0.618902912034726,0.45318066412220065,-69.40199279785156,33,13,0.501628664495114,0.4068232773018106,0.5060952413685957,ok
BOPZ01000001.1,81706,81366,0,341,76.01496696427871,5.140315566411987,0.595552393104017,0.6077297275772059,-41.79666519165039,43,48,0.39002932551319647,0.5699357405449191,0.6519628205938952,ok
CP061336.1,1765219,1765567,0,349,51.21720525414958,7.984794331075069,0.2678860131997231,0.5428239737756018,-51.207542419433594,31,26,0.3524355300859599,0.4677474815113839,0.6201318827168286,ok
JACMKR010000595.1,4161,3853,0,309,87.11813136247731,3.3375079147164017,0.6090280527010294,0.5612842171436246,-43.12184143066406,17,32,0.40129449838187703,0.5233252263398195,0.5999314377141876,ok
FOWD01000035.1,13289,13600,0,312,59.08758064950694,7.003222481504736,0.5418876925221747,0.5459067286266934,-41.132381439208984,28,37,0.34294871794871795,0.4616584658699306,0.6463097201454858,ok
PDCJ01000001.1,1813535,1813236,0,300,71.63000079004293,4.54131557270268,0.651625462244081,0.6922786509732853,-22.71009635925293,10,49,0.31,0.6336817171326232,0.7554158866077134,ok
FOHN01000009.1,52479,52794,0,316,54.079796687181116,5.83967348183997,0.3086895430733979,0.5445069394980769,-41.831077575683594,25,28,0.4177215189873418,0.47836898649653986,0.6099110262371027,ok
JAEQNC010000007.1,98972,98601,0,372,48.43465541283863,7.753338789388761,0.10268464944323913,0.4865353705651865,-94.78141021728516,20,21,0.6048387096774194,0.4531112992369882,0.5163823727845225,ok
CP003261.1,753642,754025,0,384,83.99823295344167,1.6540456249212485,0.7489272275253283,0.5582882091432855,-70.74076843261719,29,48,0.4010416666666667,0.5063568522329851,0.6022316894531689,ok
JAGSOJ010000001.1,1307780,1308095,0,316,61.61960461515287,4.909183475763512,0.662975704884355,0.6208889477406699,-29.317535400390625,27,23,0.33544303797468356,0.5268363944865646,0.7179695620184791,ok
CP025746.1,2919154,2919463,0,310,47.71439429644147,6.286933841075161,0.29957816617486277,0.622335423338888,-26.790882110595703,22,40,0.3225806451612903,0.5344309712506449,0.6962336251544285,ok
QXHL01000079.1,4971,5335,0,365,94.99978690695798,3.1121033327401504,0.41843086061087104,0.4591824121533213,-90.02483367919922,29,14,0.5178082191780822,0.43714860340756034,0.48123208093538467,ok
FQVH01000001.1,266415,266093,0,323,93.13262751232249,2.602563119601561,0.5405280541570338,0.5903513860902069,-52.737571716308594,27,14,0.49226006191950467,0.556852577206957,0.621768312389004,ok
JACIIU010000011.1,79061,79377,0,317,94.99999997872605,2.8787912620398397,0.5977117134791394,0.5126375107843576,-64.63151550292969,21,24,0.4921135646687697,0.4792568908148433,0.545022720658002,ok
CP009788.1,571182,571502,0,321,47.28248091222452,3.5540606811655215,0.16565775511532038,0.4652246383481424,-85.34521484375,33,22,0.5638629283489096,0.43430766450741887,0.4900730123074947,ok
LTBA01000017.1,2745,3049,0,305,68.38200063017896,5.268400984374421,0.6616773508711226,0.546687309796677,-35.901885986328125,34,16,0.34098360655737703,0.4829488487088864,0.6205989315663049,ok
AE006468.2,3018773,3019082,0,310,77.20625335388496,2.4455903662391067,0.718055465003212,0.6523872407103862,-33.448612213134766,18,66,0.35161290322580646,0.5908381556342991,0.7071549151869594,ok
MLQS01000017.1,344700,345061,0,362,52.36781240610177,11.69120466538955,0.29834548165577573,0.5428206786865674,-49.13452911376953,56,14,0.4171270718232044,0.46092964094755634,0.6474028708423573,ok
CP002987.1,437395,437778,0,384,77.94074241103007,1.8200017054259128,0.7651559177024018,0.5895858692309921,-54.49497604370117,33,28,0.421875,0.5308925096848133,0.6393069561599742,ok
JACHBK010000003.1,382802,382403,0,400,48.496881825360965,6.918362036048648,0.10580271690329834,0.46698471186616825,-110.7803726196289,39,25,0.615,0.4348229845402879,0.4951116823711767,ok
FCNR01000048.1,79669,79305,0,365,48.15878025743107,5.773450326987699,0.18432171971527478,0.5754727057317515,-51.015220642089844,48,29,0.4575342465753425,0.5252370531604073,0.6179650239206386,ok
MLBF01000020.1,52784,52459,0,326,41.8531600019135,4.471138012898151,0.2811611243398878,0.6710641715370604,-39.36015319824219,24,42,0.4325153374233129,0.6049113922976248,0.7193533819883223,ok
QWBU01000001.1,315556,315191,0,366,44.996846867934025,5.897684498030656,0.1135253633755014,0.5337340159906144,-88.1073226928711,15,15,0.5956284153005464,0.5000592311607214,0.5598781560283626,ok
LMQY01000001.1,219233,219597,0,365,48.58371207788839,4.27890600219562,0.09273817172716475,0.40962068385010153,-121.83499145507812,31,12,0.6493150684931507,0.389699611265191,0.42601491065099095,ok
FOKI01000006.1,15700,15405,0,296,75.66789553338978,2.8313677932007812,0.7026218156444441,0.7015603126591127,-23.492704391479492,16,34,0.34121621621621623,0.6386926703305981,0.7595526876881248,ok
KE993509.1,131456,131143,0,314,86.33548610456931,2.8317837117169433,0.6399875289005682,0.6916602186755433,-26.98193359375,10,48,0.37579617834394907,0.6470606324015487,0.7341405854910453,ok
HF995943.1,32954,33277,0,324,70.01041963912844,4.286105335671602,0.6785223998961212,0.5408948288208174,-43.09659194946289,34,12,0.36419753086419754,0.473640242509336,0.6112484679190652,ok
BMJD01000021.1,23721,24010,0,290,82.62181062819523,4.202948744967888,0.5916685576484693,0.5044834969547373,-45.57421112060547,55,27,0.42758620689655175,0.46997767581865546,0.5426890858417585,ok
CP000673.1,1309977,1310297,0,321,61.05623905733236,4.567938236428258,0.4443796885558852,0.5459828471494494,-47.059024810791016,28,36,0.37383177570093457,0.481248791979891,0.6103738691553952,ok
BDHH01000006.1,117934,117611,0,324,52.987324847967486,4.535950433299587,0.3210301483935316,0.7308560295684146,-30.75639533996582,14,49,0.3950617283950617,0.6667998073291287,0.788022575627421,ok
FOXR01000010.1,12086,11685,0,402,94.99999999997304,3.2522521581525283,0.5846054613542422,0.5694290465585601,-73.72127532958984,30,20,0.5248756218905473,0.5402060750296334,0.5989402281400775,ok
KE150418.1,115056,115373,0,318,49.409352042392264,5.674403378386713,0.2503202578993009,0.6112808003582065,-32.3585205078125,45,17,0.3742138364779874,0.5465068755804646,0.6677944264843891,ok
CP029002.1,2579187,2578804,0,384,51.80912616944363,5.320029888603707,0.22615624538307133,0.6586232879286747,-43.65398406982422,31,40,0.4453125,0.6070516401144557,0.7054382343239107,ok
VTZU01000095.1,14664,14347,0,318,71.93109611779155,1.602972399777983,0.8250616017798027,0.7024657812513307,-25.587446212768555,21,39,0.36477987421383645,0.6401536699181795,0.7538294953474561,ok
LNQB01000070.1,88421,88020,0,402,94.99994807180695,3.3378173426314155,0.4640984908884627,0.43645754376375406,-122.46832275390625,54,23,0.6616915422885572,0.4139602971892385,0.45936443210972705,ok
CP058649.1,3646069,3645686,0,384,62.50369039339134,4.715603904948698,0.4517989531729365,0.6522974347586425,-37.85650634765625,27,26,0.3828125,0.5906730347119852,0.7150928783325933,ok
PJNH01000004.1,198405,198721,0,317,65.3905294985405,5.534082932974304,0.4784792267608061,0.458424240763686,-61.29317855834961,30,21,0.40063091482649843,0.40563895974651243,0.5187242207682763,ok
FNXB01000016.1,4020,4414,0,395,94.99999999673665,2.5332615787286823,0.3753417975557745,0.41791553016490807,-109.82522583007812,30,10,0.6,0.3952990785446941,0.4397450330336611,ok
CP001560.1,2475831,2476169,0,339,53.315234315640566,5.101977203922828,0.15379371732943253,0.5002873679594494,-65.21143341064453,23,17,0.49557522123893805,0.4680423048036581,0.5304982914452853,ok
QMFB01000009.1,309880,310250,0,371,82.95394254362186,4.655036738556854,0.5740712656458771,0.45232220539281975,-100.66963195800781,29,14,0.5768194070080862,0.4238737407082124,0.4850200660808367,ok
JAERJD010000002.1,423121,423456,0,336,81.40019492736265,4.415901340499239,0.589135387887489,0.5350810433702843,-58.74842071533203,21,13,0.4642857142857143,0.5009193702727958,0.5730351907413421,ok
SMCR01000008.1,150629,150300,0,330,82.40547698638376,2.7129936554799734,0.6681608249935165,0.5934760383743815,-49.28502655029297,30,24,0.41515151515151516,0.5416249158139125,0.6420597840923448,ok
JABWCS010000213.1,76213,75899,0,315,77.14379346215074,4.777864938338819,0.5993659089335475,0.43933381996062576,-66.75699615478516,56,25,0.4888888888888889,0.40101470306799464,0.4830354269197437,ok
FUXA01000015.1,5787,6125,0,339,64.87030910986459,5.976773674241581,0.6866292143677251,0.47034316369121276,-50.505882263183594,48,14,0.3805309734513274,0.39562102543952393,0.55919528423092,ok
JABBPN010000005.1,164510,164834,0,325,59.383852815824824,4.664799674512685,0.26227688553292233,0.5045460483393075,-72.04914855957031,18,26,0.5507692307692308,0.4633444809597242,0.5452581987090137,ok
SNYK01000003.1,232477,232824,0,348,82.95155266882338,2.72447215110514,0.32656131403583954,0.4477939676511067,-94.7267837524414,33,15,0.5948275862068966,0.42302459595127756,0.47087530331044936,ok
CP007739.1,1920949,1920555,0,395,44.99722453252593,7.906795655643866,0.09449457211462664,0.6090252893076483,-61.17030715942383,13,30,0.4911392405063291,0.5738630776610811,0.6354282429697845,ok
AYYI01000018.1,32787,33118,0,332,56.53368076454923,4.804495773775088,0.25257630072934956,0.4831851860692791,-66.21763610839844,31,22,0.43373493975903615,0.43790904235608474,0.5266827554709619,ok
SMAL01000002.1,438967,438602,0,366,62.81119794291775,4.492783857880474,0.4008309464946038,0.7155847776031775,-29.960979461669922,26,36,0.34972677595628415,0.6615192571474923,0.7696589144398928,ok
LMLK01000021.1,105831,106178,0,348,80.33674686968203,5.006825770205652,0.5757009222560052,0.4105408967468093,-78.43417358398438,49,9,0.5,0.3810058359559009,0.4455178406256738,ok
BORS01000014.1,58046,57721,0,326,94.99999999919073,2.873555062107175,0.5735960772113491,0.4947256534954729,-65.62921905517578,24,11,0.5184049079754601,0.46219359240287855,0.5266704402072362,ok
SOML01000014.1,19717,19403,0,315,47.22604686051592,3.22690220268303,0.27432602185383054,0.5657523707342934,-43.418739318847656,57,31,0.3746031746031746,0.5187445232509286,0.6031916474517278,ok
LGTO01000007.1,2503832,2503526,0,307,63.05484406421709,5.229049499922948,0.3947218514386065,0.6686612358850875,-31.660701751708984,17,53,0.38436482084690554,0.617174759857642,0.7238076438546123,ok
LDZF01000003.1,262048,262501,0,454,49.900604580966395,3.17944270701079,0.21411963363349834,0.5066443824901247,-102.82618713378906,20,20,0.5110132158590308,0.4715103705006943,0.5352602478628978,ok
CP000253.1,1668651,1668350,0,302,75.88111184334235,4.224053443849059,0.6307170971281645,0.7074742679172535,-24.178205490112305,24,92,0.32450331125827814,0.6578652017286793,0.76095661511077,ok
GL834305.1,880696,880370,0,327,79.90127649699069,4.137547733477719,0.6080795974185254,0.5841491840943761,-56.92463684082031,21,48,0.5229357798165137,0.5434846560854004,0.6282272158516444,ok
VNJI01000068.1,4210,3913,0,298,51.43253031482716,3.411146091799689,0.21102607720674554,0.5047161455989201,-64.09058380126953,36,14,0.5469798657718121,0.46899148261465906,0.5349906665573824,ok
JPXI01000040.1,39355,39680,0,326,82.0636654554248,2.6224677448067237,0.3781681891764132,0.42899614694112675,-99.84357452392578,38,12,0.6349693251533742,0.3996496818936566,0.4561092902251024,ok
FNUL01000002.1,135247,134902,0,346,55.673902318276596,5.9546282297308695,0.28839879489572273,0.6346298233008291,-44.753299713134766,20,45,0.3872832369942196,0.5774510907068321,0.6930739474207188,ok
HF987526.1,34702,34344,0,359,48.847869766038244,3.4344790698583867,0.2690332832127532,0.6776960992999917,-37.9045295715332,17,61,0.403899721448468,0.6298171306430453,0.7163419132617008,ok
JACMIC010000001.1,764968,764652,0,317,47.12514753373977,4.236637438146213,0.31809672786890597,0.5974784939093162,-41.40473937988281,53,15,0.4227129337539432,0.5279076943170723,0.6526659261049941,ok
CP024123.1,1783373,1783733,0,361,73.69632187191394,4.2389814800063,0.6454703017744198,0.5488289864971764,-46.3546142578125,24,13,0.4182825484764543,0.4938757344541472,0.6070374884320802,ok
SLYC01000016.1,52780,53123,0,344,77.43551200500947,2.22133427030177,0.7344596401253394,0.5459168201472089,-56.14160919189453,36,24,0.39825581395348836,0.4845109811193621,0.5999287699164377,ok
JACDUU010000004.1,115091,114767,0,325,93.43846956771993,2.6601212225387174,0.5752092304337648,0.5730300547618151,-52.711395263671875,31,20,0.46153846153846156,0.5381230943745697,0.6059531704316166,ok
FR886185.1,11924,11555,0,370,59.63492637830049,5.4674941208389445,0.2918804220977774,0.7279045683434254,-31.293895721435547,12,33,0.372972972972973,0.6821092461608872,0.7761947569328386,ok
CP002582.1,165593,165910,0,318,39.69476008149315,19.99999999999906,0.041035711169299605,0.6057781649651873,-39.40918731689453,23,26,0.3805031446540881,0.5814491247530339,0.616319474919072,ok
CBXI010000038.1,49295,49608,0,314,45.97979331188275,6.92695321366942,0.2692779971850116,0.6364015469085887,-41.62220764160156,24,31,0.35668789808917195,0.547533058335702,0.7072660313497917,ok
FQZO01000003.1,574147,574474,0,328,77.82524702014283,5.814423313739901,0.5674930392418696,0.4673407028363237,-58.43565368652344,20,32,0.4054878048780488,0.44042100897634573,0.5013575696232979,ok
PDDX01000001.1,3703759,3704096,0,338,56.821019710688816,6.407366894437626,0.3632877438139904,0.5304438784213952,-56.12788009643555,22,11,0.4556213017751479,0.4629276359075211,0.6036180405743629,ok
CP025084.1,2579829,2579490,0,340,46.9720534041671,6.168330679068717,0.19849049286136317,0.4907502267457902,-62.745113372802734,37,12,0.46176470588235297,0.43217124627315223,0.5394505301118327,ok
HF997672.1,14247,14611,0,365,56.93012204145917,4.3105446538246115,0.23991995104366592,0.46329457409053126,-96.69206237792969,37,22,0.4849315068493151,0.42261338577457486,0.5012914199631342,ok
AYSO01000020.1,467253,467584,0,332,68.62735414825974,4.129384371200591,0.7020886725923858,0.5547136030245251,-45.972755432128906,41,26,0.3373493975903614,0.47934217521357597,0.6316905955768451,ok
FQTU01000006.1,92612,92289,0,324,47.353115601377,7.104529977443009,0.21388334505067963,0.6644225400815007,-33.24411392211914,45,21,0.42592592592592593,0.5955892340038976,0.7229587282754981,ok
JAEEGB010000045.1,98303,98624,0,322,79.27229786375906,3.141979103634065,0.6581387960135846,0.5824522571908682,-38.82929229736328,23,20,0.35714285714285715,0.5296852043364135,0.6329323907870034,ok
SUMG01000002.1,243621,243306,0,316,61.905793931325505,5.420303489304424,0.5907465631135864,0.6016298892615558,-38.6229362487793,29,23,0.43670886075949367,0.5202136439934815,0.6896100083336466,ok
KK036986.1,442701,443016,0,316,88.86621725669698,1.8273230838315702,0.7087255257126499,0.5331640818325974,-61.317420959472656,28,22,0.43670886075949367,0.48481524320511826,0.5749584338456618,ok
LMEO01000012.1,302546,302200,0,347,64.2564170438316,4.241557555775492,0.2726272971467603,0.4918338379867193,-67.09442138671875,51,24,0.4812680115273775,0.4573115245832795,0.5262820044522736,ok
VIGC02000012.1,31123,31446,0,324,82.23484861879923,5.53748536623835,0.5544605608306301,0.4612643566562931,-89.49857330322266,23,14,0.5987654320987654,0.43969548401575737,0.4881195890242019,ok
LXJR01000011.1,91589,91960,0,372,63.218093227898706,4.26703585927284,0.2771600248906163,0.4052590045121233,-95.43944549560547,54,11,0.5806451612903226,0.36862107557677704,0.441606211412792,ok
BX470251.1,3369603,3369926,0,324,63.5154965443373,5.4425412478195945,0.4796567321195403,0.5502851967599557,-40.18964767456055,46,29,0.404320987654321,0.4904557772787274,0.6169098845339487,ok
CP058557.1,1389464,1389813,0,350,58.42375021071285,6.017362503169918,0.5382111035086119,0.5604250128102546,-42.55647659301758,56,45,0.3942857142857143,0.47009359544464874,0.6583951245776359,ok
LIUT01000003.1,451165,450824,0,342,63.475405255932095,4.4515128585276384,0.3629107577411613,0.5498098074261055,-57.69670867919922,24,24,0.5175438596491229,0.5023755040875877,0.5976920488459012,ok
JACHXU010000013.1,55358,55676,0,319,81.40456278172877,4.6426937496213245,0.5818111126503924,0.41102566073760444,-81.50950622558594,56,15,0.5830721003134797,0.3794845073469387,0.44719051134665033,ok
BIXY01000019.1,36546,36884,0,339,71.1050417847471,5.852945057726209,0.6120826391374241,0.4754991153601975,-68.77244567871094,22,7,0.5014749262536873,0.43071962372870237,0.5305878423200997,ok
CP011058.1,2830842,2831162,0,321,81.2647190766528,5.591445451238305,0.5573104362987338,0.43944761443535035,-75.13419342041016,56,19,0.5295950155763239,0.41676171158152164,0.4679739542330968,ok
CP117255.1,1731371,1730981,0,391,47.72417330145311,5.896827136649672,0.1308373077181293,0.5118592932693069,-94.23279571533203,20,33,0.59846547314578,0.47522040227139384,0.5426551796875321,ok
CP061336.1,123204,123524,0,321,65.24527482423188,7.156011723462792,0.6498176283306714,0.4901947792674515,-45.97062301635742,39,14,0.37383177570093457,0.42951138674911843,0.5703546797849596,ok
JAPJZI010000001.1,1019972,1020317,0,346,54.992504714810245,5.168816616628937,0.15899527150574316,0.42563825563854324,-99.1955795288086,42,17,0.5924855491329479,0.39437422257191257,0.4556742758806756,ok
RHLK01000012.1,95651,95992,0,342,94.49620262131172,2.9202118910385115,0.5434196286265358,0.45722095279330643,-93.99600982666016,38,14,0.5789473684210527,0.4269591496430488,0.48677434787651386,ok
OCMF01000005.1,87219,87539,0,321,54.49137959550552,5.369565149829419,0.299031289523764,0.5257082176401964,-43.352725982666016,26,21,0.3925233644859813,0.46481254444542,0.5849046181640072,ok
PGLV01000001.1,353481,353799,0,319,72.0607526892936,4.663128453004021,0.6425952628664171,0.5267980233790526,-52.264915466308594,24,13,0.4169278996865204,0.4716729518473796,0.587367804196765,ok
FOXR01000002.1,78017,77695,0,323,48.28504587397638,6.2310181049472035,0.0878677262127166,0.5117616495946231,-70.12967681884766,32,14,0.5572755417956656,0.48670633450762524,0.5337044293882244,ok
LR590481.1,154508,154842,0,335,49.951111148964785,7.290263590857777,0.20267156310802287,0.5503226474851971,-44.65724563598633,27,26,0.3701492537313433,0.49118788098164784,0.6060109305510089,ok
JYNH01000124.1,3209,3552,0,344,51.19492974219178,6.108506658756656,0.22261091284250684,0.5318109894145394,-61.576969146728516,39,13,0.4680232558139535,0.47578102599300437,0.5840502696738098,ok
CP061336.1,1482026,1482348,0,323,67.30858315523568,4.397998356719654,0.7082354988114827,0.5857638930296525,-33.15224838256836,32,24,0.3622291021671827,0.5066928663457168,0.6685176239141696,ok
LSFN01000044.1,65530,65205,0,326,35.2074328097065,4.824110797135063,0.22035498851326057,0.6233053595254185,-44.08314514160156,16,52,0.5061349693251533,0.5775381396255425,0.6521181434053205,ok
AQRA01000014.1,70404,70705,0,302,72.76146055543944,4.233369635768228,0.6531771163522504,0.5669185536026822,-39.477542877197266,31,19,0.38079470198675497,0.5093158677522941,0.627550979502156,ok
FMJL01000075.1,7374,7023,0,352,48.79215067549836,6.185794634306035,0.2472156240415181,0.6954078310895139,-31.08043670654297,24,28,0.39488636363636365,0.6262311570018936,0.7555293156600161,ok
BOPZ01000017.1,21328,21029,0,300,53.435627808993615,6.831377210382309,0.24553204326223776,0.6621166269680361,-32.29053497314453,15,45,0.37666666666666665,0.6047635450671036,0.7209159148596052,ok
CP007161.1,437383,437074,0,310,66.4624591835783,5.475458577717383,0.6768472558692892,0.5745181971814205,-43.154441833496094,24,13,0.4096774193548387,0.5037009512000877,0.6548205600094712,ok
FRAC01000009.1,92418,92062,0,357,41.92142343386926,7.765251452738388,0.21740415475946318,0.693292024122279,-33.55946731567383,37,25,0.4117647058823529,0.6120404127284416,0.7451333851092529,ok
FR895143.1,102223,102547,0,325,49.603303768931106,4.568802269571499,0.2250501237474284,0.45172012424610103,-78.86559295654297,29,23,0.5507692307692308,0.40203642592858135,0.49383710150119386,ok
CP032509.1,1943406,1943786,0,381,94.99999974954189,3.1830298728156974,0.3174794888799935,0.41189925690875623,-128.50123596191406,34,21,0.6325459317585301,0.3953691861852586,0.4284987604292796,ok
JACHIK010000001.1,138076,137754,0,323,88.79868667964445,4.1495941767189946,0.5687400440790835,0.41611660290882785,-101.0516586303711,28,11,0.6501547987616099,0.39039362150263696,0.44459883031545017,ok
JAERQJ010000001.1,1091031,1091339,0,309,57.31220394424814,6.372621718118048,0.40533355752978417,0.5114164613567788,-43.95003128051758,31,18,0.37216828478964403,0.4388579009678414,0.5916856317137155,ok
LN907827.1,1556133,1555803,0,331,86.52447796571026,3.7951864772319146,0.5905357941876546,0.5482589293036821,-66.50527954101562,18,35,0.4984894259818731,0.5147415444344808,0.583600829901161,ok
BMAQ01000021.1,9809,10168,0,360,79.81898984727844,3.407313283831281,0.4380027180502927,0.4375330885120475,-87.8701171875,44,11,0.5638888888888889,0.40424832427359886,0.4706343358868467,ok
AP014808.1,1442779,1442441,0,339,49.79809175774561,3.673527600155562,0.39933110496684154,0.7155758762538388,-30.437536239624023,10,42,0.3805309734513274,0.6415135897295224,0.7767176318435444,ok
NTTM01000006.1,137065,137436,0,372,50.51541256970917,6.4249551200420445,0.23194713557738927,0.5377688055754288,-50.80549621582031,46,21,0.4596774193548387,0.4759276780320058,0.5951862836770507,ok
CP013023.1,5160259,5159942,0,318,77.91907792014194,4.909092112366839,0.5907286567657168,0.47431899711177933,-63.21754455566406,36,16,0.4591194968553459,0.4390035479837555,0.5152702186931206,ok
CP044011.1,3310403,3310039,0,365,94.99999989067494,3.2267501797780724,0.355163047576809,0.45249824526897625,-95.99225616455078,30,16,0.589041095890411,0.43369987950585764,0.4717848185408202,ok
LAQJ01000086.1,30058,29730,0,329,87.83665484354022,1.6991033141538217,0.7263503655910456,0.4928856848988557,-64.63860321044922,68,24,0.49544072948328266,0.44404794995072877,0.5346917233236788,ok
WBOS01000001.1,150217,150533,0,317,73.86615270470708,4.418503908919893,0.47518418768214393,0.48526312669116844,-72.67433166503906,70,21,0.45425867507886436,0.4466800208794935,0.5267691365274747,ok
CP006721.1,1692457,1692761,0,305,54.331438909375365,4.021799551403305,0.5386744210356387,0.6531216853473412,-29.23992919921875,14,55,0.3344262295081967,0.5572293009971113,0.7384759935345324,ok
AP018449.1,1051241,1050919,0,323,53.97827993333785,5.570027720805213,0.26455988656994367,0.54275369428759,-63.76255798339844,25,13,0.5108359133126935,0.4865621879288183,0.5966895488785285,ok
QSNL01000015.1,49914,50233,0,320,87.47575952497688,2.7527557624845045,0.411075949681584,0.4944922772888745,-75.1007080078125,30,13,0.509375,0.46646357861179216,0.5208407794077201,ok
FPIU01000010.1,204664,204343,0,322,55.09171788336935,5.8825956661101815,0.3118367038659063,0.5062391763084292,-60.046775817871094,32,11,0.5714285714285714,0.4427150584795494,0.570485472534945,ok
CP012365.1,1945765,1945445,0,321,68.64288476250064,4.789287284442808,0.44871983431889234,0.5135904117719802,-60.18739318847656,27,16,0.5202492211838006,0.4691094439051271,0.5624246325039481,ok
MZGV01000002.1,118196,117878,0,319,89.04160799895791,2.3921553006520067,0.6578558046980628,0.730073630893152,-31.480087280273438,11,44,0.39184952978056425,0.6849410802108664,0.771121989222153,ok
SLUO01000018.1,88141,87770,0,372,65.52555776507069,5.455109828574706,0.6914916442708025,0.6363848223402981,-40.54465866088867,47,41,0.40053763440860213,0.559148052363211,0.7223791946464115,ok
CP000141.1,916763,917086,0,324,84.07173893304703,4.424568606513743,0.5773497788490818,0.4273024491799273,-85.95579528808594,37,14,0.5246913580246914,0.3975979684691947,0.4607068801747333,ok
FPBY01000316.1,460,128,0,333,49.13162806043297,8.233593252161393,0.21322689304764808,0.7133331861116595,-29.631580352783203,22,38,0.35135135135135137,0.6445998099531295,0.7786629368933147,ok
SORV01000061.1,30006,30329,0,324,69.73895649470569,3.9159018987632845,0.6968109033169616,0.5327381591919361,-57.763545989990234,40,18,0.39197530864197533,0.4611882450943325,0.6045891908244595,ok
LFZW01000001.1,1519990,1520317,0,328,56.31160447378205,5.010358119889267,0.3246603947070847,0.4954261124161505,-65.02310180664062,43,13,0.45121951219512196,0.4359778856973916,0.5534683914636594,ok
CP000885.1,3872903,3872583,0,321,72.59350424294186,3.3980946441940474,0.6947353480728953,0.6447149902599217,-35.523136138916016,30,26,0.40498442367601245,0.5780059459352055,0.7090672634286828,ok
CP002028.1,74714,75031,0,318,74.99257101669251,5.107806609409668,0.6033508608600078,0.49448570348655935,-58.955589294433594,28,17,0.44654088050314467,0.4540167113330009,0.5418945979457306,ok
FRCP01000006.1,254352,254027,0,326,53.511816937986474,4.192143426768906,0.39415511439515816,0.6401002308066223,-29.211563110351562,25,67,0.3834355828220859,0.5662339506233321,0.7051496123097555,ok
MRTK01000051.1,42207,41903,0,305,82.86417996492067,1.2903483974555743,0.7952182734644322,0.5047656689240979,-68.06522369384766,23,36,0.5377049180327869,0.4566846110010726,0.5444087817420157,ok
FOWD01000007.1,138485,138806,0,322,50.60046032518463,5.544025187648675,0.20977846653243043,0.555904759895533,-49.76873779296875,18,34,0.41304347826086957,0.5048093855003776,0.6021853231721569,ok
AP024096.1,6638704,6639054,0,351,82.19966985401399,3.076793406571655,0.6459958854421662,0.482730882110267,-60.18177032470703,32,14,0.5014245014245015,0.43433898274308136,0.5297023057979573,ok
FNPG01000007.1,146073,146386,0,314,47.7129338920509,4.03685907695246,0.46332936559634563,0.5978444597794458,-31.615638732910156,23,17,0.3503184713375796,0.5017491709376208,0.6758319462517236,ok
CP000884.1,4175082,4174764,0,319,40.910110092622226,19.999999999999737,0.018527025878285475,0.4862133726750826,-93.45933532714844,24,22,0.6300940438871473,0.47469843691499203,0.48621083115358327,ok
AYKS02000100.1,3639,3315,0,325,47.841788243765635,8.110919213125426,0.15171816816124817,0.5713368984782535,-47.61894226074219,21,24,0.5107692307692308,0.5191738932349469,0.6165741275442119,ok
AHKH01000025.1,3445,3760,0,316,80.32121211650221,6.723555252199859,0.5392613087692593,0.4554483319660237,-87.27332305908203,38,14,0.6075949367088608,0.43972257371939494,0.4766293266328901,ok
QHKO01000001.1,956319,955950,0,370,52.386165518117416,5.9158487164817934,0.07926652362638387,0.4216319211742758,-118.14012145996094,56,13,0.6324324324324324,0.402980666744915,0.43913011884308706,ok
CP003326.1,756770,757092,0,323,70.99847227665354,4.432975304177949,0.6611848207614295,0.5345570920637142,-43.581077575683594,32,14,0.3746130030959752,0.4731030833723935,0.5997754451149349,ok
CP002272.1,2860109,2860446,0,338,83.69212152189304,5.713598110050626,0.5465602352986547,0.4875525964263056,-63.882083892822266,17,14,0.5059171597633136,0.46896880557917064,0.5112778540868705,ok
RHLK01000003.1,200059,199738,0,322,58.819040761933636,3.8244435509903596,0.30506549828088625,0.5607638108877997,-52.739532470703125,30,11,0.5248447204968945,0.5145260081498565,0.6032419279409544,ok
FR894372.1,12990,12660,0,331,44.287193571689166,9.679729526415443,0.06464334819339834,0.5564302306059966,-58.26443099975586,23,37,0.5438066465256798,0.5284611980554073,0.5760882453840018,ok
AFGF01000019.1,13373,13057,0,317,59.82462276053377,2.136153500938758,0.4561550615510267,0.48258052795055856,-81.30357360839844,47,19,0.5772870662460567,0.4348803927663907,0.5222384661611963,ok
JAEEGC010000050.1,43644,43328,0,317,53.840224683696974,3.6300776064131623,0.2586577690751104,0.7369490005360363,-24.303298950195312,16,64,0.4037854889589905,0.6931648690415374,0.7745873490890118,ok
BMRG01000045.1,5086,4750,0,337,85.93879286726647,4.95136552840336,0.5554213967738633,0.4081849021495861,-77.76042175292969,73,13,0.5103857566765578,0.3864177213193238,0.43397624024961035,ok
JFHN01000057.1,22575,22240,0,336,92.75929768221637,2.567477308902443,0.55729432387367,0.5255084018307142,-63.53940200805664,51,26,0.5,0.4906778955744398,0.5582079115016273,ok
CP000482.1,1330258,1330570,0,313,92.43002209362025,3.9435450788572757,0.5646763935262966,0.44571320836541584,-72.05305480957031,91,15,0.5559105431309904,0.4218800563736373,0.47171612237791627,ok
FQVW01000019.1,7172,6859,0,314,40.370900328381914,8.508273856139452,0.17805999224101998,0.670702924430028,-29.31509780883789,20,46,0.37898089171974525,0.6017051304506688,0.7082668947682719,ok
FTMB01000001.1,984570,984189,0,382,85.47203853248176,5.2106437370768655,0.5504746137334784,0.4215851726976676,-119.18465423583984,42,15,0.6492146596858639,0.4018878220174514,0.4456258145441646,ok
CP024478.1,3746133,3746456,0,324,82.5533402505597,4.645040852486538,0.5763899421679414,0.42772418371521487,-81.18611145019531,46,13,0.6234567901234568,0.39826242228263425,0.46151889770784094,ok
FR891000.1,10374,10690,0,317,75.35432500088532,4.159674067110342,0.6350171340478916,0.5570877074574617,-52.5262451171875,20,22,0.45425867507886436,0.5065362445991544,0.6104738318473523,ok
JAEEGC010000007.1,21846,22155,0,310,74.35308311557095,4.809439722756595,0.6177960999864838,0.49922582764912216,-53.84038162231445,26,15,0.4064516129032258,0.45339986956484274,0.5508750135123014,ok
BORO01000009.1,16222,16522,0,301,54.74027108912577,6.589790844500261,0.37732570240387114,0.5858976873829552,-30.88928985595703,33,36,0.4019933554817276,0.5053639943873861,0.6701308915080936,ok
MRTH01000025.1,70915,70596,0,320,58.35978179320475,4.163342103932619,0.32034371113196025,0.5206901021582929,-61.76953125,26,11,0.528125,0.46980624896854717,0.5685896449842738,ok
LJJC01000006.1,558515,558173,0,343,54.51936292316145,4.955419319615456,0.30668336558968634,0.6278783289810184,-42.985321044921875,18,26,0.45481049562682213,0.5673173168478729,0.6846469693924423,ok
BA000016.3,883956,884297,0,342,52.573324242279796,5.581415931525405,0.4650013382660052,0.6252592703547465,-30.50716781616211,24,33,0.30701754385964913,0.5202901690359774,0.7246385079073107,ok
LGTO01000004.1,170197,170509,0,313,49.31911905580639,6.6874849234509375,0.22668040560833747,0.587237030234658,-38.263065338134766,19,27,0.3769968051118211,0.5220010462595982,0.6457821259790556,ok
JABXSS010000001.1,2424404,2424880,0,477,88.19005829933566,4.272332644501415,0.5671018418542078,0.45939441650897406,-101.10352325439453,46,11,0.5136268343815513,0.43391423821974995,0.48790286574811004,ok
LT906462.1,2422994,2423305,0,312,58.470499907502315,4.100897883149907,0.48532629126928667,0.616627299368183,-34.34628677368164,41,49,0.38461538461538464,0.5401739109164149,0.6880270803851224,ok
CABHNW010000071.1,4280,3960,0,321,43.58858041049175,6.106591372126612,0.18961325927518113,0.7097705427505973,-28.823413848876953,20,57,0.4392523364485981,0.650956246076272,0.7521880782737347,ok
LT629764.1,1794938,1794610,0,329,94.99999999582366,2.681294966908679,0.3957355738612815,0.4558759669127452,-76.39331817626953,34,24,0.5775075987841946,0.4326753076514203,0.4786491737830326,ok
CP000822.1,1841575,1842026,0,452,89.53587734756395,3.896973656280928,0.5750248492041878,0.48067569547071076,-94.33580780029297,42,17,0.5,0.4529659243427135,0.5104061293985875,ok
SMFK01000004.1,83811,84147,0,337,52.21960116569586,7.8100501349790825,0.3216330121186446,0.6387624653216165,-30.759929656982422,29,20,0.3353115727002967,0.5545260082671316,0.726764634066841,ok
SRYR01000002.1,344038,344367,0,330,72.35374518257916,3.820873074077754,0.677173433612354,0.6595586164426899,-32.737548828125,12,49,0.3181818181818182,0.5945840919242477,0.7248614448823529,ok
CP007739.1,890532,890193,0,340,80.63762600691228,3.8133375243814194,0.6175215208648805,0.5392032960327916,-61.849029541015625,41,25,0.43823529411764706,0.4963204475494079,0.5843178673672628,ok
LACI01001634.1,7923,7604,0,320,43.68723379028975,3.2375433298700975,0.2701499234163832,0.5291413108595262,-68.69646453857422,25,32,0.51875,0.481865083791825,0.5655588557072013,ok
FQXP01000003.1,235380,235064,0,317,43.713243031809895,4.2865939266936675,0.3292715949902971,0.6908597289383057,-32.28547286987305,22,50,0.334384858044164,0.6160539828814758,0.7476066349197725,ok
CP009288.1,1333224,1333567,0,344,45.07457110602546,6.677346795361967,0.09446782498272993,0.4867791133939748,-74.19962310791016,28,14,0.5494186046511628,0.4559653350308953,0.5112824161759085,ok
BLZR01000001.1,3231405,3231104,0,302,49.34735709008162,9.239870762506099,0.30282699822207126,0.752741142231644,-15.395002365112305,26,48,0.347682119205298,0.651341985539191,0.8529895836208449,ok
RBWE01000001.1,2803724,2803335,0,390,50.69721892219064,5.326363417449831,0.10647344198944259,0.5279319654939446,-92.9726333618164,21,36,0.5794871794871795,0.5026159144788805,0.5503892155872083,ok
FNJM01000006.1,164086,163770,0,317,51.06783595181156,6.259756837831301,0.2748219304198186,0.6755143944975325,-25.367191314697266,35,30,0.3438485804416404,0.6051469829444208,0.7415311175041122,ok
OCND01000007.1,28905,29222,0,318,81.758033099652,5.119178522741031,0.5658212281426795,0.4036046489874581,-97.38664245605469,38,14,0.5817610062893082,0.37773731984528136,0.43431551078029396,ok
KE159611.1,738498,738806,0,309,72.13443174631658,6.437039380296409,0.5889374858579693,0.5017911881525351,-61.7921257019043,30,15,0.511326860841424,0.4661569962334683,0.5484300198331444,ok
FR895002.1,5952,5615,0,338,64.18359366797289,6.076182518697009,0.5814278189725389,0.6509806952811424,-33.24664306640625,28,46,0.4408284023668639,0.5847237492504357,0.7283635811990083,ok
KE136354.1,2420375,2420688,0,314,56.34703746347838,6.194808927013293,0.3311378936742041,0.5968875474318973,-43.806644439697266,19,22,0.39490445859872614,0.5336865901653789,0.6640358701349522,ok
CP000885.1,3525364,3524998,0,367,56.90320949523459,5.071637263295199,0.31917907832407644,0.7034089449208746,-31.6031494140625,12,37,0.3814713896457766,0.6462266659311318,0.7596678049649617,ok
FRAC01000025.1,71574,71235,0,340,50.48597744244764,6.381150256261096,0.24506644592944204,0.630837339209073,-44.11975860595703,21,24,0.4676470588235294,0.5657526283575713,0.6912083645402041,ok
AWTC01000005.1,60356,59954,0,403,94.99999999865321,2.6941849829699067,0.5406147900986191,0.588862053924677,-49.91286849975586,37,37,0.4739454094292804,0.5564097103893693,0.6200824390421656,ok
PYJQ01000009.1,238569,238172,0,398,43.87448556793451,5.584578423371638,0.09906507344430276,0.4837969266476534,-111.5541763305664,26,21,0.6130653266331658,0.4553375524427718,0.504712322561131,ok
ABLD01000004.1,370366,370018,0,349,52.305521339367,5.985687827294579,0.1218344935680733,0.43907151299497055,-98.89645385742188,47,11,0.6217765042979942,0.4103331124193705,0.4667946353620545,ok
AFCE01000164.1,25783,26140,0,358,74.43955803912336,5.373870779068244,0.599706120249682,0.433845729543457,-81.88542175292969,54,11,0.5251396648044693,0.39432515576268146,0.4812687838725188,ok
ASZJ01000007.1,61542,61215,0,328,68.48225257046518,3.0919947330898405,0.7569533689312744,0.6327636092616581,-31.204448699951172,28,20,0.3628048780487805,0.5497157568273928,0.7099966601762725,ok
LN650648.1,171109,171415,0,307,59.22277530356625,6.2297173898438825,0.44776734331641477,0.5968740166164891,-31.847980499267578,21,25,0.34527687296416937,0.5259448602513368,0.6764310179814986,ok
QUEE01000002.1,95605,95920,0,316,78.52045228823506,4.578229599410143,0.5983278075162805,0.5366774487668166,-55.20896530151367,23,19,0.49050632911392406,0.49881592676094566,0.5790353180160323,ok
QUQV01000003.1,183301,182960,0,342,50.78861963737438,8.043578736076576,0.1479273430998646,0.5531351859381946,-48.1928825378418,52,17,0.4152046783625731,0.5100772215859753,0.5957975251954046,ok
LJJC01000015.1,39488,39054,0,435,87.82394141927416,1.1617319070349483,0.7279678570422972,0.5810816884088101,-70.93235778808594,54,55,0.45977011494252873,0.541301474268559,0.6136739965444835,ok
FR894955.1,9941,10272,0,332,78.45668005534348,3.84218434585635,0.627939792752769,0.5385994402402562,-58.52930450439453,27,22,0.4307228915662651,0.49195605285367844,0.5869651142256106,ok
FQXP01000004.1,22670,22990,0,321,52.90914813080925,6.130182300019036,0.23833458757651277,0.5461056574284052,-49.98857116699219,26,15,0.3894080996884735,0.4909909701396767,0.6005679974153953,ok
CP009268.1,4190898,4191253,0,356,59.05015312206594,5.50728437917323,0.4408679043691257,0.5544805440855763,-46.96271514892578,49,49,0.37359550561797755,0.4831170442182625,0.6296871386174079,ok
SJPN01000003.1,292390,292057,0,334,84.54587848144016,3.5833145141014504,0.6075411844651963,0.507433380710456,-60.924007415771484,23,20,0.562874251497006,0.46903326145975666,0.5469552820896846,ok
FRAG01000096.1,3308,2960,0,349,47.55848312149028,5.997203586897828,0.23984162091392092,0.6813847442791979,-35.26951599121094,36,42,0.3553008595988539,0.6131275654416852,0.7385705559393984,ok
FWWT01000017.1,34165,34521,0,357,48.63657848032182,7.194460796143767,0.21072012706856913,0.5673564288385885,-50.65145492553711,36,25,0.39775910364145656,0.5022439037939348,0.625318105781343,ok
JRNT01000043.1,12743,12427,0,317,64.2189462169101,3.2280190721121933,0.6345998455985065,0.6990759278015819,-25.563005447387695,27,20,0.416403785488959,0.621641812004316,0.7694214267375113,ok
AP018254.1,2048743,2048439,0,305,57.60186713238007,4.926618005353667,0.3852287919828729,0.600920654636076,-36.647705078125,27,21,0.4163934426229508,0.5346310648972219,0.6662639274521377,ok
FCNR01000022.1,60792,61107,0,316,74.93563705288271,3.6494260115887838,0.6623511330803795,0.580160212792304,-38.663604736328125,28,25,0.47151898734177217,0.5222560313478476,0.6382217447113531,ok
CP003359.1,241436,241776,0,341,80.08805457593243,3.290930420202631,0.6458104942943312,0.5592385508696261,-56.00168228149414,11,25,0.4046920821114369,0.5092324059860622,0.6083919630187903,ok
BKZW01000001.1,74691,75034,0,344,71.13434544512235,5.169090552628933,0.633489858789862,0.49404996059756545,-63.1406135559082,33,13,0.5203488372093024,0.44117035591938847,0.5547858288301791,ok
PGLV01000001.1,317233,317556,0,324,65.3070619193152,6.2698536518565655,0.6723431296159239,0.5397753183086771,-34.74520492553711,41,19,0.4012345679012346,0.4697862800183523,0.6252179548632559,ok
LSLL01000128.1,56152,55828,0,325,54.11915757080876,5.429153248698715,0.1759021340300721,0.5201408655128071,-72.0590591430664,23,26,0.48307692307692307,0.4834018368700042,0.5552409590306645,ok
QSNL01000028.1,6613,6946,0,334,19.00447317891222,3.287073186186395,0.5568009442177664,0.5297176322102443,-66.10565948486328,27,16,0.49700598802395207,0.504044942523154,0.5472112526638943,ok
QTVG01000001.1,225848,225518,0,331,45.27272372896575,4.6459413844040585,0.2581346435504067,0.7664130063197411,-22.182069778442383,35,34,0.37462235649546827,0.7040122995193078,0.8150936041945963,ok
QSNL01000028.1,6613,6946,0,334,19.00447317891222,3.287073186186395,0.5568009442177664,0.5297176322102443,-66.10565948486328,27,16,0.49700598802395207,0.504044942523154,0.5472112526638943,ok
BOPZ01000013.1,31253,30936,0,318,68.28739537232858,3.3568178691783292,0.596599099945043,0.7300397986480404,-20.351627349853516,25,66,0.3584905660377358,0.6646970054914394,0.7914773793907665,ok
QTVG01000001.1,225848,225518,0,331,45.27272372896575,4.6459413844040585,0.2581346435504067,0.7664130063197411,-22.182069778442383,35,34,0.37462235649546827,0.7040122995193078,0.8150936041945963,ok
QFGA01000001.1,2142402,2142085,0,318,80.10246349819127,3.662117929193964,0.6266918946313969,0.54213507157126,-51.083492279052734,51,14,0.48742138364779874,0.496719389066256,0.5887225354223424,ok
BOPZ01000013.1,31253,30936,0,318,68.28739537232858,3.3568178691783292,0.596599099945043,0.7300397986480404,-20.351627349853516,25,66,0.3584905660377358,0.6646970054914394,0.7914773793907665,ok
ALXI01000003.1,59949,59648,0,302,63.119803890668955,3.9953273776323166,0.543460498209253,0.710409563162953,-21.931699752807617,20,24,0.33112582781456956,0.6386634855184153,0.7800111695046045,ok
QFGA01000001.1,2142402,2142085,0,318,80.10246349819127,3.662117929193964,0.6266918946313969,0.54213507157126,-51.083492279052734,51,14,0.48742138364779874,0.496719389066256,0.5887225354223424,ok
FZOJ01000016.1,16294,15971,0,324,86.65549623375233,2.3147897692648667,0.6750123232398484,0.6056065616949264,-46.6908073425293,23,30,0.41358024691358025,0.5568197104764815,0.6495610527906444,ok
ALXI01000003.1,59949,59648,0,302,63.119803890668955,3.9953273776323166,0.543460498209253,0.710409563162953,-21.931699752807617,20,24,0.33112582781456956,0.6386634855184153,0.7800111695046045,ok
FZOJ01000016.1,16294,15971,0,324,86.65549623375233,2.3147897692648667,0.6750123232398484,0.6056065616949264,-46.6908073425293,23,30,0.41358024691358025,0.5568197104764815,0.6495610527906444,ok
JACDUU010000004.1,77769,77425,0,345,55.8058791282929,5.760479743425943,0.32803286201649695,0.5470421683451211,-58.342872619628906,36,13,0.4753623188405797,0.4831675605345906,0.6121754829218479,ok
JACDUU010000004.1,77769,77425,0,345,55.8058791282929,5.760479743425943,0.32803286201649695,0.5470421683451211,-58.342872619628906,36,13,0.4753623188405797,0.4831675605345906,0.6121754829218479,ok
BNJF01000001.1,1770812,1771169,0,358,78.6565525908786,4.24442385351465,0.6096990613213902,0.4777400747667513,-63.88633346557617,67,15,0.49441340782122906,0.4365131765748232,0.5224621709151122,ok
NIOJ01000007.1,101382,101701,0,320,57.96764130290678,6.020165836135537,0.3091274053101925,0.5659397569040823,-43.845890045166016,40,18,0.41875,0.5126375191212746,0.6235069182722348,ok
BNJF01000001.1,1770812,1771169,0,358,78.6565525908786,4.24442385351465,0.6096990613213902,0.4777400747667513,-63.88633346557617,67,15,0.49441340782122906,0.4365131765748232,0.5224621709151122,ok
NIOJ01000007.1,101382,101701,0,320,57.96764130290678,6.020165836135537,0.3091274053101925,0.5659397569040823,-43.845890045166016,40,18,0.41875,0.5126375191212746,0.6235069182722348,ok
LGTO01000007.1,259392,259745,0,354,65.54486225697212,4.999819384666907,0.42640843499615805,0.5335306644713125,-52.99420166015625,38,36,0.4632768361581921,0.4844559056656925,0.5865773926442235,ok
BHGK01000001.1,402886,402565,0,322,76.8833310592159,3.1254500774932974,0.6755070049885766,0.6670355181339365,-32.48035430908203,22,27,0.46273291925465837,0.609073390593702,0.722341289237938,ok
LGTO01000007.1,259392,259745,0,354,65.54486225697212,4.999819384666907,0.42640843499615805,0.5335306644713125,-52.99420166015625,38,36,0.4632768361581921,0.4844559056656925,0.5865773926442235,ok
BHGK01000001.1,402886,402565,0,322,76.8833310592159,3.1254500774932974,0.6755070049885766,0.6670355181339365,-32.48035430908203,22,27,0.46273291925465837,0.609073390593702,0.722341289237938,ok
CP063356.1,2915464,2915795,0,332,54.12564178926937,6.456617551490997,0.37744811587566696,0.5454625260198439,-42.83802032470703,27,19,0.4036144578313253,0.4623393277212894,0.6308711052775519,ok
FOJI01000013.1,18185,17861,0,325,46.39052984613242,7.497406964195927,0.2178280643015228,0.7137449637817923,-24.796607971191406,36,61,0.38153846153846155,0.6388073512099748,0.7753993583296718,ok
CP063356.1,2915464,2915795,0,332,54.12564178926937,6.456617551490997,0.37744811587566696,0.5454625260198439,-42.83802032470703,27,19,0.4036144578313253,0.4623393277212894,0.6308711052775519,ok
FOJI01000013.1,18185,17861,0,325,46.39052984613242,7.497406964195927,0.2178280643015228,0.7137449637817923,-24.796607971191406,36,61,0.38153846153846155,0.6388073512099748,0.7753993583296718,ok
RAYB01000021.1,26003,25656,0,348,49.74546060584527,6.667245728206131,0.10205012899780608,0.6272251740125107,-49.964908599853516,31,26,0.5028735632183908,0.5985084789199224,0.6535471613229208,ok
RAYB01000021.1,26003,25656,0,348,49.74546060584527,6.667245728206131,0.10205012899780608,0.6272251740125107,-49.964908599853516,31,26,0.5028735632183908,0.5985084789199224,0.6535471613229208,ok
CP019698.1,1833720,1834069,0,350,56.42031139689285,4.779320804536913,0.2452094758997307,0.47974744252239715,-67.35791015625,22,12,0.4857142857142857,0.435733819511875,0.5220901658105596,ok
CP020918.1,4024839,4024542,0,298,51.662953880710305,6.196842500780169,0.38802886951657284,0.623448477150062,-29.02450180053711,23,31,0.3523489932885906,0.5274177589952047,0.7150491324501318,ok
CP019698.1,1833720,1834069,0,350,56.42031139689285,4.779320804536913,0.2452094758997307,0.47974744252239715,-67.35791015625,22,12,0.4857142857142857,0.435733819511875,0.5220901658105596,ok
CP058649.1,4764959,4764615,0,345,79.83173981666285,2.4069158937377453,0.6993254047003491,0.7509634606404992,-19.155982971191406,17,53,0.3739130434782609,0.6941517925985865,0.8016970092642637,ok
CP020918.1,4024839,4024542,0,298,51.662953880710305,6.196842500780169,0.38802886951657284,0.623448477150062,-29.02450180053711,23,31,0.3523489932885906,0.5274177589952047,0.7150491324501318,ok
CP058649.1,4764959,4764615,0,345,79.83173981666285,2.4069158937377453,0.6993254047003491,0.7509634606404992,-19.155982971191406,17,53,0.3739130434782609,0.6941517925985865,0.8016970092642637,ok
CP036259.1,2333215,2332820,0,396,84.16982275543876,6.00678187368716,0.5382439254190103,0.46514803753654554,-90.53848266601562,59,36,0.5353535353535354,0.44944764038887197,0.48529630573404364,ok
CP042593.1,2898898,2898590,0,309,72.4651754959513,4.328259954946175,0.6512944458567513,0.591139969135402,-38.836875915527344,38,17,0.39805825242718446,0.5339078839176034,0.6516868448888682,ok
CP036259.1,2333215,2332820,0,396,84.16982275543876,6.00678187368716,0.5382439254190103,0.46514803753654554,-90.53848266601562,59,36,0.5353535353535354,0.44944764038887197,0.48529630573404364,ok
CP004121.1,3815441,3815143,0,299,79.88191779442803,3.2887561585677947,0.6465056729963694,0.7541623066268452,-17.729995727539062,19,49,0.35785953177257523,0.7040555708987535,0.8031346840317897,ok
CP042593.1,2898898,2898590,0,309,72.4651754959513,4.328259954946175,0.6512944458567513,0.591139969135402,-38.836875915527344,38,17,0.39805825242718446,0.5339078839176034,0.6516868448888682,ok
CP004121.1,3815441,3815143,0,299,79.88191779442803,3.2887561585677947,0.6465056729963694,0.7541623066268452,-17.729995727539062,19,49,0.35785953177257523,0.7040555708987535,0.8031346840317897,ok
SMGQ01000001.1,38456,38808,0,353,66.7193316255595,5.552498218429304,0.669799062073379,0.5444217222328455,-52.26749801635742,45,23,0.3909348441926346,0.47639329748343284,0.622590864240508,ok
SMGQ01000001.1,38456,38808,0,353,66.7193316255595,5.552498218429304,0.669799062073379,0.5444217222328455,-52.26749801635742,45,23,0.3909348441926346,0.47639329748343284,0.622590864240508,ok
CP006877.1,2249314,2248919,0,396,87.68115647818237,1.3381441107405028,0.4006920733751683,0.477544835525342,-106.99300384521484,24,23,0.6111111111111112,0.4534356592777301,0.4978383781852904,ok
CP006877.1,2249314,2248919,0,396,87.68115647818237,1.3381441107405028,0.4006920733751683,0.477544835525342,-106.99300384521484,24,23,0.6111111111111112,0.4534356592777301,0.4978383781852904,ok
SMSI01000002.1,141526,141889,0,364,48.801411931133245,7.745918315038932,0.06274494402629072,0.41561545583441273,-108.66830444335938,30,10,0.6263736263736264,0.39553117970320306,0.4337273940028657,ok
WHOD01000113.1,60626,60922,0,297,94.99999998372029,3.156531976542441,0.567200640159482,0.4946316928547568,-67.81602478027344,25,11,0.5387205387205387,0.46525260745004143,0.5241398787399494,ok
SMSI01000002.1,141526,141889,0,364,48.801411931133245,7.745918315038932,0.06274494402629072,0.41561545583441273,-108.66830444335938,30,10,0.6263736263736264,0.39553117970320306,0.4337273940028657,ok
JH725147.1,719213,719285,0,73,43.873739708677576,5.140785901370335,0.26670702224665577,0.6271441742305753,-11.230810165405273,10,31,0.4246575342465753,0.5559378820636647,0.6806560190912345,ok
JH165054.1,1577791,1577733,0,59,89.90181988374461,4.551265153078182,0.5535958589816572,0.6068711920896825,-13.671781539916992,6,14,0.576271186440678,0.58628797764833,0.6305358206990609,ok
JAAKDE010000023.1,21123,21051,0,73,70.60289112613394,6.753118143742283,0.5931834369707023,0.3938026910963652,-16.73040771484375,24,7,0.4657534246575342,0.35668097905949186,0.44314232566468204,ok
CACUVI010000026.1,109195,109272,0,78,59.03943648770068,1.0758704313234861,0.9639151936754385,0.6527456869397373,-9.687251091003418,18,20,0.48717948717948717,0.5965791571500767,0.6974333377386323,ok
WHOD01000113.1,60626,60922,0,297,94.99999998372029,3.156531976542441,0.567200640159482,0.4946316928547568,-67.81602478027344,25,11,0.5387205387205387,0.46525260745004143,0.5241398787399494,ok
LUUI01000047.1,12302,12378,0,77,79.35791096466225,3.816549274064984,0.6238601755881021,0.5493451345219208,-12.634880065917969,13,16,0.4155844155844156,0.5043321927678627,0.5962291301255411,ok
JH725147.1,719213,719285,0,73,43.873739708677576,5.140785901370335,0.26670702224665577,0.6271441742305753,-11.230810165405273,10,31,0.4246575342465753,0.5559378820636647,0.6806560190912345,ok
JH165054.1,1577791,1577733,0,59,89.90181988374461,4.551265153078182,0.5535958589816572,0.6068711920896825,-13.671781539916992,6,14,0.576271186440678,0.58628797764833,0.6305358206990609,ok
LT906462.1,1456074,1455985,0,90,76.28474817014376,2.4197776407440372,0.7264443563141174,0.8014000551282131,-4.000118255615234,7,25,0.37777777777777777,0.7383673295503301,0.8573762166013023,ok
JAAKDE010000023.1,21123,21051,0,73,70.60289112613394,6.753118143742283,0.5931834369707023,0.3938026910963652,-16.73040771484375,24,7,0.4657534246575342,0.35668097905949186,0.44314232566468204,ok
CP049861.1,2282483,2282531,0,49,73.52216492431671,7.8029828268544925,0.5524865130032951,0.5643461185649518,-6.499470233917236,11,15,0.4489795918367347,0.5438560411280766,0.5945151723333001,ok
AE003853.1,897781,897830,0,50,82.62186159579424,3.8175886822273575,0.6069899093952013,0.6004646864012998,-6.060455322265625,9,19,0.36,0.5611144271704462,0.6419042257634575,ok
CACUVI010000026.1,109195,109272,0,78,59.03943648770068,1.0758704313234861,0.9639151936754385,0.6527456869397373,-9.687251091003418,18,20,0.48717948717948717,0.5965791571500767,0.6974333377386323,ok
FUXI01000021.1,20361,20294,0,68,65.12832685950424,4.686229896955649,0.22886742208233213,0.5883172946817683,-15.069658279418945,8,16,0.5,0.5609070363435942,0.6171546221956807,ok
LUUI01000047.1,12302,12378,0,77,79.35791096466225,3.816549274064984,0.6238601755881021,0.5493451345219208,-12.634880065917969,13,16,0.4155844155844156,0.5043321927678627,0.5962291301255411,ok
CP049860.1,1176400,1176471,0,72,57.35928835447076,4.480967506807778,0.4569214533540993,0.5453650219676202,-10.956823348999023,20,15,0.4444444444444444,0.46809861288358945,0.6189664180677644,ok
LT906462.1,1456074,1455985,0,90,76.28474817014376,2.4197776407440372,0.7264443563141174,0.8014000551282131,-4.000118255615234,7,25,0.37777777777777777,0.7383673295503301,0.8573762166013023,ok
QVQV01000011.1,66852,66919,0,68,89.22645510484249,4.0944179377083465,0.5287773808389655,0.5950429368492217,-15.454483032226562,6,9,0.5294117647058824,0.5711163540837622,0.6212146105819554,ok
CP049861.1,2282483,2282531,0,49,73.52216492431671,7.8029828268544925,0.5524865130032951,0.5643461185649518,-6.499470233917236,11,15,0.4489795918367347,0.5438560411280766,0.5945151723333001,ok
CP018135.1,932940,932868,0,73,56.03151586478785,4.618759187950421,0.16331115695236975,0.4209215143670632,-20.665752410888672,22,5,0.5616438356164384,0.3915193678121941,0.4487646332461851,ok
AE003853.1,897781,897830,0,50,82.62186159579424,3.8175886822273575,0.6069899093952013,0.6004646864012998,-6.060455322265625,9,19,0.36,0.5611144271704462,0.6419042257634575,ok
FUXI01000021.1,20361,20294,0,68,65.12832685950424,4.686229896955649,0.22886742208233213,0.5883172946817683,-15.069658279418945,8,16,0.5,0.5609070363435942,0.6171546221956807,ok
JACVDC010000034.1,2124,2058,0,67,84.35918930515383,1.7164174545586837,0.3051189144235531,0.7081951280371638,-8.388253211975098,8,20,0.5373134328358209,0.6867509115072697,0.7264991739354797,ok
SLZG01000013.1,139760,139693,0,68,60.588570859033844,3.6469604478513338,0.5080675282791476,0.6890497775693497,-6.388088226318359,10,6,0.4852941176470588,0.6173989174241004,0.7548088656582104,ok
CP049860.1,1176400,1176471,0,72,57.35928835447076,4.480967506807778,0.4569214533540993,0.5453650219676202,-10.956823348999023,20,15,0.4444444444444444,0.46809861288358945,0.6189664180677644,ok
QWEV01000002.1,47656,47722,0,67,12.361276982394504,1.0396600596473178,0.6404345925319419,0.6731655413245469,-11.003154754638672,6,19,0.5074626865671642,0.648084200322422,0.6918486487845718,ok
QVQV01000011.1,66852,66919,0,68,89.22645510484249,4.0944179377083465,0.5287773808389655,0.5950429368492217,-15.454483032226562,6,9,0.5294117647058824,0.5711163540837622,0.6212146105819554,ok
JACJPJ010000050.1,1563,1630,0,68,94.9999686142573,3.7459859762201084,0.08184437295850988,0.6349577699138749,-15.061640739440918,6,19,0.5147058823529411,0.6314712963307668,0.638681159636768,ok
CP018135.1,932940,932868,0,73,56.03151586478785,4.618759187950421,0.16331115695236975,0.4209215143670632,-20.665752410888672,22,5,0.5616438356164384,0.3915193678121941,0.4487646332461851,ok
QVFV01000002.1,1067466,1067399,0,68,91.1770814820199,3.044659656131068,0.6079809795486324,0.5757731584345249,-11.872157096862793,10,13,0.5294117647058824,0.5395318809273378,0.6114008738420427,ok
JACVDC010000034.1,2124,2058,0,67,84.35918930515383,1.7164174545586837,0.3051189144235531,0.7081951280371638,-8.388253211975098,8,20,0.5373134328358209,0.6867509115072697,0.7264991739354797,ok
LEKT01000054.1,20510,20571,0,62,81.22663316306064,3.800625133576857,0.5000190419750975,0.6309065201596867,-11.443523406982422,8,19,0.41935483870967744,0.5972885890034608,0.6658740117277266,ok
SLZG01000013.1,139760,139693,0,68,60.588570859033844,3.6469604478513338,0.5080675282791476,0.6890497775693497,-6.388088226318359,10,6,0.4852941176470588,0.6173989174241004,0.7548088656582104,ok
CP000783.1,2750412,2750348,0,65,22.00666129662416,2.0277633975070932,0.6748966319250951,0.5754282442956239,-18.993270874023438,8,8,0.6153846153846154,0.525717720533898,0.6101853919218083,ok
QWEV01000002.1,47656,47722,0,67,12.361276982394504,1.0396600596473178,0.6404345925319419,0.6731655413245469,-11.003154754638672,6,19,0.5074626865671642,0.648084200322422,0.6918486487845718,ok
UAWT01000017.1,45439,45509,0,71,51.25156036231547,3.5575452132952217,0.5371680953238833,0.5967022521392206,-7.932647228240967,22,5,0.5211267605633803,0.5022003758831088,0.676100771167656,ok
JACJPJ010000050.1,1563,1630,0,68,94.9999686142573,3.7459859762201084,0.08184437295850988,0.6349577699138749,-15.061640739440918,6,19,0.5147058823529411,0.6314712963307668,0.638681159636768,ok
QVQV01000011.1,126097,126034,0,64,60.259570597264684,6.41179479532439,0.1778148665917315,0.6258871765391648,-12.153543472290039,5,9,0.515625,0.6000131130397028,0.6561519798366615,ok
QVFV01000002.1,1067466,1067399,0,68,91.1770814820199,3.044659656131068,0.6079809795486324,0.5757731584345249,-11.872157096862793,10,13,0.5294117647058824,0.5395318809273378,0.6114008738420427,ok
LEKT01000054.1,20510,20571,0,62,81.22663316306064,3.800625133576857,0.5000190419750975,0.6309065201596867,-11.443523406982422,8,19,0.41935483870967744,0.5972885890034608,0.6658740117277266,ok
QGGI01000019.1,17515,17645,0,131,43.337738375363166,14.772867774021046,0.09066159675266416,0.7127708819465352,-12.182401657104492,10,27,0.3435114503816794,0.6626137015435678,0.7400076682193609,ok
CP000783.1,2750412,2750348,0,65,22.00666129662416,2.0277633975070932,0.6748966319250951,0.5754282442956239,-18.993270874023438,8,8,0.6153846153846154,0.525717720533898,0.6101853919218083,ok
NOJY02000009.1,85871,85929,0,59,51.82603091478735,5.437285035658992,0.09970096388416261,0.7746259072683265,-8.860969543457031,5,19,0.423728813559322,0.7516725599419879,0.7957454065910885,ok
UAWT01000017.1,45439,45509,0,71,51.25156036231547,3.5575452132952217,0.5371680953238833,0.5967022521392206,-7.932647228240967,22,5,0.5211267605633803,0.5022003758831088,0.676100771167656,ok
FMJP01000549.1,327,282,0,46,42.901317093535035,5.33839229878442,0.2232254495878494,0.6358606185569096,-8.265674591064453,7,24,0.32608695652173914,0.574152294539633,0.6808501003154019,ok
QVQV01000011.1,126097,126034,0,64,60.259570597264684,6.41179479532439,0.1778148665917315,0.6258871765391648,-12.153543472290039,5,9,0.515625,0.6000131130397028,0.6561519798366615,ok
CP001779.1,556051,556184,0,134,68.9888889688584,6.709129604737346,0.6095126302280636,0.6280531109082298,-15.480405807495117,16,27,0.29850746268656714,0.5845143212777203,0.6852439212190667,ok
QGGI01000019.1,17515,17645,0,131,43.337738375363166,14.772867774021046,0.09066159675266416,0.7127708819465352,-12.182401657104492,10,27,0.3435114503816794,0.6626137015435678,0.7400076682193609,ok
CP074575.1,1511707,1511777,0,71,74.3649376480166,3.98485294348607,0.6506927021844264,0.6603620975206151,-5.174331188201904,13,15,0.352112676056338,0.6048933054709931,0.717883860951094,ok
NOJY02000009.1,85871,85929,0,59,51.82603091478735,5.437285035658992,0.09970096388416261,0.7746259072683265,-8.860969543457031,5,19,0.423728813559322,0.7516725599419879,0.7957454065910885,ok
QPJY01000006.1,195902,195793,0,110,74.88212316461026,4.434017629392489,0.6278069116076123,0.5890889699054099,-14.65558910369873,17,13,0.4909090909090909,0.5402913389908659,0.6421614942974593,ok
FMJP01000549.1,327,282,0,46,42.901317093535035,5.33839229878442,0.2232254495878494,0.6358606185569096,-8.265674591064453,7,24,0.32608695652173914,0.574152294539633,0.6808501003154019,ok
PUGF01000020.1,75220,75111,0,110,60.814969482229785,8.312819390371406,0.7178226346866312,0.5711209713692226,-7.537480354309082,25,14,0.38181818181818183,0.4831623705260877,0.6915151020629229,ok
CP001779.1,556051,556184,0,134,68.9888889688584,6.709129604737346,0.6095126302280636,0.6280531109082298,-15.480405807495117,16,27,0.29850746268656714,0.5845143212777203,0.6852439212190667,ok
CP074575.1,1511707,1511777,0,71,74.3649376480166,3.98485294348607,0.6506927021844264,0.6603620975206151,-5.174331188201904,13,15,0.352112676056338,0.6048933054709931,0.717883860951094,ok
FR900673.1,1998,1772,0,227,55.15223283717066,5.803092602195384,0.23275608642221635,0.5870483597759839,-39.6610221862793,14,18,0.47577092511013214,0.5400171013731521,0.63452511778335,ok
QPJY01000006.1,195902,195793,0,110,74.88212316461026,4.434017629392489,0.6278069116076123,0.5890889699054099,-14.65558910369873,17,13,0.4909090909090909,0.5402913389908659,0.6421614942974593,ok
BBML01000007.1,35624,35735,0,112,70.02870162689278,5.224911504763906,0.6439408987775105,0.6195472062917716,-11.796152114868164,12,32,0.29464285714285715,0.5620930134928511,0.6855786503721931,ok
PUGF01000020.1,75220,75111,0,110,60.814969482229785,8.312819390371406,0.7178226346866312,0.5711209713692226,-7.537480354309082,25,14,0.38181818181818183,0.4831623705260877,0.6915151020629229,ok
NQMR01000069.1,15906,15818,0,89,54.14892437565796,6.1878684761446685,0.3645177083051706,0.6437794064975545,-8.813712120056152,8,11,0.33707865168539325,0.564702600983785,0.7242187891728255,ok
BDHH01000014.1,61754,61666,0,89,69.30426218691741,4.277462659643,0.6876794775463566,0.6960586601357304,-6.945738315582275,8,29,0.33707865168539325,0.6249239324544834,0.7699308426701557,ok
FR900673.1,1998,1772,0,227,55.15223283717066,5.803092602195384,0.23275608642221635,0.5870483597759839,-39.6610221862793,14,18,0.47577092511013214,0.5400171013731521,0.63452511778335,ok
SCWB01000001.1,122163,122250,0,88,57.187810178368224,6.161151107994095,0.40649548098486155,0.6744391760988878,-9.25796890258789,7,20,0.42045454545454547,0.6008692597918556,0.7537407205111492,ok
BBML01000007.1,35624,35735,0,112,70.02870162689278,5.224911504763906,0.6439408987775105,0.6195472062917716,-11.796152114868164,12,32,0.29464285714285715,0.5620930134928511,0.6855786503721931,ok
APLF01000013.1,27197,27285,0,89,70.75707906558543,7.986984414752354,0.567890341438257,0.6192387164512531,-11.637943267822266,11,19,0.38202247191011235,0.592316882865888,0.6584185403868104,ok
NQMR01000069.1,15906,15818,0,89,54.14892437565796,6.1878684761446685,0.3645177083051706,0.6437794064975545,-8.813712120056152,8,11,0.33707865168539325,0.564702600983785,0.7242187891728255,ok
NGKC01000005.1,23115,23201,0,87,50.953003434283566,9.408409672570679,0.38260539615112404,0.6275390051588435,-7.242144584655762,19,15,0.41379310344827586,0.5131793973416842,0.7525378107437865,ok
BDHH01000014.1,61754,61666,0,89,69.30426218691741,4.277462659643,0.6876794775463566,0.6960586601357304,-6.945738315582275,8,29,0.33707865168539325,0.6249239324544834,0.7699308426701557,ok
CP018866.1,1371744,1371832,0,89,70.19075143656718,4.500401249690317,0.6692539961767499,0.6100045523901598,-8.794069290161133,16,12,0.39325842696629215,0.5448315891323179,0.6799973500494002,ok
SCWB01000001.1,122163,122250,0,88,57.187810178368224,6.161151107994095,0.40649548098486155,0.6744391760988878,-9.25796890258789,7,20,0.42045454545454547,0.6008692597918556,0.7537407205111492,ok
JACHEN010000017.1,51153,51040,0,114,94.99999999782152,2.8830450907986136,0.5962985020677237,0.748227423877426,-8.577147483825684,12,30,0.39473684210526316,0.7144925988112992,0.7809799336492702,ok
APLF01000013.1,27197,27285,0,89,70.75707906558543,7.986984414752354,0.567890341438257,0.6192387164512531,-11.637943267822266,11,19,0.38202247191011235,0.592316882865888,0.6584185403868104,ok
BLAW01000001.1,938922,939008,0,87,46.83511746561912,6.895964763832708,0.12709086684076187,0.6348683350744971,-11.76598834991455,10,18,0.40229885057471265,0.5940650454325517,0.668647829581993,ok
NGKC01000005.1,23115,23201,0,87,50.953003434283566,9.408409672570679,0.38260539615112404,0.6275390051588435,-7.242144584655762,19,15,0.41379310344827586,0.5131793973416842,0.7525378107437865,ok
CP002175.1,187732,187818,0,87,64.78589937713134,7.060594534768043,0.6579709473191089,0.6074640864421323,-8.615729331970215,14,11,0.28735632183908044,0.5439205554032762,0.6903928567877811,ok
CP018866.1,1371744,1371832,0,89,70.19075143656718,4.500401249690317,0.6692539961767499,0.6100045523901598,-8.794069290161133,16,12,0.39325842696629215,0.5448315891323179,0.6799973500494002,ok
PKGZ01000003.1,156115,156029,0,87,72.278743410579,5.095081265236822,0.6240508729136179,0.6521516440191423,-10.052610397338867,13,21,0.47126436781609193,0.6033489019179534,0.7080745787673082,ok
JACHEN010000017.1,51153,51040,0,114,94.99999999782152,2.8830450907986136,0.5962985020677237,0.748227423877426,-8.577147483825684,12,30,0.39473684210526316,0.7144925988112992,0.7809799336492702,ok
BORC01000009.1,95572,95422,0,151,66.7971039503954,5.599691712626186,0.6696153065790189,0.6649519905631135,-12.944402694702148,18,27,0.3841059602649007,0.5967748107014397,0.7439610619597817,ok
BLAW01000001.1,938922,939008,0,87,46.83511746561912,6.895964763832708,0.12709086684076187,0.6348683350744971,-11.76598834991455,10,18,0.40229885057471265,0.5940650454325517,0.668647829581993,ok
CP026604.1,622630,622512,0,119,79.40777268611852,2.013013105705066,0.7396569248915228,0.6179314525323777,-14.271522521972656,15,13,0.46218487394957986,0.5594912347412656,0.668674817472728,ok
CP002175.1,187732,187818,0,87,64.78589937713134,7.060594534768043,0.6579709473191089,0.6074640864421323,-8.615729331970215,14,11,0.28735632183908044,0.5439205554032762,0.6903928567877811,ok
PETE01000002.1,3122450,3122359,0,92,66.67960275967185,6.079283884764128,0.6547435826795331,0.6691505432065409,-9.000703811645508,10,30,0.29347826086956524,0.60698998099645,0.7443693956919045,ok
PKGZ01000003.1,156115,156029,0,87,72.278743410579,5.095081265236822,0.6240508729136179,0.6521516440191423,-10.052610397338867,13,21,0.47126436781609193,0.6033489019179534,0.7080745787673082,ok
BORC01000009.1,95572,95422,0,151,66.7971039503954,5.599691712626186,0.6696153065790189,0.6649519905631135,-12.944402694702148,18,27,0.3841059602649007,0.5967748107014397,0.7439610619597817,ok
CP026604.1,622630,622512,0,119,79.40777268611852,2.013013105705066,0.7396569248915228,0.6179314525323777,-14.271522521972656,15,13,0.46218487394957986,0.5594912347412656,0.668674817472728,ok
PDCJ01000001.1,803705,804004,0,300,73.07852975673262,3.3297620883249284,0.6942046335716716,0.6046875472843124,-32.24152374267578,21,53,0.34,0.5389494278492472,0.6679927081494172,ok
PETE01000002.1,3122450,3122359,0,92,66.67960275967185,6.079283884764128,0.6547435826795331,0.6691505432065409,-9.000703811645508,10,30,0.29347826086956524,0.60698998099645,0.7443693956919045,ok
JAGSOJ010000001.1,308003,308192,0,190,83.80548785888062,2.9935776206750386,0.6418477332332239,0.5692547692967465,-30.6763916015625,12,33,0.4105263157894737,0.522971163689698,0.6137932994712871,ok
CM001773.1,1779482,1779663,0,182,76.75062774986753,4.992823594367416,0.5956338562410686,0.43631078455168376,-42.48716735839844,33,16,0.4065934065934066,0.39855698339375867,0.47994859861773725,ok
PDCJ01000001.1,803705,804004,0,300,73.07852975673262,3.3297620883249284,0.6942046335716716,0.6046875472843124,-32.24152374267578,21,53,0.34,0.5389494278492472,0.6679927081494172,ok
WKKI01000007.1,94574,94753,0,180,85.24534961358408,3.8932908612867565,0.5916891640997782,0.5111016502278272,-34.089378356933594,22,15,0.45555555555555555,0.4771249006946198,0.5473614151156528,ok
JAGSOJ010000001.1,308003,308192,0,190,83.80548785888062,2.9935776206750386,0.6418477332332239,0.5692547692967465,-30.6763916015625,12,33,0.4105263157894737,0.522971163689698,0.6137932994712871,ok
SWLG01000018.1,41038,40862,0,177,47.31782066343311,1.1166121639454403,1.0928715627977845,0.7042764459247767,-16.37654685974121,14,26,0.4406779661016949,0.6361558569133338,0.7577990473812231,ok
CM001773.1,1779482,1779663,0,182,76.75062774986753,4.992823594367416,0.5956338562410686,0.43631078455168376,-42.48716735839844,33,16,0.4065934065934066,0.39855698339375867,0.47994859861773725,ok
RAYR01000001.1,267495,267277,0,219,91.18219072013153,3.6530435842581612,0.5788814408571379,0.6022246902948086,-35.05780792236328,12,23,0.4657534246575342,0.5736244518907846,0.632183040682475,ok
WKKI01000007.1,94574,94753,0,180,85.24534961358408,3.8932908612867565,0.5916891640997782,0.5111016502278272,-34.089378356933594,22,15,0.45555555555555555,0.4771249006946198,0.5473614151156528,ok
CM001441.1,1825919,1826053,0,135,55.07477475480185,8.362128131574897,0.17523179342388467,0.5369305144784515,-22.685117721557617,9,9,0.48148148148148145,0.500432373218181,0.5814753165780875,ok
SWLG01000018.1,41038,40862,0,177,47.31782066343311,1.1166121639454403,1.0928715627977845,0.7042764459247767,-16.37654685974121,14,26,0.4406779661016949,0.6361558569133338,0.7577990473812231,ok
CP100350.1,3132224,3132361,0,138,46.87752245134076,6.964430888499784,0.26320560110681473,0.4533797453778578,-31.775745391845703,24,6,0.47101449275362317,0.3685807446915289,0.5243801923991903,ok
AMYT01000017.1,180987,180916,0,72,62.1467687836925,4.969677940386672,0.43861045668549026,0.6288949772515197,-8.724109649658203,16,17,0.4166666666666667,0.5686540304311869,0.6924562123758897,ok
RAYR01000001.1,267495,267277,0,219,91.18219072013153,3.6530435842581612,0.5788814408571379,0.6022246902948086,-35.05780792236328,12,23,0.4657534246575342,0.5736244518907846,0.632183040682475,ok
BMLG01000028.1,7559,7675,0,117,94.99995777540224,3.2943567175817687,0.5306164417479474,0.49348327139881193,-26.861202239990234,14,12,0.46153846153846156,0.4667912233371228,0.5207307938679618,ok
CM001441.1,1825919,1826053,0,135,55.07477475480185,8.362128131574897,0.17523179342388467,0.5369305144784515,-22.685117721557617,9,9,0.48148148148148145,0.500432373218181,0.5814753165780875,ok
JH165061.1,1113513,1113651,0,139,76.2116365637805,5.1789337168909,0.5931964545673518,0.5264989152686029,-24.790889739990234,14,16,0.4244604316546763,0.48956682136050095,0.5699144709127768,ok
CP100350.1,3132224,3132361,0,138,46.87752245134076,6.964430888499784,0.26320560110681473,0.4533797453778578,-31.775745391845703,24,6,0.47101449275362317,0.3685807446915289,0.5243801923991903,ok
AMYT01000017.1,180987,180916,0,72,62.1467687836925,4.969677940386672,0.43861045668549026,0.6288949772515197,-8.724109649658203,16,17,0.4166666666666667,0.5686540304311869,0.6924562123758897,ok
CP001022.1,21601,21809,0,209,82.36090842563964,3.0116632256529634,0.6165700613723846,0.5552224028729258,-37.27427673339844,13,29,0.49760765550239233,0.5092092203437653,0.5993583219697176,ok
BMLG01000028.1,7559,7675,0,117,94.99995777540224,3.2943567175817687,0.5306164417479474,0.49348327139881193,-26.861202239990234,14,12,0.46153846153846156,0.4667912233371228,0.5207307938679618,ok
FNDU01000005.1,292770,292618,0,153,48.80687974075174,4.580963404469808,0.25565442721939247,0.7232978509781138,-14.859604835510254,11,54,0.48366013071895425,0.6656663413098878,0.7714903129212288,ok
JH165061.1,1113513,1113651,0,139,76.2116365637805,5.1789337168909,0.5931964545673518,0.5264989152686029,-24.790889739990234,14,16,0.4244604316546763,0.48956682136050095,0.5699144709127768,ok
CP002696.1,802173,802315,0,143,48.668463171815915,9.560765719000013,0.24177746521244647,0.6114675116869935,-18.096580505371094,25,17,0.4405594405594406,0.525785813348327,0.6938276749636084,ok
CP001022.1,21601,21809,0,209,82.36090842563964,3.0116632256529634,0.6165700613723846,0.5552224028729258,-37.27427673339844,13,29,0.49760765550239233,0.5092092203437653,0.5993583219697176,ok
KV786949.1,39525,39384,0,142,66.5817532229804,3.066096075660868,0.7791967883639426,0.6356860921306082,-12.933947563171387,29,13,0.4507042253521127,0.5473810430233707,0.716479333181234,ok
FNDU01000005.1,292770,292618,0,153,48.80687974075174,4.580963404469808,0.25565442721939247,0.7232978509781138,-14.859604835510254,11,54,0.48366013071895425,0.6656663413098878,0.7714903129212288,ok
QRCT01000051.1,68267,68130,0,138,13.216924986957775,2.5170971099381867,0.5380693850889692,0.581772539143221,-25.465145111083984,12,13,0.35507246376811596,0.5670261354448057,0.5930689586172722,ok
WVHT01000003.1,153730,153592,0,139,50.10082338086745,5.778210967153139,0.20881122625908477,0.6265194502634245,-14.756019592285156,16,22,0.4316546762589928,0.5732377521115858,0.6741484458671884,ok
CP002696.1,802173,802315,0,143,48.668463171815915,9.560765719000013,0.24177746521244647,0.6114675116869935,-18.096580505371094,25,17,0.4405594405594406,0.525785813348327,0.6938276749636084,ok
MAQX01000035.1,160596,160458,0,139,67.16882869393048,3.8307549764696756,0.44661053942144924,0.6310728718282131,-16.404541015625,8,46,0.45323741007194246,0.5803629117931058,0.68082470083442,ok
KV786949.1,39525,39384,0,142,66.5817532229804,3.066096075660868,0.7791967883639426,0.6356860921306082,-12.933947563171387,29,13,0.4507042253521127,0.5473810430233707,0.716479333181234,ok
FNIF01000004.1,52349,52212,0,138,69.97324253460658,4.25718572743965,0.6792269916700086,0.6296939362028334,-15.751642227172852,9,15,0.39855072463768115,0.5623509845097142,0.6995205108940302,ok
QRCT01000051.1,68267,68130,0,138,13.216924986957775,2.5170971099381867,0.5380693850889692,0.581772539143221,-25.465145111083984,12,13,0.35507246376811596,0.5670261354448057,0.5930689586172722,ok
WVHT01000003.1,153730,153592,0,139,50.10082338086745,5.778210967153139,0.20881122625908477,0.6265194502634245,-14.756019592285156,16,22,0.4316546762589928,0.5732377521115858,0.6741484458671884,ok
JANCMU010000002.1,205567,205705,0,139,44.35114861342621,4.677982806139557,0.25160526240641734,0.6402184868037573,-15.116921424865723,16,22,0.381294964028777,0.5784526097449151,0.6868260705951285,ok
MAQX01000035.1,160596,160458,0,139,67.16882869393048,3.8307549764696756,0.44661053942144924,0.6310728718282131,-16.404541015625,8,46,0.45323741007194246,0.5803629117931058,0.68082470083442,ok
CP058559.1,208020,207869,0,152,67.36042230647715,2.8138302249118183,0.7401447816098905,0.6577669858754344,-13.19539737701416,13,32,0.3881578947368421,0.5777645423699205,0.7293250690644485,ok
FNIF01000004.1,52349,52212,0,138,69.97324253460658,4.25718572743965,0.6792269916700086,0.6296939362028334,-15.751642227172852,9,15,0.39855072463768115,0.5623509845097142,0.6995205108940302,ok
JAGYPF010000009.1,47337,47193,0,145,94.99999999982259,2.202279538983702,0.5215820529977834,0.6537150506968976,-21.936941146850586,11,25,0.36551724137931035,0.6204779472436175,0.683805083308261,ok
JANCMU010000002.1,205567,205705,0,139,44.35114861342621,4.677982806139557,0.25160526240641734,0.6402184868037573,-15.116921424865723,16,22,0.381294964028777,0.5784526097449151,0.6868260705951285,ok
WAGX01000008.1,150076,150214,0,139,52.97226150778248,4.450402546518937,0.2955596960990924,0.6232478653725327,-19.51374626159668,12,13,0.33093525179856115,0.5649209443719194,0.6751834190936511,ok
CP058559.1,208020,207869,0,152,67.36042230647715,2.8138302249118183,0.7401447816098905,0.6577669858754344,-13.19539737701416,13,32,0.3881578947368421,0.5777645423699205,0.7293250690644485,ok
QEQF01000009.1,48296,48132,0,165,61.75230745632389,2.3032306273532064,0.8833846341842633,0.6997189362607332,-12.03607177734375,21,40,0.3575757575757576,0.6043048773038819,0.7802250916029678,ok
JAGYPF010000009.1,47337,47193,0,145,94.99999999982259,2.202279538983702,0.5215820529977834,0.6537150506968976,-21.936941146850586,11,25,0.36551724137931035,0.6204779472436175,0.683805083308261,ok
JAEVYN010000002.1,582676,582815,0,140,56.0054610242524,5.9445432918604,0.3411116136193539,0.5091645762597298,-22.08271026611328,24,9,0.5,0.4430358545719703,0.5776226306238923,ok
WAGX01000008.1,150076,150214,0,139,52.97226150778248,4.450402546518937,0.2955596960990924,0.6232478653725327,-19.51374626159668,12,13,0.33093525179856115,0.5649209443719194,0.6751834190936511,ok
JACHHV010000002.1,45221,45058,0,164,46.734520525891206,5.696742013130619,0.22730251280438862,0.6760540479638074,-14.573957443237305,29,55,0.4634146341463415,0.6124292494015662,0.7276768136349049,ok
QEQF01000009.1,48296,48132,0,165,61.75230745632389,2.3032306273532064,0.8833846341842633,0.6997189362607332,-12.03607177734375,21,40,0.3575757575757576,0.6043048773038819,0.7802250916029678,ok
CP058557.1,1310995,1311145,0,151,79.10633586346128,5.336249496239635,0.5722191688512619,0.4358828553915421,-38.665130615234375,23,12,0.37748344370860926,0.40750732866077743,0.4703006165160284,ok
JAEVYN010000002.1,582676,582815,0,140,56.0054610242524,5.9445432918604,0.3411116136193539,0.5091645762597298,-22.08271026611328,24,9,0.5,0.4430358545719703,0.5776226306238923,ok
KB291615.1,77827,77671,0,157,48.125390411473056,6.648814418172111,0.3183868210494538,0.6809662743481549,-11.001092910766602,37,26,0.3184713375796178,0.5854778067920755,0.7637082582813612,ok
JACHHV010000002.1,45221,45058,0,164,46.734520525891206,5.696742013130619,0.22730251280438862,0.6760540479638074,-14.573957443237305,29,55,0.4634146341463415,0.6124292494015662,0.7276768136349049,ok
AZKM01000016.1,9333,9198,0,136,49.23522460618225,7.019951649892049,0.21929878494854138,0.7485842715289066,-10.204877853393555,6,23,0.375,0.6836278690801901,0.807694656225681,ok
CP058557.1,1310995,1311145,0,151,79.10633586346128,5.336249496239635,0.5722191688512619,0.4358828553915421,-38.665130615234375,23,12,0.37748344370860926,0.40750732866077743,0.4703006165160284,ok
JACYMF010000020.1,3400,3545,0,146,47.86766958660277,3.663485060849674,0.3027429208390373,0.5918351330305041,-21.574501037597656,14,22,0.410958904109589,0.5342396285651195,0.638586946679783,ok
KB291615.1,77827,77671,0,157,48.125390411473056,6.648814418172111,0.3183868210494538,0.6809662743481549,-11.001092910766602,37,26,0.3184713375796178,0.5854778067920755,0.7637082582813612,ok
MZGV01000022.1,21482,21330,0,153,74.08497409220816,5.50377811002745,0.5961762613332741,0.6458623934636237,-18.427200317382812,11,19,0.42483660130718953,0.6075791388587173,0.6919896610543831,ok
AZKM01000016.1,9333,9198,0,136,49.23522460618225,7.019951649892049,0.21929878494854138,0.7485842715289066,-10.204877853393555,6,23,0.375,0.6836278690801901,0.807694656225681,ok
AP018794.1,3354557,3354419,0,139,92.88789711692766,2.5738909878954357,0.6298409661471555,0.6272405595647337,-25.47528839111328,10,34,0.38848920863309355,0.5879543950531674,0.6639896576440939,ok
JACYMF010000020.1,3400,3545,0,146,47.86766958660277,3.663485060849674,0.3027429208390373,0.5918351330305041,-21.574501037597656,14,22,0.410958904109589,0.5342396285651195,0.638586946679783,ok
ADAD01000161.1,21370,21523,0,154,71.49952970570361,4.894440785236275,0.6391913493397308,0.615211401153857,-14.771171569824219,12,19,0.3181818181818182,0.560894834643412,0.6761781200269038,ok
MZGV01000022.1,21482,21330,0,153,74.08497409220816,5.50377811002745,0.5961762613332741,0.6458623934636237,-18.427200317382812,11,19,0.42483660130718953,0.6075791388587173,0.6919896610543831,ok
WHJC01000163.1,5778,5629,0,150,53.979229187292354,4.6356681071677235,0.5057076784754126,0.5670031526423587,-16.05957794189453,38,26,0.36666666666666664,0.4684090342600995,0.6574296068243419,ok
AP018794.1,3354557,3354419,0,139,92.88789711692766,2.5738909878954357,0.6298409661471555,0.6272405595647337,-25.47528839111328,10,34,0.38848920863309355,0.5879543950531674,0.6639896576440939,ok
AE003852.1,1198970,1199152,0,183,84.17244470489662,3.3280541438989473,0.6233675005039627,0.4836986423490642,-36.84280014038086,13,11,0.47540983606557374,0.4405384754972863,0.5271860113766544,ok
ADAD01000161.1,21370,21523,0,154,71.49952970570361,4.894440785236275,0.6391913493397308,0.615211401153857,-14.771171569824219,12,19,0.3181818181818182,0.560894834643412,0.6761781200269038,ok
FQYQ01000007.1,113762,113585,0,178,78.25618965666114,5.010988728274437,0.585740372865616,0.6157438014511297,-21.343313217163086,15,32,0.4157303370786517,0.5822093903476415,0.6549209550820337,ok
WHJC01000163.1,5778,5629,0,150,53.979229187292354,4.6356681071677235,0.5057076784754126,0.5670031526423587,-16.05957794189453,38,26,0.36666666666666664,0.4684090342600995,0.6574296068243419,ok
CP038493.1,144824,145018,0,195,64.81401021976261,8.504109456396709,0.6257177157317392,0.4822987537140928,-31.236515045166016,23,15,0.41025641025641024,0.4322303083413349,0.5550795696028173,ok
AE003852.1,1198970,1199152,0,183,84.17244470489662,3.3280541438989473,0.6233675005039627,0.4836986423490642,-36.84280014038086,13,11,0.47540983606557374,0.4405384754972863,0.5271860113766544,ok
JMCG01000002.1,202767,202586,0,182,75.96413004155093,4.354176637358231,0.6227582996207465,0.6254383467447758,-23.245662689208984,16,26,0.4230769230769231,0.5785749381505487,0.6758535400054652,ok
FQYQ01000007.1,113762,113585,0,178,78.25618965666114,5.010988728274437,0.585740372865616,0.6157438014511297,-21.343313217163086,15,32,0.4157303370786517,0.5822093903476415,0.6549209550820337,ok
LVZN01000056.1,79990,79749,0,242,58.76311230259334,5.264957205404085,0.4505861773621599,0.6689038250465482,-19.120424270629883,28,47,0.40082644628099173,0.5949825928241909,0.7451425012175418,ok
CP038493.1,144824,145018,0,195,64.81401021976261,8.504109456396709,0.6257177157317392,0.4822987537140928,-31.236515045166016,23,15,0.41025641025641024,0.4322303083413349,0.5550795696028173,ok
LNTY01000034.1,342431,342612,0,182,86.53523927786797,1.789015406386787,0.7240333797581189,0.4955170286689352,-32.70060348510742,21,11,0.44505494505494503,0.4447569796207882,0.539570249045398,ok
JMCG01000002.1,202767,202586,0,182,75.96413004155093,4.354176637358231,0.6227582996207465,0.6254383467447758,-23.245662689208984,16,26,0.4230769230769231,0.5785749381505487,0.6758535400054652,ok
GL538353.1,456855,456665,0,191,74.07431011146956,3.755139498554541,0.6636327322863614,0.5933587522747351,-25.975868225097656,24,16,0.47643979057591623,0.5345778207693502,0.6527362595814719,ok
LVZN01000056.1,79990,79749,0,242,58.76311230259334,5.264957205404085,0.4505861773621599,0.6689038250465482,-19.120424270629883,28,47,0.40082644628099173,0.5949825928241909,0.7451425012175418,ok
KQ758674.1,10469,10302,0,168,48.69482969638024,7.638752562727442,0.19511561156447405,0.547955480338707,-25.14885139465332,14,17,0.44047619047619047,0.4858197960786242,0.6042080193769006,ok
LNTY01000034.1,342431,342612,0,182,86.53523927786797,1.789015406386787,0.7240333797581189,0.4955170286689352,-32.70060348510742,21,11,0.44505494505494503,0.4447569796207882,0.539570249045398,ok
KB944511.1,790425,790238,0,188,94.99999999674961,2.656117254102974,0.41617166620512247,0.595845445565285,-32.090721130371094,15,18,0.4946808510638298,0.5713355960209996,0.6190627121951843,ok
GL538353.1,456855,456665,0,191,74.07431011146956,3.755139498554541,0.6636327322863614,0.5933587522747351,-25.975868225097656,24,16,0.47643979057591623,0.5345778207693502,0.6527362595814719,ok
FR895977.1,47593,47764,0,172,70.72744240433613,4.462212120968408,0.6630849529802247,0.5352938752667206,-22.065336227416992,43,20,0.4418604651162791,0.4731458311170493,0.6016475984181059,ok
KQ758674.1,10469,10302,0,168,48.69482969638024,7.638752562727442,0.19511561156447405,0.547955480338707,-25.14885139465332,14,17,0.44047619047619047,0.4858197960786242,0.6042080193769006,ok
KB944511.1,790425,790238,0,188,94.99999999674961,2.656117254102974,0.41617166620512247,0.595845445565285,-32.090721130371094,15,18,0.4946808510638298,0.5713355960209996,0.6190627121951843,ok
NHPP01000002.1,379703,379979,0,277,85.41723003401678,2.053039916728134,0.7035799426625167,0.517510704738716,-48.38949203491211,31,22,0.4187725631768953,0.4659920171938783,0.5629665593370319,ok
FR895977.1,47593,47764,0,172,70.72744240433613,4.462212120968408,0.6630849529802247,0.5352938752667206,-22.065336227416992,43,20,0.4418604651162791,0.4731458311170493,0.6016475984181059,ok
FMDO01000007.1,298626,298813,0,188,94.99989239510938,3.5582961135086095,0.5705260172809566,0.6338428710421294,-27.300823211669922,11,21,0.4148936170212766,0.6080184037617561,0.6607738829929273,ok
BLAW01000001.1,531352,531150,0,203,44.396077094717086,6.04152335774779,0.11038466426805715,0.6254050932696631,-26.469751358032227,17,20,0.43349753694581283,0.5917204293232758,0.6507431183684884,ok
NHPP01000002.1,379703,379979,0,277,85.41723003401678,2.053039916728134,0.7035799426625167,0.517510704738716,-48.38949203491211,31,22,0.4187725631768953,0.4659920171938783,0.5629665593370319,ok
CP002629.1,2484291,2484103,0,189,41.93468016700188,15.137885366412718,0.029767780312654923,0.5849372271727615,-38.71052551269531,14,21,0.5502645502645502,0.568077664479374,0.5923571090471866,ok
FMDO01000007.1,298626,298813,0,188,94.99989239510938,3.5582961135086095,0.5705260172809566,0.6338428710421294,-27.300823211669922,11,21,0.4148936170212766,0.6080184037617561,0.6607738829929273,ok
JOJP01000001.1,3050891,3051005,0,115,76.12797156679098,5.260880172560817,0.5911942729622299,0.4161677457883159,-28.865270614624023,15,7,0.4782608695652174,0.38022157633938064,0.4590244788978046,ok
HF990865.1,106916,106844,0,73,61.735455889670625,5.581542678635533,0.6066430364021778,0.5764520534049976,-7.4455952644348145,20,7,0.3698630136986301,0.4928154317847404,0.6686587037152837,ok
BLAW01000001.1,531352,531150,0,203,44.396077094717086,6.04152335774779,0.11038466426805715,0.6254050932696631,-26.469751358032227,17,20,0.43349753694581283,0.5917204293232758,0.6507431183684884,ok
CP014304.1,3975839,3975736,0,104,47.712765847621235,4.831334109721763,0.15280848652990886,0.6078175632787239,-18.613391876220703,8,19,0.5865384615384616,0.5710089979189172,0.6379872927298166,ok
CP002629.1,2484291,2484103,0,189,41.93468016700188,15.137885366412718,0.029767780312654923,0.5849372271727615,-38.71052551269531,14,21,0.5502645502645502,0.568077664479374,0.5923571090471866,ok
MWWV01000004.1,215223,215118,0,106,36.36538507135812,6.723288917083133,0.07302615266546553,0.6394426107061627,-17.00589370727539,8,19,0.5660377358490566,0.6199588738947239,0.6504098316136608,ok
JOJP01000001.1,3050891,3051005,0,115,76.12797156679098,5.260880172560817,0.5911942729622299,0.4161677457883159,-28.865270614624023,15,7,0.4782608695652174,0.38022157633938064,0.4590244788978046,ok
HF990865.1,106916,106844,0,73,61.735455889670625,5.581542678635533,0.6066430364021778,0.5764520534049976,-7.4455952644348145,20,7,0.3698630136986301,0.4928154317847404,0.6686587037152837,ok
HF999800.1,77019,76820,0,200,35.165611201993045,4.266356344411004,0.37465535342794243,0.8683049181410198,-2.466367721557617,5,132,0.25,0.7961066367781919,0.9148647581664304,ok
CP014304.1,3975839,3975736,0,104,47.712765847621235,4.831334109721763,0.15280848652990886,0.6078175632787239,-18.613391876220703,8,19,0.5865384615384616,0.5710089979189172,0.6379872927298166,ok
WSFT01000019.1,127454,127238,0,217,61.29399674346292,2.9360781649615397,0.5395460352499221,0.7517827586856366,-12.87073802947998,9,37,0.31336405529953915,0.6838371733587932,0.8109877872959984,ok
MWWV01000004.1,215223,215118,0,106,36.36538507135812,6.723288917083133,0.07302615266546553,0.6394426107061627,-17.00589370727539,8,19,0.5660377358490566,0.6199588738947239,0.6504098316136608,ok
HF999800.1,77019,76820,0,200,35.165611201993045,4.266356344411004,0.37465535342794243,0.8683049181410198,-2.466367721557617,5,132,0.25,0.7961066367781919,0.9148647581664304,ok
WSFT01000019.1,127454,127238,0,217,61.29399674346292,2.9360781649615397,0.5395460352499221,0.7517827586856366,-12.87073802947998,9,37,0.31336405529953915,0.6838371733587932,0.8109877872959984,ok
LZZM01000187.1,26871,27195,0,325,70.40873807293892,3.0051627366347557,0.7388867166636264,0.6447825919995537,-28.476572036743164,29,47,0.3230769230769231,0.5688717819976684,0.7148993675637458,ok
LZZM01000187.1,26871,27195,0,325,70.40873807293892,3.0051627366347557,0.7388867166636264,0.6447825919995537,-28.476572036743164,29,47,0.3230769230769231,0.5688717819976684,0.7148993675637458,ok
JAGFPK010000001.1,2491111,2490733,0,379,74.12929985859388,7.090157482292366,0.4142578251947877,0.4328300343403435,-103.61852264404297,37,16,0.6358839050131926,0.4155089674992812,0.45713837326871004,ok
JAGFPK010000001.1,2491111,2490733,0,379,74.12929985859388,7.090157482292366,0.4142578251947877,0.4328300343403435,-103.61852264404297,37,16,0.6358839050131926,0.4155089674992812,0.45713837326871004,ok
QGTQ01000046.1,19613,19257,0,357,81.78267438742587,2.6275368676142774,0.36398835783418687,0.5141255391941771,-73.37052154541016,24,17,0.5182072829131653,0.4856442474365138,0.5403973063186323,ok
QGTQ01000046.1,19613,19257,0,357,81.78267438742587,2.6275368676142774,0.36398835783418687,0.5141255391941771,-73.37052154541016,24,17,0.5182072829131653,0.4856442474365138,0.5403973063186323,ok
AFDH01000100.1,64575,64227,0,349,73.88650543029722,4.934810656738333,0.6166262148837824,0.48810200072770105,-79.46829986572266,45,13,0.5759312320916905,0.44254606689085224,0.5398568206936504,ok
AFDH01000100.1,64575,64227,0,349,73.88650543029722,4.934810656738333,0.6166262148837824,0.48810200072770105,-79.46829986572266,45,13,0.5759312320916905,0.44254606689085224,0.5398568206936504,ok
LITU01000078.1,204585,204928,0,344,81.60218526104069,4.325925057613004,0.5915605679970969,0.4552929038677444,-82.68814086914062,26,14,0.5377906976744186,0.4204160127770859,0.493855631637917,ok
CP016757.1,3007422,3007763,0,342,94.99999999843442,2.798589808126848,0.5214490243042225,0.48723731656746017,-85.37055206298828,18,18,0.5175438596491229,0.45749223319289567,0.5159769968809781,ok
LITU01000078.1,204585,204928,0,344,81.60218526104069,4.325925057613004,0.5915605679970969,0.4552929038677444,-82.68814086914062,26,14,0.5377906976744186,0.4204160127770859,0.493855631637917,ok
CP016757.1,3007422,3007763,0,342,94.99999999843442,2.798589808126848,0.5214490243042225,0.48723731656746017,-85.37055206298828,18,18,0.5175438596491229,0.45749223319289567,0.5159769968809781,ok
ALJF01000023.1,172147,171774,0,374,94.99999999999999,3.2169162442887016,0.4281328514261161,0.47733298688326165,-101.10969543457031,25,13,0.6229946524064172,0.45572923693742695,0.4991234456412274,ok
ALJF01000023.1,172147,171774,0,374,94.99999999999999,3.2169162442887016,0.4281328514261161,0.47733298688326165,-101.10969543457031,25,13,0.6229946524064172,0.45572923693742695,0.4991234456412274,ok
CP010415.1,1777002,1777372,0,371,84.37952416721869,4.88876574602848,0.561829082597508,0.31079035908916536,-124.12110900878906,95,10,0.6145552560646901,0.28688310313244003,0.33900951363340803,ok
CP010415.1,1777002,1777372,0,371,84.37952416721869,4.88876574602848,0.561829082597508,0.31079035908916536,-124.12110900878906,95,10,0.6145552560646901,0.28688310313244003,0.33900951363340803,ok
FWXU01000007.1,189787,190155,0,369,66.71989092583613,4.584889419265416,0.17466150014688675,0.40100162840633474,-111.40831756591797,40,9,0.6178861788617886,0.3815029196027865,0.42152178204966506,ok
CM001240.1,5761585,5761266,0,320,47.18574682316129,8.663510603831394,0.2883193170967848,0.7517708405183393,-20.506160736083984,23,22,0.31875,0.6462304201577699,0.8424519950066608,ok
FWXU01000007.1,189787,190155,0,369,66.71989092583613,4.584889419265416,0.17466150014688675,0.40100162840633474,-111.40831756591797,40,9,0.6178861788617886,0.3815029196027865,0.42152178204966506,ok
CAJNBL010000007.1,24814,24471,0,344,51.53779872991156,5.602571100907039,0.21850319582867817,0.6186101028492373,-47.1915168762207,37,25,0.4941860465116279,0.5668687529451901,0.6662058909083678,ok
CM001240.1,5761585,5761266,0,320,47.18574682316129,8.663510603831394,0.2883193170967848,0.7517708405183393,-20.506160736083984,23,22,0.31875,0.6462304201577699,0.8424519950066608,ok
CAJNBL010000007.1,24814,24471,0,344,51.53779872991156,5.602571100907039,0.21850319582867817,0.6186101028492373,-47.1915168762207,37,25,0.4941860465116279,0.5668687529451901,0.6662058909083678,ok
UEYP01000004.1,95967,95591,0,377,94.99999998923246,2.716326682600993,0.2667621177608502,0.43327126422671486,-113.96244049072266,67,14,0.6578249336870027,0.4176615078916226,0.44826086862888875,ok
UEYP01000004.1,95967,95591,0,377,94.99999998923246,2.716326682600993,0.2667621177608502,0.43327126422671486,-113.96244049072266,67,14,0.6578249336870027,0.4176615078916226,0.44826086862888875,ok
VHLH01000023.1,18236,17865,0,372,91.05913435682056,5.1741643474514065,0.4928064088627946,0.42308160936528805,-112.3994369506836,24,11,0.6639784946236559,0.40997991621464347,0.4392271328225784,ok
VHLH01000023.1,18236,17865,0,372,91.05913435682056,5.1741643474514065,0.4928064088627946,0.42308160936528805,-112.3994369506836,24,11,0.6639784946236559,0.40997991621464347,0.4392271328225784,ok
