rfamseq_acc,seq_start,seq_end,label,seq_length,nupack_Tm,nupack_hill_coeff,nupack_amplitude,nupack_mean_exposure,nupack_MFE,nupack_max_stem_length,nupack_max_loop_length,nupack_gc_content,nupack_sd_pair_prob_10C,nupack_sd_pair_prob_80C,nupack_fit_status
GCF_000144695.1:NC_014378.1,422079,422208,0,130,86.94006128462271,4.211769115181734,0.5735616971994292,0.5755426173633046,-26.03609848022461,15,19,0.35384615384615387,0.5474447434203136,0.6065226097694197,ok
GCF_000024285.1:NC_013205.1,548300,548395,0,96,78.00661975972561,3.6574529727418663,0.6400458680222397,0.3637203552645078,-21.700794219970703,36,4,0.6041666666666666,0.31354812997966847,0.4147930513123484,ok
GCF_000024285.1:NC_013205.1,423753,423851,0,99,90.06685103283962,3.0133042474693497,0.6141644205436152,0.5157365224336935,-22.252792358398438,27,5,0.6464646464646465,0.47754030717167145,0.5531318063909989,ok
GCF_000024285.1:NC_013205.1,1770837,1770934,0,98,83.34021640356833,2.303139993482313,0.6927038370439444,0.5115145918144814,-20.695026397705078,29,5,0.5714285714285714,0.4585979792573955,0.5590872878548067,ok
GCF_000024285.1:NC_013205.1,2825248,2825341,0,94,94.99988599263331,3.8261886793866235,0.5333656175471897,0.4009531289425731,-31.200485229492188,23,6,0.6702127659574468,0.3793933647644395,0.4242104602699631,ok
GCF_000024285.1:NC_013205.1,1968378,1968475,0,98,82.3933406446043,4.461513545940742,0.5824234825770933,0.4405390094430686,-26.528873443603516,18,16,0.6530612244897959,0.40884537803258103,0.47605268569071707,ok
GCF_000024285.1:NC_013205.1,643727,643825,0,99,94.91242296820106,2.8708464844177106,0.5100565252440987,0.5450622459109015,-26.297760009765625,16,15,0.6666666666666666,0.5164691976837136,0.5727628921766369,ok
GCF_000024285.1:NC_013205.1,2776070,2776160,0,91,54.669338728315175,3.44784580138284,0.21103610470637035,0.6097504701132767,-13.970906257629395,13,13,0.5604395604395604,0.5758758019520146,0.6387761278777079,ok
GCF_000024285.1:NC_013205.1,1462171,1462274,0,104,59.31443706741738,9.93498250607481,0.47482280697506973,0.426758614083481,-25.642356872558594,13,12,0.625,0.36766556801364586,0.5160250158245099,ok
GCF_000024285.1:NC_013207.1,65846,65939,0,94,76.68315282523639,3.697013775432516,0.6472742647696305,0.42566009671942284,-21.69475555419922,15,10,0.574468085106383,0.37247045254161126,0.47956110168025956,ok
GCF_000024285.1:NC_013205.1,322370,322464,0,95,39.44160086826162,19.999999999999986,0.004309887376049759,0.4543973276059455,-24.5233097076416,29,6,0.6842105263157895,0.45188704176407557,0.45570872445870303,ok
GCF_000024285.1:NC_013205.1,328628,328724,0,97,70.79914952162585,5.7389586246237245,0.6172899145615265,0.4764491570881009,-22.802879333496094,15,10,0.5670103092783505,0.4297033218788137,0.5328412322954655,ok
GCF_000024285.1:NC_013205.1,1468938,1469036,0,99,89.95282355118448,1.5826581840794784,0.27269100543695685,0.5429825831912152,-22.429542541503906,24,23,0.6060606060606061,0.5255233116922616,0.5577558127797382,ok
GCF_000024285.1:NC_013206.1,48025,48115,0,91,59.940544234955844,7.541950500455414,0.2522431247123108,0.43404508590325547,-25.183246612548828,28,12,0.5604395604395604,0.3988357850883627,0.4789759458733888,ok
GCF_000024285.1:NC_013205.1,631635,631727,0,93,94.99868864783619,2.204763443696148,0.39403700049341733,0.45947383689243954,-22.220430374145508,13,10,0.6021505376344086,0.4344814203091658,0.48216287640057015,ok
GCF_000024285.1:NC_013205.1,440110,440211,0,102,94.99999999961616,2.6136474744975757,0.4881036614053086,0.49349992895133415,-19.051549911499023,26,11,0.5392156862745098,0.46445073438517454,0.5209632023033968,ok
GCF_000024285.1:NC_013205.1,1527993,1528086,0,94,53.01135010565319,8.071265063848994,0.27361226160296637,0.469879481998478,-23.123933792114258,13,6,0.5851063829787234,0.4023547661272188,0.5451631104221282,ok
GCF_000024285.1:NC_013205.1,633939,634036,0,98,62.54830811823228,3.5666560109535785,0.29046704708446935,0.6138974493167032,-14.498915672302246,17,10,0.5918367346938775,0.575604245833401,0.6493593986503252,ok
GCF_000024285.1:NC_013205.1,2825817,2825912,0,96,53.904777384542726,4.489027958205284,0.24363766121287872,0.5118051253808077,-15.92689323425293,25,11,0.5833333333333334,0.4649733952290439,0.5543068519184399,ok
GCF_000025305.1:NC_013740.1,1813491,1813588,0,98,77.02092837285196,4.960315105549914,0.5942156938044013,0.5568965559882321,-19.844940185546875,25,9,0.5918367346938775,0.5201500802535506,0.5993787130814084,ok
GCF_000024285.1:NC_013205.1,1616212,1616326,0,115,94.99999999759127,2.84723132304756,0.6001497277779162,0.5223742527935379,-25.10577392578125,20,19,0.6,0.48819650169676776,0.5556103953303196,ok
GCF_000024285.1:NC_013207.1,68155,68248,0,94,50.23358847849767,2.4067206816247944,0.3685079950467847,0.6074051631707494,-17.35318374633789,18,9,0.574468085106383,0.560353091689653,0.6452882836077398,ok
GCF_000024285.1:NC_013205.1,1485863,1485954,0,92,54.48629856035805,11.757123687644354,0.4124298564210432,0.4450326766784234,-20.297161102294922,31,6,0.5978260869565217,0.35832141905955167,0.5720695884152761,ok
GCF_000024285.1:NC_013205.1,2232568,2232665,0,98,64.58621452058136,5.912322048643141,0.49717143664381475,0.4369344919462346,-27.33655548095703,26,7,0.6122448979591837,0.3813400122479736,0.5021992398647236,ok
GCF_000025305.1:NC_013740.1,441744,441840,0,97,90.79518585624253,2.627748236030096,0.476612694677483,0.5200438742254424,-20.74969482421875,11,14,0.5773195876288659,0.4891691100180856,0.5490359204742953,ok
GCF_025149125.1:NZ_CP102272.1,1238203,1238298,0,96,40.35324243880186,17.029862731469333,0.05431143269356664,0.603004547333106,-19.786956787109375,7,21,0.59375,0.5716798582089176,0.612906522660003,ok
GCF_000024285.1:NC_013205.1,424967,425061,0,95,48.5496759065116,7.066569054106087,0.1075480671637763,0.5969603243517394,-19.300457000732422,16,16,0.6105263157894737,0.5639615193265051,0.6261070392248809,ok
GCF_000024285.1:NC_013205.1,2791543,2791629,0,87,77.76155298471586,3.7422465157170777,0.6369961840556351,0.4844043846784905,-25.295074462890625,15,12,0.6206896551724138,0.43489865725967414,0.5349479017954312,ok
GCF_000025305.1:NC_013740.1,51128,51222,0,95,93.29812396134487,2.186115458643709,0.1989488537653542,0.5963076851809541,-20.303117752075195,19,28,0.5684210526315789,0.5833208796774775,0.60802434156196,ok
GCF_025149125.1:NZ_CP102272.1,5377732,5377825,0,94,94.99999999457421,2.679344665620294,0.4363163559046844,0.4416448597459161,-31.210039138793945,27,8,0.6595744680851063,0.4159688945931928,0.46617369967831374,ok
GCF_000024285.1:NC_013205.1,2765097,2765206,0,110,61.331399555051064,4.642404500288296,0.437731376664297,0.47635561581924374,-28.591693878173828,19,9,0.6,0.41351249785268585,0.5399933517451819,ok
GCF_000025305.1:NC_013740.1,1338482,1338575,0,94,94.99999989464725,3.0522158268260986,0.3987127929918713,0.41228610612549366,-29.682798385620117,18,6,0.6170212765957447,0.3909832756539347,0.4334135738784156,ok
GCF_000022305.1:NC_011992.1,1370840,1370935,0,96,61.27255168614658,6.00520105941715,0.18201247613347982,0.6469673382566742,-18.354570388793945,11,12,0.6145833333333334,0.6217268790834679,0.6758292196583187,ok
GCF_000024285.1:NC_013205.1,1446994,1447089,0,96,76.81245445831532,6.915519985221802,0.5491248404693196,0.3960077069383811,-35.54435729980469,14,8,0.6875,0.3766960741094161,0.42299062351836997,ok
GCF_047936785.1:NZ_CP176394.1,529188,529296,0,109,49.98633081433657,5.803530832816507,0.23992423528970286,0.5484253013532714,-25.59424591064453,24,10,0.6605504587155964,0.48681778044003526,0.6035217160868723,ok
GCF_902729405.1:NZ_LR746496.1,880548,880674,0,127,86.52956207694052,1.8094944982493946,0.4188726421711402,0.5056570795829388,-30.592769622802734,23,21,0.6299212598425197,0.47641494528195827,0.5307965632277574,ok
GCF_000024285.1:NC_013207.1,81824,81915,0,92,86.63211633324781,2.5403742879558884,0.6579310531646729,0.6108934195621606,-14.523707389831543,12,10,0.6847826086956522,0.5640882712155081,0.6541622006816882,ok
GCF_000021485.1:NC_011761.1,2239839,2239962,0,124,82.3598277170909,2.89814360678487,0.500326352058751,0.40681025065580295,-35.862056732177734,29,5,0.6774193548387096,0.3689811762655069,0.44279254910438204,ok
GCF_000024285.1:NC_013206.1,10288,10381,0,94,54.27473180168117,3.537502478657357,0.2129713451428571,0.4813685143608695,-23.317792892456055,17,10,0.6382978723404256,0.4463744977791937,0.5117597845157552,ok
GCF_000025305.1:NC_013740.1,1504393,1504485,0,93,66.68681438172118,8.684151196087788,0.5941796151305387,0.42988468139850305,-25.942630767822266,17,9,0.5806451612903226,0.3937326465218995,0.48501500165749806,ok
GCF_000024285.1:NC_013205.1,116494,116582,0,89,89.73251988309495,3.242121520402403,0.6024582162262487,0.5970016773907122,-14.421473503112793,12,11,0.550561797752809,0.5618535636066738,0.6322104406294694,ok
GCF_000024285.1:NC_013205.1,3001511,3001603,0,93,73.5808069166022,5.514310287235189,0.6011326019135667,0.44925920676953307,-23.43082618713379,21,11,0.6129032258064516,0.40902206424945675,0.4976571262131981,ok
GCF_000164865.1:NC_014618.1,401267,401363,0,97,83.10760571870036,3.0274181458438862,0.643395722705488,0.49167792836568663,-20.416950225830078,17,10,0.6288659793814433,0.44473130451134624,0.5370023154337024,ok
GCF_000144625.1:NC_014376.1,4063347,4063436,0,90,64.04051136057885,6.250687870554425,0.27284061238469504,0.557487264035624,-20.13458251953125,10,23,0.4888888888888889,0.5268823330948433,0.5943578625390606,ok
GCF_000015865.1:NC_009012.1,200507,200611,0,105,79.15834391192199,2.150631104494955,0.7288817658016793,0.4761300041662582,-21.10427474975586,30,14,0.5142857142857142,0.41736493830832905,0.5275746996725053,ok
GCF_000025305.1:NC_013740.1,396313,396406,0,94,53.432265566291576,3.142355687453641,0.3782154319346699,0.5561566471809364,-15.955459594726562,18,14,0.5106382978723404,0.49815062802407456,0.6054206649189008,ok
GCF_025149125.1:NZ_CP102272.1,1238862,1238981,0,120,94.99999983977622,3.121502406972499,0.4031269988200119,0.4381533863618079,-38.509559631347656,22,6,0.6583333333333333,0.4171015966071126,0.45917608503215335,ok
GCF_000144625.1:NC_014376.1,2204550,2204651,0,102,84.3807172283425,3.1804068517785473,0.6283062682375415,0.666040507149674,-13.076997756958008,9,19,0.5882352941176471,0.6226986148500794,0.7085967387440217,ok
GCF_902729405.1:NZ_LR746496.1,1497540,1497637,0,98,94.99982510053252,4.0345372662187104,0.37231396446135845,0.45861332133444743,-28.99445915222168,16,7,0.6632653061224489,0.44475279654563865,0.4738617215966167,ok
GCF_000024285.1:NC_013205.1,1566016,1566101,0,86,52.386851921290635,3.8840643260551224,0.2989937915823567,0.6513829779649956,-10.658246994018555,9,18,0.5581395348837209,0.5966120169993752,0.6987537047486233,ok
GCF_025144545.1:NZ_CP102249.1,2056939,2057040,0,102,55.45848835971733,4.342281485399367,0.20228892889880024,0.5191878056898301,-26.90279197692871,11,7,0.5882352941176471,0.48288151789253647,0.552358583237541,ok
GCF_040267475.1:NZ_CP125628.1,3433946,3434041,0,96,51.18126122169573,7.225375719710338,0.10062332817267661,0.5671941248077813,-26.630695343017578,10,13,0.6354166666666666,0.5398617974515604,0.5941014029409576,ok
GCF_000025305.1:NC_013740.1,895631,895717,0,87,66.33727271486667,3.2331647179359524,0.2934806072511191,0.45844228695743405,-23.044918060302734,16,8,0.5632183908045977,0.42467969668764716,0.48970042934457053,ok
GCF_025149125.1:NZ_CP102272.1,6047854,6047958,0,105,51.20476360005013,6.330288905895871,0.19694423971792863,0.4962205468563721,-25.493789672851562,18,7,0.6095238095238096,0.44582484471380773,0.5438253498788103,ok
GCF_000022305.1:NC_011992.1,2064370,2064464,0,95,81.86059996071559,5.0617568247256,0.5670450114204781,0.38614502110839743,-32.15879440307617,21,5,0.7684210526315789,0.36001217774423633,0.4172823123744581,ok
GCF_000024285.1:NC_013205.1,1147404,1147502,0,99,74.03057076614189,5.466101154598684,0.4653310163792659,0.4875996313805981,-24.773019790649414,27,12,0.6363636363636364,0.45731059727698503,0.5236391536675162,ok
GCF_000024285.1:NC_013205.1,1545909,1545999,0,91,81.26619143251149,5.3464647696249274,0.5334012783224495,0.39427966656623065,-28.687458038330078,17,6,0.6483516483516484,0.37133273043168535,0.42241315825381587,ok
GCF_902729405.1:NZ_LR746496.1,3494774,3494863,0,90,94.26060443127542,3.524422127241355,0.5713553038781147,0.5570025208359842,-23.6561279296875,14,18,0.6222222222222222,0.5304494437913562,0.5846156341871539,ok
GCF_000024285.1:NC_013207.1,80110,80214,0,105,93.58823624847717,2.8216842298402445,0.6115928118195221,0.5468183517491928,-23.33440399169922,17,14,0.638095238095238,0.511069490506391,0.581179167764852,ok
GCF_025149125.1:NZ_CP102272.1,2991753,2991859,0,107,59.83783774772756,4.2928605934101425,0.2821457379532369,0.4887080653497589,-26.0999755859375,16,11,0.6542056074766355,0.4459642176909658,0.530030622735392,ok
GCF_000024285.1:NC_013205.1,2772836,2772928,0,93,50.22100965310279,4.703951092651378,0.2657853930234465,0.5170448739001151,-19.61004066467285,27,11,0.6021505376344086,0.458176404671272,0.5681580632538333,ok
GCF_000024285.1:NC_013205.1,273383,273473,0,91,46.53415950937115,7.140239743269699,0.20157877522867396,0.5616035873813696,-14.19007682800293,17,13,0.5274725274725275,0.4945116842249587,0.615972740536131,ok
GCF_013267415.1:NZ_CP053988.1,1145583,1145680,0,98,94.99999997436262,2.878572179176886,0.3763227140905552,0.4819885666488813,-27.291343688964844,14,10,0.6224489795918368,0.4609729729997308,0.5024688205517196,ok
GCF_047456285.1:NZ_CP174122.1,3040979,3041079,0,101,73.58778576756941,4.094483426600597,0.6021961066872126,0.4412045636245044,-25.326993942260742,17,11,0.5841584158415841,0.3892249738198984,0.4954173610062352,ok
GCF_000024285.1:NC_013205.1,1423020,1423114,0,95,72.96153119522916,3.9675959367251386,0.6633073953193884,0.5358708743848609,-15.354574203491211,16,22,0.5473684210526316,0.4760807261694954,0.5974839611334727,ok
GCF_025149125.1:NZ_CP102272.1,3004637,3004737,0,101,85.80848664191592,2.727491085515497,0.32894253051388284,0.5445271641058118,-19.736492156982422,26,12,0.6039603960396039,0.5211083942982044,0.5666171032849439,ok
GCF_004295125.1:NZ_CP036170.1,124410,124501,0,92,50.952600491751156,5.761077513061913,0.20047202532086567,0.5025100310999226,-20.26700782775879,17,10,0.5760869565217391,0.4530647922985569,0.5474894194521629,ok
GCF_000024285.1:NC_013205.1,561864,561970,0,107,49.197645851884,7.1190895088411255,0.2706494357506905,0.5845657704586521,-14.909456253051758,32,12,0.5514018691588785,0.5037949551844545,0.6587600797029247,ok
GCF_000021485.1:NC_011761.1,1642758,1642854,0,97,94.99999999999996,3.763051993169115,0.25328909872485017,0.4440941011292239,-34.88737106323242,15,17,0.6597938144329897,0.4334623759995101,0.4554611318246943,ok
GCF_000025305.1:NC_013740.1,2131213,2131304,0,92,48.200613402838705,7.1141362904143115,0.13488424010430844,0.678875163005709,-10.380403518676758,14,14,0.5652173913043478,0.6367560727497327,0.7157694026944073,ok
GCF_000024285.1:NC_013205.1,1656264,1656384,0,121,73.60850154758802,2.568791911876427,0.4132751104801428,0.49207715654452505,-29.715009689331055,11,8,0.6446280991735537,0.45392960858301534,0.5264034410439075,ok
GCF_047936785.1:NZ_CP176394.1,2305792,2305864,0,73,94.99817405985353,1.5726073042894098,0.5765447607969032,0.6210121176335224,-18.945451736450195,10,20,0.6438356164383562,0.5857269248535603,0.6510908576464903,ok
GCF_025149125.1:NZ_CP102272.1,5375280,5375377,0,98,64.21291196380947,4.376962863048251,0.3092046909625192,0.5098805466851241,-19.151588439941406,26,12,0.5918367346938775,0.4707407777532289,0.5494333872786825,ok
GCF_000021485.1:NC_011761.1,117515,117610,0,96,93.71317879359735,4.025431277844471,0.5029290889902911,0.5307687193036194,-23.205257415771484,16,17,0.6354166666666666,0.5111325064363542,0.5523654721936108,ok
GCF_000025305.1:NC_013740.1,2130494,2130598,0,105,48.12188958172328,4.248898944674577,0.15015877452808418,0.5522160730963374,-20.17784881591797,14,29,0.5714285714285714,0.5199219675588929,0.5787561078403239,ok
GCF_000024285.1:NC_013205.1,2789700,2789792,0,93,84.67991977373573,4.299911716700955,0.5785822482396379,0.5050081878046969,-16.431032180786133,20,16,0.5591397849462365,0.47500409218643336,0.5382939787764347,ok
GCF_000024285.1:NC_013205.1,2841127,2841228,0,102,92.03890134755733,3.007170844897741,0.6071659243104723,0.4772735029970656,-18.13845443725586,28,13,0.5392156862745098,0.4415963963631764,0.5124593236862943,ok
GCF_000024285.1:NC_013205.1,645435,645526,0,92,92.3533786860354,2.520368663736068,0.6357829300212566,0.6276227417613849,-13.813323020935059,10,16,0.6739130434782609,0.5870936678715228,0.6654122217918698,ok
GCF_040267475.1:NZ_CP125628.1,4840863,4840966,0,104,94.99900137418676,3.4894244553763505,0.41138262582611096,0.5678538584053187,-22.6917724609375,21,10,0.6057692307692307,0.5490228668659257,0.5874843326522452,ok
GCF_000024285.1:NC_013205.1,1999109,1999200,0,92,94.9999458979553,3.620416887893877,0.49083423282033495,0.46452203830918526,-29.7869815826416,11,8,0.7391304347826086,0.44268969032485656,0.48749603262890834,ok
GCF_047936785.1:NZ_CP176394.1,1216434,1216539,0,106,17.19932211017707,1.1655387882959998,0.7053669530612782,0.5134064201721051,-27.626590728759766,11,13,0.6037735849056604,0.4782667145198444,0.5398905978633622,ok
GCF_000024285.1:NC_013205.1,2846599,2846691,0,93,94.99999999635924,2.5342208059438573,0.4553471147573651,0.6339106720517099,-15.966300010681152,6,25,0.5591397849462365,0.6063028390484078,0.6597936639179164,ok
GCF_000093085.1:NC_014219.1,153675,153768,0,94,74.68327362300649,5.022589195947832,0.608953965599413,0.46678752144368013,-18.93117332458496,15,7,0.5638297872340425,0.42383220233450575,0.5164400633921934,ok
GCF_025149125.1:NZ_CP102272.1,2544922,2545012,0,91,94.99999999736085,2.349864976274986,0.49713298624685903,0.544978183313658,-20.871761322021484,23,26,0.5714285714285714,0.5138549974409283,0.5736140100360875,ok
GCF_025149125.1:NZ_CP102272.1,3262000,3262090,0,91,87.18657017757911,3.746839492425897,0.5893875929837119,0.5584748627358451,-24.03279685974121,12,12,0.5714285714285714,0.5257998894155245,0.5927906145736853,ok
GCF_047936785.1:NZ_CP176394.1,2189869,2189964,0,96,45.86835945760305,5.145115518412215,0.17596238860913854,0.538418860392523,-28.397151947021484,18,11,0.59375,0.49230056539094535,0.5747501632632888,ok
GCF_000024285.1:NC_013205.1,1691038,1691148,0,111,91.58281244365776,1.7206371089771202,0.5212995278338329,0.4375116941826021,-30.20441246032715,30,14,0.6756756756756757,0.403435374160488,0.46713936798078165,ok
GCF_902729405.1:NZ_LR746496.1,1203805,1203910,0,106,43.14864264219416,7.3061370672376516,0.07469878464291113,0.5002269223989336,-21.704479217529297,14,18,0.6037735849056604,0.4735052373516154,0.5191734353730914,ok
GCF_000144625.1:NC_014376.1,4052400,4052493,0,94,94.99999986740333,3.014662064295347,0.3075861445124982,0.5517059050619801,-21.596784591674805,10,19,0.574468085106383,0.5348612805622028,0.5683396372372544,ok
GCF_000021485.1:NC_011761.1,172857,172948,0,92,86.05487027453255,5.248839828931924,0.5483419387944133,0.49895177062354423,-22.112018585205078,22,9,0.6521739130434783,0.47987497690915965,0.5223118462486259,ok
GCF_000022305.1:NC_011992.1,1228912,1229004,0,93,82.16415042778766,4.477994898264285,0.5828786416600705,0.4689724031485629,-22.32954216003418,24,11,0.6666666666666666,0.43719734517971554,0.504414225245079,ok
GCF_000024285.1:NC_013205.1,1485501,1485590,0,90,85.00003945886789,2.575703968446274,0.40054729841366604,0.4915672815676512,-25.24146842956543,11,5,0.6666666666666666,0.4621805411483646,0.5187428865763253,ok
GCF_902729405.1:NZ_LR746496.1,49454,49537,0,84,70.33004118364788,4.18786185378185,0.25966939957447316,0.4404501205857016,-26.044116973876953,15,8,0.5595238095238095,0.4150032600491457,0.46682872474744136,ok
GCF_000025305.1:NC_013740.1,465974,466068,0,95,87.9959542576726,2.735902010602213,0.5774564045366579,0.506589404854164,-28.894840240478516,18,34,0.5157894736842106,0.4676236638137322,0.5433509020464161,ok
GCF_000024285.1:NC_013205.1,2777338,2777436,0,99,94.99999998931818,2.8817641224143604,0.3971809678009703,0.4954161544065589,-24.398441314697266,19,16,0.5454545454545454,0.47304356342056186,0.5172409955962219,ok
GCF_000024285.1:NC_013205.1,3018648,3018755,0,108,62.95167513739622,3.210002765424921,0.451655735537164,0.5627675699623041,-16.62579345703125,17,12,0.5462962962962963,0.5059502603491443,0.61414778890342,ok
GCF_902729405.1:NZ_LR746496.1,2059822,2059927,0,106,85.72597129231964,2.8579548545768403,0.573486494908999,0.6185005030827516,-18.7005615234375,11,14,0.6037735849056604,0.5783399822200034,0.65667457368312,ok
GCF_004295125.1:NZ_CP036170.1,125974,126070,0,97,76.32912466213276,3.8358751033162948,0.6423333964133362,0.5621460824469737,-16.893064498901367,25,10,0.5773195876288659,0.5104486532870925,0.6152785611594943,ok
GCF_000022305.1:NC_011992.1,1346576,1346669,0,94,90.52738619599046,2.30675889902394,0.5465844824637333,0.4865574262207542,-27.405364990234375,15,16,0.6382978723404256,0.4496752170431526,0.5200802985471964,ok
GCF_025149125.1:NZ_CP102272.1,4657302,4657416,0,115,69.1996900136125,8.095336359674585,0.5782748068949508,0.4772520723635047,-29.895036697387695,26,18,0.6608695652173913,0.4465460184825516,0.5221611754201332,ok
GCF_902729405.1:NZ_LR746496.1,3332611,3332724,0,114,42.01613883375177,2.6860055618323533,0.15167851265218502,0.555518792071108,-26.893646240234375,25,22,0.6140350877192983,0.5333273579514627,0.5724883709611785,ok
GCF_022845755.1:NZ_AP025566.1,2656071,2656184,0,114,71.54165502720839,3.590545926762155,0.6946388293594368,0.5305967862740422,-20.873863220214844,17,10,0.5701754385964912,0.4623565273411236,0.597575140893068,ok
GCF_902729405.1:NZ_LR746496.1,2839717,2839834,0,118,44.84162532635315,7.162983489566474,0.12550220517978306,0.6612222634312309,-18.163860321044922,20,11,0.6186440677966102,0.6177369616675387,0.6942698484443289,ok
GCF_000022305.1:NC_011992.1,2897602,2897718,0,117,54.63513374417853,7.335967931166973,0.21249777262269576,0.46402414711997214,-35.35741424560547,18,12,0.6752136752136753,0.4178014913329639,0.5150540198629224,ok
GCF_000021485.1:NC_011761.1,1591260,1591370,0,111,89.95975743754096,4.7285371260056595,0.5489741804558448,0.5165301239181431,-30.709911346435547,7,9,0.6126126126126126,0.4976634935983796,0.5386831393174065,ok
GCF_000021485.1:NC_011761.1,1667,1783,0,117,89.14162893982767,1.3110104304509114,0.3954466746479706,0.4705863913923969,-36.726280212402344,18,10,0.6153846153846154,0.44735293434644763,0.4898718209684916,ok
GCF_000021485.1:NC_011761.1,160091,160204,0,114,49.94870360793502,3.680773380797961,0.19711414917579295,0.5404099791730953,-22.34613800048828,25,18,0.6403508771929824,0.5039517087076311,0.570851340708741,ok
GCF_000025305.1:NC_013740.1,410969,411083,0,115,74.43099979738555,3.8355387694106264,0.4670413512847348,0.4972681978383515,-38.799041748046875,13,7,0.6347826086956522,0.45689840548289035,0.53834840880831,ok
GCF_000021485.1:NC_011761.1,2856408,2856520,0,113,94.99999976430782,3.084467409450247,0.5461436352843442,0.4637512046285064,-29.973731994628906,21,10,0.6371681415929203,0.4349039804890038,0.4924508719210192,ok
GCF_025149125.1:NZ_CP102272.1,5655543,5655657,0,115,94.99999969043157,3.515510340114892,0.5154654524995417,0.4319261180540803,-43.49580383300781,23,10,0.6782608695652174,0.40850756786628384,0.4563623751469832,ok
GCF_000164865.1:NC_014618.1,3831945,3832062,0,118,91.15689806653991,3.067593343601085,0.6066646246163679,0.45483980350933734,-23.767765045166016,38,8,0.6271186440677966,0.41923177925323707,0.4901752386012807,ok
GCF_000022305.1:NC_011992.1,3468043,3468159,0,117,83.23923822854015,3.640726914507058,0.6106362579982911,0.5382598608683067,-27.747745513916016,10,25,0.6239316239316239,0.498633161146834,0.5790348029408351,ok
GCF_000164865.1:NC_014618.1,4047259,4047372,0,114,94.99999996102056,3.735182213967777,0.5335475043986451,0.4958445742524804,-30.27952003479004,17,18,0.6578947368421053,0.4733389336149689,0.5199322354033477,ok
GCF_025149125.1:NZ_CP102272.1,5842278,5842390,0,113,78.31213354605937,4.578554947481031,0.5636679454274027,0.5201869159693681,-28.699604034423828,12,15,0.6106194690265486,0.48457323653129264,0.5602405846857238,ok
GCF_000022305.1:NC_011992.1,1316177,1316289,0,113,50.35303746442257,3.8854009356876595,0.1982496559220232,0.4668343770793046,-42.437477111816406,18,28,0.6548672566371682,0.42879087274005806,0.4987511463350631,ok
GCF_000021485.1:NC_011761.1,1081804,1081914,0,111,76.40155211218095,4.805252663591758,0.6031052145738208,0.504303443227329,-24.80393409729004,9,8,0.6396396396396397,0.46422970180790296,0.5498902875354366,ok
GCF_000022305.1:NC_011992.1,2016244,2016354,0,111,87.24629332296297,2.582136238942079,0.3755783958136762,0.5351804203293923,-21.717021942138672,27,15,0.6396396396396397,0.508873636934094,0.5596846210807189,ok
GCF_000022305.1:NC_011992.1,645037,645152,0,116,47.37088300380188,7.110693999001233,0.09872945069177336,0.5004489428158237,-41.80030822753906,11,16,0.646551724137931,0.46866347342004516,0.5274633647234378,ok
GCF_902729405.1:NZ_LR746496.1,538200,538316,0,117,30.13920268139365,3.2077661758234712,0.4298842570873671,0.5312659340282763,-26.48382568359375,12,11,0.5982905982905983,0.4756919510947311,0.5681932155342083,ok
GCF_025149125.1:NZ_CP102272.1,6166431,6166541,0,111,59.9406741061035,4.220442086157885,0.28052012466946047,0.5251936347010419,-19.670026779174805,34,11,0.5675675675675675,0.4829945777522072,0.5656867398848727,ok
GCF_000022305.1:NC_011992.1,748651,748763,0,113,69.11633848366755,9.331296412037617,0.5385266699154024,0.456163741874148,-36.465457916259766,13,9,0.672566371681416,0.4347925338632614,0.4908225144796585,ok
GCF_000022305.1:NC_011992.1,616967,617083,0,117,53.15115424008984,7.55577933072006,0.24714817142387685,0.4692471373192149,-27.580299377441406,14,8,0.6410256410256411,0.4094518733494531,0.5339162469042533,ok
GCF_000022305.1:NC_011992.1,1806223,1806341,0,119,71.30445507299699,6.69338834553293,0.5868669228436185,0.4513966908267117,-36.43707275390625,25,7,0.680672268907563,0.4167301302837857,0.497601274663682,ok
GCF_000022305.1:NC_011992.1,203307,203423,0,117,94.87588939413656,2.513327159046477,0.409371775301381,0.4928306424829119,-29.57956886291504,18,13,0.6666666666666666,0.46775982683872097,0.5163390655971402,ok
GCF_902729405.1:NZ_LR746496.1,48795,48954,0,160,83.95232633021445,2.9814870352805065,0.6420036769875591,0.4546472111548612,-48.11736297607422,15,19,0.6125,0.40830403236734547,0.49919571243165645,ok
GCF_040267475.1:NZ_CP125628.1,4433586,4433713,0,128,40.87130428387955,19.999999999999858,0.05175378397957797,0.5365399731046996,-28.46511459350586,22,12,0.578125,0.5042161892645843,0.5464313746966407,ok
GCF_000021485.1:NC_011761.1,2713925,2714037,0,113,47.10790617645299,6.2756793340831605,0.15302677960637756,0.5000596562738576,-27.351863861083984,17,11,0.6106194690265486,0.4543989802179978,0.5377115168942801,ok
GCF_000164865.1:NC_014618.1,2935033,2935144,0,112,48.73473280111631,4.811436771471121,0.17930302048045904,0.45238634323474014,-31.104171752929688,27,26,0.6339285714285714,0.4103825991478856,0.4878279095715056,ok
GCF_000164865.1:NC_014618.1,4290107,4290220,0,114,73.7955079872698,3.8506230034421205,0.5240327354115322,0.5089647823109218,-30.467754364013672,15,13,0.6403508771929824,0.46263460940782447,0.5560602392413511,ok
GCF_000022305.1:NC_011992.1,428871,428980,0,110,78.34400602512844,5.3624019618843715,0.5753387732086592,0.40380969124198335,-35.826385498046875,31,14,0.6818181818181818,0.3742930445573565,0.4397368068245678,ok
GCF_012317185.1:NZ_CP048838.1,764352,764468,0,117,80.16036830586161,4.734851476084106,0.5842713745784128,0.5405087896209572,-20.809574127197266,15,16,0.5470085470085471,0.5078978531347953,0.5778161811911465,ok
GCF_004295125.1:NZ_CP036170.1,231590,231689,0,100,89.73337959729069,3.2739800840772175,0.6009077536618059,0.5669017901622716,-17.096115112304688,22,30,0.55,0.532125557298244,0.6018791387894363,ok
GCF_000144625.1:NC_014376.1,2602674,2602801,0,128,59.82707209093545,4.425518291141101,0.45447927883455685,0.6531729483618711,-13.182061195373535,19,13,0.53125,0.5837435438087153,0.7206595026475531,ok
GCF_000164865.1:NC_014618.1,1933906,1934021,0,116,82.93977164086958,4.339969857658253,0.5848391583761243,0.4394369668921594,-35.94674301147461,16,10,0.6810344827586207,0.4072475120932683,0.4753933387305274,ok
GCF_025144545.1:NZ_CP102249.1,2170475,2170589,0,115,80.35125760824045,5.320536476136422,0.5667552826174435,0.5267228955463894,-21.090627670288086,23,11,0.5739130434782609,0.5005627559880249,0.5585424761059511,ok
GCF_000024285.1:NC_013205.1,121920,122032,0,113,92.11586986617002,3.654815380890103,0.5760166820307318,0.4362680629460882,-34.6866569519043,31,7,0.7168141592920354,0.40880872264568247,0.46512644529968433,ok
GCF_000021485.1:NC_011761.1,1678626,1678734,0,109,51.302950439283656,4.1537519676161985,0.2664874525595877,0.4960304399538557,-20.654525756835938,30,10,0.6146788990825688,0.44340418866199555,0.5412278073488989,ok
GCF_000202835.1:NC_015186.1,486477,486593,0,117,92.36672966994882,4.448823244956319,0.49952799598265457,0.4838110333913795,-32.152671813964844,27,8,0.6752136752136753,0.4664964906764594,0.5036679049954633,ok
GCF_008726475.3:NZ_CP145134.1,1212518,1212945,0,428,63.09385393904603,4.2125883381644424,0.28951681204931157,0.5928239747017158,-63.595638275146484,32,54,0.4439252336448598,0.5543716126906668,0.6307466349387857,ok
GCF_040267475.1:NZ_CP125628.1,4671447,4671885,0,439,50.79801498929879,5.662591368964673,0.25543321149939735,0.6058305155026273,-60.4995002746582,25,25,0.46697038724373574,0.5431111642865558,0.6625481432108683,ok
GCF_001647695.1:NZ_CP015425.1,737148,737589,0,442,82.83139356967764,2.8138688662063576,0.4875990580093086,0.6153178650867248,-73.84117889404297,25,52,0.4298642533936652,0.5785705018990042,0.6499693906359681,ok
GCF_025152405.1:NZ_CP102292.1,1344532,1344975,0,444,94.99999999996517,2.140243460526936,0.5999220861456043,0.5517132497411473,-60.0095100402832,44,27,0.4346846846846847,0.5133299546128622,0.586937903338977,ok
GCF_001543245.1:NZ_CP014163.1,1098093,1098506,0,414,80.8869169285033,0.5689764252699905,0.9026164924265712,0.5527393381343225,-70.07659149169922,57,38,0.4420289855072464,0.5248272198939188,0.5751853801319408,ok
GCF_000144695.1:NC_014378.1,181081,181537,0,457,63.29944313945222,1.8809719245070016,0.8845063649314737,0.5964041815881737,-58.51988983154297,25,51,0.38074398249452956,0.5151390574007723,0.6637249902500902,ok
GCF_002844395.1:NZ_CP025197.1,305308,305742,0,435,55.774523990371776,2.5720809503408,0.4165562682391617,0.722579790951681,-35.86488342285156,29,61,0.32873563218390806,0.669623076032943,0.7664816151093791,ok
GCF_047456285.1:NZ_CP174122.1,125265,125709,0,445,45.33439364530446,9.979106365235559,0.10291301558120902,0.5752997659838673,-68.32195281982422,15,28,0.43595505617977526,0.531403123168008,0.60993343836858,ok
GCF_013267415.1:NZ_CP053988.1,817568,817981,0,414,58.492959699640245,5.541222973940199,0.24034484469529643,0.5108297331755832,-87.46627044677734,20,29,0.45169082125603865,0.470634208484629,0.5528041763538527,ok
GCF_047456285.1:NZ_CP174122.1,2686284,2686761,0,478,78.65991946918922,3.9514004837402372,0.6217539061831192,0.4830728042039875,-92.9532241821289,33,26,0.48326359832635984,0.43845463806639506,0.530185439357365,ok
GCF_001543145.1:NZ_CP014160.1,1216029,1216462,0,434,45.17670478201538,5.7285999091969195,0.15710428508485264,0.5361673696044024,-85.6904525756836,48,47,0.3986175115207373,0.49063896299921195,0.5710460820509805,ok
GCF_001543145.1:NZ_CP014160.1,670850,671343,0,494,71.32997400698972,5.0796861350704035,0.631265437998384,0.4827666700915448,-91.95502471923828,69,31,0.4352226720647773,0.4307043303250456,0.5419924003196663,ok
GCF_000144695.1:NC_014378.1,2104667,2105132,0,466,42.15941960282161,3.593406553860544,0.356562695109896,0.6230944430163879,-50.97389602661133,38,68,0.315450643776824,0.5542869496761063,0.6745514457943647,ok
GCF_965286365.1:NZ_OZ260903.1,2018542,2019023,0,482,48.272897717633214,6.316281238289882,0.3378423531463882,0.6802155552491715,-43.74691390991211,27,56,0.3360995850622407,0.5825805834408713,0.7640628161402623,ok
GCF_016592595.1:NZ_AP012977.1,1218587,1219075,0,489,55.65529518888366,7.668563379152732,0.3462553006407679,0.491961304094547,-76.7472152709961,89,27,0.4233128834355828,0.42208155007863307,0.572768271727451,ok
GCF_000144625.1:NC_014376.1,4061106,4061578,0,473,63.614842891766116,3.490345068612746,0.5988248351321792,0.5683438948037822,-61.337615966796875,52,30,0.45454545454545453,0.49234494865753364,0.6386941079022413,ok
GCF_000007745.1:NC_006300.1,2125968,2126448,0,481,48.67374598693209,5.3613965285897995,0.20533554206844323,0.5837045232569945,-79.87554931640625,39,66,0.45322245322245325,0.5314303648006525,0.6281108685057274,ok
GCF_902729405.1:NZ_LR746496.1,2807571,2808044,0,474,15.134696927732223,1.1988824826375506,0.5857703232675708,0.6208642179318326,-66.43135833740234,38,83,0.4767932489451477,0.5940962836723466,0.6415096802641688,ok
GCF_030762805.1:NZ_CP129113.1,2153459,2153947,0,489,78.40524916698031,4.972190989348175,0.5861485250531824,0.47860872708177943,-95.96637725830078,42,18,0.4539877300613497,0.44520850181502325,0.5178175648755783,ok
GCF_001543175.1:NZ_CP014161.1,190942,191398,0,457,44.750931492993224,5.355034608145249,0.21836066397788112,0.5826445030112747,-69.4608383178711,92,24,0.45076586433260396,0.5223692140233066,0.6274083398908435,ok
GCF_025144545.1:NZ_CP102249.1,529621,530048,0,428,56.83275951719609,4.109518555872105,0.30958642366104466,0.5822892353109552,-59.443363189697266,27,37,0.4649532710280374,0.5307334437095452,0.6298531674240965,ok
GCF_000144625.1:NC_014376.1,812338,812766,0,429,80.16236545969659,3.105176727016304,0.6553343596315382,0.6251948567234339,-45.25156784057617,27,22,0.38927738927738925,0.5737937911719427,0.6747430181391246,ok
GCF_047456275.1:NZ_CP173357.1,2894678,2895098,0,421,67.0862017665295,3.988162912698433,0.7257749144985551,0.6650281700846352,-39.50774002075195,34,47,0.334916864608076,0.582002152081136,0.7466091514626022,ok
GCF_022647505.1:NZ_CP071409.1,62060,62500,0,441,68.64823875126953,2.6353043929113205,0.7794046008509636,0.6188921148779274,-54.73210906982422,29,19,0.40589569160997735,0.5381340047019971,0.6903149147352429,ok
GCF_055386145.1:NZ_AP043913.1,1912253,1912703,0,451,43.56787678577617,7.047045152921182,0.13372069207239645,0.6269221099624303,-54.56763458251953,23,30,0.43458980044345896,0.5803342468194156,0.6596630452173549,ok
GCF_055386145.1:NZ_AP043913.1,1594456,1594878,0,423,86.26069369411572,3.6576259367162898,0.5970314531886189,0.5374938192615939,-69.96976470947266,29,21,0.4515366430260047,0.5023814860547746,0.5740571558681559,ok
GCF_000015865.1:NC_009012.1,2625715,2626201,0,487,49.74587000584446,6.618318408854428,0.17408840888329413,0.5782253647083909,-74.35643768310547,28,40,0.4517453798767967,0.5294464090329003,0.6228318376520446,ok
GCF_022453685.1:NZ_CP092643.1,852519,852957,0,439,47.385376332468226,4.528640390290545,0.36089182179411894,0.7780415253351345,-15.571660041809082,26,196,0.3211845102505695,0.6950742505588443,0.8452915068637525,ok
GCF_025152405.1:NZ_CP102292.1,121053,121496,0,444,94.99999999996517,2.140243460526936,0.5999220861456043,0.5517132497411473,-60.0095100402832,44,27,0.4346846846846847,0.5133299546128622,0.586937903338977,ok
GCF_001543145.1:NZ_CP014160.1,347463,347924,0,462,46.89722197164332,5.768693330620146,0.2195427119209178,0.6161434418766405,-64.05278015136719,25,66,0.37662337662337664,0.5543226356145382,0.6665501706105995,ok
GCF_022845755.1:NZ_AP025566.1,949164,949601,0,438,56.234043460809126,3.92298741301686,0.3792887911538012,0.5020235157107393,-80.26654815673828,48,24,0.4246575342465753,0.43898023054693147,0.5588093250861403,ok
GCF_025152405.1:NZ_CP102292.1,364858,365301,0,444,50.69929967071615,5.701196381194704,0.20211331984211045,0.5653195049723917,-75.31794738769531,41,29,0.46621621621621623,0.5153496962717794,0.6106863729813644,ok
GCF_000144625.1:NC_014376.1,1044281,1044720,0,440,72.89991790587078,4.195820066094268,0.6532939035978225,0.6133631578899471,-57.036441802978516,35,28,0.4022727272727273,0.5559581669687943,0.6735557011568026,ok
GCF_000144695.1:NC_014378.1,1740269,1740697,0,429,48.593442679744065,5.326154907009632,0.27594352681711065,0.6032089548013282,-61.01790237426758,36,33,0.38461538461538464,0.5331740846972871,0.6626043542478585,ok
GCF_023700225.1:NZ_CP097897.1,355645,356094,0,450,41.12028381952615,6.3003105365436545,0.11042537700226751,0.5401435928904649,-79.3410873413086,53,32,0.43333333333333335,0.5056436240042014,0.5646322084179313,ok
GCF_004295125.1:NZ_CP036170.1,1079257,1079689,0,433,44.37339265848334,9.128244726151651,0.07432070139201863,0.6352061932796121,-65.21047973632812,22,50,0.4341801385681293,0.6041835309384851,0.6562253905205034,ok
GCF_047456275.1:NZ_CP173357.1,3072783,3073225,0,443,49.19199608909122,5.955241787842026,0.30471903407333367,0.6688968033961408,-40.63047790527344,19,32,0.3182844243792325,0.5870133980999303,0.7409970308538081,ok
GCF_025152405.1:NZ_CP102292.1,403467,403890,0,424,72.81123705317484,4.858981599965073,0.6281894113162618,0.5517984448930452,-62.06550598144531,27,32,0.4528301886792453,0.5018603437854358,0.6078528971146289,ok
GCF_012317185.1:NZ_CP048838.1,562848,563277,0,430,67.80862604222283,4.7068080758188,0.4909022513788757,0.5675803030879161,-71.97789764404297,18,26,0.4558139534883721,0.5160985004916859,0.6226710286249114,ok
GCF_022647505.1:NZ_CP071409.1,1780230,1780680,0,451,47.3562112174845,4.568939118406514,0.2735808734445998,0.6646251416373897,-49.26483917236328,26,56,0.4124168514412417,0.6012094262550561,0.7158437060121432,ok
GCF_018854495.2:NZ_CP130946.1,1938136,1938566,0,431,66.57099858086464,4.693073191431829,0.5784040961205842,0.5467413477458142,-59.94528579711914,34,29,0.43387470997679817,0.4820249573626618,0.6150541505106628,ok
GCF_001543245.1:NZ_CP014163.1,475083,475515,0,433,65.72895822466582,2.762262099955317,0.6302323918795643,0.6123241708600231,-50.339324951171875,31,30,0.43187066974595845,0.5422575553216521,0.6743377416947953,ok
GCF_001543145.1:NZ_CP014160.1,789590,790048,0,459,60.124133327975976,3.3914199354155676,0.3668077240050684,0.4490441847776882,-108.95785522460938,52,23,0.4662309368191721,0.39822133570279256,0.4949099046000983,ok
GCF_000144695.1:NC_014378.1,656709,657174,0,466,47.901616016589045,6.7134285915234555,0.19650406925016584,0.5609637708956322,-67.30083465576172,26,42,0.4184549356223176,0.5010354789361021,0.6120907056258542,ok
GCF_031760945.1:NZ_CP134501.1,1340829,1341258,0,430,48.17131595462112,5.054878426029908,0.2624276095633292,0.6389746240848477,-48.078269958496094,60,27,0.413953488372093,0.5740863353253077,0.6926397036193465,ok
GCF_000196455.1:NC_014614.1,1868208,1868648,0,441,47.27277539757708,6.560657582040115,0.31695350912658504,0.7091717353570153,-27.022340774536133,42,63,0.31746031746031744,0.6121310337978114,0.7901547955350084,ok
GCF_004295125.1:NZ_CP036170.1,324815,325261,0,447,49.13921685354237,5.439787699182256,0.2549883130580055,0.6500307312184215,-49.70908737182617,31,38,0.43400447427293065,0.5852887607953347,0.7054557085343609,ok
GCF_012317185.1:NZ_CP048838.1,3745242,3745664,0,423,51.95262560652933,5.423551234055046,0.25695805711895703,0.5938552381186294,-57.51006317138672,34,37,0.4657210401891253,0.5351439693452322,0.6481693368168816,ok
GCF_030762805.1:NZ_CP129113.1,132507,132936,0,430,74.32690681899822,3.3957617787566297,0.6801371314815612,0.5320729759923742,-66.64996337890625,31,36,0.44883720930232557,0.47029519540515163,0.5923462475599414,ok
GCF_000144625.1:NC_014376.1,4561691,4562140,0,450,49.1909337204996,5.931217402212486,0.20376391006810918,0.5806658763097984,-60.32715606689453,44,29,0.4266666666666667,0.5259854801628855,0.6285686650404254,ok
GCF_009914215.2:NZ_CP039846.2,2653943,2654389,0,447,49.47325700391064,7.66135664770519,0.18659883978650849,0.554077361686275,-66.44639587402344,26,22,0.41387024608501116,0.4967690665745305,0.6074509602279557,ok
GCF_000237085.1:NC_016627.1,2730954,2731406,0,453,60.07630086073807,4.614089032279638,0.5324841455969567,0.6195803996418473,-48.03746032714844,24,31,0.3686534216335541,0.5384513655133548,0.6996995432243268,ok
GCF_047456275.1:NZ_CP173357.1,3362195,3362617,0,423,48.03844231069008,6.9156832934331645,0.18491896055434404,0.5662753336983478,-50.628116607666016,27,25,0.44208037825059104,0.5093699138952065,0.616724935974528,ok
GCF_003966655.1:NZ_AP018795.1,358568,358997,0,430,62.6881063210693,4.277001454742315,0.3695339529705167,0.578896096234693,-68.57891082763672,21,29,0.44651162790697674,0.5288342931083078,0.6279585403503128,ok
GCF_009662475.1:NZ_CP045571.1,1410249,1410687,0,439,45.34807681582484,10.650301687586255,0.1166953643365547,0.593210732504016,-57.91304016113281,23,21,0.4715261958997722,0.5412673385519609,0.6310317959544456,ok
GCF_000196455.1:NC_014614.1,2307882,2308304,0,423,58.8555629849622,5.590387325561554,0.4115487790882673,0.5754400672596672,-53.4835205078125,17,22,0.39243498817966904,0.5080981542265365,0.6467241106570325,ok
GCF_001543285.1:NZ_CP014164.1,1263840,1264279,0,440,49.28942877018963,7.856137582186357,0.281783747669183,0.6573903266826405,-35.66325378417969,39,40,0.3568181818181818,0.5690793527596624,0.740108219788372,ok
GCF_025149125.1:NZ_CP102272.1,202192,202670,0,479,70.7153431255508,2.2424127083015657,0.5991754866603392,0.5871675779535218,-73.50284576416016,32,34,0.42588726513569936,0.5315367850568004,0.635282613561229,ok
GCF_940677205.1:NZ_OW712331.1,1942137,1942522,0,386,54.97634438275947,5.056573709340051,0.5454140448863598,0.6598312925293955,-28.480192184448242,19,37,0.3393782383419689,0.5532595819436702,0.761212202710849,ok
GCF_940677205.1:NZ_OW712331.1,322710,323128,0,419,65.03482779768454,5.8185268883908385,0.6896847744690998,0.558776584594068,-46.044921875,44,53,0.34844868735083534,0.48198725164002937,0.6480413654882651,ok
GCF_001543245.1:NZ_CP014163.1,1099284,1099708,0,425,46.202908656193145,7.267934989640477,0.14050309822103613,0.5894912907931255,-67.56524658203125,23,39,0.4447058823529412,0.5416060257584724,0.62742184635609,ok
GCF_025152405.1:NZ_CP102292.1,402988,403398,0,411,73.21657598299774,3.5228985276364764,0.6316238496673277,0.5632283276035963,-63.031612396240234,18,23,0.45985401459854014,0.5043720983878379,0.6209055562157776,ok
GCF_030864005.1:NZ_CP132976.1,2755820,2756265,0,446,84.64403990093408,3.39225879754565,0.6165123364806824,0.5108130966463279,-92.57560729980469,32,30,0.47533632286995514,0.4700325084998662,0.5519271443075691,ok
GCF_030762805.1:NZ_CP129113.1,1231156,1231618,0,463,52.96068954333523,4.090283170119544,0.3180894786747933,0.6198811449138532,-54.11669921875,33,24,0.42332613390928725,0.5603431943092322,0.6719968662683821,ok
GCF_001499615.1:NZ_LN606600.1,2438648,2439102,0,455,44.61470096028558,6.5059648593452195,0.12824519944208823,0.579378977316361,-66.9957504272461,25,41,0.45054945054945056,0.5380373752064674,0.6112672827195873,ok
GCF_047456285.1:NZ_CP174122.1,2775585,2776017,0,433,77.88299818167205,3.201454093984637,0.6643010745726852,0.48681566549675903,-75.34318542480469,49,13,0.4780600461893764,0.4318892414148979,0.5400404201052927,ok
GCF_008726475.3:NZ_CP145134.1,379247,379688,0,442,50.88319166120008,6.387309803646738,0.21332151871608118,0.5923840382371962,-70.40409088134766,31,21,0.39819004524886875,0.5365585441915758,0.6441918408948595,ok
GCF_023700225.1:NZ_CP097897.1,1609159,1609602,0,444,62.456435281869446,3.459343402301715,0.647598111770271,0.6373967178341324,-47.708038330078125,31,24,0.33783783783783783,0.5525668292611385,0.7151817859756724,ok
GCF_000093085.1:NC_014219.1,590664,591037,0,374,51.77525438394926,5.16376675927744,0.22586555256791624,0.5501334139216244,-83.12308502197266,27,26,0.4679144385026738,0.4995218760623355,0.5960418170752942,ok
GCF_000093085.1:NC_014219.1,2594342,2594761,0,420,48.22709193746756,5.8310522187577325,0.22583293881226785,0.6331458992220427,-41.289615631103516,21,41,0.4095238095238095,0.5713555348142562,0.6859243845450071,ok
GCF_001543105.1:NZ_CP014159.1,431597,432038,0,442,24.659243779420606,2.021909070267804,0.7204815085788354,0.594901416075714,-59.06540298461914,32,36,0.3914027149321267,0.5350686787559935,0.6378147953613355,ok
GCF_047456275.1:NZ_CP173357.1,2610728,2611110,0,383,79.0851705696878,3.2539611998125664,0.5842605501710785,0.5037667993053957,-78.61192321777344,28,19,0.42036553524804177,0.45726334449988654,0.5488204064573302,ok
GCF_047456285.1:NZ_CP174122.1,1791771,1792218,0,448,55.917861245478775,4.890577940703146,0.31979751540805323,0.6057046711299288,-61.34160614013672,10,54,0.4263392857142857,0.5464729796344521,0.6623818004472598,ok
GCF_000237085.1:NC_016627.1,1202652,1203072,0,421,68.16282661231465,3.5000861587160963,0.7367756288399331,0.6107579323155097,-45.41542053222656,51,31,0.3847980997624703,0.5291210514693326,0.6888232043453324,ok
GCF_001543175.1:NZ_CP014161.1,1644864,1645291,0,428,81.26247217730841,2.8686680993163565,0.642471655573595,0.5222679759060617,-65.62137603759766,28,28,0.3901869158878505,0.47221275488701764,0.5694025836120161,ok
GCF_000196455.1:NC_014614.1,2427889,2428331,0,443,53.60098700298311,4.748170915504988,0.3540138943690843,0.5736711545110297,-59.524906158447266,34,32,0.3905191873589165,0.5027512081571756,0.6384886318660106,ok
GCF_012317185.1:NZ_CP048838.1,1769094,1769514,0,421,50.36401285827147,6.652300547870305,0.19407320769271308,0.6031855560206302,-57.47167205810547,41,34,0.40380047505938244,0.5501535596438624,0.6525847410462077,ok
GCF_022647505.1:NZ_CP071409.1,1088135,1088595,0,461,51.46213674258183,6.847859871808415,0.21404298953798406,0.5871453949696889,-59.38432693481445,28,35,0.41865509761388287,0.5311930469945507,0.6419242255819534,ok
GCF_000144625.1:NC_014376.1,2919054,2919478,0,425,45.74923743599275,9.521285445415945,0.19870471158706582,0.6463004558724114,-40.86848831176758,36,40,0.3905882352941176,0.5646913822525885,0.7108234222695317,ok
GCF_025149125.1:NZ_CP102272.1,5529404,5529765,0,362,60.223374087594735,4.14635459637446,0.3210273656143036,0.4652811877948773,-88.94019317626953,44,15,0.42265193370165743,0.4176046420309853,0.5105669120835424,ok
GCF_001543285.1:NZ_CP014164.1,1525454,1525899,0,446,70.47706290391994,4.257021505859496,0.67525191272333,0.6052622071354783,-50.82786178588867,36,49,0.3789237668161435,0.5386892669234811,0.6744007718232012,ok
GCF_013267415.1:NZ_CP053988.1,759655,760048,0,394,72.32842129414017,2.9447363008091227,0.501350258730128,0.5735869157630002,-73.94706726074219,25,18,0.44416243654822335,0.5249168786673336,0.6184656087685636,ok
GCF_017357865.1:NZ_CP060096.1,2029022,2029469,0,448,72.01711377052065,3.546309642446128,0.6928098095675627,0.6586477195445052,-42.969356536865234,19,57,0.3236607142857143,0.5908996938556144,0.7247370351463098,ok
GCF_012317185.1:NZ_CP048838.1,1985756,1986217,0,462,47.310672779368375,6.7734930190526015,0.19611211801393758,0.5223620578084733,-73.5804672241211,27,20,0.4653679653679654,0.46106105239919515,0.5738883641500605,ok
GCF_025152405.1:NZ_CP102292.1,290140,290620,0,481,73.79013841066879,4.531999448669289,0.6329666570894452,0.5452619031557426,-70.98507690429688,44,22,0.4677754677754678,0.49436728740748115,0.6012427483613811,ok
GCF_000144625.1:NC_014376.1,4342425,4342893,0,469,52.39918081774453,8.63337058636555,0.10045467102418548,0.607582425409276,-61.39902877807617,49,35,0.4626865671641791,0.5807550374124781,0.6363980068978642,ok
GCF_047456285.1:NZ_CP174122.1,3204384,3204833,0,450,90.1809230996562,2.4074506358291066,0.6521317150103958,0.5866009158884761,-72.89722442626953,25,42,0.44222222222222224,0.5426962255514074,0.6266641003933608,ok
GCF_001989575.1:NZ_CP019573.1,107827,108259,0,433,58.882814347884995,4.025576288839359,0.511843204156643,0.6079257685335432,-51.742103576660156,28,45,0.38799076212471134,0.5290264571138038,0.6816577555576544,ok
GCF_000247605.1:NC_016894.1,3304144,3304594,0,451,71.31410041635168,3.7327684552175486,0.6897314315359503,0.5639293155561661,-53.432456970214844,46,17,0.3858093126385809,0.49609009120723063,0.6312512902401068,ok
GCF_023700225.1:NZ_CP097897.1,2954139,2954574,0,436,51.78038338360422,6.036079531132817,0.34655078953733437,0.6191791612998492,-46.61090850830078,24,19,0.37844036697247707,0.5346358605431535,0.6985295885440965,ok
GCF_023700225.1:NZ_CP097897.1,437057,437492,0,436,48.799304383224985,6.5157815954551666,0.22515858368116787,0.5901221784034832,-54.331260681152344,35,33,0.37844036697247707,0.5250915371930149,0.6475128595436221,ok
GCF_001543285.1:NZ_CP014164.1,1591403,1591866,0,464,76.20900637076235,3.1808619050866,0.6790998447869818,0.4847194715403462,-68.00736999511719,86,24,0.3922413793103448,0.42475727896174154,0.5427878752501966,ok
GCF_000237085.1:NC_016627.1,4498149,4498574,0,426,76.14549104278534,3.3989745067455157,0.6014525092076657,0.6185162868583626,-51.33317565917969,31,33,0.4225352112676056,0.5668949359779821,0.6687079314309988,ok
GCF_000144695.1:NC_014378.1,2397148,2397604,0,457,54.96854683938429,4.403978654158079,0.284800268152286,0.6144963925994867,-54.45405578613281,25,35,0.3916849015317287,0.5621197063120935,0.6620725674516009,ok
GCF_001543145.1:NZ_CP014160.1,690996,691416,0,421,67.50558482726001,6.656693466756901,0.6288657699843332,0.532015677785278,-67.9586181640625,23,14,0.4323040380047506,0.48028241797502697,0.5988361642434248,ok
GCF_001543145.1:NZ_CP014160.1,470142,470595,0,454,94.99801087353083,1.9897687233666885,0.6013200074521092,0.5503752660700966,-94.27859497070312,43,27,0.45594713656387664,0.5120223467405608,0.5843440147908116,ok
GCF_000164865.1:NC_014618.1,847673,848051,0,379,81.1867761963229,2.022597323778349,0.7278032861076449,0.5650789529436505,-54.66704559326172,41,20,0.44854881266490765,0.5089411820451205,0.6137121139909766,ok
GCF_000007745.1:NC_006300.1,2002030,2002443,0,414,74.69360539201224,3.4575920338349526,0.6740706354167771,0.5560665112981582,-63.32597351074219,28,32,0.4396135265700483,0.49556678278046756,0.6154511037846474,ok
GCF_030762805.1:NZ_CP129113.1,2191505,2191942,0,438,85.35772373946513,3.2533728461881712,0.6198214563956252,0.5782774829411406,-82.69662475585938,28,25,0.454337899543379,0.5372391119304061,0.6189517078895468,ok
GCF_001989575.1:NZ_CP019573.1,1614484,1614930,0,447,45.38802633578715,7.412862160225146,0.2888283687292221,0.6026704020121864,-62.02311706542969,39,42,0.32662192393736017,0.5009293648653549,0.6807681045757419,ok
GCF_022453685.1:NZ_CP092643.1,387761,388189,0,429,50.30291754066476,5.0006266444313345,0.325488026024886,0.5884351974192322,-58.40485763549805,27,43,0.42657342657342656,0.5133188234223629,0.6541461165364387,ok
GCF_000247605.1:NC_016894.1,3320159,3320463,0,305,78.05419349164862,2.437612878742388,0.7142084069303434,0.5222904274280148,-44.15196990966797,30,28,0.3737704918032787,0.46169432651451214,0.5768688299964774,ok
GCF_008726475.3:NZ_CP145134.1,1542679,1543098,0,420,46.80895077636753,7.751197122228719,0.1479876980372105,0.5544034401076122,-73.18836212158203,26,28,0.4523809523809524,0.5028519790139416,0.5968563543111962,ok
GCF_000093085.1:NC_014219.1,588572,588962,0,391,91.65464284543934,2.4365147082484966,0.4727518954359622,0.45580431299599966,-97.2438735961914,23,17,0.5601023017902813,0.42502781597893696,0.484057282406895,ok
GCF_031760945.1:NZ_CP134501.1,1164750,1165176,0,427,51.726107013655486,4.989344922780616,0.3811222629653295,0.6630302653919203,-39.855403900146484,20,48,0.3583138173302108,0.5792260094750911,0.7383942581384524,ok
GCF_000015865.1:NC_009012.1,1132821,1133207,0,387,48.547519363030155,4.0293376394298495,0.31893337315983195,0.6000406674450945,-60.865623474121094,20,30,0.39018087855297157,0.5348681164368391,0.6536475820204888,ok
GCF_000093085.1:NC_014219.1,140287,140695,0,409,59.76811367879155,3.8275187256709478,0.2679132183143784,0.5347763959697492,-73.34040069580078,23,36,0.4841075794621027,0.49528043871771393,0.5710717617179136,ok
GCF_001543105.1:NZ_CP014159.1,818873,819297,0,425,81.43530981276437,1.667011226576132,0.7603433550500951,0.5987026066223969,-50.879329681396484,62,51,0.38588235294117645,0.5446843014518318,0.644276297840855,ok
GCF_001543105.1:NZ_CP014159.1,959304,959714,0,411,60.5195555036906,4.506734388293444,0.42396680792077934,0.5686292847237545,-64.44975280761719,23,35,0.36982968369829683,0.5055348011402889,0.6308574685524352,ok
GCF_000021485.1:NC_011761.1,1985627,1985999,0,373,49.653106261758,7.462021188958546,0.14713624374429246,0.5780687124368771,-60.44537353515625,21,23,0.43967828418230565,0.5338340846247213,0.6190992045492092,ok
GCF_025149125.1:NZ_CP102272.1,5425294,5425687,0,394,55.03116557972258,6.556871598165096,0.21800487697556958,0.5659051853584162,-72.9000015258789,36,20,0.44416243654822335,0.52033919675462,0.6140338386379588,ok
GCF_001543205.1:NZ_CP014162.1,1300635,1301059,0,425,70.3413648599107,4.274489093674849,0.6753254846219904,0.593817765444219,-49.214054107666016,24,51,0.3811764705882353,0.5277789714607644,0.662864448341463,ok
GCF_056716105.1:NZ_CP197096.1,1495507,1495956,0,450,24.841340740770736,2.1743393717257007,0.26256007879178705,0.558282786621607,-72.80945587158203,33,66,0.4577777777777778,0.5358446462692665,0.5745830635992544,ok
GCF_000237085.1:NC_016627.1,1695475,1695893,0,419,67.34963706478456,4.549521659534256,0.7006338743187465,0.6266545227511715,-39.64840316772461,29,42,0.34844868735083534,0.5493575439325606,0.7081144814785765,ok
GCF_022647505.1:NZ_CP071409.1,3909416,3909839,0,424,46.3149360632156,6.275130817632995,0.2686846383182552,0.6398499574425762,-43.06280517578125,29,36,0.41037735849056606,0.5580532254989136,0.7054587363035143,ok
GCF_000093085.1:NC_014219.1,2030864,2031284,0,421,61.15204892520757,4.738004929570868,0.461676536834597,0.5575161430393258,-58.59625244140625,26,22,0.40617577197149646,0.4904285573008166,0.6252808461022324,ok
GCF_022453685.1:NZ_CP092643.1,2781003,2781439,0,437,62.035590209824065,7.3648809132880695,0.2215322397532229,0.5508823727638809,-63.50632095336914,38,17,0.448512585812357,0.5253543184935292,0.5851301605815905,ok
GCF_022845755.1:NZ_AP025566.1,890915,891280,0,366,55.49697381762304,3.7756787383532915,0.3172250776422601,0.47419742025592715,-76.47830963134766,35,54,0.3442622950819672,0.4215254391623032,0.5210794167864412,ok
GCF_047936785.1:NZ_CP176394.1,2148792,2149217,0,426,53.37915128481621,4.7814891095753405,0.22030039266265505,0.5746144021570659,-68.30492401123047,32,25,0.4154929577464789,0.5299546975858788,0.6153642935315791,ok
GCF_004359375.1:NZ_CP034726.1,271618,272047,0,430,75.38196698937827,3.983728546563169,0.6423245967544324,0.5153766568337391,-65.19590759277344,32,38,0.43953488372093025,0.4626917373179173,0.5697499262780099,ok
GCF_000237085.1:NC_016627.1,1850001,1850443,0,443,79.9808330659872,2.4174330102475907,0.7032672268515155,0.7272542160647225,-31.809988021850586,27,52,0.32505643340857787,0.6699776550118525,0.7791201581838668,ok
GCF_000144695.1:NC_014378.1,1616829,1617237,0,409,80.74622935761103,2.361211492624319,0.7033170378485174,0.554355103173131,-44.995704650878906,84,67,0.3545232273838631,0.49787820331961197,0.6054561697915709,ok
GCF_000144625.1:NC_014376.1,4509971,4510364,0,394,38.61144403984508,7.251463173839868,0.1211516398026124,0.5596307151259283,-73.41726684570312,41,41,0.46446700507614214,0.5207528828788732,0.5827272913144257,ok
GCF_000237085.1:NC_016627.1,3449053,3449498,0,446,75.71486343108874,2.2599113418620456,0.7440021328350716,0.7200175629573707,-31.979909896850586,27,52,0.3273542600896861,0.655614299948322,0.7768937469289812,ok
GCF_000196455.1:NC_014614.1,2222839,2223285,0,447,50.26079961055533,7.896113332716661,0.3097816141272174,0.6562371798446651,-38.689491271972656,39,29,0.31543624161073824,0.5641316445106429,0.7462862329942674,ok
GCF_004359375.1:NZ_CP034726.1,442114,442538,0,425,46.18044663400399,5.7793574911715515,0.25752556849547065,0.6065980733706263,-56.21992874145508,23,50,0.3788235294117647,0.5327797588566785,0.6652624778766344,ok
GCF_040267475.1:NZ_CP125628.1,615974,616414,0,441,53.30592141808814,19.999996398200942,0.1061614839093441,0.5991657656821059,-54.53911590576172,19,27,0.40589569160997735,0.5725805306231735,0.6448703062146197,ok
GCF_001543145.1:NZ_CP014160.1,1102965,1103381,0,417,59.660182505733424,4.3549656633219245,0.4662657849247104,0.566971535713879,-67.35543823242188,16,24,0.37410071942446044,0.49555202242446,0.6360902544024805,ok
GCF_013267415.1:NZ_CP053988.1,891941,892374,0,434,68.84442645130025,5.279504766387936,0.6527846850659763,0.4892155434511891,-66.9793472290039,90,18,0.3663594470046083,0.42862411219134716,0.5581831196818478,ok
GCF_000237085.1:NC_016627.1,4465406,4465816,0,411,71.47313098102252,1.989332598752845,0.7965219713398131,0.6258273441764973,-55.93000030517578,18,55,0.3844282238442822,0.5567391301358057,0.6840831187036455,ok
GCF_000237085.1:NC_016627.1,4409922,4410321,0,400,70.48778456546702,3.214869568517446,0.7098143705913322,0.6332038062483042,-36.98149871826172,37,32,0.3975,0.5603621550588616,0.7011515922875227,ok
GCF_047943045.1:NZ_CP181347.1,1790823,1791277,0,455,77.1774662757763,3.88856773359206,0.6338944045410846,0.5280048697763741,-75.1474380493164,31,23,0.4153846153846154,0.47891779906995857,0.578671441695441,ok
GCF_022647505.1:NZ_CP071409.1,2530849,2531223,0,375,52.5843770763689,4.775436169897181,0.20405875127905898,0.567989845199797,-63.686317443847656,29,25,0.4666666666666667,0.5255070866410657,0.6063202747928813,ok
GCF_022647505.1:NZ_CP071409.1,1152767,1153180,0,414,75.82529440004917,4.538883305713828,0.6167111188466621,0.566141598956858,-59.862548828125,36,42,0.427536231884058,0.5212704256786606,0.615531470269157,ok
GCF_022845755.1:NZ_AP025566.1,2498454,2498873,0,420,89.95074188470898,3.0438807035544215,0.6127729297390945,0.5492782505247774,-73.83079528808594,42,25,0.5261904761904762,0.5115309772472121,0.5864510578627152,ok
GCF_002844395.1:NZ_CP025197.1,3372875,3373315,0,441,53.14102020090167,4.624787348803561,0.2969307393614852,0.6287063326587716,-53.50602722167969,34,40,0.36961451247165533,0.5690464120104293,0.6822166363850212,ok
GCF_000144625.1:NC_014376.1,3834711,3835078,0,368,89.88174883477271,3.104719416545912,0.6094871923102215,0.5092965121549067,-95.75125122070312,16,18,0.5217391304347826,0.47233721995628974,0.5458602711755992,ok
GCF_002812705.1:NZ_CP025030.1,5329788,5330167,0,380,26.138298028852372,2.450374668035478,0.715728594161611,0.5890550338114338,-55.88352584838867,76,24,0.46842105263157896,0.5192387371257955,0.6382282179134072,ok
GCF_030762805.1:NZ_CP129113.1,2702962,2703403,0,442,64.73545066233936,5.568649542115057,0.5323856482227566,0.5250266904287196,-60.05548858642578,31,21,0.416289592760181,0.46389056461140954,0.5942697264871486,ok
GCF_004295125.1:NZ_CP036170.1,3419113,3419473,0,361,83.82092510616006,4.142675318037876,0.5874091255805438,0.4493185483290316,-80.78024291992188,40,18,0.33518005540166207,0.41663823461360905,0.48494483958337037,ok
GCF_012317185.1:NZ_CP048838.1,721546,721970,0,425,57.42348631531894,3.1254781971118737,0.3809581851985567,0.5430301317059462,-64.9076919555664,31,26,0.3788235294117647,0.4891238164237756,0.5898752357414375,ok
GCF_025152405.1:NZ_CP102292.1,808968,809419,0,452,77.81425722731751,3.981744186368945,0.6260252243890592,0.5279043446716639,-73.93358612060547,30,19,0.413716814159292,0.481234395695251,0.5768408607331755,ok
GCF_025152405.1:NZ_CP102292.1,221439,221844,0,406,43.899903629032224,5.995138955748628,0.294645222420821,0.5597261340515585,-55.14789962768555,58,17,0.41625615763546797,0.470091528414182,0.6262947270837534,ok
GCF_004103715.1:NZ_CP035282.1,2981833,2982277,0,445,56.2263048211653,4.405915610951094,0.42226393938867857,0.6766575575244801,-41.519676208496094,32,42,0.35280898876404493,0.6025066688421731,0.7456461558508628,ok
GCF_001543175.1:NZ_CP014161.1,1527058,1527489,0,432,45.92678618932159,9.405631701384028,0.1928445049333285,0.5426315346332132,-64.62967681884766,33,48,0.41435185185185186,0.4650017952000984,0.6064492285801629,ok
GCF_025144545.1:NZ_CP102249.1,489854,490285,0,432,81.45897768294155,3.9731995076437885,0.6056466294941336,0.46099805460435744,-100.12519073486328,43,21,0.5185185185185185,0.42184039751718694,0.5026854144373372,ok
GCF_001543105.1:NZ_CP014159.1,963853,964273,0,421,83.6507154043091,2.994504488634466,0.6431974478568181,0.5449062186643879,-50.073143005371094,81,22,0.4014251781472684,0.49765674909235813,0.5901815456772115,ok
GCF_001543145.1:NZ_CP014160.1,1769802,1770261,0,460,49.447253596391214,7.368698724420734,0.2413539900961552,0.6047361105297427,-51.376808166503906,62,26,0.38913043478260867,0.5321845831243551,0.6723348918278883,ok
GCF_047943045.1:NZ_CP181347.1,1300020,1300449,0,430,54.951483510711576,4.957688008552658,0.4476807597767858,0.6559749081822001,-36.07026672363281,23,34,0.36046511627906974,0.5689857418488793,0.7377899716596109,ok
GCF_000144695.1:NC_014378.1,2191761,2192192,0,432,76.81532774739881,2.4513799687884488,0.7215464413060912,0.5439421199644076,-60.31542205810547,42,26,0.39814814814814814,0.48176118300189485,0.600207019425619,ok
GCF_001543205.1:NZ_CP014162.1,1379827,1380249,0,423,54.096014665500476,6.226221698221483,0.29545384823395865,0.5615686809401922,-66.18597412109375,26,46,0.3806146572104019,0.4971604783604021,0.6271512833257391,ok
GCF_017357865.1:NZ_CP060096.1,2189347,2189771,0,425,73.10310590555565,3.6382674751437314,0.6779125036459897,0.6097277953075882,-43.119911193847656,54,42,0.4023529411764706,0.5462515400848974,0.6723527367658005,ok
GCF_004103715.1:NZ_CP035282.1,3597245,3597670,0,426,47.82011018015766,8.858450340113452,0.183420358707317,0.618353827531651,-50.38039779663086,45,36,0.3474178403755869,0.5524553684853493,0.6774411966940674,ok
GCF_001543285.1:NZ_CP014164.1,262696,263110,0,415,42.43144217664882,7.115054928398401,0.3358367371658603,0.5636613330647116,-66.49545288085938,39,17,0.38313253012048193,0.44640035226439584,0.6452053553276683,ok
GCF_002812705.1:NZ_CP025030.1,4665596,4665998,0,403,48.43995128999604,5.95446153123721,0.21006307245065803,0.669676457184257,-52.41234588623047,16,40,0.43424317617866004,0.611627189475939,0.7191318484037177,ok
GCF_013267415.1:NZ_CP053988.1,1146676,1147067,0,392,53.9295989720428,7.05735858790708,0.17687178996590652,0.5192167722372668,-89.17863464355469,32,17,0.5408163265306123,0.4788090046829755,0.5616191231747657,ok
GCF_017357865.1:NZ_CP060096.1,1349100,1349471,0,372,52.533324462695184,4.666117067195512,0.41069505165428155,0.7279363984262117,-23.238174438476562,17,53,0.3387096774193548,0.6434413018616123,0.803658088646293,ok
GCF_031760945.1:NZ_CP134501.1,388654,389020,0,367,50.73433168979567,5.213017151669082,0.4015601009847927,0.5992743911075498,-40.39952087402344,36,19,0.4087193460490463,0.5055547605316442,0.6832188640501076,ok
GCF_001989575.1:NZ_CP019573.1,1088739,1089127,0,389,67.42237860653388,3.2783957060611284,0.700765437528954,0.7198097030071784,-28.51238250732422,20,48,0.34704370179948585,0.6412099990092119,0.7926399504390363,ok
GCF_022647505.1:NZ_CP071409.1,2176339,2176767,0,429,74.04755845912375,3.416601489239084,0.6809667769888557,0.6151861809892923,-55.495609283447266,33,26,0.38927738927738925,0.5526352391305274,0.6757752260192638,ok
GCF_022647505.1:NZ_CP071409.1,4076927,4077377,0,451,52.436439709960204,4.182473103851574,0.3073419986354822,0.5669768039434996,-57.26698303222656,28,36,0.36363636363636365,0.5077747121441875,0.6187682345921859,ok
GCF_002844395.1:NZ_CP025197.1,703532,703978,0,447,68.78618266634392,1.1156269769481444,0.8906590469060368,0.6355580296803299,-42.90242004394531,50,55,0.39149888143176736,0.5837652385474514,0.6774860423396206,ok
GCF_022647505.1:NZ_CP071409.1,1677867,1678314,0,448,48.9404265270284,7.796653213792567,0.21922333454540982,0.5389148139684831,-63.1280517578125,56,26,0.37723214285714285,0.4690454395886029,0.6023539290592398,ok
GCF_025144545.1:NZ_CP102249.1,2169488,2169877,0,390,87.01483607667573,3.8558534899029224,0.5856812181987798,0.45822713451879676,-85.22267150878906,33,18,0.5461538461538461,0.4267681978654317,0.4918226808471,ok
GCF_047456285.1:NZ_CP174122.1,552204,552584,0,381,72.7591611030667,3.9514757715793274,0.6657909299477871,0.5418828994039006,-52.99565887451172,44,14,0.43832020997375326,0.48138240577640795,0.6041227662817261,ok
GCF_000015865.1:NC_009012.1,309837,310208,0,372,46.11564650149503,6.967716398433023,0.21215973992077508,0.6252290573882907,-36.84925079345703,56,34,0.3817204301075269,0.5551033804931754,0.6813183604031176,ok
GCF_047936785.1:NZ_CP176394.1,1359828,1360234,0,407,60.135650327415185,2.7633822794125193,0.42849060616810186,0.5129017716737476,-81.66817474365234,75,22,0.5356265356265356,0.4596383827773309,0.5587875347831637,ok
GCF_009662475.1:NZ_CP045571.1,69534,69960,0,427,59.912462308798574,5.214520742935518,0.31565053200755233,0.5890049941676355,-61.39028549194336,23,34,0.47306791569086654,0.5401288719631322,0.6395357107697418,ok
GCF_001647695.1:NZ_CP015425.1,904762,905182,0,421,40.69752070293491,1.0756125889428767,0.9628623195690021,0.5787562872674733,-56.041744232177734,50,28,0.42280285035629456,0.5214294741577099,0.6234950940867854,ok
GCF_055386145.1:NZ_AP043913.1,421227,421658,0,432,29.063463171092927,1.3977671249941679,0.8598747662378382,0.5755692223416637,-44.620113372802734,88,23,0.40046296296296297,0.5120363386096893,0.6248565474867209,ok
GCF_016250455.1:NZ_CP059488.1,402638,403008,0,371,61.86729759702914,3.5507811172492367,0.4351770082889618,0.6573282108456538,-37.94575881958008,16,33,0.4420485175202156,0.5987575154338654,0.7109148024006361,ok
GCF_004014775.2:NZ_CP042808.1,1901677,1902069,0,393,57.48489561364305,3.375516914502414,0.3665259560411524,0.6114374812349919,-56.15606689453125,25,36,0.4681933842239186,0.5572049044850893,0.6592659898643686,ok
GCF_001705075.2:NZ_CP080624.1,508572,508874,0,303,59.05147661219392,3.6835604399759285,0.34835403274466653,0.577269630154099,-56.336341857910156,30,16,0.5247524752475248,0.5255886604878471,0.624145950997578,ok
GCF_000247605.1:NC_016894.1,3167775,3168174,0,400,53.89755177913674,4.224553883136263,0.3357230961312675,0.6467567621055742,-45.62141036987305,22,38,0.38,0.5842633540886488,0.7021956909008981,ok
GCF_003721225.2:NZ_CP127527.1,874423,874786,0,364,68.6774519744116,4.972480864374471,0.6683182814947127,0.5315205079328608,-54.612144470214844,46,23,0.4478021978021978,0.4650401810373558,0.6055219901950346,ok
GCF_013267415.1:NZ_CP053988.1,755094,755518,0,425,73.70833483637732,4.139566791326897,0.6492896576106576,0.5476847067995851,-58.59177780151367,37,32,0.43529411764705883,0.4918286727653945,0.6061970561952632,ok
GCF_002844395.1:NZ_CP025197.1,3043849,3044306,0,458,91.30664103383953,1.340402838605138,0.7539125837835559,0.5710418585805225,-78.81915283203125,28,53,0.4890829694323144,0.5269590656610669,0.6078169861963197,ok
GCF_022647505.1:NZ_CP071409.1,3539115,3539511,0,397,51.92987464464919,5.7617059329371285,0.17687057479857232,0.5385531699367365,-81.66808319091797,21,22,0.42317380352644834,0.49667482079092345,0.577533865797264,ok
GCF_016592595.1:NZ_AP012977.1,1221597,1221989,0,393,46.24831525166,8.064532233225679,0.20073917945467656,0.5860212706927143,-46.64855194091797,28,33,0.3944020356234097,0.5127691313780454,0.6440590843732679,ok
GCF_040267475.1:NZ_CP125628.1,3472812,3473243,0,432,52.192274630743576,6.27067387444551,0.3189841208529718,0.597169583225864,-56.45073699951172,40,31,0.4097222222222222,0.5196959304137135,0.6718412363753398,ok
GCF_023700225.1:NZ_CP097897.1,2079486,2079850,0,365,54.42240339581525,4.056162812956853,0.29769052525576395,0.4723888529751526,-79.4305191040039,35,54,0.34794520547945207,0.4192575533635934,0.5198711519797777,ok
GCF_047936785.1:NZ_CP176394.1,820480,820797,0,318,50.45004223994089,8.383732294217072,0.18275663325563496,0.5701398813918831,-59.207061767578125,20,28,0.46855345911949686,0.5151954819027741,0.6255335919581873,ok
GCF_008726475.3:NZ_CP145134.1,1224911,1225254,0,344,56.565212449154714,4.986438791856008,0.4247039547917748,0.6365139987393693,-41.88383483886719,21,22,0.3488372093023256,0.5595726699978836,0.7113215554532483,ok
GCF_040267475.1:NZ_CP125628.1,2461215,2461632,0,418,90.93205582389957,3.716939601106087,0.5759800089495377,0.4383720915981768,-131.32537841796875,106,17,0.5454545454545454,0.41034629756352775,0.46803968420398157,ok
GCF_000247605.1:NC_016894.1,3315473,3315911,0,439,90.46155922686988,2.657787135886963,0.633767666275663,0.5920878040818834,-60.38409423828125,30,25,0.42596810933940776,0.5508001002456194,0.6310229678187833,ok
GCF_022453685.1:NZ_CP092643.1,3159,3584,0,426,51.63921872045981,5.50815501722917,0.2889538756167162,0.5628582281769888,-64.9729995727539,59,26,0.43896713615023475,0.49535908652945926,0.62494415552302,ok
GCF_001543285.1:NZ_CP014164.1,424227,424651,0,425,71.75563670258096,4.4314705116483655,0.6551726802294463,0.5941594654063679,-49.88945388793945,24,37,0.3811764705882353,0.5345746001332259,0.6578147489778605,ok
GCF_001989575.1:NZ_CP019573.1,288046,288479,0,434,66.30550079743945,3.265037606094685,0.7711510157643142,0.549245679262582,-66.54074096679688,24,30,0.3824884792626728,0.46006347901159844,0.631445480084969,ok
GCF_000025305.1:NC_013740.1,869487,869845,0,359,87.19445377168607,2.630003118916503,0.6488939307309223,0.49997688727196476,-87.06015014648438,24,19,0.46518105849582175,0.4547111758847654,0.5421062369106646,ok
GCF_000015865.1:NC_009012.1,2099661,2100037,0,377,64.12658138517212,4.601741007056649,0.4687653794040367,0.5705143977818029,-49.268882751464844,35,29,0.38726790450928383,0.5111143391714892,0.6312880095105686,ok
GCF_940677205.1:NZ_OW712331.1,323239,323643,0,405,51.53650093423693,4.736606682983146,0.33442419817021135,0.5552025765905021,-46.92026901245117,17,37,0.3802469135802469,0.4835990937182066,0.618744641216465,ok
GCF_013267415.1:NZ_CP053988.1,1718740,1719129,0,390,44.86220710233626,4.531823717676017,0.2320935168083983,0.5701359809941037,-57.10636901855469,15,47,0.3871794871794872,0.515120399943335,0.6133634237670429,ok
GCF_000221025.1:NC_015850.1,141352,141726,0,375,48.671723273317326,3.571342254280677,0.45631893248847727,0.5822080077369346,-54.6254768371582,91,26,0.4533333333333333,0.4978469120933481,0.6495538456539255,ok
GCF_008726475.3:NZ_CP145134.1,1225069,1225510,0,442,70.82199126079985,3.131748260191315,0.7263994279198477,0.670876010001919,-42.61453628540039,38,43,0.39592760180995473,0.5971558435021667,0.7396031133900509,ok
GCF_001543175.1:NZ_CP014161.1,283712,284126,0,415,73.06892273319136,4.47270578305586,0.6403213181226526,0.5062608128158733,-74.26924133300781,33,29,0.4602409638554217,0.45205046374844754,0.5640876340209425,ok
GCF_001543245.1:NZ_CP014163.1,1770442,1770848,0,407,45.17163962994964,6.394503964921794,0.09870764350645844,0.4778900318280533,-95.01702117919922,49,41,0.42997542997543,0.4466409023177121,0.5016923542497775,ok
GCF_013267415.1:NZ_CP053988.1,1332679,1333108,0,430,83.17019681757797,2.5453256399702053,0.6750035573135889,0.5807336643809035,-57.66082000732422,18,25,0.4116279069767442,0.529084180137022,0.6281579005304974,ok
GCF_000196455.1:NC_014614.1,2304591,2305031,0,441,75.55791414986201,3.4174619357865885,0.6411562405315571,0.6282990410827621,-47.93277359008789,35,37,0.4126984126984127,0.5725219462155068,0.6830054330598462,ok
GCF_030762805.1:NZ_CP129113.1,1806452,1806901,0,450,78.84069582188823,3.037279074249276,0.6681523061483043,0.5966097629937076,-56.0062141418457,35,24,0.43333333333333335,0.5413808087655348,0.6491529966351165,ok
GCF_000237085.1:NC_016627.1,3708370,3708814,0,445,49.922243658775166,5.336874527178692,0.30277841857037413,0.6293964992305506,-44.67840576171875,74,29,0.3865168539325843,0.5553548458658375,0.6937983573500095,ok
GCF_022647505.1:NZ_CP071409.1,2508914,2509328,0,415,57.78346221607039,7.152854392131384,0.41300914743546135,0.5593146131085348,-56.958988189697266,60,21,0.44096385542168676,0.4880395243791347,0.6416956774201755,ok
GCF_000015865.1:NC_009012.1,30593,31025,0,433,74.06943608303763,3.2421972987601726,0.690285049659195,0.6709683952888273,-38.97100067138672,22,32,0.3787528868360277,0.6071093346285431,0.7318022266518914,ok
GCF_000007745.1:NC_006300.1,1280349,1280798,0,450,70.73041433249205,3.5193504663921726,0.7065445499480003,0.5725647751095058,-68.37335968017578,17,51,0.3977777777777778,0.5008038379696013,0.6421089081219229,ok
GCF_017357865.1:NZ_CP060096.1,2025923,2026349,0,427,51.56108473093318,5.651902293062409,0.2312748570083928,0.6294408938403419,-51.06488037109375,32,30,0.4028103044496487,0.5744245395146224,0.6800709783296662,ok
GCF_025144545.1:NZ_CP102249.1,1821716,1822154,0,439,51.49434592448708,5.918611704455199,0.3636090893848677,0.6245641601926492,-46.20640563964844,24,54,0.3690205011389522,0.5357767224492492,0.7073235017272108,ok
GCF_022453685.1:NZ_CP092643.1,339432,339841,0,410,78.60998712548145,3.4991183085764557,0.6434242605767111,0.479304804640637,-93.95043182373047,47,17,0.375609756097561,0.4288999433363516,0.529586930469512,ok
GCF_000164865.1:NC_014618.1,493886,494285,0,400,59.11010739570933,6.764123613477016,0.41012634666382214,0.5113588618074073,-63.06647491455078,52,27,0.3975,0.4468607258898619,0.5862676504440685,ok
GCF_047936785.1:NZ_CP176394.1,1586675,1587088,0,414,81.89924279254609,2.6167262167521064,0.6761817548989056,0.5842816204749813,-65.91896057128906,23,33,0.46859903381642515,0.531193291517915,0.6326064001090055,ok
GCF_002220195.1:NZ_CP022374.1,3023549,3023921,0,373,50.46967312211296,6.066400824551568,0.2882319822388253,0.6559177235232116,-32.65419006347656,24,52,0.3163538873994638,0.5812941892373027,0.723942450052699,ok
GCF_000093085.1:NC_014219.1,2677096,2677531,0,436,89.49572631280022,2.2264208767282776,0.5617078455632769,0.5669053046652038,-69.35710906982422,56,50,0.44495412844036697,0.5283057496508736,0.6015357013573047,ok
GCF_000164865.1:NC_014618.1,1221171,1221591,0,421,53.317947414520525,6.8310079605189395,0.3803487524781369,0.5346645351877015,-54.237613677978516,55,20,0.4156769596199525,0.44540904300249134,0.6265667569529001,ok
GCF_002844395.1:NZ_CP025197.1,626413,626858,0,446,67.11397912815576,4.514911558484466,0.3932761606919033,0.5730071922316059,-64.063232421875,33,29,0.38565022421524664,0.5296056637406655,0.6183265542986898,ok
GCF_004014775.2:NZ_CP042808.1,2710081,2710454,0,374,66.36400084476071,5.568360962373833,0.6778189980725233,0.6023612412452299,-41.13985061645508,30,28,0.3342245989304813,0.5303774330328639,0.6849866657318932,ok
GCF_055384605.1:NZ_AP043921.1,33917,34341,0,425,73.71794774069903,4.350966168261561,0.6399745945502412,0.5387790969138676,-57.68871307373047,55,21,0.47058823529411764,0.4859070144476471,0.5955933331923184,ok
GCF_012317185.1:NZ_CP048838.1,2958984,2959385,0,402,59.68528216056204,4.801619841650167,0.46225128265796983,0.5778958952623782,-49.13688278198242,57,27,0.3805970149253731,0.5058513637939048,0.6497628055264547,ok
GCF_004103715.1:NZ_CP035282.1,2978682,2979123,0,442,53.46974978357183,5.297624889175599,0.32541487775389744,0.6593727622634513,-39.71589660644531,44,33,0.39819004524886875,0.5901538922303664,0.7242308455001946,ok
GCF_000237085.1:NC_016627.1,4498882,4499262,0,381,47.014914870845054,4.2954662535510275,0.38327066059047615,0.6728781509858486,-33.74208068847656,32,52,0.37270341207349084,0.5881494747154122,0.7409301770287356,ok
GCF_047456285.1:NZ_CP174122.1,750247,750655,0,409,52.503604764280134,5.910724380088216,0.2489855791011471,0.542698171419615,-64.01887512207031,63,15,0.4669926650366748,0.4846784821974949,0.5981513235790655,ok
GCF_047943045.1:NZ_CP181347.1,50345,50717,0,373,89.51658211275549,2.6316517872732166,0.6398508092690764,0.49307812942274826,-62.67668533325195,56,31,0.34316353887399464,0.4502161123039701,0.533582907421845,ok
GCF_004295125.1:NZ_CP036170.1,507474,507859,0,386,71.52559652886586,3.7613277998649304,0.6864088360919106,0.5888147910861258,-55.56241226196289,20,33,0.4119170984455959,0.5219909687497198,0.6555404905352366,ok
GCF_022647505.1:NZ_CP071409.1,480911,481337,0,427,55.72819065135851,5.136581216183176,0.39722902959717454,0.5518849692464758,-56.532413482666016,59,32,0.40046838407494145,0.47592307433371783,0.6240316261731065,ok
GCF_023700225.1:NZ_CP097897.1,2075360,2075819,0,460,46.05473644242035,8.74505603376138,0.132908577709628,0.5386927002767956,-67.19577026367188,47,26,0.4782608695652174,0.48809698080074065,0.5830451675230598,ok
GCF_000164865.1:NC_014618.1,3437936,3438354,0,419,28.80044816959092,1.634785018311734,0.8320094422758095,0.6075976815258016,-54.691864013671875,34,48,0.38663484486873506,0.5399790944589047,0.6579159575646959,ok
GCF_004359375.1:NZ_CP034726.1,1219944,1220262,0,319,54.11284801105572,5.289562236994998,0.31585948550302706,0.5476806403007403,-54.25439453125,31,46,0.38557993730407525,0.48252673406282287,0.609914474179146,ok
GCF_000164865.1:NC_014618.1,2290271,2290754,0,484,52.98968697285028,5.603476953737907,0.2826388647903074,0.5882595461271655,-76.44974517822266,33,34,0.44214876033057854,0.5252718933681505,0.6477578561186743,ok
GCF_001543105.1:NZ_CP014159.1,471353,471665,0,313,47.71821498736095,3.0480756590040827,0.5589502085223652,0.6621762033733197,-27.874893188476562,43,25,0.3738019169329074,0.5716916131177732,0.7344394481525672,ok
GCF_047456275.1:NZ_CP173357.1,2597264,2597716,0,453,70.12391164365162,4.3210794513028095,0.6752163650348767,0.5363803626611047,-63.24700927734375,77,32,0.4260485651214128,0.4702556888243656,0.6056536143227735,ok
GCF_001989575.1:NZ_CP019573.1,295195,295584,0,390,61.94603703632215,4.814630073591096,0.5821391771163615,0.6189337023928329,-36.426780700683594,65,22,0.35128205128205126,0.5374149554890822,0.7022949067188001,ok
GCF_004295125.1:NZ_CP036170.1,66445,66838,0,394,64.65184480833385,3.3328203968141943,0.4494270693930399,0.5476785400740999,-61.618247985839844,37,17,0.4949238578680203,0.49323562945422367,0.5983967331352783,ok
GCF_008726475.3:NZ_CP145134.1,1105019,1105354,0,336,49.564914508094056,8.1569886400656,0.20920689393225922,0.5704328632820442,-52.05049133300781,22,40,0.37797619047619047,0.5050462959811313,0.6340492142144116,ok
GCF_001543205.1:NZ_CP014162.1,1303605,1304023,0,419,53.73604694787419,6.512240838655845,0.27047103356142355,0.5735337232661569,-54.47179412841797,25,17,0.4033412887828162,0.512591424960922,0.6362125060618368,ok
GCF_001989575.1:NZ_CP019573.1,1727491,1727863,0,373,78.60290318635133,2.3680219359370334,0.71489930939839,0.6719655231089883,-32.25025177001953,19,30,0.3699731903485255,0.6124529185716446,0.724864663649791,ok
GCF_000144625.1:NC_014376.1,330120,330467,0,348,50.961068970545064,5.334156661459497,0.21694675752571457,0.586261629243176,-66.3678207397461,21,17,0.48563218390804597,0.5352143067503684,0.63214601781702,ok
GCF_040267475.1:NZ_CP125628.1,4670793,4671216,0,424,57.72627994971072,3.811376780489482,0.2700532957181714,0.5894506098377582,-59.2784423828125,25,36,0.4528301886792453,0.5471187720505295,0.627756961443592,ok
GCF_004103715.1:NZ_CP035282.1,2609829,2610271,0,443,46.15058754650278,4.590611753200022,0.2720520572610583,0.7013038590347481,-37.90010452270508,30,54,0.3905191873589165,0.6367889817794942,0.7521703614708213,ok
GCF_001543285.1:NZ_CP014164.1,203577,203992,0,416,45.89143543394377,9.528247447785843,0.13845605401251782,0.5971935343507584,-46.53828048706055,29,41,0.37740384615384615,0.540233848719143,0.6396193119714618,ok
GCF_022647505.1:NZ_CP071409.1,3933622,3934069,0,448,55.098750808314946,7.056951805665594,0.2945236402403505,0.4633579347735373,-76.62454223632812,88,19,0.41964285714285715,0.4018048696445082,0.5314663510857883,ok
GCF_022453685.1:NZ_CP092643.1,384713,385102,0,390,78.36010884508099,3.17559164186418,0.6631053997408086,0.5667496481934963,-49.6408576965332,23,30,0.3923076923076923,0.5123916206562553,0.6196000936257222,ok
GCF_001543245.1:NZ_CP014163.1,1036341,1036758,0,418,58.116806457316166,5.612384729058925,0.3967380391791464,0.5280367847431786,-58.90399169921875,42,41,0.3373205741626794,0.46019763718048057,0.5988251913488889,ok
GCF_016592595.1:NZ_AP012977.1,978979,979395,0,417,81.66616285160005,3.895855705702145,0.6077992076588671,0.6594572413062744,-43.52704620361328,59,67,0.354916067146283,0.6195751678353583,0.7013842040762069,ok
GCF_000007745.1:NC_006300.1,1503133,1503577,0,445,60.199196467462976,3.0738990743817136,0.4468608261793284,0.5657528543989199,-66.70986938476562,60,36,0.37303370786516854,0.5069018583651026,0.6178949917360822,ok
GCF_001543145.1:NZ_CP014160.1,98299,98688,0,390,46.45578070233211,5.09919534134798,0.23760870648284138,0.5074247805124245,-76.26593017578125,42,12,0.5205128205128206,0.44640682956963534,0.5569083240973937,ok
GCF_001543105.1:NZ_CP014159.1,66581,67011,0,431,86.94034725639368,2.2131629416706784,0.6831089078116289,0.5042984859846656,-65.61763763427734,22,24,0.42923433874709976,0.45532423632195634,0.5490037015481753,ok
GCF_055386145.1:NZ_AP043913.1,976207,976648,0,442,33.26006707263678,1.1613096688827127,0.9452810238699714,0.5835711611483846,-44.620113372802734,88,23,0.4004524886877828,0.5222433246552772,0.6318133025015161,ok
GCF_017357865.1:NZ_CP060096.1,2014989,2015369,0,381,66.48244101348426,2.95959715872239,0.7266781198603749,0.6678146697939017,-26.74363899230957,20,52,0.33858267716535434,0.5863380209674824,0.7412208267003805,ok
GCF_004014775.2:NZ_CP042808.1,785588,786045,0,458,45.39034297638687,14.01252174687979,0.10630296247904503,0.4259153903426323,-128.06744384765625,48,16,0.5829694323144105,0.37338669633033,0.4679501377915043,ok
GCF_031760945.1:NZ_CP134501.1,1884986,1885408,0,423,54.27838079605173,6.2103810835909705,0.30576542275969265,0.643000318891626,-40.57965087890625,20,36,0.3806146572104019,0.5768734697434049,0.7099388491185779,ok
GCF_004295125.1:NZ_CP036170.1,3510529,3510931,0,403,56.53984855793267,6.276129908696579,0.2971936468196841,0.5520376283745285,-61.39469909667969,18,18,0.43424317617866004,0.496055906615269,0.6124071674382319,ok
GCF_022845755.1:NZ_AP025566.1,822915,823301,0,387,87.56371104701849,2.1411225026276592,0.6852834740911282,0.530327421583445,-73.9061050415039,26,30,0.5452196382428941,0.4817764193169969,0.5736359749510047,ok
GCF_001543145.1:NZ_CP014160.1,576365,576802,0,438,77.71521364023408,1.8958842579029762,0.7598281190597473,0.6043324241943159,-51.33296203613281,37,41,0.3607305936073059,0.5445146018756396,0.6551856520970134,ok
GCF_001543145.1:NZ_CP014160.1,1781852,1782252,0,401,64.73808120823603,4.25004265370618,0.378502934982706,0.5304021430251722,-64.69647216796875,37,17,0.49875311720698257,0.4834033169279859,0.5773734068793497,ok
GCF_004295125.1:NZ_CP036170.1,504171,504594,0,424,48.27221407377288,5.1416925217823675,0.2156643142886281,0.590030249931309,-65.96371459960938,31,38,0.455188679245283,0.5361695035908524,0.6349237821444895,ok
GCF_008365315.1:NZ_CP043507.1,122529,122950,0,422,48.617817873147466,5.775313831700837,0.2962625293120388,0.6588621548795732,-39.94591522216797,67,56,0.3886255924170616,0.5791984104994146,0.7270025638900567,ok
GCF_023700225.1:NZ_CP097897.1,673115,673553,0,439,75.84284721976503,3.9032149277326584,0.643207120884614,0.5759848752582993,-55.31755828857422,36,28,0.4191343963553531,0.5236963839105866,0.6302735172336108,ok
GCF_000015865.1:NC_009012.1,3434348,3434747,0,400,58.85405252557444,4.496560306531709,0.5558467110842048,0.5871224965974385,-49.650856018066406,31,20,0.3925,0.49844450909731114,0.6729614608401732,ok
GCF_017357865.1:NZ_CP060096.1,2005742,2006173,0,432,54.26853543841559,3.881855813852011,0.36272079461304424,0.6123140171888614,-57.078433990478516,40,29,0.3425925925925926,0.5488945316904504,0.6680020636649894,ok
GCF_022647505.1:NZ_CP071409.1,4106965,4107390,0,426,50.48707523884227,3.890205290906706,0.20208176708156345,0.6221161744432281,-60.50238037109375,21,39,0.4647887323943662,0.5833434779186872,0.6544268761725139,ok
GCF_001543145.1:NZ_CP014160.1,1086573,1086974,0,402,53.60456963774862,4.113654491465052,0.15572982495385934,0.44400800907074406,-109.80400848388672,40,19,0.5199004975124378,0.41526769216700476,0.4694038078388697,ok
GCF_017357865.1:NZ_CP060096.1,484837,485242,0,406,70.07335462296732,3.413569735324712,0.7186544989696764,0.6529807064804286,-36.075130462646484,19,74,0.3694581280788177,0.5779144186613013,0.7242125083332698,ok
GCF_016592595.1:NZ_AP012977.1,1004206,1004606,0,401,77.44063043598034,4.281305319212106,0.6160268674454042,0.5770901744851952,-67.08879089355469,49,37,0.42144638403990026,0.5332227032087126,0.6245988650887815,ok
GCF_012317185.1:NZ_CP048838.1,775688,776047,0,360,89.4293377796979,3.2326406676034187,0.6040961654074957,0.5183465764042873,-67.35786437988281,12,12,0.4888888888888889,0.48283039398059,0.554015573081767,ok
GCF_025152405.1:NZ_CP102292.1,2481012,2481443,0,432,70.35786579051722,5.24278206130906,0.6383589665043449,0.5893869603002871,-61.91856384277344,22,28,0.3888888888888889,0.5348187198764452,0.652494310821187,ok
GCF_025149125.1:NZ_CP102272.1,1873915,1874267,0,353,94.99985864310807,0.9498378030587366,0.6268104726364441,0.559461542915539,-54.994110107421875,22,32,0.3937677053824363,0.5300261596495252,0.5840212999484224,ok
GCF_022647505.1:NZ_CP071409.1,2568536,2568951,0,416,46.022809754963895,8.39276114989261,0.12203955880276951,0.6746771048643128,-43.063053131103516,34,36,0.4423076923076923,0.6286746718870535,0.7109128913866394,ok
GCF_016250455.1:NZ_CP059488.1,536572,536987,0,416,82.12193486622108,3.5918894938804127,0.6189358847592192,0.5718322584863499,-53.94886016845703,45,35,0.4567307692307692,0.5292258984937214,0.6152382546430086,ok
GCF_000237085.1:NC_016627.1,3472756,3473128,0,373,43.37545475858726,6.3082994843759606,0.4022264160406765,0.6133965159262463,-39.33230972290039,34,36,0.3297587131367292,0.48554561283232267,0.706365969310422,ok
GCF_000022305.1:NC_011992.1,291849,292290,0,442,10.592051494810654,1.0538670346866013,0.610249821572284,0.46443667309287623,-109.17203521728516,31,23,0.5656108597285068,0.44268050510649337,0.4811391648415953,ok
GCF_001543285.1:NZ_CP014164.1,253190,253588,0,399,68.21313747933061,5.235143521294228,0.6625734857626564,0.5768265401964733,-50.920318603515625,14,33,0.3157894736842105,0.5121688717633649,0.6497761052736838,ok
GCF_000196455.1:NC_014614.1,1540537,1540970,0,434,49.457174975066955,5.440773816356082,0.39639653969775446,0.6678882999628079,-27.956878662109375,47,35,0.32027649769585254,0.5684066267052809,0.7545098343738945,ok
GCF_040267475.1:NZ_CP125628.1,567212,567561,0,350,67.16541474773211,2.290847589231296,0.5369643440915686,0.5935012903770372,-61.558231353759766,23,31,0.4542857142857143,0.5402303307014626,0.6390989459627693,ok
GCF_047943045.1:NZ_CP181347.1,332802,333184,0,383,44.122513009392414,4.645193157203456,0.38641261478598515,0.635909716658117,-40.22740173339844,25,57,0.3472584856396867,0.5416391485057777,0.7074025069029483,ok
GCF_000202835.1:NC_015187.1,15603,15987,0,385,56.90089842911375,5.6889564188192185,0.19747643945804932,0.41785064999699956,-106.76302337646484,37,19,0.5974025974025974,0.38173701514087127,0.45524526083809613,ok
GCF_047456285.1:NZ_CP174122.1,1789683,1790130,0,448,43.99801972659195,6.30493130190911,0.24121982499878253,0.5781378289316105,-68.38117980957031,49,22,0.4419642857142857,0.5017348836586211,0.6347153030425589,ok
GCF_022845755.1:NZ_AP025566.1,2051754,2052123,0,370,43.80638506650413,6.926513116140895,0.1630569255191312,0.6094832784147338,-44.76894760131836,35,33,0.42702702702702705,0.553799945680033,0.650950887803066,ok
GCF_029866465.1:NZ_CP123364.1,5121395,5121740,0,346,93.06069035715052,2.831352387523627,0.6150222628853086,0.5259867514807881,-53.85348892211914,40,22,0.430635838150289,0.4887995244839382,0.5627024278015699,ok
GCF_030762805.1:NZ_CP129113.1,1157362,1157782,0,421,85.20839912003694,2.7486855387912006,0.6506058798749147,0.5942618646260169,-50.30585861206055,35,26,0.3847980997624703,0.5474195181383708,0.63851838372294,ok
GCF_003721225.2:NZ_CP127527.1,573029,573423,0,395,85.68570524738674,3.770735371924915,0.59484639736462,0.4653813573653273,-95.41543579101562,89,10,0.589873417721519,0.43081888459965423,0.5020361375522595,ok
GCF_047943045.1:NZ_CP181347.1,193975,194326,0,352,66.9108583954155,2.6378319087782294,0.8000545469882643,0.5892953637421606,-43.479888916015625,27,41,0.3664772727272727,0.5032693687915611,0.665525693745979,ok
GCF_025152405.1:NZ_CP102292.1,1228361,1228810,0,450,45.23402575604796,8.462821301216142,0.22236610556430503,0.6289375726720239,-59.91801452636719,31,36,0.4,0.5433942640749202,0.696214221673652,ok
GCF_000144695.1:NC_014378.1,789892,790315,0,424,69.83016923243989,4.028599311361655,0.6937385822001036,0.5633714691441922,-56.96542739868164,37,16,0.330188679245283,0.4912532762874281,0.636871817194001,ok
GCF_000247605.1:NC_016894.1,1518095,1518478,0,384,41.938589558189875,9.654045512899051,0.15174075053955938,0.5918567341841597,-60.87687301635742,25,48,0.4427083333333333,0.5254573713583929,0.6305461320153803,ok
GCF_017357865.1:NZ_CP060096.1,1623178,1623577,0,400,78.78952685824916,2.630216384438612,0.6946788193218607,0.5414479074758113,-59.49597930908203,42,39,0.375,0.4834306926871687,0.5946128332434628,ok
GCF_000015865.1:NC_009012.1,3243117,3243560,0,444,32.69518130966691,1.189061205765524,0.9349488159992076,0.5845673084469524,-44.620113372802734,88,25,0.39864864864864863,0.5228101127664281,0.6330505933185498,ok
GCF_047456275.1:NZ_CP173357.1,318935,319268,0,334,78.56520631374137,3.7640486610610155,0.6322529017190217,0.5423268686720639,-51.61372756958008,51,42,0.36227544910179643,0.4942514856110376,0.5922455459883879,ok
GCF_008726475.3:NZ_CP145134.1,222772,223176,0,405,75.1230423353382,3.6264118819068023,0.6615637172406367,0.5308490296308823,-64.15995025634766,31,20,0.4419753086419753,0.4737313946819373,0.5881619807193822,ok
GCF_023700225.1:NZ_CP097897.1,1125739,1126176,0,438,72.39171917321904,4.386916841224119,0.650717651720325,0.4260594247991654,-87.02792358398438,69,18,0.3881278538812785,0.3688424795469713,0.4875021232221475,ok
GCF_000025305.1:NC_013740.1,530166,530523,0,358,44.20819866241885,7.400951546273564,0.10531410125932628,0.5579638143552218,-74.45752716064453,20,27,0.4134078212290503,0.5199741953196244,0.5844702107685906,ok
GCF_004295125.1:NZ_CP036170.1,441041,441376,0,336,77.59346135178376,5.504132581865784,0.5754585482437882,0.5192491157020619,-61.969383239746094,32,29,0.4880952380952381,0.48934024534342246,0.5556736574965015,ok
GCF_001543285.1:NZ_CP014164.1,428497,428866,0,370,59.38866969787828,4.304998847912532,0.39058133621039215,0.6417391507388636,-36.6287956237793,40,40,0.4135135135135135,0.5813508331291444,0.6995133582517841,ok
GCF_047456275.1:NZ_CP173357.1,2512324,2512779,0,456,47.2004107364028,7.855421619300273,0.20473783669178436,0.6048815051947403,-61.34437561035156,38,39,0.4144736842105263,0.5341121221306023,0.6648557356628307,ok
GCF_047943045.1:NZ_CP181347.1,884413,884764,0,352,63.5143758503372,3.815557404425731,0.5285713161627918,0.5697474331579739,-50.627376556396484,29,35,0.3721590909090909,0.5012210136446026,0.6349151453178355,ok
GCF_047456285.1:NZ_CP174122.1,735674,736103,0,430,67.90568155928396,4.775312359573982,0.6823971622929881,0.566084875982846,-50.20771408081055,45,36,0.4,0.49488138505333257,0.6423068488260537,ok
GCF_055386145.1:NZ_AP043913.1,2770519,2770988,0,470,62.53454079824337,4.295661747845679,0.4676097996006573,0.5978948660709795,-57.81778335571289,28,38,0.42340425531914894,0.5342566519974963,0.6606977138749203,ok
GCF_000144625.1:NC_014376.1,945702,945990,0,289,67.4197645802501,3.968438524408604,0.7225406451188103,0.5747077869571445,-33.237571716308594,54,18,0.3771626297577855,0.49335623889255564,0.6551417656298719,ok
GCF_001543145.1:NZ_CP014160.1,1288903,1289290,0,388,54.423388729481644,4.375242031058743,0.2040134254814739,0.5499432436684151,-64.28543090820312,43,33,0.520618556701031,0.5118931108230618,0.5843264695015016,ok
GCF_025152405.1:NZ_CP102292.1,125870,126292,0,423,60.60812271944921,4.56219843563009,0.3373426288458797,0.5356894299040517,-61.95761489868164,47,23,0.39243498817966904,0.48556757171499304,0.5852867738203936,ok
GCF_025152405.1:NZ_CP102292.1,2077854,2078292,0,439,54.014041141519336,5.254412993626944,0.2765903044929021,0.595206814373847,-81.23757934570312,24,62,0.3895216400911162,0.5380330401522226,0.6495020273192705,ok
GCF_047936785.1:NZ_CP176394.1,1600441,1600851,0,411,54.0127322061628,5.257775314471748,0.28735402162414786,0.5243845316552281,-71.17398834228516,50,30,0.3795620437956204,0.46501635587724155,0.5809703589916302,ok
GCF_004359375.1:NZ_CP034726.1,934002,934379,0,378,55.927739237579516,4.315662390729833,0.39065920297165513,0.624859296177758,-51.00040817260742,22,66,0.328042328042328,0.5561317299100527,0.688069281238166,ok
GCF_001753245.1:NZ_CP017415.1,2626751,2627144,0,394,42.442519838158255,11.24310013144877,0.11176463657940844,0.5086660602541636,-80.16334533691406,34,23,0.5380710659898477,0.4545416071482226,0.5384509744264132,ok
GCF_001543245.1:NZ_CP014163.1,39433,39826,0,394,45.66599980570086,6.039090762962196,0.16560602819030423,0.540628781441368,-71.32886505126953,26,29,0.467005076142132,0.49096686645360044,0.5795564320560196,ok
GCF_025152405.1:NZ_CP102292.1,2124550,2124965,0,416,87.4521195997164,3.470521786992425,0.6000491215174633,0.5142850397504308,-86.23700714111328,24,29,0.5192307692307693,0.4790500495018156,0.5502921200893154,ok
GCF_022647505.1:NZ_CP071409.1,3810436,3810843,0,408,79.01721264741164,4.500495962238413,0.59824827472993,0.46156230384020414,-102.19791412353516,41,29,0.4534313725490196,0.42396740028973445,0.5034601795530256,ok
GCF_023700225.1:NZ_CP097897.1,684600,685007,0,408,77.89732944208558,4.752527815634203,0.5964449223240497,0.5307274726283693,-71.1166763305664,32,20,0.4950980392156863,0.4932604961372618,0.5734605300176108,ok
GCF_040267475.1:NZ_CP125628.1,3292727,3293118,0,392,50.442341332790605,4.61235466123864,0.26208948947417454,0.5764938901760834,-59.431034088134766,67,33,0.4260204081632653,0.5196472808920416,0.6262273221972068,ok
GCF_030762805.1:NZ_CP129113.1,2730058,2730420,0,363,52.38345642781858,3.861837853887811,0.3336009418646126,0.5930633897102261,-46.293182373046875,26,25,0.3526170798898072,0.5321673860650765,0.6455894772885081,ok
GCF_000021485.1:NC_011761.1,2211376,2211782,0,407,51.8259121987524,5.864710873180473,0.3076111060107933,0.5262482853805129,-60.94049835205078,44,13,0.44717444717444715,0.45266677910926356,0.5955972923233581,ok
GCF_001647695.1:NZ_CP015425.1,889589,890016,0,428,71.11394553282916,3.6165480766493507,0.697157009536898,0.6195164689893561,-52.648284912109375,32,30,0.3855140186915888,0.5499333187016724,0.6873889000921916,ok
GCF_055386145.1:NZ_AP043913.1,1589581,1590001,0,421,71.3418738411627,4.749409984413602,0.6458351926528938,0.5460338586583822,-57.00144958496094,48,34,0.35629453681710216,0.4894292536078537,0.6084141467262022,ok
GCF_902729405.1:NZ_LR746496.1,2668538,2668968,0,431,94.61387962612795,3.577001783275017,0.5721607100255637,0.45356126287186144,-117.00080108642578,42,31,0.6102088167053364,0.42735887719876425,0.4808008443710092,ok
GCF_002173775.1:NZ_CP021526.1,8401,8835,0,435,46.270818314037626,6.386940596928342,0.21076925124176416,0.5672062044304683,-55.00271987915039,76,26,0.42528735632183906,0.502281937706023,0.6199857469672342,ok
GCF_000164865.1:NC_014618.1,3326467,3326819,0,353,48.51760847139377,4.8086702314161975,0.2983333349300449,0.6655902600151337,-33.549659729003906,20,41,0.40226628895184136,0.595240118687503,0.7241804770267378,ok
GCF_001543175.1:NZ_CP014161.1,192365,192769,0,405,42.241263400259704,8.771954416266503,0.08987503270418118,0.5780698295648493,-69.36717987060547,17,46,0.4666666666666667,0.5412700262293234,0.6028064986676663,ok
GCF_004103715.1:NZ_CP035282.1,1000368,1000795,0,428,75.52713660933051,3.0300774276935876,0.6916976419761696,0.5831404138069353,-54.56454849243164,29,25,0.4182242990654206,0.5210980328143192,0.6416789911691249,ok
GCF_000093085.1:NC_014219.1,587981,588358,0,378,74.43774951700513,3.687309280385924,0.6645674935184707,0.5108115909335618,-64.25917053222656,34,32,0.49206349206349204,0.4520135404942348,0.5700666652797145,ok
GCF_000015865.1:NC_009012.1,3473090,3473476,0,387,56.90405368353839,5.183219591178334,0.40476818833152683,0.6829659211037898,-30.404376983642578,18,38,0.3669250645994832,0.610076106558319,0.7553428246388665,ok
GCF_000247605.1:NC_016894.1,3476622,3477036,0,415,67.0456258057004,4.427144582200615,0.6768642792378585,0.5507301199495462,-68.94047546386719,37,21,0.4771084337349398,0.4753426303587452,0.6287464911776137,ok
GCF_047456275.1:NZ_CP173357.1,598931,599370,0,440,55.07251068944085,4.305195206167322,0.2554212310973233,0.5752814117049135,-59.483863830566406,48,54,0.43863636363636366,0.529188654887175,0.6176193779060275,ok
GCF_902729405.1:NZ_LR746496.1,3950044,3950375,0,332,94.99999998648863,3.022290140261808,0.5475300980976539,0.5085514501386832,-81.92265319824219,45,31,0.608433734939759,0.4790902526181252,0.5377290492193444,ok
GCF_001543285.1:NZ_CP014164.1,1582418,1582852,0,435,50.27580914230542,7.032247929667004,0.2229435058731562,0.5660841583195405,-60.564849853515625,37,32,0.3931034482758621,0.5028432071575285,0.624614393004157,ok
GCF_047456285.1:NZ_CP174122.1,293239,293566,0,328,72.8487513724837,7.354299155609379,0.5639242796534516,0.4710539469384478,-58.11096954345703,51,21,0.3719512195121951,0.4459808083395009,0.5066947922183974,ok
GCF_047943045.1:NZ_CP181347.1,2376931,2377323,0,393,81.70262881415374,3.181563606827379,0.6431204043867779,0.6025615073868141,-52.18770980834961,40,23,0.4122137404580153,0.5538762774646915,0.6500644372799238,ok
GCF_023700225.1:NZ_CP097897.1,1500502,1500810,0,309,89.3285981614495,0.7450057156556598,0.8356205475202254,0.5621066382093993,-61.879459381103516,31,15,0.49838187702265374,0.5299783201676963,0.5880018326057085,ok
GCF_022453685.1:NZ_CP092643.1,757509,757943,0,435,76.86901218281953,3.7163612789628346,0.6451492270090602,0.5519685374723134,-72.04716491699219,27,27,0.42528735632183906,0.4995248156857486,0.6054245904135914,ok
GCF_000007745.1:NC_006300.1,1895855,1896232,0,378,50.631557760544865,5.806688324004472,0.3661708619848275,0.6816540447475248,-27.54766082763672,14,35,0.31746031746031744,0.5897042793212383,0.7645572319640654,ok
GCF_001499615.1:NZ_LN606600.1,2154871,2155260,0,390,50.12202605236304,4.4443279998652825,0.36274939456867095,0.7239608133485937,-25.286449432373047,32,53,0.3282051282051282,0.646517583159407,0.7900398646335952,ok
GCF_008365315.1:NZ_CP043506.1,1895963,1896403,0,441,47.33094630041888,8.032408744697223,0.18528312417432524,0.556641430416232,-61.53317642211914,47,14,0.4557823129251701,0.49215037843953485,0.6124526031963934,ok
GCF_000237085.1:NC_016627.1,1474259,1474637,0,379,50.65547146509946,4.962025053349998,0.38142662027822216,0.7209974794769266,-21.4534969329834,22,70,0.3403693931398417,0.6342127113137732,0.7966935495717549,ok
GCF_013267415.1:NZ_CP053988.1,970185,970547,0,363,69.81590847836611,4.389659766744899,0.675716220448281,0.5398992507435666,-55.830848693847656,28,20,0.38016528925619836,0.4732052786251119,0.6100703979724533,ok
GCF_031760945.1:NZ_CP134501.1,2281345,2281813,0,469,54.33632059361199,5.322457212598645,0.3654293805904705,0.6800706046364416,-39.698646545410156,37,36,0.3837953091684435,0.6052082269044688,0.7518231792317077,ok
GCF_001543175.1:NZ_CP014161.1,1862878,1863283,0,406,56.227646856199215,4.973920921323584,0.4788920626452035,0.6362871695008435,-38.84789276123047,19,40,0.3275862068965517,0.5484564514659851,0.7217056361057576,ok
GCF_047943045.1:NZ_CP181347.1,1687662,1688166,0,505,71.93472240130565,5.070848704367017,0.6283438823137502,0.5279904732016778,-92.0615234375,24,34,0.4297029702970297,0.4776918606077721,0.5854532549944864,ok
GCF_001543175.1:NZ_CP014161.1,1196233,1196661,0,429,42.512548809089374,11.847690107798433,0.11277571615819965,0.5602233272236389,-70.84467315673828,32,20,0.4801864801864802,0.5042982562686245,0.5953423796758432,ok
GCF_001543175.1:NZ_CP014161.1,1522506,1522924,0,419,46.82948907053506,7.75549114082571,0.1482428133842535,0.5535933659786928,-73.18836212158203,26,28,0.45346062052505964,0.5019731917756721,0.5961497096833299,ok
GCF_000237085.1:NC_016627.1,4208347,4208743,0,397,80.7838776805158,3.066316013933986,0.6543837797966684,0.6487549327426038,-51.54761505126953,21,45,0.4005037783375315,0.5977612715804349,0.6978355929577015,ok
GCF_047456275.1:NZ_CP173357.1,1160374,1160786,0,413,47.948304959396665,7.349411484963648,0.17045833354901357,0.5610528973925124,-50.628116607666016,27,15,0.4406779661016949,0.5064111634303413,0.609910022467597,ok
GCF_022453685.1:NZ_CP092643.1,1389997,1390435,0,439,46.121633609411425,4.571232022861453,0.26041982715092854,0.6240949635247917,-52.703060150146484,39,38,0.4009111617312073,0.562494730338681,0.6723720037617669,ok
GCF_025152405.1:NZ_CP102292.1,1113495,1113846,0,352,46.08794208337819,6.949078533292303,0.32030072860974007,0.5568835730002863,-58.231441497802734,47,43,0.3409090909090909,0.45152296172147577,0.6423432245966633,ok
GCF_002844395.1:NZ_CP025197.1,805862,806320,0,459,87.57586943322887,2.3486702236248314,0.66858593512663,0.5337125359066243,-73.8958511352539,57,32,0.41830065359477125,0.48625625808691914,0.5770794617434031,ok
GCF_012317185.1:NZ_CP048838.1,942698,943136,0,439,44.1046447202299,7.013562821127248,0.0922610089358814,0.6243850242100576,-71.6537094116211,22,65,0.4305239179954442,0.592434038950529,0.646801015866701,ok
GCF_025144545.1:NZ_CP102249.1,343672,343995,0,324,76.43507138151529,4.378995730054671,0.6189571928483627,0.5761879034088181,-60.576759338378906,27,46,0.3888888888888889,0.5306845516896933,0.625548332373569,ok
GCF_000015865.1:NC_009012.1,3347969,3348398,0,430,54.68125351548543,3.9015538379875676,0.41970129652284804,0.7320766470707872,-28.44670867919922,20,96,0.4046511627906977,0.6593177740901294,0.7963690804728173,ok
GCF_016250455.1:NZ_CP059488.1,2627146,2627552,0,407,68.57634998206325,2.254702690481865,0.6227589722594549,0.5754116634592731,-53.861839294433594,47,25,0.4692874692874693,0.5155126376682365,0.6269861070931516,ok
GCF_004359375.1:NZ_CP034726.1,1373476,1373874,0,399,56.91989532717696,4.623229833627263,0.3314837823133035,0.5755148912123302,-53.387413024902344,18,19,0.38596491228070173,0.5178638551049262,0.6307508778378472,ok
GCF_025152405.1:NZ_CP102292.1,1373,1709,0,337,49.96545746345472,4.325250657659583,0.2887204233589393,0.633649471694618,-36.8418083190918,43,47,0.34421364985163205,0.5729564373423432,0.6849179723150329,ok
GCF_004359375.1:NZ_CP034726.1,1356585,1356903,0,319,64.1795911477824,4.985028427845125,0.7350290252176751,0.6512673088634495,-28.487337112426758,52,62,0.322884012539185,0.5580761087061493,0.7510526378554502,ok
GCF_902729405.1:NZ_LR746496.1,24584,25006,0,423,71.39312295935588,4.133084819343105,0.38285211468124297,0.484562156749627,-79.59603118896484,56,26,0.491725768321513,0.4483024047983526,0.5216924524005436,ok
GCF_055386145.1:NZ_AP043913.1,843860,844261,0,402,66.71981212651451,5.449980815391383,0.6749435012330616,0.6275490993147432,-47.63640213012695,36,30,0.31343283582089554,0.5574066990787291,0.7072713709348748,ok
GCF_004103715.1:NZ_CP035282.1,20113,20480,0,368,37.84090570606321,4.747468777499791,0.39525551455425556,0.7030650045339647,-26.240285873413086,30,45,0.32065217391304346,0.6118696204839347,0.7619559310842092,ok
GCF_004295125.1:NZ_CP036170.1,1187879,1188253,0,375,74.31637430435342,2.9306552838747866,0.70724616394763,0.510725423308218,-71.66029357910156,17,24,0.41333333333333333,0.44525463046850655,0.571589522555409,ok
GCF_003352165.1:NZ_CP029176.1,2024739,2025138,0,400,53.39791677954843,5.4606090260507925,0.32805004325861087,0.6350717670460989,-54.69853210449219,33,38,0.3875,0.564230071578763,0.7023509762970546,ok
GCF_022647505.1:NZ_CP071409.1,2766764,2767092,0,329,41.796980206471176,2.7812890710612828,0.4556992443051682,0.7437722331509828,-20.977542877197266,21,111,0.3951367781155015,0.67483004808204,0.7960736175122829,ok
GCF_001499615.1:NZ_LN606600.1,1984903,1985318,0,416,65.44402144601551,19.99999999170048,0.516856485216453,0.4226807237086015,-112.93293762207031,68,17,0.6057692307692307,0.4224937304603154,0.43538563628776544,ok
GCF_001499615.1:NZ_LN606600.1,3200482,3200875,0,394,81.83969539358483,4.680643463757237,0.578203514452927,0.47519467473437,-88.68070220947266,41,16,0.5583756345177665,0.4452062315667249,0.5097944337486532,ok
GCF_012317185.1:NZ_CP048838.1,3678724,3679105,0,382,50.46367090171373,7.044176375469265,0.27972981650579776,0.5487765081887059,-50.631591796875,78,13,0.4162303664921466,0.47061142527583555,0.6232809443947968,ok
GCF_004103715.1:NZ_CP035282.1,1016787,1017179,0,393,74.82082031913794,3.864137387416805,0.652459923304266,0.5888027210520218,-51.68585968017578,36,43,0.38676844783715014,0.5333533206401259,0.6456737710253981,ok
GCF_002844395.1:NZ_CP025197.1,811066,811450,0,385,52.997256021113266,6.085749697889397,0.34418149255429725,0.6128207352341611,-47.17407989501953,26,16,0.4,0.5336793177578311,0.6903001842761195,ok
GCF_047456275.1:NZ_CP173357.1,3004373,3004783,0,411,53.326388766091725,7.270439950800699,0.21871629435494283,0.48721898060950464,-83.04031372070312,34,15,0.46472019464720193,0.43525840511005603,0.5424918810846425,ok
GCF_001543105.1:NZ_CP014159.1,1330073,1330421,0,349,48.99316415751182,6.160805976128963,0.2223645586081513,0.6457045964958121,-39.024658203125,26,33,0.3467048710601719,0.5838411300492845,0.698863417350985,ok
GCF_055386145.1:NZ_AP043913.1,1213737,1214077,0,341,41.680217237001834,6.045894976571232,0.23181695462527824,0.5476783544818299,-59.500831604003906,44,65,0.3343108504398827,0.4768862453991662,0.5962127206330688,ok
GCF_001543205.1:NZ_CP014162.1,757780,758195,0,416,42.58419583306383,14.17311928540705,0.08245920033062731,0.528864735283421,-59.07624435424805,44,51,0.4230769230769231,0.483676595919915,0.5538613637032266,ok
GCF_047456275.1:NZ_CP173357.1,4079213,4079672,0,460,63.63443408444517,1.4443707039723122,0.9067076340151472,0.5686000402495229,-54.55237579345703,23,20,0.40217391304347827,0.5015347418261086,0.6237941483309647,ok
GCF_004103715.1:NZ_CP035282.1,423151,423543,0,393,49.21616308015672,5.490107522584214,0.24978968975571658,0.6801141152557305,-43.35183334350586,18,44,0.37150127226463103,0.6165316871548226,0.7351561387047817,ok
GCF_047943045.1:NZ_CP181347.1,1635689,1636109,0,421,55.83013691952946,9.116032376292567,0.4148411696885199,0.5658914664612439,-47.776710510253906,48,24,0.3847980997624703,0.48338187191051524,0.6670371773029713,ok
GCF_000144625.1:NC_014376.1,3294131,3294502,0,372,56.616392005447224,4.389331511282796,0.259557135240483,0.542588530441379,-64.52870178222656,24,50,0.3763440860215054,0.4976600806675041,0.5844442965437093,ok
GCF_000144625.1:NC_014376.1,4510495,4510935,0,441,78.41992028297935,2.716185348967259,0.6045493775328903,0.5572666547920809,-81.04139709472656,28,18,0.5011337868480725,0.5065766273369381,0.6040060990967161,ok
GCF_001543145.1:NZ_CP014160.1,1217459,1217850,0,392,94.99999999977584,2.5865396250572825,0.1680091959913509,0.5028244941548347,-90.9919662475586,37,25,0.5153061224489796,0.49198957921831693,0.5135732818825619,ok
GCF_000144695.1:NC_014378.1,913563,913973,0,411,64.31589370329067,4.554819194519185,0.7457052131490106,0.5598975187472962,-47.30467224121094,46,53,0.3795620437956204,0.46590033979683276,0.6565403366155269,ok
GCF_023700225.1:NZ_CP097897.1,3293340,3293780,0,441,49.44367478882022,5.395131111090797,0.2717685519232603,0.6614904829016807,-45.61848449707031,29,67,0.41043083900226757,0.5935679783938757,0.7202481772982688,ok
GCF_031760945.1:NZ_CP134501.1,150661,151081,0,421,56.14465109638324,6.307576765408245,0.24478507463352495,0.5683240610834687,-65.54794311523438,23,28,0.45605700712589076,0.520852333412223,0.6187473845472552,ok
GCF_000007745.1:NC_006300.1,2005135,2005573,0,439,63.52437642748433,7.456305271611244,0.6706878284749663,0.4897901696919365,-66.40645599365234,31,12,0.38496583143507973,0.4207059413860318,0.5809132527076545,ok
GCF_000247605.1:NC_016894.1,426758,427210,0,453,59.75220169633121,4.680123753160474,0.4293686790439037,0.523630852743923,-76.0711441040039,43,21,0.45253863134657835,0.4573745215757014,0.589863299980915,ok
GCF_013267415.1:NZ_CP053988.1,758302,758683,0,382,71.78446323345317,5.02066328397307,0.6312721314943056,0.6108701121311467,-47.420650482177734,14,35,0.42408376963350786,0.5594815555317482,0.6691319608128637,ok
GCF_000144625.1:NC_014376.1,2154119,2154517,0,399,46.80194063329786,4.996465800889976,0.2514471983026,0.680264703920806,-38.46276092529297,32,48,0.37343358395989973,0.6168598606338752,0.7309157066182792,ok
GCF_018854495.2:NZ_CP130946.1,2036765,2037163,0,399,43.99081768359502,3.828639781498911,0.3439721197387537,0.6239789750260479,-54.65437316894531,19,34,0.44360902255639095,0.5535577564452283,0.6778554524684621,ok
GCF_013267415.1:NZ_CP053988.1,1137385,1137712,0,328,44.665585487911976,8.801628298122283,0.12718525881854859,0.5795592405374895,-45.74864196777344,17,27,0.4878048780487805,0.5282203500239708,0.616726206381308,ok
GCF_012317185.1:NZ_CP048838.1,2228950,2229284,0,335,46.22134633254344,4.3866389023432255,0.196246498612062,0.5379467431021021,-65.87118530273438,25,26,0.47761194029850745,0.49332133911862847,0.5735101607912906,ok
GCF_016592595.1:NZ_AP012977.1,595642,596089,0,448,73.27302662690497,3.174507444119341,0.7020329777231238,0.6184628271094438,-42.62981033325195,29,37,0.38392857142857145,0.5516112254701339,0.6820821907067529,ok
GCF_000025305.1:NC_013740.1,2133409,2133765,0,357,77.6927523954896,4.334557382040527,0.6122348139655722,0.4855530342475686,-75.08155822753906,22,25,0.5574229691876751,0.4429901136390733,0.5319218469516176,ok
GCF_000247605.1:NC_016894.1,4029743,4030134,0,392,48.22106116965719,10.8688972193698,0.23224809111351985,0.5723477791754346,-37.24402618408203,85,46,0.35459183673469385,0.48303130403010786,0.6576150756085036,ok
GCF_022845755.1:NZ_AP025566.1,1791646,1792030,0,385,55.17480941039513,5.905745809377621,0.2890681511067906,0.6271642729812994,-53.26887130737305,24,35,0.38701298701298703,0.5685001764612364,0.6866805519563567,ok
GCF_001543105.1:NZ_CP014159.1,1480078,1480477,0,400,45.770146920225926,6.3747251249897605,0.22349542801464606,0.5931129303697825,-47.45366668701172,52,38,0.39,0.5235657341529292,0.6486766000292143,ok
GCF_047456275.1:NZ_CP173357.1,433470,433861,0,392,93.71403873735893,1.3301158200203496,0.7132391964639178,0.4931344322331929,-83.92979431152344,35,33,0.5,0.4521217211752847,0.5271650391955989,ok
GCF_022453685.1:NZ_CP092643.1,3182729,3183159,0,431,74.40084167368003,2.2049677020309097,0.7568347104466489,0.6461225686062914,-51.546443939208984,11,25,0.3689095127610209,0.5800309424176372,0.7034236602132682,ok
GCF_047456275.1:NZ_CP173357.1,3657301,3657677,0,377,57.7015621046945,4.238758991773187,0.38261760485786944,0.563397415104998,-55.73780822753906,25,23,0.34748010610079577,0.5007376030344178,0.6221123812642158,ok
GCF_047943045.1:NZ_CP181347.1,1905904,1906283,0,380,77.78991624287767,3.711024712367203,0.6385905330390249,0.527224824982493,-58.572715759277344,28,32,0.4131578947368421,0.4774158875986688,0.5781629577774196,ok
GCF_022845755.1:NZ_AP025566.1,2186311,2186636,0,326,56.15174154114698,4.89334560194678,0.46972387824749395,0.5983114245311977,-38.301483154296875,15,40,0.35276073619631904,0.512176628417297,0.681008833909772,ok
GCF_031760945.1:NZ_CP134501.1,1432339,1432722,0,384,78.5586956094284,2.113121607216775,0.7358222396745113,0.6454677702748656,-46.289241790771484,18,31,0.3671875,0.5858540451618907,0.6973893134399463,ok
GCF_022647505.1:NZ_CP071409.1,2766791,2767181,0,391,38.09922703330917,6.060415107890674,0.18256634707592978,0.6784521537251136,-43.60285949707031,17,97,0.4040920716112532,0.6277994585544311,0.710140381496738,ok
GCF_000144625.1:NC_014376.1,3854762,3855190,0,429,77.7715564385772,3.697937349674032,0.639239544262143,0.5591295150137132,-62.234039306640625,49,22,0.45454545454545453,0.509169273912484,0.6101112065881402,ok
GCF_023700225.1:NZ_CP097897.1,2995152,2995599,0,448,73.44649474175888,4.934271563208222,0.6203457245259205,0.47975384107408603,-89.87482452392578,34,23,0.5,0.43243197734844513,0.5331458994037342,ok
GCF_025152405.1:NZ_CP102292.1,2344286,2344616,0,331,76.6695554249171,3.4858907699883988,0.6573009058093165,0.5440916163126049,-57.71168899536133,34,19,0.35347432024169184,0.4890600193000844,0.5985829506512838,ok
GCF_902729405.1:NZ_LR746496.1,529944,530329,0,386,56.166416668875314,5.426831729978191,0.293350769906057,0.5907845220660898,-58.130577087402344,29,32,0.4015544041450777,0.5354541512475708,0.646208438413591,ok
GCF_004295125.1:NZ_CP036170.1,509138,509555,0,418,53.39496762830022,6.3951137922119266,0.2428533473075667,0.5775086951843866,-51.87331771850586,40,36,0.38516746411483255,0.5214561886668557,0.632436615816868,ok
GCF_012317185.1:NZ_CP048838.1,3678130,3678500,0,371,60.08529413758915,8.337358310545474,0.27458024160554517,0.4407765955219163,-63.51306915283203,24,15,0.40970350404312667,0.4053210818468429,0.4895053043413279,ok
GCF_000007745.1:NC_006300.1,1791179,1791666,0,488,46.66318095866625,6.452110218944717,0.27370444460786214,0.5932425988295701,-60.068199157714844,49,31,0.4098360655737705,0.5088907538262774,0.6617278329226197,ok
GCF_001543205.1:NZ_CP014162.1,699343,699798,0,456,47.86598699249125,4.2329647887846775,0.3867454034908635,0.6586101472328464,-42.12749481201172,27,67,0.3530701754385965,0.5752773745803583,0.726497979917912,ok
GCF_055386145.1:NZ_AP043913.1,852315,852756,0,442,33.26006707263678,1.1613096688827127,0.9452810238699714,0.5835711611483846,-44.620113372802734,88,23,0.4004524886877828,0.5222433246552772,0.6318133025015161,ok
GCF_008365315.1:NZ_CP043506.1,1098716,1099100,0,385,38.619464909321266,5.901329388288272,0.19025687901789262,0.5898236199725267,-54.94999313354492,15,32,0.42857142857142855,0.536806390070659,0.6230966284966991,ok
GCF_001543105.1:NZ_CP014159.1,324363,324747,0,385,67.30533671403239,3.1905902198452387,0.76349865017988,0.5858653199467382,-44.16670608520508,34,40,0.38701298701298703,0.49996361642917314,0.6654441951073425,ok
GCF_025149125.1:NZ_CP102272.1,3142318,3142717,0,400,92.10984427027657,4.220345667462163,0.55695879135668,0.40555922013729845,-183.32594299316406,96,25,0.615,0.3840422271995687,0.42960518602964437,ok
GCF_000196455.1:NC_014614.1,878296,878698,0,403,76.97508311346795,2.818466436168725,0.6949694042803863,0.6574193032531958,-34.545616149902344,19,47,0.34987593052109184,0.5967025919966762,0.7139775321057418,ok
GCF_000025305.1:NC_013740.1,1961540,1961945,0,406,61.072679753611666,5.123662615414303,0.24664213953470676,0.49723284040447213,-83.98313903808594,47,25,0.5049261083743842,0.4613557250372098,0.5347398436476184,ok
GCF_023700225.1:NZ_CP097897.1,490278,490657,0,380,50.12401039132741,8.131313833170895,0.19375045390114642,0.5837044688434465,-55.87261199951172,28,23,0.45263157894736844,0.5249215443345939,0.6414960040935689,ok
GCF_022453685.1:NZ_CP092643.1,1525149,1525622,0,474,59.05849629608435,4.372517053405925,0.46941505345960954,0.6527879926545409,-50.30031967163086,20,40,0.3670886075949367,0.5790329451100185,0.7236622377421773,ok
GCF_022453685.1:NZ_CP092643.1,3353501,3353852,0,352,75.5700091688277,2.715371458992319,0.7119623690217732,0.555805726988352,-54.20841979980469,25,38,0.41761363636363635,0.4917383275023049,0.6146092080722888,ok
GCF_022845755.1:NZ_AP025566.1,2805937,2806329,0,393,41.10405116390491,13.772114897061682,0.0742457121493747,0.5387815668210157,-83.1874008178711,23,31,0.55470737913486,0.49923918247952526,0.5580937762218918,ok
GCF_000164865.1:NC_014618.1,2669527,2669910,0,384,47.76812735558977,1.9289973736242059,0.2337617987083379,0.48686109163311236,-105.61184692382812,24,16,0.6171875,0.46234082754566674,0.5066586726942369,ok
GCF_000164865.1:NC_014618.1,4778742,4779124,0,383,66.0283185556924,3.7081045269244814,0.7553751440792639,0.5686739399825518,-42.49611282348633,39,24,0.36553524804177545,0.47872607276202733,0.6557143463636793,ok
GCF_001989575.1:NZ_CP019573.1,520313,520622,0,310,60.58043620147185,1.1367669600444077,0.9484278333579901,0.7038304813838133,-30.428123474121094,24,81,0.34516129032258064,0.6461807834535352,0.7499322510679856,ok
GCF_012317185.1:NZ_CP048838.1,2284158,2284602,0,445,49.62591032228683,6.252714106084944,0.3365791360746142,0.6513960177173422,-37.496700286865234,59,52,0.36629213483146067,0.5593980720431554,0.733308234743744,ok
GCF_004295125.1:NZ_CP036170.1,124602,125037,0,436,54.0628420834209,5.011532873191902,0.2332228344166321,0.5090569467773448,-85.70804595947266,32,29,0.5229357798165137,0.4619240054063381,0.5531677615607947,ok
GCF_023700225.1:NZ_CP097897.1,870880,871335,0,456,53.93775557157438,4.151682079799902,0.2482237445397223,0.6258756334564386,-67.04093933105469,29,29,0.4517543859649123,0.5801798256962912,0.6661034645265491,ok
GCF_000015865.1:NC_009012.1,3437575,3437982,0,408,93.51071303021897,2.3846473410652416,0.6413366195916415,0.5875258540837073,-63.85723876953125,17,28,0.4534313725490196,0.5467063088044406,0.6249700901304952,ok
GCF_001543105.1:NZ_CP014159.1,1633555,1634006,0,452,56.03302642739627,5.299320031184026,0.3278885274399937,0.5448691578963418,-75.12310791015625,26,30,0.3827433628318584,0.482730447778944,0.6055243708131673,ok
GCF_000093085.1:NC_014219.1,2196570,2196993,0,424,79.80593464453257,3.4624428384568455,0.6380664773037716,0.5067719452011196,-73.30159759521484,30,18,0.49528301886792453,0.4586317635603648,0.5550968895720026,ok
GCF_002173775.1:NZ_CP021524.1,1459389,1459820,0,432,89.63913549058753,3.1537792231524446,0.6083998485651805,0.4158885188996752,-125.56265258789062,23,19,0.5879629629629629,0.3794076571733194,0.452866274718365,ok
GCF_001543175.1:NZ_CP014161.1,1080434,1080770,0,337,46.36416664631439,8.585166082145374,0.16043253640636534,0.5934876417250823,-50.67469024658203,22,50,0.36795252225519287,0.5332951009924214,0.6435738353377701,ok
GCF_025152405.1:NZ_CP102292.1,1057036,1057387,0,352,65.52803318910165,5.528955509863122,0.6892719416362971,0.554091706951984,-45.57547378540039,44,22,0.35511363636363635,0.47832800381675206,0.63998591974926,ok
GCF_001499615.1:NZ_LN606600.1,43046,43462,0,417,52.26899725816377,8.539630362765953,0.09027844657529838,0.4656918167538766,-116.95536041259766,63,29,0.565947242206235,0.4419220844735617,0.49226348866830794,ok
GCF_022453685.1:NZ_CP092643.1,3105058,3105464,0,407,94.99978441959735,3.489596734559906,0.45989919432445303,0.46280830111028665,-136.9657440185547,90,54,0.5036855036855037,0.44157638357334505,0.4847848792322064,ok
GCF_001989575.1:NZ_CP019573.1,1738182,1738592,0,411,68.21397342812148,3.1692533599483816,0.7530033027439564,0.5770681915956863,-47.352333068847656,40,22,0.3795620437956204,0.49507395307329993,0.6533276439539483,ok
GCF_002844395.1:NZ_CP025197.1,67826,68214,0,389,59.72063238481246,4.1185938186943645,0.5040561777427831,0.6579746784760295,-34.56783676147461,29,27,0.3341902313624679,0.5818505262622046,0.72972831537034,ok
GCF_022845755.1:NZ_AP025566.1,555351,555640,0,290,80.26205239691913,5.02235097409475,0.5760583931726176,0.5798423416472075,-50.40139389038086,17,27,0.42758620689655175,0.5497374614606174,0.6152542428460162,ok
GCF_004295125.1:NZ_CP036170.1,3634609,3635043,0,435,72.09790239770797,4.389596527222061,0.6533050166302665,0.6522523603896254,-41.634769439697266,20,41,0.3333333333333333,0.5937308392670858,0.7146672167687508,ok
GCF_001543205.1:NZ_CP014162.1,108059,108418,0,360,66.02851239191747,3.9461243088995444,0.7424431501647413,0.6432329715141882,-30.401098251342773,28,32,0.3638888888888889,0.5549935710353701,0.7293045392246695,ok
GCF_000237085.1:NC_016627.1,4463456,4463881,0,426,47.62583853077932,7.962906698697698,0.20690516986768986,0.5762271865684045,-55.218109130859375,31,32,0.39906103286384975,0.5056406740796298,0.6383833299458639,ok
GCF_902729405.1:NZ_LR746496.1,4246861,4247289,0,429,84.49700705922649,4.388383561136494,0.5737917539281233,0.46568525175315284,-102.69054412841797,89,17,0.5687645687645687,0.4368543081114919,0.4979272561681915,ok
GCF_025149125.1:NZ_CP102272.1,157348,157747,0,400,83.99037973737414,2.496498614865911,0.6748349113416042,0.5600862531633717,-62.466060638427734,67,34,0.4425,0.508970511955319,0.6070954239867621,ok
GCF_030762805.1:NZ_CP129113.1,178898,179369,0,472,76.79818270690868,4.210510661220367,0.6228828106769813,0.5410589581471248,-85.46753692626953,31,22,0.4300847457627119,0.49473879438313934,0.5905491850937469,ok
GCF_025152405.1:NZ_CP102292.1,2582670,2583135,0,466,57.083819534732214,5.763368390535146,0.47374213188631437,0.6113372686831055,-42.152503967285156,22,44,0.3540772532188841,0.5252947498974436,0.700826370712576,ok
GCF_031760945.1:NZ_CP134501.1,2822521,2822863,0,343,50.75496160213247,4.165835100486579,0.3401731534805438,0.5517652797387045,-47.88054275512695,41,34,0.3877551020408163,0.48352336371830057,0.609767019858191,ok
GCF_002220195.1:NZ_CP022374.1,1668903,1669337,0,435,48.42833932971731,7.18703194733786,0.11953491137737693,0.5572651323931517,-71.22013854980469,17,64,0.4942528735632184,0.5200704251791025,0.5902706294732041,ok
GCF_001543245.1:NZ_CP014163.1,486213,486617,0,405,54.29725099077204,6.9003854894979915,0.3111869890695504,0.5833491579183723,-47.5501708984375,31,19,0.34814814814814815,0.5144446982559481,0.6561772711607698,ok
GCF_025144545.1:NZ_CP102249.1,490493,490892,0,400,52.19429003976567,5.7679955147315445,0.19656451550647236,0.4988582125367047,-83.30803680419922,30,14,0.5225,0.4528579505038324,0.5419257523656206,ok
GCF_000093085.1:NC_014219.1,2855541,2855982,0,442,78.50467675496938,2.9576800698980366,0.6741725967151745,0.6781330872217027,-43.7318229675293,17,42,0.4095022624434389,0.6219975999382156,0.7306459676988594,ok
GCF_001543175.1:NZ_CP014161.1,1525675,1526066,0,392,53.43328028716477,5.423453035958107,0.31513425518223587,0.5753252909197503,-50.91162872314453,30,25,0.43112244897959184,0.5075812997213232,0.6395385587621382,ok
GCF_001543145.1:NZ_CP014160.1,1975749,1976200,0,452,47.741756644857354,9.164015697887988,0.1656725026573661,0.5541533851071355,-77.32036590576172,22,19,0.47345132743362833,0.4932751076364273,0.6084139642651609,ok
GCF_022845755.1:NZ_AP025566.1,3862881,3863358,0,478,74.55836654286956,3.7123180250836425,0.4828197450491625,0.5725121573207991,-83.57032012939453,23,31,0.45397489539748953,0.5302339120282507,0.6146821632326367,ok
GCF_013267415.1:NZ_CP053988.1,1373364,1373748,0,385,77.51914704704545,3.4399663183876603,0.6543100206214808,0.5821786407593306,-58.694801330566406,21,27,0.44415584415584414,0.5284089483545424,0.6355423282419218,ok
GCF_000007745.1:NC_006300.1,2006531,2006878,0,348,89.29112209594233,2.3070534980124653,0.6646260066944166,0.5313161592294282,-61.67911148071289,34,17,0.34770114942528735,0.48509355022423684,0.5733786802744995,ok
GCF_000144625.1:NC_014376.1,33389,33796,0,408,57.06534475804226,4.55533119363511,0.40833068884968504,0.6151590291915116,-54.75440216064453,18,26,0.41911764705882354,0.5448591866892796,0.6820525282637079,ok
GCF_001989575.1:NZ_CP019573.1,110887,111311,0,425,76.19968781585536,3.352576215833504,0.6680215326599483,0.5950160825474357,-50.37186050415039,27,27,0.41411764705882353,0.5373635237088945,0.6512881751345359,ok
GCF_025149125.1:NZ_CP102272.1,5423730,5424144,0,415,80.51027205680063,3.2100155008070876,0.6479307501432621,0.5504623578037824,-77.76791381835938,40,17,0.5228915662650603,0.5007721852199382,0.5994527230261827,ok
GCF_010378095.2:NZ_CP127523.1,2574707,2575128,0,422,85.29210438687399,3.8902528085640053,0.5925179326295651,0.38993505571080195,-114.79268646240234,125,14,0.6018957345971564,0.3548516334305743,0.426965972031526,ok
GCF_025144545.1:NZ_CP102249.1,1432957,1433329,0,373,75.20447941892803,4.2544477530963345,0.6325485654778626,0.6434231158105258,-49.7982177734375,29,66,0.38337801608579086,0.5930956760839907,0.6968664352935324,ok
GCF_008726475.3:NZ_CP145134.1,221890,222277,0,388,46.90277804398344,7.934446526207936,0.16908668126387427,0.5942380380732157,-49.042030334472656,101,31,0.4484536082474227,0.5346491986929931,0.6435248263755092,ok
GCF_030762805.1:NZ_CP129113.1,127977,128389,0,413,86.81937000814588,3.1528120186091813,0.6187225570020161,0.5292553234030354,-81.28515625,21,21,0.4043583535108959,0.48898044330506324,0.56871568987314,ok
GCF_004295125.1:NZ_CP036170.1,3211904,3212240,0,337,69.51354092572666,3.4450376365382924,0.7235888074191965,0.6055645257607455,-38.65729522705078,14,20,0.3560830860534125,0.5287861408251472,0.6789141815116753,ok
GCF_000022305.1:NC_011992.1,290923,291364,0,442,94.99999999999999,3.3387500437401383,0.37032451098723607,0.4362524898309013,-115.9402084350586,40,11,0.6244343891402715,0.41731348388104855,0.4555690359786454,ok
GCF_000247605.1:NC_016894.1,612671,613054,0,384,51.87957593253005,3.764038582155059,0.3323706182643393,0.5900334067267379,-56.66376495361328,16,30,0.3802083333333333,0.5296870455239673,0.6411809574733264,ok
GCF_031760945.1:NZ_CP134501.1,389206,389640,0,435,72.51326657229492,2.2249563609262144,0.7719755703013907,0.5208891154623171,-64.01770782470703,33,28,0.4206896551724138,0.4506818247833684,0.5821836029946402,ok
GCF_008726475.3:NZ_CP145134.1,1545845,1546240,0,396,50.55122505313449,6.379776868646698,0.24491994837024444,0.585506708135327,-50.40981674194336,30,28,0.43434343434343436,0.5206055615354699,0.6455939742737736,ok
GCF_000144625.1:NC_014376.1,1220459,1220920,0,462,45.93741456374451,6.053527510225206,0.22181762925892423,0.6728351147161286,-41.5399055480957,17,32,0.3787878787878788,0.6066811468527379,0.7254544314669134,ok
GCF_055386145.1:NZ_AP043913.1,2980282,2980681,0,400,47.7098278423732,4.791858068556371,0.3767565632277357,0.6537922673441696,-43.905296325683594,26,29,0.3525,0.5638079050314193,0.7280425307460395,ok
GCF_002173775.1:NZ_CP021524.1,2796785,2797222,0,438,44.72370920402089,7.031828471406522,0.2585708811694949,0.6095429247662582,-59.77067565917969,25,25,0.3926940639269406,0.5211226161694682,0.6768870079709655,ok
GCF_000144695.1:NC_014378.1,195201,195629,0,429,67.08272548654357,5.265480506418262,0.6759161304952956,0.5387636139266346,-59.220279693603516,35,55,0.3939393939393939,0.4689010469415716,0.6172117104621245,ok
GCF_022845755.1:NZ_AP025566.1,886510,886934,0,425,54.600459019130696,5.184500784602423,0.23128972797020603,0.5427841317443384,-66.84934997558594,41,39,0.3811764705882353,0.496423557656126,0.587018147262816,ok
GCF_012317185.1:NZ_CP048838.1,263776,264213,0,438,49.16979312630961,7.177097786558846,0.1702639297479669,0.5591429965521406,-72.04005432128906,43,16,0.4840182648401826,0.5076717780380166,0.6050409718065867,ok
GCF_040267475.1:NZ_CP125628.1,4543960,4544344,0,385,75.51644716379413,5.175385569202463,0.5979014159588583,0.46128016597980004,-81.88775634765625,55,12,0.5402597402597402,0.42242473158457217,0.5067802674136181,ok
GCF_023700225.1:NZ_CP097897.1,2820184,2820615,0,432,81.73597093041995,3.2911594237930495,0.6360283180280271,0.5194964988793503,-82.8720932006836,38,19,0.4861111111111111,0.47298288729108556,0.565523087735666,ok
GCF_022453685.1:NZ_CP092643.1,1576818,1577221,0,404,49.84753953338177,6.902620311749705,0.2602621965778058,0.5902224675552342,-51.72443389892578,27,48,0.41089108910891087,0.5160327318641303,0.6591408021502579,ok
GCF_001543105.1:NZ_CP014159.1,1137275,1137617,0,343,54.0944544113654,3.9337134282328767,0.5483412055647297,0.6180434963998674,-36.07695388793945,37,19,0.39941690962099125,0.5209331389376163,0.7033463613731586,ok
GCF_001499615.1:NZ_LN606600.1,1680497,1680945,0,449,45.45883962073855,5.0255559736334705,0.3245311212206195,0.631700961530646,-53.52524185180664,24,27,0.37639198218262804,0.5479247010105042,0.6974019027482404,ok
GCF_001499615.1:NZ_LN606600.1,13617,14012,0,396,89.87115951452233,2.104656157705066,0.3618560534197882,0.5088358066326554,-98.35765075683594,26,22,0.5984848484848485,0.484177438076367,0.5308919054471115,ok
GCF_000144625.1:NC_014376.1,3420284,3420644,0,361,47.164412541480154,7.504177921399249,0.3016272455387211,0.6371982606159146,-33.59964370727539,35,20,0.34349030470914127,0.5359515265105745,0.7232073066789383,ok
GCF_004103715.1:NZ_CP035282.1,2968164,2968590,0,427,47.6511293978393,7.4014335002142,0.1582438880291419,0.6467009183786777,-46.928218841552734,47,31,0.39344262295081966,0.5947222946543332,0.69051041247129,ok
GCF_040267475.1:NZ_CP125628.1,2696286,2696745,0,460,71.18098287754718,4.176953260262715,0.6699227107935333,0.5930189698957531,-58.197532653808594,29,28,0.3804347826086957,0.5293306877560857,0.6586823782444323,ok
GCF_040267475.1:NZ_CP125628.1,2875634,2876007,0,374,48.00239816573962,7.73259754684208,0.20695569122949908,0.6195712459145913,-50.085086822509766,29,69,0.45454545454545453,0.5510274988988311,0.679877169559039,ok
GCF_001543145.1:NZ_CP014160.1,942188,942568,0,381,63.77506626199081,6.861899995616569,0.45402401414590093,0.5576442266539098,-55.3912353515625,64,31,0.3543307086614173,0.5087771907977806,0.6189113334987145,ok
GCF_023700225.1:NZ_CP097897.1,2629883,2630275,0,393,47.8423449038085,5.586889586753802,0.14101658266974715,0.4920217676345879,-87.95228576660156,36,19,0.544529262086514,0.45411653878807895,0.5234923073071615,ok
GCF_940677205.1:NZ_OW712331.1,1237844,1238229,0,386,54.97634438275947,5.056573709340051,0.5454140448863598,0.6598312925293955,-28.480192184448242,19,37,0.3393782383419689,0.5532595819436702,0.761212202710849,ok
GCF_001543205.1:NZ_CP014162.1,1222627,1223099,0,473,77.51953899402758,2.814183803155125,0.690443055859542,0.49903738043984003,-85.82118225097656,48,33,0.3974630021141649,0.43978391125816246,0.5538768961771585,ok
GCF_055384605.1:NZ_AP043921.1,2303890,2304321,0,432,59.08930050816111,4.441340495773272,0.6551347982781706,0.5645581400442867,-55.02268600463867,48,37,0.37962962962962965,0.4616116193053649,0.6644701621785107,ok
GCF_030762805.1:NZ_CP129113.1,2396451,2396851,0,401,72.38340253387412,4.678896404955616,0.6388532996833941,0.6000476077980381,-55.85187530517578,14,31,0.38403990024937656,0.5462228143681451,0.6591811290499303,ok
GCF_025149125.1:NZ_CP102272.1,1546525,1546962,0,438,48.117120861052406,4.241745502989221,0.21347386634181348,0.5091365468879899,-101.32593536376953,28,18,0.5776255707762558,0.4633206705538429,0.5469174587980766,ok
GCF_009914215.2:NZ_CP039846.2,1092859,1093223,0,365,60.196542016480315,3.050486656749205,0.2652609654025525,0.5203783820786746,-62.81644821166992,30,26,0.4383561643835616,0.485545176003703,0.5510957080915314,ok
GCF_008365315.1:NZ_CP043506.1,372313,372764,0,452,45.19605252572151,0.7640028412419527,1.0832059915398073,0.44263244783859723,-118.39778137207031,90,19,0.584070796460177,0.3963955215950956,0.47960158915495643,ok
GCF_040267475.1:NZ_CP125628.1,4692018,4692432,0,415,49.72045079591754,6.818871818805806,0.19051316560457132,0.5289491768439812,-86.1329574584961,26,30,0.472289156626506,0.4745438498558361,0.5786559426023551,ok
GCF_016250455.1:NZ_CP059488.1,1904072,1904510,0,439,47.12929656132278,5.828958757145156,0.15638820368803424,0.5435685944919129,-78.16600799560547,29,17,0.47380410022779046,0.49955261340639673,0.5802240975274993,ok
GCF_047936785.1:NZ_CP176394.1,1982829,1983278,0,450,51.79410879105081,4.2522264459544195,0.1799105040478598,0.5893628583079542,-75.6341781616211,54,43,0.4866666666666667,0.5536749471660354,0.6202768276521535,ok
GCF_001543205.1:NZ_CP014162.1,1304907,1305274,0,368,59.67312828619327,3.9432628428746885,0.41364060556941207,0.628524095548726,-38.061279296875,16,40,0.4048913043478261,0.5668617090775333,0.6861311729406224,ok
GCF_022845755.1:NZ_AP025566.1,556924,557313,0,390,68.37459669349543,3.526886006062097,0.4695913062932735,0.6002743688566964,-52.96083068847656,25,33,0.4,0.5489160785448869,0.6494035975244502,ok
GCF_023700225.1:NZ_CP097897.1,897761,898142,0,382,45.94497949426344,3.925277773468888,0.2846220682785088,0.5593649962644164,-64.1177978515625,42,42,0.3743455497382199,0.5004432400611454,0.6056941452905907,ok
GCF_000221025.1:NC_015850.1,2457670,2457995,0,326,92.10711768516236,2.264369151062157,0.6582985647089938,0.5124924764017761,-43.384159088134766,42,20,0.4785276073619632,0.4681130725654892,0.5535736274206635,ok
GCF_000247605.1:NC_016894.1,318400,318744,0,345,72.52449656669766,5.422386838748389,0.612548217158335,0.5437127282835501,-51.0752067565918,40,21,0.3739130434782609,0.49915991028791834,0.5968333526774333,ok
GCF_055386145.1:NZ_AP043913.1,1593924,1594364,0,441,82.18882412524086,3.511090985827734,0.6242310032853758,0.6038561438469018,-52.96984100341797,29,45,0.3786848072562358,0.5595607662563912,0.6492799655720339,ok
GCF_000021485.1:NC_011761.1,293783,294135,0,353,64.62686428214636,3.0954218867895835,0.44371310991299473,0.5213395043069775,-73.16094207763672,51,42,0.546742209631728,0.4685865493563883,0.569240150490469,ok
GCF_000221025.1:NC_015850.1,597220,597597,0,378,70.90291749035663,5.962230265775329,0.6101672611007234,0.469159923934596,-85.87637329101562,46,14,0.5634920634920635,0.4253768349893343,0.5234862433706708,ok
GCF_047936785.1:NZ_CP176394.1,1830434,1830832,0,399,72.15439116901008,3.9823963560537305,0.5576284283079092,0.5073318244359066,-79.7173080444336,26,22,0.48872180451127817,0.45561888023882063,0.5604085399882419,ok
GCF_022453685.1:NZ_CP092643.1,2780536,2780931,0,396,72.30249558029706,4.945045186523803,0.62968404374161,0.6021054040396937,-53.91593933105469,16,30,0.4065656565656566,0.5514551740103156,0.6594110483642762,ok
GCF_004295125.1:NZ_CP036170.1,122903,123348,0,446,50.81286366150233,6.1139021922906265,0.2415345269335052,0.5488050921445903,-76.68235778808594,65,18,0.4798206278026906,0.4869292209438197,0.6058055632924834,ok
GCF_000237085.1:NC_016627.1,4501585,4502023,0,439,55.934889533544364,5.117637326690921,0.40076932220885886,0.6435236175729309,-48.625064849853516,12,26,0.35990888382687924,0.5682822613628099,0.7168373934602529,ok
GCF_000007745.1:NC_006300.1,332906,333276,0,371,92.36389385452941,2.790899465463328,0.6191257336555711,0.5825784480242469,-55.236289978027344,31,22,0.42318059299191374,0.544751442327237,0.619585891382851,ok
GCF_055386145.1:NZ_AP043913.1,2236527,2236891,0,365,48.796223044565416,7.858095045457965,0.22371573627689145,0.5602776550960886,-44.121192932128906,22,22,0.3315068493150685,0.4883234436543738,0.626164539061057,ok
GCF_040267475.1:NZ_CP125628.1,4674305,4674678,0,374,73.64138813185146,4.249900181834735,0.6455957687602009,0.6344098788904527,-42.00136947631836,17,42,0.39037433155080214,0.579146357264951,0.6928229918388957,ok
GCF_022845755.1:NZ_AP025566.1,360495,360869,0,375,87.01631187145529,2.2014549443154863,0.4854586034256874,0.5310606657415525,-86.39818572998047,27,25,0.49066666666666664,0.4963153178354338,0.5620428670761809,ok
GCF_025144545.1:NZ_CP102249.1,2253755,2254117,0,363,82.02616633731198,3.733302989644471,0.6125158443136086,0.5407176952237897,-65.44983673095703,34,19,0.5179063360881543,0.5000897257980821,0.5828477821550859,ok
GCF_000093085.1:NC_014219.1,1330280,1330752,0,473,71.37515951469634,4.423032332563041,0.65835031469928,0.5506492213209183,-72.37583923339844,17,17,0.3784355179704017,0.4903332724911519,0.6149821753829038,ok
GCF_000247605.1:NC_016894.1,1939139,1939521,0,383,54.34714311289344,5.563544549889637,0.36902690115713516,0.605122187711839,-46.414588928222656,43,21,0.4046997389033943,0.5283480950318605,0.6800218189283198,ok
GCF_902729405.1:NZ_LR746496.1,3685130,3685529,0,400,59.032874782500286,5.180519523685586,0.2646441331973685,0.37019076148337765,-121.45936584472656,69,16,0.625,0.32758524157771385,0.41445704552243695,ok
GCF_000093085.1:NC_014219.1,125311,125726,0,416,44.28663324067702,6.7132368579358515,0.1491756700455104,0.5666419787455309,-60.88605499267578,31,27,0.4182692307692308,0.5171067703506076,0.6040571949537731,ok
GCF_000144625.1:NC_014376.1,4457410,4457863,0,454,44.222326753668774,7.170034722579696,0.199023954736415,0.6179539011221112,-58.73825454711914,53,34,0.40748898678414097,0.5482088546126841,0.6690010000880311,ok
GCF_000237085.1:NC_016627.1,99823,100164,0,342,45.08165859283862,5.5713120482235245,0.2996163320552303,0.6459926547656484,-39.07543182373047,25,78,0.3654970760233918,0.5612104806957147,0.7115581359871815,ok
GCF_047943045.1:NZ_CP181347.1,1902729,1903133,0,405,53.52223753716967,5.450519067029905,0.3394290371255158,0.48968547318014805,-73.51000213623047,49,9,0.4567901234567901,0.4170716229369521,0.5593583145930475,ok
GCF_001499615.1:NZ_LN606600.1,453554,453965,0,412,47.95907225401632,5.777969317311293,0.1380032620254426,0.47998855814035707,-99.71887969970703,31,34,0.5655339805825242,0.44220504457684773,0.5122371856623771,ok
GCF_008726475.3:NZ_CP145134.1,1902968,1903354,0,387,47.16447059945933,5.933604196237318,0.2584908423211352,0.6698625904598742,-37.03337097167969,18,38,0.3359173126614987,0.5959586846448934,0.7304871022205288,ok
GCF_002220195.1:NZ_CP022374.1,2087739,2088134,0,396,85.08671065453494,2.7816023244369155,0.6490125080383797,0.5288623971938237,-75.34429168701172,40,31,0.5025252525252525,0.4819423157095883,0.5730868642979698,ok
GCF_002173775.1:NZ_CP021524.1,1348898,1349274,0,377,51.310908337460226,9.80850899689877,0.31728253967562675,0.6046860162134537,-38.99803924560547,70,27,0.32891246684350134,0.5116439909080189,0.7101313366449166,ok
GCF_001543205.1:NZ_CP014162.1,890359,890667,0,309,49.69927329946521,3.7690012157735144,0.22783356638364233,0.5660435452352885,-55.279624938964844,34,20,0.3818770226537217,0.5228796812078165,0.6019745269721333,ok
GCF_004295125.1:NZ_CP036170.1,504861,505262,0,402,59.18579112665266,3.880851331644444,0.31904831415840557,0.5770252827591734,-56.3763427734375,21,31,0.4577114427860697,0.5289003689451706,0.6213785599283648,ok
GCF_040267475.1:NZ_CP125628.1,2767355,2767803,0,449,39.01382450276954,5.000475136920969,0.16389389860104853,0.4721186107351107,-97.05844116210938,47,66,0.512249443207127,0.43146583440043385,0.4994743355513991,ok
GCF_047456285.1:NZ_CP174122.1,432977,433381,0,405,69.8619357511922,4.029633049842925,0.6925392359884881,0.571577930181588,-48.22142791748047,28,34,0.3358024691358025,0.5002237826699285,0.6442980944353462,ok
GCF_000093085.1:NC_014219.1,1606811,1607243,0,433,52.16712685475565,6.936737233195814,0.16204486646297506,0.5499130650996201,-59.349544525146484,28,31,0.4295612009237875,0.5090837956347669,0.5911497100901012,ok
GCF_001543175.1:NZ_CP014161.1,1533533,1533849,0,317,29.237428061354173,2.035340023402758,0.8101992688357134,0.6409238661184267,-33.7916145324707,31,46,0.3312302839116719,0.5623942627193432,0.6975102637107182,ok
GCF_047456275.1:NZ_CP173357.1,948511,948900,0,390,52.012428530455196,6.519128481827972,0.17998820782884717,0.5627147760605252,-60.832275390625,44,28,0.382051282051282,0.517547572172617,0.6055550750463892,ok
GCF_902729405.1:NZ_LR746496.1,2066844,2067252,0,409,55.0735613699313,5.133158469022588,0.32640028485647354,0.5807413146760138,-62.874969482421875,26,25,0.4449877750611247,0.5169610519044128,0.6420091313003061,ok
GCF_047456285.1:NZ_CP174122.1,4124164,4124618,0,455,51.08561464305269,6.079880724408824,0.25110471286972563,0.5899083235864095,-58.98714828491211,29,30,0.4065934065934066,0.5262758896815786,0.6480031317976359,ok
GCF_000144625.1:NC_014376.1,4045664,4046092,0,429,57.680845029546965,4.239448432800185,0.2514257732975242,0.5635141958150599,-65.63312530517578,62,27,0.41025641025641024,0.5223857601826789,0.6024467297571255,ok
GCF_902729405.1:NZ_LR746496.1,2827573,2827985,0,413,49.09647651646878,3.5979240278182165,0.265221086195735,0.5355601335131738,-67.45368194580078,29,23,0.4939467312348668,0.48684531303392425,0.5760315038464315,ok
GCF_023700225.1:NZ_CP097897.1,2847190,2847617,0,428,77.72956770691593,3.1311380472145234,0.6709601500926322,0.5855247181540914,-52.33779525756836,43,33,0.39953271028037385,0.5288032914620219,0.6405879411063119,ok
GCF_000144625.1:NC_014376.1,2018454,2018836,0,383,44.163582579975056,10.911078262748779,0.09065245886632611,0.6165517259582028,-51.73497009277344,22,30,0.370757180156658,0.5742458381786153,0.6446327695299267,ok
GCF_022453685.1:NZ_CP092643.1,2356088,2356448,0,361,53.740739438440066,4.1528121073595665,0.23095175762408476,0.5445210438908361,-76.63761138916016,61,27,0.5235457063711911,0.5017940887498492,0.5822840304286729,ok
GCF_025149125.1:NZ_CP102272.1,5421231,5421529,0,299,54.41524290766739,3.4219982182385924,0.4044719065490321,0.5515788983388117,-47.47328186035156,24,31,0.5484949832775919,0.486766560993729,0.6074786057366021,ok
GCF_008726475.3:NZ_CP145134.1,710137,710563,0,427,47.18501084925643,5.5822027473379485,0.2380476120859104,0.6306441832908577,-48.97966766357422,20,37,0.39344262295081966,0.5654437567807244,0.6828427324956435,ok
GCF_000164865.1:NC_014618.1,1887433,1887774,0,342,94.99983419407658,3.6306883274043935,0.4882502522219068,0.4271938623732321,-105.05268096923828,31,22,0.631578947368421,0.4057477951434718,0.44975604888969545,ok
GCF_000237085.1:NC_016627.1,3451398,3451797,0,400,70.60916477801788,1.9385102680204513,0.808349082697793,0.5443694350556127,-57.753807067871094,47,54,0.4175,0.47455789666903836,0.6033452356991674,ok
GCF_001543145.1:NZ_CP014160.1,380730,381167,0,438,66.72764639572807,4.380874511672694,0.6262491749358852,0.572102733109156,-62.67032241821289,37,24,0.4429223744292237,0.500887713817835,0.644546820295264,ok
GCF_000237085.1:NC_016627.1,2820047,2820437,0,391,51.219945852345994,4.717966359767328,0.4139510307950067,0.7153004834971427,-24.600053787231445,25,57,0.3273657289002558,0.6258739980882994,0.7937624723456298,ok
GCF_016592595.1:NZ_AP012977.1,1254199,1254549,0,351,62.173095238824324,2.874539176008392,0.4870687106599162,0.6156678833425845,-39.89917755126953,27,25,0.38461538461538464,0.5562098012367197,0.6678143179730587,ok
GCF_030762805.1:NZ_CP129113.1,206816,207262,0,447,72.30133810288095,3.7581585544674487,0.5861200106701596,0.5198733187373766,-74.28404998779297,41,30,0.37583892617449666,0.46455524199363746,0.5752264499164821,ok
GCF_004103715.1:NZ_CP035282.1,149160,149558,0,399,50.49882898002204,5.5992874865832105,0.4246665908242211,0.677172081594544,-33.613372802734375,39,40,0.3333333333333333,0.5722148918204029,0.7707440700874333,ok
GCF_016592595.1:NZ_AP012977.1,481274,481686,0,413,78.66106587666376,3.3380482719299285,0.6513698910725758,0.6395970506308702,-49.19343566894531,15,30,0.38256658595641646,0.587696433331597,0.6905184231454097,ok
GCF_001543285.1:NZ_CP014164.1,422670,423038,0,369,56.61376846778118,5.709463242606468,0.28945373702939453,0.5350489085942822,-62.80467987060547,31,20,0.4010840108401084,0.4812536273409239,0.590603632495857,ok
GCF_022453685.1:NZ_CP092643.1,758102,758544,0,443,80.79366937736422,3.6189924397522883,0.6251733116860995,0.55781451127002,-74.11819458007812,22,39,0.4604966139954853,0.5128845896504963,0.6037189453593591,ok
GCF_013267415.1:NZ_CP053988.1,1303956,1304285,0,330,41.91869600540198,10.443077732347465,0.05827627266386565,0.49513517939808205,-53.43572235107422,59,27,0.42424242424242425,0.4683900409174167,0.5120492310539743,ok
GCF_004295125.1:NZ_CP036170.1,2085487,2085858,0,372,83.63025784152482,3.0620784286769887,0.5417979160485062,0.4999306550193932,-70.78829193115234,55,44,0.4112903225806452,0.46109286848547126,0.5374430090111302,ok
GCF_022453685.1:NZ_CP092643.1,3178077,3178531,0,455,54.11947828390322,3.6612366003188073,0.6081432822362953,0.6264455833773938,-51.1810302734375,35,31,0.34065934065934067,0.5237046460843713,0.7156130055920592,ok
GCF_023700225.1:NZ_CP097897.1,670099,670459,0,361,70.77728626667471,4.8782287177456105,0.6467098477284883,0.5816397314323286,-43.30243682861328,42,27,0.3878116343490305,0.5246487954153992,0.6454152273494433,ok
GCF_016592595.1:NZ_AP012977.1,1222454,1222867,0,414,63.93302879789623,3.7102681679313205,0.510851305124725,0.6123866688323037,-53.89540481567383,20,44,0.39855072463768115,0.5474599693313532,0.6739557591693413,ok
GCF_047456275.1:NZ_CP173357.1,2825623,2826064,0,442,83.23175248052002,3.379718051041667,0.623235572738029,0.4897277179176623,-108.49606323242188,40,15,0.5475113122171946,0.4469422273720552,0.5324654208656134,ok
GCF_001753245.1:NZ_CP017415.1,1872746,1873189,0,444,93.97377124576116,1.6603574574342852,0.6754451116767022,0.4686271684779381,-97.51836395263672,79,31,0.5675675675675675,0.4262749290563511,0.5046167974584683,ok
GCF_001499615.1:NZ_LN606600.1,3402439,3402797,0,359,55.83028728340971,7.861353395402273,0.3217446888596203,0.5456324036032683,-52.96064376831055,21,24,0.4568245125348189,0.4815614089161717,0.6206849507332023,ok
GCF_000144695.1:NC_014378.1,767078,767445,0,368,53.56630316949461,4.886301776191793,0.3321107348394189,0.6155686875555212,-37.57705307006836,39,31,0.375,0.5479524581382371,0.6778543848345637,ok
GCF_001543175.1:NZ_CP014161.1,191893,192297,0,405,81.88390817616812,3.62303422204269,0.6182520233778632,0.5190939741245136,-68.74072265625,20,20,0.45185185185185184,0.47690227200359847,0.5622773284744524,ok
GCF_000015865.1:NC_009012.1,3665013,3665495,0,483,44.068395687542626,7.473557969126703,0.2582745583259222,0.6393204088927121,-59.31422424316406,32,47,0.3333333333333333,0.5460475785531149,0.7078507224192176,ok
GCF_047456285.1:NZ_CP174122.1,498592,498970,0,379,51.69569335111886,4.672783411067755,0.20545702928531434,0.43016042521121395,-89.69820404052734,47,53,0.40369393139841686,0.38672126218446307,0.46867860842870396,ok
GCF_000093085.1:NC_014219.1,1165031,1165466,0,436,81.67456841021591,2.7959165177826946,0.667811371288163,0.5432974598636634,-66.48361206054688,34,34,0.4197247706422018,0.49052738882219293,0.5935306143723306,ok
GCF_001705075.2:NZ_CP080624.1,2358878,2359329,0,452,87.94590661343304,3.756708296543992,0.5861145628047106,0.5109981744083955,-91.528564453125,49,15,0.5685840707964602,0.4795983736755291,0.5441772548695628,ok
GCF_047936785.1:NZ_CP176394.1,1664816,1665216,0,401,51.231352435468416,6.048954692610544,0.13270578177427056,0.49977001621776623,-88.66341400146484,23,29,0.5610972568578554,0.466606457475859,0.5307529778879793,ok
GCF_000144625.1:NC_014376.1,2216060,2216404,0,345,52.087919074259844,5.308829801370492,0.2749459466554103,0.4750789692281962,-65.4042739868164,49,21,0.37681159420289856,0.4131844691769397,0.5317592380249613,ok
GCF_047943045.1:NZ_CP181347.1,1230271,1230721,0,451,50.02310074250716,4.475030026567778,0.3551457800871345,0.6391313720552145,-45.06512451171875,21,36,0.38137472283813745,0.562663189314589,0.7040850374818902,ok
GCF_004103715.1:NZ_CP035282.1,2983301,2983633,0,333,58.79134782440778,8.65551686453913,0.3635158410642065,0.5406849416270189,-55.41114807128906,18,37,0.34534534534534533,0.4874604911698973,0.6120127512466018,ok
GCF_000015865.1:NC_009012.1,2098089,2098539,0,451,53.70976051535312,4.112389422390484,0.33605619198011466,0.6027853048176729,-59.196075439453125,45,33,0.4057649667405765,0.5409981607533164,0.6575128397967149,ok
GCF_022647505.1:NZ_CP071409.1,411166,411600,0,435,52.86541659416411,6.153065654667333,0.2593939784280639,0.5250666814556325,-81.40143585205078,33,23,0.4666666666666667,0.4646782109451239,0.5839269217110546,ok
GCF_025152405.1:NZ_CP102292.1,1143437,1143877,0,441,54.044629518034455,5.045552968208827,0.3113334803705378,0.5337517940918189,-71.06047821044922,56,16,0.48299319727891155,0.4705361619638032,0.5928447431477905,ok
GCF_025152405.1:NZ_CP102292.1,400335,400697,0,363,72.36780677926552,4.694281074741226,0.6382790832567957,0.5942047246302508,-45.484283447265625,25,17,0.40771349862258954,0.5405745438126395,0.6531673543561874,ok
GCF_013267415.1:NZ_CP053988.1,1546280,1546720,0,441,50.864935481174655,4.648281983090469,0.3750916038222779,0.582981818288777,-52.72327423095703,34,31,0.3854875283446712,0.5018396804199945,0.6533251132988039,ok
GCF_000247605.1:NC_016894.1,1298143,1298550,0,408,46.8936711959249,12.18895508984542,0.1672473992379755,0.5943368862131396,-50.821929931640625,40,46,0.41421568627450983,0.5210194060037874,0.6576219367790481,ok
GCF_000144695.1:NC_014378.1,2191258,2191628,0,371,79.71305325716244,2.307200609849781,0.7133587731953603,0.5422395456753969,-58.57453918457031,28,30,0.4366576819407008,0.4838674178560977,0.5941395464975757,ok
GCF_004359375.1:NZ_CP034726.1,541958,542370,0,413,44.583134037419384,4.614449617179196,0.25863482548917227,0.5269921494455618,-63.32160186767578,30,59,0.387409200968523,0.46448357136004226,0.5751694230768031,ok
GCF_055386145.1:NZ_AP043913.1,3662248,3662651,0,404,59.37552623172218,1.8803501345485236,0.9343002003715801,0.6127990721762022,-43.16991424560547,13,62,0.34405940594059403,0.5235939935357852,0.6861483828406938,ok
GCF_965286225.1:NZ_OZ260804.1,2229898,2230299,0,402,76.04056141680351,4.635364163504526,0.6128967114280013,0.4787320428954964,-77.58209991455078,50,14,0.4601990049751244,0.43489540908189694,0.5278260790600481,ok
GCF_001543205.1:NZ_CP014162.1,1895513,1895933,0,421,47.504075087496936,11.018258850382194,0.2756614848356349,0.637559366369083,-36.80949783325195,44,55,0.3681710213776722,0.5265463977280771,0.7403444366199504,ok
GCF_047936785.1:NZ_CP176394.1,972695,973083,0,389,70.66820134646186,2.3988525280093893,0.4936404911984872,0.5581914856552155,-77.01052856445312,24,25,0.44473007712082263,0.5109619118464969,0.5994255965318758,ok
GCF_001543105.1:NZ_CP014159.1,1462307,1462670,0,364,73.32176856138811,3.383271607829004,0.6893165654016443,0.6049399455115229,-44.88804626464844,24,26,0.4368131868131868,0.5402820956970799,0.6676879052775203,ok
GCF_047936785.1:NZ_CP176394.1,293660,294051,0,392,43.44833881148562,11.653225974508986,0.12666936285791142,0.5683301655355466,-65.48523712158203,24,47,0.46683673469387754,0.5062037737210102,0.6075485683734113,ok
GCF_001647695.1:NZ_CP015425.1,901716,902227,0,512,67.90478209160527,5.382935345158815,0.6622303452636173,0.5131833244981462,-68.08934020996094,28,24,0.369140625,0.44835186820000655,0.5875336437014389,ok
GCF_023700225.1:NZ_CP097897.1,3620856,3621218,0,363,68.06294514941459,2.675878824401357,0.4387957808413539,0.4813410939574112,-77.9477310180664,35,54,0.34710743801652894,0.43544839648126926,0.522158031250421,ok
GCF_025152405.1:NZ_CP102292.1,800205,800615,0,411,47.43599345355594,5.28320282688202,0.2391106377402527,0.5818780481328784,-49.810997009277344,62,28,0.45255474452554745,0.5197958332845896,0.633217868301196,ok
GCF_022453685.1:NZ_CP092643.1,382949,383322,0,374,76.90112054205096,3.21058265491063,0.670430931834396,0.5807616167070312,-47.91177749633789,42,49,0.36363636363636365,0.5236070752924503,0.6357436938798035,ok
GCF_000196455.1:NC_014614.1,2428712,2429104,0,393,45.929710539121025,7.970110753909679,0.3653865735856093,0.6753748296746241,-29.858030319213867,31,40,0.31806615776081426,0.5427062983333829,0.7827404896279033,ok
GCF_902729405.1:NZ_LR746496.1,877295,877724,0,430,46.50077447152807,12.694957309080635,0.08941120248201839,0.45999906867081375,-107.1368637084961,39,20,0.5744186046511628,0.41931262919794937,0.49487996988285965,ok
GCF_001543145.1:NZ_CP014160.1,1552816,1553206,0,391,45.60432753775207,5.4815433518976615,0.2329869467757556,0.6095454694465615,-63.648990631103516,59,50,0.4219948849104859,0.5448462946778757,0.6597108669749985,ok
GCF_000196455.1:NC_014614.1,2292258,2292628,0,371,55.80562978207077,4.632002408170614,0.4709242111551113,0.6171199160586404,-33.71115493774414,43,31,0.353099730458221,0.5315440742628139,0.698041010161828,ok
GCF_000196455.1:NC_014614.1,1256037,1256492,0,456,74.79752915551568,4.039422251281999,0.6443005142396793,0.6443087077281869,-44.5323371887207,31,34,0.3618421052631579,0.5905891348858474,0.6998602297893334,ok
GCF_008365315.1:NZ_CP043507.1,126353,126701,0,349,49.57696118351166,5.740321796558295,0.18270132636608516,0.6280513017282531,-46.90397644042969,31,46,0.4183381088825215,0.5806348483082342,0.6694979782029156,ok
GCF_001543245.1:NZ_CP014163.1,828997,829372,0,376,84.96586911045515,3.374284924501674,0.6165810511189416,0.5708198378183592,-54.106651306152344,23,35,0.3803191489361702,0.5300084989861441,0.612173303475935,ok
GCF_012317185.1:NZ_CP048838.1,4171031,4171457,0,427,74.76823841963012,3.80171926078229,0.655485724166221,0.6114012295017289,-56.46754455566406,27,28,0.3981264637002342,0.5551174134303102,0.6684693512686398,ok
GCF_000015865.1:NC_009012.1,380380,380736,0,357,52.5638513787918,3.9474259528954296,0.385387898437355,0.6127358607677761,-50.46112060546875,34,25,0.34173669467787116,0.5414788498367122,0.6740074182572119,ok
GCF_004295125.1:NZ_CP036170.1,1137550,1137915,0,366,54.801460025453316,3.8579437551673745,0.3064387793116335,0.4740100079570111,-79.47830963134766,35,54,0.3469945355191257,0.4214831861215992,0.5206330967395836,ok
GCF_001753245.1:NZ_CP017415.1,53542,53934,0,393,47.25624130470409,5.735172333575932,0.12935384395829497,0.5932364534896177,-62.54970932006836,28,42,0.5012722646310432,0.5573130141114898,0.6231625910041549,ok
GCF_022647505.1:NZ_CP071409.1,3815512,3815959,0,448,50.21346407221116,6.947815066411877,0.19667549443072208,0.528925844963697,-67.01283264160156,40,34,0.43080357142857145,0.47361912295980974,0.5810649168496795,ok
GCF_000164865.1:NC_014618.1,367593,367913,0,321,28.507599266341135,0.9882083108292361,0.8864288382730533,0.6130408899423713,-41.294227600097656,19,55,0.43613707165109034,0.5664150908753146,0.6489995364032791,ok
GCF_001543145.1:NZ_CP014160.1,695596,695921,0,326,48.882677259418536,7.436283799094969,0.23201681623952336,0.5932050352049043,-56.41998291015625,23,32,0.4263803680981595,0.5211913458553862,0.658986965690451,ok
GCF_018853465.2:NZ_CP127526.1,2040481,2040851,0,371,46.20532280316963,3.3141678397993375,0.356015821358043,0.5930979495736213,-63.28790283203125,19,42,0.4555256064690027,0.530068761530856,0.6427603402937443,ok
GCF_001705075.2:NZ_CP080624.1,2122259,2122622,0,364,71.20555876517201,5.77025434166389,0.6126240892665186,0.43228060523444817,-82.50151062011719,52,9,0.5851648351648352,0.3875418631028974,0.48672664962007195,ok
GCF_055386145.1:NZ_AP043913.1,1591199,1591643,0,445,49.45967393360039,11.095663157771497,0.222799142586232,0.5986818299533158,-46.23527145385742,47,40,0.3865168539325843,0.5194085231460193,0.680616813935484,ok
GCF_000015865.1:NC_009012.1,2383702,2384170,0,469,49.48083060760978,6.7321679679824555,0.1785846293847308,0.5698834670316156,-73.08905029296875,28,38,0.44989339019189767,0.5187728422263576,0.6164139820708183,ok
GCF_000144625.1:NC_014376.1,4457415,4457863,0,449,44.8775961003823,6.521188910275454,0.21850466536708057,0.6050141774275185,-71.93070983886719,50,33,0.40979955456570155,0.5344450740816441,0.6581443159452594,ok
GCF_000247605.1:NC_016894.1,538974,539418,0,445,54.92821046437894,5.206727265245743,0.413443425045411,0.6726292434140776,-38.53826904296875,27,39,0.35280898876404493,0.5908004991555195,0.7511901008787919,ok
GCF_000247605.1:NC_016894.1,1813456,1813813,0,358,76.447300741682,1.9878014299165208,0.7602979136368948,0.5668283605633834,-59.4954948425293,26,21,0.30726256983240224,0.5050629776099381,0.6200307151969756,ok
GCF_002173775.1:NZ_CP021524.1,1496866,1497256,0,391,86.43126678903566,3.357321334400827,0.6102379880809554,0.4712139251452157,-83.78486633300781,30,20,0.5524296675191815,0.4330577112313747,0.5100120050372936,ok
GCF_001543205.1:NZ_CP014162.1,1299092,1299446,0,355,91.77151203325559,2.4914254088083867,0.6398107052662458,0.5882771569411035,-58.559356689453125,23,55,0.38591549295774646,0.5468119368461044,0.6265757409482589,ok
GCF_047456275.1:NZ_CP173357.1,717863,718243,0,381,47.50980789747503,5.922158710626514,0.25181956432408126,0.6235243708309108,-29.93301010131836,52,23,0.3884514435695538,0.5522281448780668,0.6824249612841929,ok
GCF_031760945.1:NZ_CP134501.1,935966,936441,0,476,61.28780373207328,6.44233830530844,0.3510109357731321,0.5169971977670599,-66.2448959350586,74,22,0.4222689075630252,0.4700063130426274,0.5736248648945863,ok
GCF_001705075.2:NZ_CP080624.1,3173729,3174161,0,433,94.99998987415862,3.106602224329854,0.5443400018090729,0.4235700948198285,-122.05847930908203,57,13,0.605080831408776,0.39495023604109675,0.4520530879880892,ok
GCF_001543245.1:NZ_CP014163.1,815128,815548,0,421,74.01504727730213,5.3360014968665395,0.6033879340562885,0.5370780052069701,-67.21427917480469,31,36,0.4418052256532066,0.4960936321967723,0.5856878699141007,ok
GCF_025149125.1:NZ_CP102272.1,5420463,5420861,0,399,43.7439150434013,4.888800716005104,0.13031824465788,0.5172618981423887,-82.35672760009766,24,23,0.518796992481203,0.48394400185691744,0.5424927498806195,ok
GCF_002844395.1:NZ_CP025197.1,2599640,2600064,0,425,64.25740099648405,3.833384089770181,0.7751052116342401,0.6128559426939004,-40.43755340576172,35,59,0.3247058823529412,0.5149331557886175,0.706805576913299,ok
GCF_047456285.1:NZ_CP174122.1,11,373,0,363,82.29337959059335,4.054783359053568,0.598582233145862,0.6352638265234344,-49.197940826416016,16,42,0.3856749311294766,0.5981152078418167,0.6750641651922149,ok
GCF_047456275.1:NZ_CP173357.1,3152026,3152387,0,362,93.52707477553078,2.394053355547679,0.6408604187520911,0.5148113275817986,-73.12873840332031,30,21,0.5138121546961326,0.4741221455035718,0.5524352437704008,ok
GCF_001543105.1:NZ_CP014159.1,960898,961309,0,412,46.773849760513734,6.45320309307976,0.19460922016556303,0.5572417170201164,-49.301307678222656,32,33,0.39563106796116504,0.49758004640349063,0.6064955807807768,ok
GCF_000021485.1:NC_011761.1,1409223,1409554,0,332,73.8872240207683,2.895061788160791,0.302322725468914,0.4897258955568975,-84.28291320800781,39,16,0.5933734939759037,0.46148790389780636,0.5157164457462298,ok
GCF_003721225.2:NZ_CP127527.1,874410,874786,0,377,47.01968553801285,7.9711933353529885,0.18599314453645766,0.5860688974426757,-53.42202377319336,74,29,0.46949602122015915,0.5205607232070822,0.6402755051522994,ok
GCF_000007745.1:NC_006300.1,182425,182812,0,388,45.97890655158321,6.938765977001761,0.30916301878361474,0.6429447016629396,-41.4583854675293,22,38,0.3247422680412371,0.5408415973570695,0.7246494684453963,ok
GCF_002220195.1:NZ_CP022374.1,1012981,1013320,0,340,86.87497635226197,2.515449444549762,0.5628211573395576,0.47840705355631385,-65.22169494628906,26,18,0.5411764705882353,0.4384893673548186,0.5151679408293979,ok
GCF_003966655.1:NZ_AP018795.1,1993340,1993736,0,397,51.934099278325064,9.197204046173832,0.14565785451560742,0.40624320504726935,-111.27694702148438,51,9,0.5894206549118388,0.3660920377524013,0.45170429093712133,ok
GCF_012317185.1:NZ_CP048838.1,736683,737161,0,479,45.688114156909805,10.363358833809045,0.2047618206799564,0.612922698786955,-45.032257080078125,39,23,0.36325678496868474,0.5241271538272703,0.6791600861788437,ok
GCF_965286225.1:NZ_OZ260804.1,1673485,1673839,0,355,40.88871616132356,5.371136258206219,0.30209410099181994,0.6573658065493576,-39.99758529663086,22,123,0.36338028169014086,0.5746684846425262,0.7142237502178621,ok
GCF_001705075.2:NZ_CP080624.1,531124,531509,0,386,52.496834386938815,6.95099962262208,0.15018215646134497,0.4964112317006764,-84.46199035644531,24,12,0.5492227979274611,0.45923734938605043,0.5342342706241369,ok
GCF_000021485.1:NC_011761.1,274997,275371,0,375,42.060544719160326,12.705667114617693,0.07358032042332541,0.5053416243968267,-79.37310791015625,26,13,0.552,0.4672491749690815,0.5262301216640759,ok
GCF_001543145.1:NZ_CP014160.1,694179,694555,0,377,55.062688815844226,5.9553826039871085,0.3128839424073126,0.5650227702370396,-54.41120529174805,25,15,0.44297082228116713,0.501265304972528,0.6304316201732123,ok
GCF_040267475.1:NZ_CP125628.1,4391021,4391437,0,417,78.13552212301693,4.40952901009975,0.6075294145833722,0.5708812977926151,-66.00184631347656,34,32,0.3908872901678657,0.5296800317248088,0.6163429022474285,ok
GCF_047456285.1:NZ_CP174122.1,1921923,1922357,0,435,55.57565329747624,6.044291433629874,0.36661406303336275,0.5585010634940277,-51.62639236450195,38,27,0.42528735632183906,0.48539767781307475,0.6339543972264035,ok
GCF_022453685.1:NZ_CP092643.1,115372,115812,0,441,76.65199259396937,4.020791929903299,0.6314871356011218,0.5993890789980169,-57.64472579956055,34,37,0.4489795918367347,0.5506717215369062,0.650270069126608,ok
GCF_022647505.1:NZ_CP071409.1,1877006,1877345,0,340,62.244452614335316,4.366464640959125,0.41406277239698464,0.6019266069733203,-36.630313873291016,23,33,0.3941176470588235,0.5444918166055344,0.657732432289534,ok
GCF_013267415.1:NZ_CP053988.1,1150639,1151112,0,474,46.335498568129154,7.434183046594474,0.1426883812396597,0.5428977448843461,-95.98878479003906,31,37,0.4050632911392405,0.4937587638826303,0.582362965036095,ok
GCF_000247605.1:NC_016894.1,3318730,3319150,0,421,65.3169865654243,4.495852689528536,0.5591870471318694,0.6096136782497089,-50.11083221435547,22,36,0.39667458432304037,0.5424468452458193,0.6786745146980558,ok
GCF_001543145.1:NZ_CP014160.1,782198,782571,0,374,77.62118874712385,4.230877654132505,0.6172232517017482,0.5237765059376043,-70.2726058959961,57,32,0.3877005347593583,0.4792109111800235,0.571577205877474,ok
GCF_030762805.1:NZ_CP129113.1,1685827,1686150,0,324,71.56882369801495,5.710891576186436,0.6112877311700851,0.44131438379743665,-59.35657501220703,43,15,0.4074074074074074,0.3969736419497787,0.49495431244192295,ok
GCF_047936785.1:NZ_CP176394.1,2010950,2011302,0,353,44.86657167552819,4.124798821434127,0.1646170336368647,0.5418984627623245,-80.53107452392578,21,33,0.5552407932011332,0.5060512794917537,0.570029999654281,ok
GCF_012317185.1:NZ_CP048838.1,2017792,2018209,0,418,71.79527582386095,3.9239777880271673,0.6762326976634326,0.5730996766713171,-51.248592376708984,21,21,0.3708133971291866,0.5085247919163925,0.6385950474138119,ok
GCF_000144625.1:NC_014376.1,2368921,2369272,0,352,41.811625830081596,4.051911987377824,0.3779635895530278,0.6350409662221971,-41.33369445800781,19,36,0.34375,0.5536336214482761,0.6946702492388485,ok
GCF_016250455.1:NZ_CP059488.1,2485604,2486045,0,442,52.739335256260986,4.100911534021754,0.2986549656566428,0.5875321229523999,-61.65188980102539,25,25,0.4796380090497738,0.5312111504234868,0.6367287860140772,ok
GCF_047456285.1:NZ_CP174122.1,3757790,3758161,0,372,72.9501475719385,4.043887927102899,0.659458025331222,0.5710444389214359,-54.30559539794922,39,24,0.3602150537634409,0.5121573172942953,0.631880269302989,ok
GCF_047936785.1:NZ_CP176394.1,419131,419490,0,360,60.29786457470635,4.307876657824084,0.2362215319255242,0.5798439700383452,-61.47395324707031,36,65,0.44722222222222224,0.5445971583540357,0.613909409454583,ok
GCF_004359375.1:NZ_CP034726.1,1374871,1375226,0,356,68.43590981202107,5.12236806232612,0.665550732570753,0.5318439275296722,-47.88372802734375,26,23,0.34269662921348315,0.4660907361940754,0.6058871007047709,ok
GCF_030762805.1:NZ_CP129113.1,2394765,2395115,0,351,77.92294640344892,4.972556004477659,0.5883525047142233,0.4214326448767676,-71.32597351074219,89,10,0.4928774928774929,0.3867492120608333,0.46136613646903,ok
GCF_023700225.1:NZ_CP097897.1,726934,727349,0,416,47.70109601562693,6.536013692899381,0.26462445600219997,0.6445088664278432,-42.37035369873047,46,20,0.4014423076923077,0.5649796151794511,0.7126102151728413,ok
GCF_013267415.1:NZ_CP053988.1,888402,888816,0,415,47.69672678517942,8.867665806581892,0.2214338064883124,0.5894221744117065,-60.609527587890625,30,22,0.41927710843373495,0.5093653078213869,0.6608311108945194,ok
GCF_017357865.1:NZ_CP060096.1,1105783,1106205,0,423,51.70691288517003,5.386804950764598,0.33268148554649746,0.6590829831603003,-44.910423278808594,36,44,0.34278959810874704,0.5825134838100945,0.7292028484604405,ok
GCF_000144625.1:NC_014376.1,40362,40671,0,310,83.02106878350435,1.9057727811944498,0.728302432960089,0.6656223941551259,-33.760650634765625,34,81,0.38387096774193546,0.6119074514787992,0.7118197206193969,ok
GCF_031760945.1:NZ_CP134501.1,147741,148100,0,360,65.60532392145836,19.999999999999996,0.5164512537755048,0.573365390155251,-37.207706451416016,53,32,0.3972222222222222,0.56829503355054,0.5858635243353839,ok
GCF_004295125.1:NZ_CP036170.1,769072,769375,0,304,52.16158053616741,3.513293954802429,0.4483614038455598,0.6242476369771808,-36.857322692871094,34,32,0.375,0.5474372330081656,0.6890959635747542,ok
GCF_000025305.1:NC_013740.1,636891,637283,0,393,86.81569142279308,4.201807225341106,0.573451223238278,0.47745484558589874,-97.56908416748047,53,25,0.5597964376590331,0.449838575064153,0.5078785212893149,ok
GCF_040267475.1:NZ_CP125628.1,4676155,4676578,0,424,94.99983647518964,3.3672814022854993,0.5017573467295657,0.540950222296004,-104.34323120117188,70,53,0.5188679245283019,0.5167932591056137,0.5654753932437532,ok
GCF_000221025.1:NC_015851.1,88279,88723,0,445,76.6673293111577,5.03643589466079,0.5946936128460608,0.4939844320662039,-86.37901306152344,82,30,0.5370786516853933,0.4565885144545937,0.5373760459881202,ok
GCF_047456285.1:NZ_CP174122.1,2273690,2274123,0,434,75.63975057712264,3.1349902808866372,0.6838650294250452,0.6479130502587295,-49.44865798950195,33,43,0.3548387096774194,0.5871948299344399,0.7054725830195967,ok
GCF_001543145.1:NZ_CP014160.1,1708575,1708889,0,315,56.184002359197336,5.885738207064298,0.3352333548327641,0.47104153032237467,-67.85743713378906,43,24,0.4126984126984127,0.40695516830258205,0.5377108265709125,ok
GCF_012317185.1:NZ_CP048838.1,765711,766080,0,370,71.63693407153784,4.663404908950685,0.6487555017547157,0.548309169459341,-52.00103759765625,28,18,0.4135135135135135,0.48967523854845074,0.6123282394465847,ok
GCF_047943045.1:NZ_CP181347.1,985093,985494,0,402,82.49604320925363,1.9230772767477964,0.7294434556721332,0.5981494276877836,-53.246665954589844,25,36,0.3805970149253731,0.5438968852207144,0.6448796063245884,ok
GCF_000025305.1:NC_013740.1,311127,311591,0,465,58.84246023585597,5.605682823574454,0.2080332146869187,0.5075195243160037,-98.06617736816406,42,29,0.5032258064516129,0.47345680575624816,0.543630771041357,ok
GCF_000021485.1:NC_011761.1,748571,748921,0,351,39.174753816027604,6.722614941284665,0.09727904615076072,0.5060260583739326,-89.9797592163086,22,20,0.5527065527065527,0.4756072120056542,0.5247062909824496,ok
GCF_004359375.1:NZ_CP034726.1,128,600,0,473,82.96960258257211,2.419869837268351,0.6846996814002768,0.6720179090859785,-45.964027404785156,25,62,0.3572938689217759,0.6194590580926862,0.7192924628951348,ok
GCF_047936785.1:NZ_CP176394.1,186196,186605,0,410,90.10488109171031,2.4324604572206474,0.2755599189553879,0.4671761538747006,-107.29112243652344,29,21,0.6,0.44859202826589367,0.48420948985754014,ok
GCF_012317185.1:NZ_CP048838.1,560009,560441,0,433,52.80540861521479,4.6017844582723715,0.33759935621400894,0.6121769770019451,-52.26350784301758,21,28,0.3903002309468822,0.5439938054339551,0.6736045086147022,ok
GCF_003352165.1:NZ_CP029176.1,336674,337000,0,327,20.016820223847276,1.6619666482040063,0.6763608098764353,0.4740621093115905,-83.26477813720703,52,27,0.6452599388379205,0.43142163991823784,0.5046956266196164,ok
GCF_001543105.1:NZ_CP014159.1,979243,979569,0,327,50.81414871013817,7.146202247722355,0.27896147943021865,0.6478195276110614,-29.692798614501953,20,58,0.37920489296636084,0.5706017210663391,0.7217822232365728,ok
GCF_023700225.1:NZ_CP097897.1,3616832,3617187,0,356,47.38274338849453,7.48477213368784,0.2112672777325037,0.556624149071552,-53.95983123779297,39,26,0.4747191011235955,0.4864515692999091,0.6166280144893383,ok
GCF_040267475.1:NZ_CP125628.1,4661989,4662425,0,437,85.55748800674402,4.741354940297888,0.5623089575729922,0.4403300091978519,-116.73755645751953,45,20,0.4851258581235698,0.4160483083272495,0.46861119503820425,ok
GCF_025144545.1:NZ_CP102249.1,2172652,2173050,0,399,71.69297261753292,5.123860745308659,0.6288044225201442,0.4972108490647676,-75.95567321777344,21,14,0.5263157894736842,0.44681046982037476,0.5552466739187223,ok
GCF_047456275.1:NZ_CP173357.1,3170041,3170462,0,422,48.128937266222074,6.890247972716891,0.18466619015814945,0.5655908814048672,-50.628116607666016,27,24,0.4431279620853081,0.5090960689459738,0.6158300297185269,ok
GCF_012317185.1:NZ_CP048838.1,2033310,2033640,0,331,40.14639759485562,1.6319599263207383,0.7757450148782132,0.6497145635293093,-40.002811431884766,28,31,0.36253776435045315,0.5800680648354047,0.7032879886224995,ok
GCF_002844395.1:NZ_CP025197.1,2985750,2986162,0,413,46.52185649173499,6.12590336667319,0.23002152550644717,0.6400014988118987,-42.24529266357422,27,29,0.38256658595641646,0.5714045399705237,0.6946422698015368,ok
GCF_055384605.1:NZ_AP043921.1,471156,471582,0,427,47.944035244053424,6.154004380755163,0.15680582445208652,0.4878724045900816,-86.28099822998047,34,25,0.49414519906323184,0.44300827430672385,0.5264007365239549,ok
GCF_000015865.1:NC_009012.1,2375428,2375817,0,390,50.95991661739789,6.080029552309836,0.19509717967674362,0.5580609165518898,-55.70695877075195,75,26,0.45897435897435895,0.5086055460114423,0.604054294325902,ok
GCF_001543245.1:NZ_CP014163.1,1392163,1392518,0,356,43.706226800569894,8.026558331501024,0.14616223647332127,0.6364379851248886,-36.028892517089844,15,39,0.37359550561797755,0.5803865525754074,0.6759429993372875,ok
GCF_017357865.1:NZ_CP060096.1,1337057,1337428,0,372,47.68420193364258,5.015064087662067,0.3606970256228281,0.7335031869390205,-21.889751434326172,28,32,0.34408602150537637,0.6440906335598187,0.8074004696962163,ok
GCF_016250455.1:NZ_CP059488.1,997797,998174,0,378,48.094852783476654,4.334493777646116,0.2376773085536038,0.678154598133886,-38.83344268798828,34,46,0.455026455026455,0.6261037295130776,0.7207034409300602,ok
GCF_025149125.1:NZ_CP102272.1,133537,133950,0,414,44.907895874483735,5.201229473280939,0.26024279260832184,0.5273945971750934,-67.5179214477539,51,48,0.4033816425120773,0.45776594677138005,0.58115520305762,ok
GCF_008726475.3:NZ_CP145134.1,223318,223648,0,331,46.83402403726712,7.110406579323686,0.14923399907901025,0.6082016457712237,-57.95315170288086,17,46,0.4652567975830816,0.559198459978158,0.6484994889380893,ok
GCF_002173775.1:NZ_CP021524.1,2142846,2143251,0,406,80.39772567195368,4.523778071526155,0.5916799174881835,0.4610654538739311,-86.2485580444336,32,13,0.5443349753694581,0.42543319917934436,0.5012627082976846,ok
GCF_000144695.1:NC_014378.1,754013,754411,0,399,67.38513393232319,2.7396834082372226,0.6870982284427404,0.6736731672842944,-38.122276306152344,14,72,0.3533834586466165,0.6001162771005305,0.7390573478679276,ok
GCF_025144545.1:NZ_CP102249.1,1978701,1979097,0,397,85.29746214826386,3.449507131180893,0.6109695699757738,0.4767138447673547,-89.12234497070312,35,12,0.5415617128463476,0.43761726472940415,0.516637383252117,ok
GCF_030762805.1:NZ_CP129113.1,511802,512223,0,422,83.68759672929546,2.8166368669651933,0.653535508465853,0.5355804695159456,-66.71764373779297,23,24,0.41232227488151657,0.4870473232498119,0.5812706599318875,ok
GCF_030762805.1:NZ_CP129113.1,511232,511622,0,391,85.9000637518181,2.4652749305417814,0.6665841541174677,0.5545919860895049,-58.05879211425781,26,25,0.4398976982097187,0.5061108571630787,0.5986647724075751,ok
GCF_047456285.1:NZ_CP174122.1,396786,397135,0,350,85.89440442752236,2.602716035540894,0.6582062145586746,0.518547492736159,-65.9481201171875,58,36,0.47714285714285715,0.4703103915693923,0.5634263784834602,ok
GCF_000015865.1:NC_009012.1,2968250,2968640,0,391,47.77227191868629,5.862444419355341,0.34119294339108536,0.5745569919017802,-55.69053649902344,72,28,0.36828644501278773,0.47970775580663805,0.6548479155179916,ok
GCF_008726475.3:NZ_CP145134.1,1883860,1884294,0,435,83.5130106005917,2.9512621444543248,0.6461100987912889,0.5072357961400773,-81.94792175292969,52,32,0.3954022988505747,0.4598739204426017,0.5525986486515788,ok
GCF_030864005.1:NZ_CP132976.1,4901874,4902214,0,341,94.483008714833,2.4597589790464425,0.5762121893135703,0.46011272405903014,-71.07720947265625,44,32,0.4662756598240469,0.4245541678389847,0.49334099808845605,ok
GCF_001705075.2:NZ_CP080624.1,885041,885451,0,411,86.05995810476902,4.323211236395665,0.5728058619280838,0.44611754187649083,-114.17739868164062,96,19,0.610705596107056,0.4183373987075598,0.4771404029593563,ok
GCF_016592595.1:NZ_AP012977.1,1055726,1056128,0,403,63.49752004913844,5.171359862378998,0.4882061952037387,0.5311589461237917,-49.13984680175781,61,20,0.3771712158808933,0.4690520970145771,0.5981964769578457,ok
GCF_001543285.1:NZ_CP014164.1,983404,983821,0,418,45.21644445227506,9.731895839238389,0.12824047938230987,0.5939214836662285,-46.89254379272461,29,41,0.37799043062200954,0.5392693551090108,0.6324570603506071,ok
GCF_004103715.1:NZ_CP035282.1,1632121,1632517,0,397,62.32875510620908,2.393844296824926,0.8720926137893065,0.6270624419527148,-43.87482452392578,25,32,0.3425692695214106,0.5308610923727729,0.7091139974558982,ok
GCF_004103715.1:NZ_CP035282.1,3553464,3553898,0,435,87.76921523071094,2.35962768804464,0.666037679905234,0.6230452122034386,-55.29487228393555,46,44,0.3586206896551724,0.5760740974435353,0.6655250543284689,ok
GCF_009662475.1:NZ_CP045571.1,96549,96924,0,376,72.28217608878636,3.9419273496781115,0.5396906623746671,0.5877880039182534,-55.48412322998047,38,32,0.4308510638297872,0.5376925323250845,0.6388013844079726,ok
GCF_000144625.1:NC_014376.1,2934759,2935197,0,439,66.34402186839039,5.2841196309668925,0.6860656556812408,0.5569853445835679,-49.939517974853516,56,36,0.357630979498861,0.4830032437908587,0.6398056222693632,ok
GCF_016592595.1:NZ_AP012977.1,1253540,1253941,0,402,44.25942360433039,7.1695256988103635,0.24194345872809808,0.6335197300080416,-44.362091064453125,43,68,0.39303482587064675,0.5487974627926331,0.6957252847967879,ok
GCF_001543285.1:NZ_CP014164.1,1447290,1447629,0,340,50.51613366349601,4.395886362872323,0.3620651833773242,0.6402186847210792,-32.10283660888672,23,27,0.3323529411764706,0.5642014292610972,0.7050603486913162,ok
GCF_031760945.1:NZ_CP134501.1,3576496,3576888,0,393,75.70229473964389,4.455438388334556,0.6207817707818627,0.5476589342435787,-59.57770919799805,38,32,0.4631043256997455,0.5014597682403147,0.5980919638010657,ok
GCF_000093085.1:NC_014219.1,143363,143688,0,326,56.377068172857314,3.4916879319727,0.2507839795437155,0.5497523851660014,-52.048866271972656,33,19,0.5030674846625767,0.5108444650522598,0.5839554222189934,ok
GCF_000144625.1:NC_014376.1,3068512,3068943,0,432,85.71227098819159,3.6698080699542666,0.5989954138766742,0.5657873705322419,-69.73632049560547,23,31,0.4375,0.5299814082743579,0.6032314560545978,ok
GCF_031760945.1:NZ_CP134501.1,1882737,1883157,0,421,52.820999116157914,3.8087868238645153,0.3159720393848471,0.5270127114617497,-70.34962463378906,45,49,0.32066508313539194,0.4704277032076134,0.5757395700293401,ok
GCF_000025305.1:NC_013740.1,1769534,1769852,0,319,81.16658457953962,4.063588320449754,0.6036301001365311,0.41816677643607375,-98.97676849365234,32,14,0.5047021943573667,0.37943145724365424,0.45977869150572115,ok
GCF_001499615.1:NZ_LN606600.1,165063,165411,0,349,79.75745019707024,5.352330272791909,0.5690864140153558,0.43651647044676434,-78.92257690429688,29,21,0.5730659025787965,0.409194368434162,0.46972552075874324,ok
GCF_047936785.1:NZ_CP176394.1,529654,530003,0,350,82.07422743078321,5.314566268345642,0.5599223579573035,0.5012553933730026,-80.9328384399414,19,25,0.5228571428571429,0.47759418006633286,0.530046383414172,ok
GCF_040267475.1:NZ_CP125628.1,5086808,5087152,0,345,44.945450621383344,5.929470806472522,0.16118412597783993,0.6615269013543864,-38.965450286865234,16,95,0.3826086956521739,0.6133727546363668,0.6982613984054742,ok
GCF_016250455.1:NZ_CP059488.1,2145078,2145448,0,371,76.78765272439104,3.4373492259524965,0.6589054079403405,0.5393832217170172,-56.40240478515625,50,30,0.4123989218328841,0.48415698063669116,0.5937696046848137,ok
GCF_012317185.1:NZ_CP048838.1,3679159,3679570,0,412,47.24661084843018,5.496711129659327,0.22144625111535343,0.5880919068891066,-52.31877517700195,31,26,0.4029126213592233,0.5283504937490531,0.6365264047600236,ok
GCF_025149125.1:NZ_CP102272.1,3297391,3297768,0,378,60.397690610863094,5.306618749255236,0.3884870344648874,0.5379368577575635,-81.88207244873047,33,15,0.43915343915343913,0.47950405657986744,0.5995335342680727,ok
GCF_040267475.1:NZ_CP125628.1,3778581,3778931,0,351,94.99999999999996,3.349398502241905,0.5770372947779555,0.5407151390649177,-81.09413146972656,28,40,0.5242165242165242,0.5128344540692342,0.5691907878793984,ok
GCF_012317185.1:NZ_CP048838.1,3858748,3859172,0,425,49.278154543020044,8.789794672786387,0.3278825226665767,0.633886166979977,-40.38859176635742,55,24,0.3411764705882353,0.525369131733526,0.73804738524077,ok
GCF_025144545.1:NZ_CP102249.1,725799,726148,0,350,94.99999989417276,3.076463139298536,0.5786526855346925,0.47030126753236673,-76.4910659790039,40,25,0.34285714285714286,0.4393330038658638,0.5011721608831187,ok
GCF_001543175.1:NZ_CP014161.1,691857,692306,0,450,53.015003733147196,4.70073041505749,0.3087170358196468,0.635844183848163,-51.393821716308594,20,38,0.3977777777777778,0.5730232833430258,0.6924746920831887,ok
GCF_012317185.1:NZ_CP048838.1,858537,858892,0,356,59.364845434163996,3.2008957583333886,0.6004403691541398,0.6182599260899776,-40.627193450927734,43,45,0.3792134831460674,0.5357859039260917,0.6911412982173475,ok
GCF_047456275.1:NZ_CP173357.1,720899,721338,0,440,80.0053664638231,3.7214287481000685,0.6245995599740939,0.5360430690159245,-65.03619384765625,58,27,0.43636363636363634,0.49104952658102263,0.5824945159151111,ok
GCF_003966655.1:NZ_AP018795.1,358550,358908,0,359,76.82122360547903,3.2869038212464994,0.6664876705889562,0.5925595619874685,-56.866920471191406,15,29,0.4401114206128134,0.5359719045226305,0.6472440264739976,ok
GCF_016250455.1:NZ_CP059488.1,964840,965270,0,431,54.05190218913098,3.5973078821492663,0.2984124197004312,0.44092872269372735,-96.2765121459961,68,37,0.5498839907192575,0.3911667679321629,0.4844350003597375,ok
GCF_055386145.1:NZ_AP043913.1,128437,128869,0,433,72.76115306679178,4.236560264784079,0.5892544540745714,0.6058097023119665,-67.53938293457031,22,67,0.39260969976905313,0.5540688309845349,0.6601637811506975,ok
GCF_031760945.1:NZ_CP134501.1,3832806,3833198,0,393,51.490951951575575,3.7796726202526063,0.49352451093197136,0.6550558935059511,-32.2020149230957,45,56,0.3104325699745547,0.564493936532656,0.7317804935990514,ok
GCF_022845755.1:NZ_AP025566.1,3569600,3569943,0,344,48.37449709874544,6.369015738085934,0.2203304510326749,0.6222505329240106,-39.374595642089844,35,32,0.39244186046511625,0.558344061085327,0.676904794720009,ok
GCF_055386145.1:NZ_AP043913.1,3787915,3788257,0,343,53.14620520182919,4.361410263392171,0.4148064576553205,0.5706363104576687,-47.22858810424805,36,33,0.43440233236151604,0.4901938290617082,0.6420338979563255,ok
GCF_009914215.2:NZ_CP039845.2,387505,387958,0,454,50.464832794371745,2.663240071354736,0.5432249557742866,0.6225242981554574,-56.32186508178711,30,35,0.381057268722467,0.5467614473640287,0.6841532983118234,ok
GCF_001543245.1:NZ_CP014163.1,819684,820021,0,338,64.70270583242957,3.376581009053123,0.5417497941537025,0.6266668914687518,-39.26313400268555,26,37,0.39349112426035504,0.5606617031138365,0.687715413613089,ok
GCF_031760945.1:NZ_CP134501.1,3818255,3818642,0,388,67.96997886906101,3.9158987935513285,0.718580256232471,0.6069411436383952,-38.37224578857422,32,35,0.34536082474226804,0.5274199784235328,0.6857498530964837,ok
GCF_022453685.1:NZ_CP092643.1,716395,716697,0,303,80.89104329217253,5.6635233945336445,0.5560167103369467,0.4973233317935657,-65.78073120117188,51,30,0.5346534653465347,0.47507344900468235,0.5253062739478277,ok
GCF_001543285.1:NZ_CP014164.1,427195,427615,0,421,53.01070650623728,6.420648756147338,0.26335835647487194,0.577301290712755,-52.57179260253906,25,17,0.4014251781472684,0.5156985245440504,0.6391366396491674,ok
GCF_000144625.1:NC_014376.1,4041900,4042243,0,344,52.49095668869521,6.961696896739237,0.29805798966906416,0.5312315928726368,-51.4903678894043,25,21,0.40406976744186046,0.45756475993223,0.6067042384013559,ok
GCF_025149125.1:NZ_CP102272.1,3988933,3989310,0,378,46.245163182713526,8.47307750064617,0.1426283377844933,0.5469046563442075,-73.64353942871094,23,36,0.49206349206349204,0.493427656168733,0.5906187031832196,ok
GCF_000237085.1:NC_016627.1,4211633,4212078,0,446,73.41456904678448,2.8151759445078017,0.721620338509561,0.5750945549639462,-69.68480682373047,16,24,0.4080717488789238,0.5070358445856348,0.6372249830067881,ok
GCF_001543205.1:NZ_CP014162.1,890289,890667,0,379,54.44517667899198,5.640598984926337,0.2157906987265482,0.6184487012513445,-48.73884582519531,35,27,0.43271767810026385,0.5735240023137207,0.6624589294856152,ok
GCF_000015865.1:NC_009012.1,2700633,2700974,0,342,81.02478316596932,3.2785376388604215,0.6405853778060635,0.493101479455792,-71.71342468261719,45,22,0.3508771929824561,0.4452843332745521,0.5403211628675688,ok
GCF_055386145.1:NZ_AP043913.1,4010711,4011137,0,427,53.19751715196129,5.6018613411814435,0.31580539831381294,0.631031019420709,-44.53874588012695,20,37,0.39344262295081966,0.5613473029097424,0.6971962112951008,ok
GCF_001543175.1:NZ_CP014161.1,340409,340843,0,435,50.633000290442034,7.504965503872632,0.19370374180523475,0.592419748119369,-69.49697875976562,37,27,0.39770114942528734,0.5372601296821652,0.646270174881288,ok
GCF_000202835.1:NC_015186.1,2405811,2406141,0,331,94.99999999999987,3.8578804733784526,0.20569404520052376,0.4264086871899286,-99.38107299804688,25,11,0.6314199395770392,0.4179309123036078,0.4355980809196183,ok
GCF_013267415.1:NZ_CP053988.1,1726414,1726842,0,429,60.58976880866254,4.7606383829085726,0.4234568170864743,0.5796820636980088,-67.98809051513672,29,28,0.4405594405594406,0.5165238984388424,0.6433308502728395,ok
GCF_040267475.1:NZ_CP125628.1,2903336,2903690,0,355,43.81614545197567,7.745329456431365,0.11273069319273155,0.5911266005697898,-50.711708068847656,71,27,0.504225352112676,0.5490759454727541,0.62127683435889,ok
GCF_023700225.1:NZ_CP097897.1,1902247,1902625,0,379,58.70603911096779,4.044317235545598,0.3013162102740763,0.7054664783963686,-36.90920639038086,17,59,0.38522427440633245,0.6585139746068157,0.7488647874283295,ok
GCF_000164865.1:NC_014618.1,1380172,1380511,0,340,82.65365115629513,5.636351638186795,0.5511004675549747,0.46127100390524145,-79.45506286621094,42,32,0.6058823529411764,0.4407685671552802,0.48684816254563223,ok
GCF_000221025.1:NC_015850.1,625174,625575,0,402,76.83434101113615,5.043244663647316,0.5920479077463536,0.4144706195190735,-97.48855590820312,66,8,0.5845771144278606,0.3781548740970478,0.45703599452279386,ok
GCF_000025305.1:NC_013740.1,1263348,1263709,0,362,66.54330493661743,6.534719189908653,0.6449508888133081,0.570336739569277,-44.48298645019531,41,23,0.35911602209944754,0.5116435466616841,0.6442549951148837,ok
GCF_902729405.1:NZ_LR746496.1,4494932,4495333,0,402,62.10293234858164,4.503918431973658,0.3526280732403408,0.47843514036132734,-75.99720001220703,53,12,0.5199004975124378,0.4295630364514589,0.5277029248942069,ok
GCF_902729405.1:NZ_LR746496.1,3420742,3421104,0,363,57.77001449747895,5.1362191521196925,0.37238248975211824,0.49434597428035154,-74.02085876464844,52,23,0.5013774104683195,0.43005253967171236,0.5584303867262627,ok
GCF_009662475.1:NZ_CP045571.1,229917,230268,0,352,76.17377461404222,5.60335137244934,0.5807363535292371,0.5040812655877656,-77.51165771484375,54,24,0.5426136363636364,0.4714226220166901,0.5432351877952214,ok
GCF_004103715.1:NZ_CP035282.1,2856807,2857203,0,397,54.726426989016545,5.53990933738693,0.3075324569122039,0.6451453946777562,-46.78208923339844,30,44,0.380352644836272,0.5824055350546891,0.706674587631878,ok
GCF_000093085.1:NC_014219.1,2721603,2722038,0,436,94.9885058139558,1.6394873561748393,0.4871595975803366,0.4886354248513884,-75.47877502441406,73,22,0.46559633027522934,0.4578953666424995,0.5156348272433118,ok
GCF_031760945.1:NZ_CP134501.1,1338417,1338813,0,397,52.63794746761635,7.642857755291246,0.2581593790711278,0.5652828074646999,-62.2828369140625,28,27,0.44836272040302266,0.5002857804143278,0.6345413248030104,ok
GCF_008726475.3:NZ_CP145134.1,1547243,1547660,0,418,56.391966821182514,4.583698349863041,0.3804209247141209,0.5741524248521241,-61.649871826171875,50,34,0.39712918660287083,0.5064425815005166,0.6372633869734003,ok
GCF_001499615.1:NZ_LN606600.1,1429386,1429800,0,415,60.27611246881143,4.314933017395829,0.32623972376113297,0.47367920755565157,-87.24301147460938,37,13,0.5325301204819277,0.4250760734616543,0.5210246661959405,ok
GCF_000196455.1:NC_014614.1,1125740,1126121,0,382,58.25491727778407,4.034330556684896,0.6060226694430965,0.6473476750904624,-29.783946990966797,38,49,0.35602094240837695,0.551903733485162,0.7362347738644119,ok
GCF_001543105.1:NZ_CP014159.1,78960,79377,0,418,70.22363748079843,3.3533436187280015,0.5457813438842232,0.6513855311749059,-38.580543518066406,28,31,0.37559808612440193,0.5949963522242765,0.7048532868899058,ok
GCF_001647695.1:NZ_CP015425.1,815376,815792,0,417,70.10894224714734,1.8233776021287194,0.8213748621252334,0.6312540873433096,-56.93581008911133,36,40,0.3261390887290168,0.5625595776402522,0.6887310940537444,ok
GCF_000164865.1:NC_014618.1,425655,426021,0,367,57.95994112298737,5.08082317147262,0.2758152946285726,0.5068546008876443,-62.56113052368164,45,23,0.5313351498637602,0.4598119355295692,0.5537574246938678,ok
GCF_902729405.1:NZ_LR746496.1,3819564,3819909,0,346,44.082675723365504,7.919297420774301,0.1324312959511637,0.4979495038786237,-87.24947357177734,31,45,0.5780346820809249,0.44793631708114734,0.5344980284389511,ok
GCF_008365315.1:NZ_CP043506.1,1972460,1972866,0,407,92.81465111247219,2.6240725850798743,0.5379583244874165,0.5793146077014101,-70.99050903320312,30,22,0.5061425061425061,0.5459666790436516,0.610682766497733,ok
GCF_047936785.1:NZ_CP176394.1,1978091,1978526,0,436,73.12828045333951,4.38448220609826,0.6432282127768407,0.4949969970277859,-92.41273498535156,40,11,0.5389908256880734,0.44045023235034203,0.5531207652984771,ok
GCF_004295125.1:NZ_CP036170.1,3130956,3131361,0,406,46.139138083399466,4.237211878625571,0.3015475940640959,0.6469470171782632,-50.22655487060547,25,32,0.4630541871921182,0.5803303346168068,0.6998216737251169,ok
GCF_047456285.1:NZ_CP174122.1,2968011,2968340,0,330,94.99996017495644,2.0241766268760566,0.5715204080047922,0.6415560113464691,-51.04830551147461,40,88,0.38484848484848483,0.6048534016252325,0.6741182934288489,ok
GCF_002173775.1:NZ_CP021524.1,1673702,1674077,0,376,83.20207287539807,3.7507049452741814,0.6062684309723433,0.49815468959127956,-77.84197235107422,46,26,0.5026595744680851,0.45964468850460294,0.5384364535904276,ok
GCF_004103715.1:NZ_CP035282.1,34946,35393,0,448,47.2432378893242,6.60909182921499,0.2976108870763222,0.643833976198339,-41.50196838378906,50,44,0.3705357142857143,0.5518249525022049,0.719358270602933,ok
GCF_004295125.1:NZ_CP036170.1,2551544,2552004,0,461,54.10907856969546,4.724568551083405,0.49859098891591896,0.6603345073519127,-39.85792541503906,28,56,0.3297180043383948,0.5626824396270494,0.7505963338373173,ok
GCF_047456275.1:NZ_CP173357.1,1202746,1203116,0,371,51.737802025938315,7.231114171002809,0.2356865710282,0.4228859563188325,-89.87681579589844,101,35,0.39622641509433965,0.36090403605341365,0.4851976110709636,ok
GCF_040267475.1:NZ_CP125628.1,876463,876822,0,360,55.42008098306224,4.3377289889418345,0.24424150650607723,0.48506688333904474,-71.72889709472656,31,17,0.4861111111111111,0.4411614660632028,0.524970620321813,ok
GCF_000015865.1:NC_009012.1,3437051,3437469,0,419,86.39472763442946,2.588330920081503,0.6560530243618011,0.62439647304226,-52.83864974975586,29,72,0.4200477326968974,0.577313824993824,0.6680969357269075,ok
GCF_000024285.1:NC_013205.1,3002760,3003069,0,310,69.96763073547447,4.164842446325982,0.3904649574752397,0.49868716798757706,-67.95005798339844,45,21,0.5548387096774193,0.45968420592929515,0.5387783599769491,ok
GCF_000237085.1:NC_016627.1,2714757,2715141,0,385,75.08753384249853,3.2680246698803086,0.6812011482315135,0.5936838164960455,-36.31238555908203,27,42,0.3220779220779221,0.5328460962847192,0.6526758456865728,ok
GCF_047456285.1:NZ_CP174122.1,549507,549949,0,443,83.1814564001359,3.1046215253777536,0.6390419347613168,0.5718948408299064,-74.84014892578125,28,48,0.46275395033860045,0.5253965716003841,0.6171091740200996,ok
GCF_002220195.1:NZ_CP022374.1,12577,13029,0,453,60.16608527540061,3.910844446030101,0.26804165896618726,0.48692821374548273,-103.80069732666016,30,25,0.5298013245033113,0.4477073584643518,0.5236028272278982,ok
GCF_047943045.1:NZ_CP181347.1,2086902,2087306,0,405,63.038846313036565,3.4765591991786913,0.5204011542735438,0.5910453697210593,-49.95853042602539,20,33,0.37037037037037035,0.5240059283371988,0.6530734865563601,ok
GCF_000221025.1:NC_015850.1,1899851,1900232,0,382,87.84976601243545,4.392375938844645,0.564360866997788,0.48666179627151296,-84.7345962524414,24,16,0.5732984293193717,0.46187219371416227,0.5144308872952781,ok
GCF_040267475.1:NZ_CP125628.1,3400052,3400388,0,337,45.573260641749755,6.794928796506295,0.18042135252845903,0.5856933588913339,-52.76441192626953,35,50,0.3827893175074184,0.5265088381749896,0.6326234374871454,ok
GCF_001543285.1:NZ_CP014164.1,55050,55485,0,436,63.10887985795944,5.6593864157757645,0.7298630961707845,0.5265837557327808,-47.54906463623047,45,40,0.31422018348623854,0.43349792434190076,0.6306815059807911,ok
GCF_001543105.1:NZ_CP014159.1,547091,547517,0,427,51.14609567376055,7.595328211927709,0.24664720528529704,0.5300006793005992,-62.9916877746582,52,23,0.4379391100702576,0.4614682698216001,0.5981801656475748,ok
GCF_055386145.1:NZ_AP043913.1,1910938,1911409,0,472,60.070063973692804,6.4698613656561355,0.4502383231629352,0.5096530756224276,-74.51731872558594,61,14,0.4385593220338983,0.44363099080264057,0.5877581797839297,ok
GCF_047456275.1:NZ_CP173357.1,441184,441555,0,372,87.0617343327466,2.6658713434037926,0.6490118307697124,0.5924961768889853,-49.358436584472656,33,29,0.3790322580645161,0.5463709984892319,0.6362496003664078,ok
GCF_000247605.1:NC_016894.1,3201159,3201539,0,381,49.96398955353213,6.899581757116516,0.2829422370375665,0.7050583768020636,-31.13471794128418,34,43,0.33858267716535434,0.6246485977243673,0.7795314979892672,ok
GCF_000144695.1:NC_014378.1,654659,655032,0,374,91.91012032755978,2.450820927358542,0.6426489522117194,0.5806486849033891,-55.91444778442383,31,46,0.42513368983957217,0.5388972018473203,0.619387489540216,ok
GCF_030762805.1:NZ_CP129113.1,967187,967636,0,450,49.25669190564309,9.037859874611103,0.2204792397942798,0.5754609724369252,-44.809356689453125,110,22,0.40444444444444444,0.5017866366671739,0.6472003226704605,ok
GCF_001543175.1:NZ_CP014161.1,1208878,1209327,0,450,51.7981307995275,5.202358902372767,0.3620433226046862,0.6686336177081125,-42.496463775634766,35,22,0.39111111111111113,0.5872188396165597,0.7426209454071385,ok
GCF_001499615.1:NZ_LN606600.1,719133,719549,0,417,36.29924900806471,4.727329291002988,0.23214098038241487,0.5327414752313556,-100.82483673095703,30,16,0.60431654676259,0.4825873826814675,0.5653914915183585,ok
GCF_004359375.1:NZ_CP034726.1,1210980,1211394,0,415,56.79306416086328,4.167678134040374,0.37605012492278833,0.5963647175165424,-50.64508819580078,19,47,0.39518072289156625,0.5331679793483107,0.6545880410476362,ok
GCF_000164865.1:NC_014618.1,3793074,3793400,0,327,43.94012279549728,8.356533225563151,0.07520139046385854,0.5326799537913095,-63.46907424926758,27,16,0.6238532110091743,0.5031072095639005,0.553913955499546,ok
GCF_000015865.1:NC_009012.1,200935,201269,0,335,48.184566267658774,7.367414585200115,0.15417948506455276,0.5577238830582313,-54.825557708740234,25,18,0.44776119402985076,0.5082936300733514,0.6003550083327189,ok
GCF_010378095.2:NZ_CP127523.1,1627648,1628043,0,396,49.68872586669405,4.241752234897007,0.2609369143378733,0.5932884957383022,-58.225975036621094,33,31,0.4444444444444444,0.5388238142685359,0.6386037806649499,ok
GCF_040267475.1:NZ_CP125628.1,2928784,2929198,0,415,50.08073831351643,4.045041470039062,0.41796227869949854,0.5994515422943806,-49.905853271484375,33,29,0.39036144578313253,0.5163825852958773,0.6697703869705106,ok
GCF_047943045.1:NZ_CP181347.1,69467,69858,0,392,74.5058958478878,3.1420367389816546,0.6937363325232143,0.6278924136057892,-50.53129959106445,14,49,0.32142857142857145,0.5638679143491362,0.6889345947951605,ok
GCF_047936785.1:NZ_CP176394.1,1080411,1080736,0,326,59.99156170254548,3.7213234343572683,0.41756427319489636,0.617168924045838,-39.857635498046875,17,23,0.3987730061349693,0.5566350432924564,0.6723626203500617,ok
GCF_001989575.1:NZ_CP019573.1,607625,608011,0,387,60.203325289610476,1.5989292749051327,0.9348200863534462,0.6292401988861839,-38.627235412597656,55,70,0.3178294573643411,0.5519602355181912,0.6927709224288138,ok
GCF_000144625.1:NC_014376.1,2753121,2753420,0,300,45.54839156211814,6.613031083074316,0.16025444726363658,0.6358306159232319,-49.6615104675293,14,53,0.4,0.5841114637808944,0.6755835374966221,ok
GCF_002844395.1:NZ_CP025197.1,3369473,3369882,0,410,73.6646972567628,5.3630061930355755,0.6046558796345364,0.5928219696678657,-62.21754455566406,11,21,0.4292682926829268,0.5515047467220677,0.641871420061185,ok
GCF_000164865.1:NC_014618.1,276267,276699,0,433,68.26496222178486,12.485892377316324,0.5330983892125749,0.46250851049338576,-89.2225570678711,47,17,0.558891454965358,0.45041140289134485,0.48485358645990695,ok
GCF_000022305.1:NC_011992.1,3473157,3473495,0,339,77.72811010044403,4.685313891390643,0.5987311637752984,0.4222643518673281,-87.65605163574219,25,10,0.5309734513274337,0.38405175054548274,0.46532519409403583,ok
GCF_000196455.1:NC_014614.1,2309430,2309793,0,364,72.05585133560818,4.39609732470256,0.6526933491147741,0.5406773736277536,-58.99365234375,24,56,0.32967032967032966,0.48268405590529634,0.6025627854747365,ok
GCF_040267475.1:NZ_CP125628.1,5075076,5075477,0,402,94.71447167889754,2.66769943566492,0.5753201988456048,0.5729141411676112,-75.61396789550781,54,51,0.4527363184079602,0.5389004365030061,0.6052358714589843,ok
GCF_004014775.2:NZ_CP042808.1,2604031,2604467,0,437,42.330130821441834,16.152128586813433,0.0614508710528886,0.5945069819871472,-72.83395385742188,29,25,0.5240274599542334,0.5586328358672207,0.6088975567631917,ok
GCF_012317185.1:NZ_CP048838.1,799839,800206,0,368,75.6830643260152,4.906933293944071,0.6054385893282417,0.5749617168639601,-50.51485824584961,34,31,0.4375,0.5335787326667413,0.6223494492948652,ok
GCF_022845755.1:NZ_AP025566.1,861350,861731,0,382,94.99935008163335,1.8575128468397237,0.5422007332505361,0.5477304938032552,-69.7997817993164,37,22,0.5209424083769634,0.5130609494936502,0.5784575782805089,ok
GCF_047456285.1:NZ_CP174122.1,3844655,3845015,0,361,64.25780768200728,3.796341808769964,0.5516118456902945,0.6924593565986946,-25.31856918334961,43,27,0.32409972299168976,0.6227557495827333,0.7587811172449074,ok
GCF_000144625.1:NC_014376.1,4063997,4064385,0,389,70.07999260533981,4.286419407234608,0.67697075870421,0.5507223549978246,-54.6241455078125,42,23,0.42930591259640105,0.48428624472827475,0.6201526561740295,ok
GCF_002844395.1:NZ_CP025197.1,3379947,3380383,0,437,79.5673845107866,4.360964269733275,0.6006199272110826,0.4818059320103865,-86.92908477783203,37,22,0.40045766590389015,0.4434931957274751,0.5240383504218895,ok
GCF_009914215.2:NZ_CP039845.2,262406,262792,0,387,54.49140810676577,4.652395558483079,0.3399026243005158,0.5660308625213302,-49.59151077270508,34,42,0.3772609819121447,0.5008377809857008,0.6262897095447193,ok
GCF_001543245.1:NZ_CP014163.1,997118,997450,0,333,58.137064892932564,4.709188374683482,0.34089936937652954,0.5530413201983911,-56.60527038574219,20,32,0.3633633633633634,0.49630033118176825,0.6082801910963131,ok
GCF_000237085.1:NC_016627.1,2052858,2053246,0,389,50.093882712887755,9.067560479169863,0.35194957815807737,0.6829097950949455,-28.80585289001465,33,22,0.32390745501285345,0.5715978487941284,0.7967749950102858,ok
GCF_055386145.1:NZ_AP043913.1,1709157,1709567,0,411,46.85793471295585,5.179062733506393,0.34726886081430997,0.6578236225874995,-45.249671936035156,26,29,0.34793187347931875,0.5680868410935906,0.7310523445271213,ok
GCF_047456285.1:NZ_CP174122.1,120411,120897,0,487,89.87308023602117,1.8312140769910763,0.5138217727149171,0.5509829226840998,-92.50215911865234,55,45,0.5133470225872689,0.5164415294991009,0.5808288410922697,ok
GCF_023700225.1:NZ_CP097897.1,257925,258257,0,333,74.59739748193394,4.784121697324777,0.6177438094519296,0.5315675681892457,-57.17087936401367,40,24,0.38738738738738737,0.48533747447629827,0.5834702109081987,ok
GCF_000164865.1:NC_014618.1,1902023,1902406,0,384,88.2098336376139,4.04686779758171,0.5546824397736424,0.42341917877540114,-111.97532653808594,53,17,0.6119791666666666,0.3968606532552639,0.4523435619937873,ok
GCF_001499615.1:NZ_LN606600.1,3481057,3481529,0,473,81.76726753920084,3.6722881055754804,0.6167624786206172,0.5519405980274134,-74.4932861328125,37,24,0.4439746300211416,0.5100832132914054,0.5951204635723694,ok
GCF_055386145.1:NZ_AP043913.1,2105754,2106135,0,382,50.50365005209283,3.6240020741104666,0.4632233747153557,0.7002630991067867,-29.450403213500977,15,43,0.31675392670157065,0.6162594061468801,0.7698134285670769,ok
GCF_028215975.1:NZ_CP116458.1,805098,805447,0,350,43.73584568614973,9.00170080645376,0.1632349657980397,0.594953450722114,-46.15645980834961,31,30,0.4342857142857143,0.5273405624115919,0.643324949050639,ok
GCF_001499615.1:NZ_LN606600.1,3350221,3350586,0,366,51.320155789304714,6.480389213744966,0.09691514895273667,0.5616102177902029,-74.3952407836914,20,34,0.5546448087431693,0.5365987285735889,0.5851782152343825,ok
GCF_002844395.1:NZ_CP025197.1,1973988,1974411,0,424,50.65942150202704,6.690937341175964,0.2570858835890697,0.5984345848877756,-58.36760711669922,34,25,0.37735849056603776,0.529019640876937,0.6639174320644975,ok
GCF_000237085.1:NC_016627.1,4089590,4089977,0,388,50.567133086961874,6.058722601738753,0.3148538746266577,0.6561737795118504,-38.16836166381836,31,47,0.3247422680412371,0.5750540768222233,0.7303383520700373,ok
GCF_902729405.1:NZ_LR746496.1,4007020,4007473,0,454,54.36241653951077,4.819319727657683,0.2538101489758095,0.5180639712109026,-88.6178207397461,36,19,0.5,0.46830315860002475,0.5643534551452695,ok
GCF_001543105.1:NZ_CP014159.1,951766,952130,0,365,46.87749743206123,8.1895792845335,0.24983590240424203,0.5935327683595969,-46.21417236328125,23,27,0.32602739726027397,0.5040955788597097,0.669531631681888,ok
GCF_047456285.1:NZ_CP174122.1,3163270,3163718,0,449,65.12827512849246,3.5825856890172827,0.45222844864371553,0.5645916630001079,-67.78064727783203,39,27,0.39643652561247217,0.509590566125538,0.6164856805994127,ok
GCF_001543245.1:NZ_CP014163.1,805425,805862,0,438,49.595859895162526,6.488691388589014,0.25344807036756734,0.6165364210988211,-50.64910125732422,27,39,0.3949771689497717,0.5456772142087978,0.6801378763257192,ok
GCF_001543145.1:NZ_CP014160.1,1082466,1082821,0,356,72.88948957770093,3.627536862087448,0.6800463060813098,0.5702890851524861,-46.530025482177734,18,39,0.3342696629213483,0.5065389199840763,0.6332786607992484,ok
GCF_002173775.1:NZ_CP021524.1,1159525,1159896,0,372,47.088263179582675,2.982743328922906,0.23227806850449645,0.5592126110524729,-64.86307525634766,17,26,0.43548387096774194,0.5221730550497713,0.5886832032741169,ok
GCF_001543285.1:NZ_CP014164.1,266785,267182,0,398,47.782443326643374,6.090768545782833,0.21058302725030986,0.6158930280908178,-54.21662902832031,61,31,0.32914572864321606,0.5555214908349837,0.6664157460519609,ok
GCF_018854495.2:NZ_CP130946.1,1803469,1803855,0,387,75.27296074848316,2.9235825479160455,0.6999674348670741,0.555850547866534,-59.35747528076172,36,24,0.4315245478036176,0.4921652055253919,0.6147460555842917,ok
GCF_902729405.1:NZ_LR746496.1,909446,909779,0,334,55.6213941890365,4.674417489395095,0.21220232612436468,0.5328209489264532,-70.45503234863281,18,24,0.5179640718562875,0.49370066109097066,0.5694321116199131,ok
GCF_001543105.1:NZ_CP014159.1,1603960,1604308,0,349,48.01440227790691,7.942929593616909,0.17384747158274938,0.6395703310164768,-34.355735778808594,20,27,0.33810888252148996,0.5808399834003797,0.6897694492756298,ok
GCF_001499615.1:NZ_LN606600.1,546059,546427,0,369,58.32684702528707,4.771033112115823,0.2626758039440608,0.5077112955346311,-84.3492202758789,34,11,0.5338753387533876,0.46419534126600603,0.5503168269043346,ok
GCF_001989575.1:NZ_CP019573.1,865612,865935,0,324,68.12277648395849,3.1582878356048694,0.7545424215962326,0.6358569322065692,-29.52789306640625,19,33,0.345679012345679,0.5532672916831957,0.7122229893122549,ok
GCF_047936785.1:NZ_CP176394.1,526368,526777,0,410,84.68200268125427,3.292980868241525,0.6227887207088378,0.5177150038581528,-77.32683563232422,30,27,0.5439024390243903,0.4752599225598289,0.5607274113947418,ok
GCF_001543145.1:NZ_CP014160.1,79316,79683,0,368,48.26577976768524,5.238431305767316,0.20764975794774176,0.6547188412631885,-45.189476013183594,28,59,0.3532608695652174,0.6020697656623716,0.6984018264040645,ok
GCF_002220195.1:NZ_CP022374.1,2547991,2548413,0,423,87.9853937453162,3.244449043122099,0.43625885076091886,0.5292905307870809,-79.71090698242188,50,16,0.524822695035461,0.5026219928399515,0.5558653646646072,ok
GCF_001647695.1:NZ_CP015425.1,1544247,1544663,0,417,53.55976931694092,6.449157123706982,0.3211895349406032,0.5827421633406527,-48.919185638427734,62,44,0.38848920863309355,0.5095643950378451,0.6565633157836143,ok
GCF_002844395.1:NZ_CP025197.1,810083,810518,0,436,35.67059921073619,1.993149186162161,0.6864469893636771,0.6374211122942833,-50.88917922973633,45,23,0.40825688073394495,0.5646267393064573,0.6914303264371966,ok
GCF_001543205.1:NZ_CP014162.1,63540,63887,0,348,49.01420140419628,5.526860307532351,0.29424436231268564,0.5939968817127184,-59.088172912597656,30,44,0.3505747126436782,0.5182020876395188,0.6591205881972676,ok
GCF_025152405.1:NZ_CP102292.1,398410,398831,0,422,45.25316509397324,9.519132186591133,0.10936310897979673,0.5804347615933889,-60.41998291015625,20,63,0.3862559241706161,0.5346388739188475,0.6139572072511856,ok
GCF_025144545.1:NZ_CP102249.1,2178789,2179199,0,411,81.34362110964179,1.6616660601623998,0.7606066918814888,0.6350789713075944,-50.966773986816406,25,58,0.39659367396593675,0.5811578970935036,0.6801052910857529,ok
GCF_025144545.1:NZ_CP102249.1,446501,446888,0,388,51.57243923382238,7.631222334625431,0.29182889637753057,0.5631855441951638,-53.78190612792969,37,29,0.42010309278350516,0.48421662378742053,0.6435027782717989,ok
GCF_001499615.1:NZ_LN606600.1,1107629,1107975,0,347,93.32155768123921,3.4090212727133182,0.5824863933487103,0.4263097862964695,-92.89189910888672,38,14,0.5965417867435159,0.39737843440213866,0.4560408825684862,ok
GCF_025152405.1:NZ_CP102292.1,2733456,2733858,0,403,68.10662090820887,4.217042560458789,0.5982689497413077,0.5489477100771386,-58.497886657714844,41,36,0.315136476426799,0.48445810093936653,0.6147606714151844,ok
GCF_001499615.1:NZ_LN606600.1,3768262,3768571,0,310,85.4270558635576,3.1456843459998365,0.6273133409346872,0.40872900074670443,-64.2403793334961,61,14,0.5129032258064516,0.3657354875462567,0.451819632627013,ok
GCF_001989575.1:NZ_CP019573.1,1562130,1562511,0,382,69.34167101614294,5.341808299125712,0.6452705525697799,0.6141735187413414,-31.629093170166016,47,71,0.32722513089005234,0.5562009988960342,0.6805757351245264,ok
GCF_030762805.1:NZ_CP129113.1,129584,129956,0,373,68.84533540195434,4.220044929673588,0.5467218235142668,0.518388649255057,-57.52463150024414,30,13,0.4262734584450402,0.46143925214178866,0.5771091122207971,ok
GCF_000015865.1:NC_009012.1,2726542,2727004,0,463,49.687873886051094,6.897042363708249,0.16756867371538864,0.56962018300777,-73.08905029296875,28,32,0.4514038876889849,0.521486539934233,0.6140425740392067,ok
GCF_000093085.1:NC_014219.1,1382359,1382686,0,328,60.50850527396991,6.125232169992462,0.5958079724421903,0.6043757393914447,-33.344966888427734,17,26,0.38109756097560976,0.5174395186478237,0.7025949571440556,ok
GCF_016592595.1:NZ_AP012977.1,1488190,1488586,0,397,77.05162671298609,4.074919940936543,0.6277757333205136,0.538519548428654,-49.546913146972656,31,29,0.3677581863979849,0.49058773517601456,0.5892100778678353,ok
GCF_001543245.1:NZ_CP014163.1,818300,818675,0,376,76.10549748259712,3.9997070171783413,0.6372273249279503,0.49243674224026895,-56.07753372192383,34,38,0.39893617021276595,0.4414234027308848,0.5456595418112272,ok
GCF_000247605.1:NC_016894.1,1054913,1055283,0,371,51.515209928902685,8.471289529675541,0.3041919738064388,0.5737914133043235,-50.49085235595703,44,32,0.38544474393531,0.48856314419624153,0.6644614464053581,ok
GCF_025149125.1:NZ_CP102272.1,4494630,4494992,0,363,60.03460491633763,4.268544667581071,0.35668920968070755,0.5650205175083173,-66.78076934814453,32,21,0.4380165289256198,0.5112970184624079,0.6163883670659563,ok
GCF_004295125.1:NZ_CP036170.1,1103385,1103793,0,409,87.87318483991257,2.752823334069662,0.6379694240763312,0.5720527248480797,-60.29780960083008,27,37,0.46943765281173594,0.5288299594914627,0.6129958192825529,ok
GCF_000221025.1:NC_015850.1,149861,150274,0,414,52.31671619340121,7.927631322313109,0.16515128548610836,0.4350429925970862,-99.1221694946289,50,12,0.5942028985507246,0.3920974390242357,0.48089257781490036,ok
GCF_016592595.1:NZ_AP012977.1,697139,697526,0,388,56.94005077521621,3.020628116301358,0.6077701556448627,0.6122980338677383,-45.8477668762207,58,15,0.38917525773195877,0.5272262404312991,0.6851033166713687,ok
GCF_047936785.1:NZ_CP176394.1,1830883,1831268,0,386,47.135342923095706,7.854205857413146,0.1312474489846882,0.48756801237209707,-94.50257110595703,27,14,0.5751295336787565,0.4420270550299785,0.5256373447723854,ok
GCF_004014775.2:NZ_CP042808.1,56464,56846,0,383,92.87088833488859,2.429172905983326,0.6412064264542998,0.4672133368913336,-79.73161315917969,32,20,0.5274151436031331,0.42597728537777846,0.5056872342556576,ok
GCF_047456285.1:NZ_CP174122.1,3318728,3319100,0,373,67.83991153989524,4.311592755693751,0.3309427684330925,0.5066103172173598,-76.58195495605469,21,21,0.5227882037533512,0.470827532447007,0.543572802716024,ok
GCF_001543175.1:NZ_CP014161.1,1208728,1209071,0,344,74.87003819641143,3.5089449971988476,0.6693522365752569,0.6191696464267538,-42.81456756591797,26,29,0.36046511627906974,0.5597913841917277,0.6774377415828883,ok
GCF_040267475.1:NZ_CP125628.1,1951713,1952044,0,332,69.8293774977475,2.134399167684848,0.8004700688563227,0.644362542854209,-30.460681915283203,40,63,0.3493975903614458,0.5706091413350772,0.707225361584231,ok
GCF_025144545.1:NZ_CP102249.1,1615488,1615909,0,422,84.80539873261709,3.2149590112111617,0.6179792877482162,0.5674623315270702,-71.38628387451172,33,20,0.518957345971564,0.5257103139227527,0.6085312477139883,ok
GCF_012317185.1:NZ_CP048838.1,1690447,1690837,0,391,55.51640301455875,4.716555182832331,0.5500150106539906,0.6000733266378561,-32.35033416748047,31,32,0.3248081841432225,0.4980883604441768,0.696373430917524,ok
GCF_025149125.1:NZ_CP102272.1,972346,972674,0,329,79.1531863193717,3.1450722215377445,0.6593932737687496,0.4902156780433817,-66.23020935058594,70,14,0.47720364741641336,0.43708698204385144,0.5414597560986231,ok
GCF_000144695.1:NC_014378.1,184090,184539,0,450,74.81491206622728,4.18073739773061,0.6380180255335272,0.587562150774984,-64.84835052490234,30,35,0.43333333333333335,0.5354229669698866,0.642104841859763,ok
GCF_001499615.1:NZ_LN606600.1,158750,159182,0,433,85.76299324791826,4.423880435821473,0.5705635334299226,0.4358760086202253,-97.41312408447266,42,16,0.5681293302540416,0.4089265340217963,0.4663366906046968,ok
GCF_013267415.1:NZ_CP053988.1,1431689,1432073,0,385,52.151622890297716,5.726540390444426,0.35293319681009017,0.6547511077092907,-34.023887634277344,56,29,0.34285714285714286,0.5724304087194066,0.7321329383851731,ok
GCF_016592595.1:NZ_AP012977.1,551834,552241,0,408,62.94411411985115,2.370476522244508,0.7663698676499475,0.624148483661981,-46.37025833129883,43,28,0.3897058823529412,0.5413825212916511,0.6941947479776496,ok
GCF_000025305.1:NC_013740.1,2139486,2139845,0,360,74.61021622654593,3.9942587976724084,0.6484487872141613,0.5387896691062157,-65.22360229492188,26,44,0.4222222222222222,0.4838864906850674,0.5957018710093481,ok
GCF_001543105.1:NZ_CP014159.1,817968,818401,0,434,73.79832207918082,3.865439070314993,0.6614985534089048,0.48092503446434415,-73.06522369384766,49,19,0.46774193548387094,0.4219846910508042,0.5412195411255089,ok
GCF_002173775.1:NZ_CP021524.1,311988,312437,0,450,79.97575994062592,4.875125563613134,0.582089111025677,0.40858596510284034,-109.87384033203125,103,16,0.58,0.37619745842723146,0.44619732424314307,ok
GCF_016250455.1:NZ_CP059488.1,2145000,2145359,0,360,78.41012801873406,3.3605597332566446,0.6520541208617665,0.5730341814320555,-56.6973762512207,29,34,0.42777777777777776,0.5206042728330029,0.6245561719401279,ok
GCF_013267415.1:NZ_CP053988.1,192403,192771,0,369,74.17604988034545,4.674170068778911,0.6240289676902927,0.5778766094449368,-46.80243682861328,18,29,0.3956639566395664,0.5295856029812582,0.6311402081296313,ok
GCF_001543285.1:NZ_CP014164.1,2116680,2117020,0,341,51.389076979149195,3.5505963142370387,0.28315004037468977,0.5752407094216619,-57.506622314453125,34,36,0.3870967741935484,0.5255954936519613,0.6168608544119024,ok
GCF_040267475.1:NZ_CP125628.1,1813346,1813703,0,358,45.989339871654586,5.668317913099754,0.4164911132864807,0.6850492569920562,-28.37248420715332,38,38,0.3659217877094972,0.5670557455571047,0.7782868641071314,ok
GCF_902729405.1:NZ_LR746496.1,863328,863765,0,438,42.70590571100204,4.71925767796495,0.3075132980387698,0.5087837859721239,-97.51290893554688,21,19,0.4589041095890411,0.4325432976560112,0.5647926482702913,ok
GCF_016592595.1:NZ_AP012977.1,1527171,1527542,0,372,51.874850631668544,7.719254020638831,0.3728974262757472,0.6454582384440518,-30.107044219970703,34,23,0.34408602150537637,0.5460226722114117,0.7480668104823512,ok
GCF_031760945.1:NZ_CP134501.1,389762,390164,0,403,51.14776139368581,6.629709754867843,0.20326925254682393,0.6151559319021079,-42.17280197143555,28,40,0.37220843672456577,0.5618028513065951,0.6661312241758621,ok
GCF_013267415.1:NZ_CP053988.1,877644,878105,0,462,42.38288957647236,18.28478533641112,0.09003386639100464,0.5861126606294907,-55.776729583740234,33,39,0.3917748917748918,0.5311162388105048,0.6069580623680857,ok
GCF_025149125.1:NZ_CP102272.1,101720,102082,0,363,88.46715464235844,3.2876314015830572,0.6055247977520086,0.5105529172816224,-85.59092712402344,23,15,0.5371900826446281,0.47407490817340664,0.5473810079074443,ok
GCF_040267475.1:NZ_CP125628.1,4647170,4647602,0,433,94.99999999368148,2.5324029292130255,0.5893252868936563,0.5231745758861465,-88.96231079101562,38,35,0.44341801385681295,0.48747667853096166,0.556506944515732,ok
GCF_010378095.2:NZ_CP127523.1,1105763,1106183,0,421,62.934609413655686,5.306524575083505,0.44432957474763213,0.5797581634362158,-70.19412231445312,28,32,0.4584323040380047,0.5217416896966971,0.6426033184646911,ok
GCF_040267475.1:NZ_CP125628.1,93958,94312,0,355,46.56400795086348,7.000020968946969,0.20823478964654074,0.6737540932550582,-33.66228485107422,18,31,0.3436619718309859,0.6054790048614067,0.7289870349748969,ok
GCF_031760945.1:NZ_CP134501.1,381144,381535,0,392,50.741802464740786,7.567403705229494,0.28703340936635563,0.5870685078201264,-40.31062698364258,38,15,0.3852040816326531,0.5053100283189433,0.6668665129176543,ok
GCF_023700225.1:NZ_CP097897.1,3284246,3284645,0,400,75.24231248329346,3.4607967425197397,0.6690136070321031,0.5753999500755101,-59.93575668334961,26,24,0.3825,0.5166549730207213,0.6330213987792255,ok
GCF_001543145.1:NZ_CP014160.1,707501,707911,0,411,72.18685466889151,4.022414395982677,0.6679916034953799,0.538928465315743,-75.1792221069336,26,25,0.38929440389294406,0.4766527188330651,0.6027610318441383,ok
GCF_001543105.1:NZ_CP014159.1,700517,700916,0,400,64.50558720442419,3.6307259771581513,0.6401973862022277,0.6077274534689739,-35.70729446411133,33,24,0.3325,0.5283882766253929,0.6833490620184801,ok
GCF_025144545.1:NZ_CP102249.1,1426577,1426966,0,390,93.14463417926714,2.3564311714596275,0.6454159495347022,0.4933019042313053,-88.80964660644531,41,14,0.558974358974359,0.4517497492340858,0.53169778308011,ok
GCF_012317185.1:NZ_CP048838.1,1171871,1172272,0,402,65.04784074721415,6.287474738483864,0.6805118865660624,0.5869259870494211,-45.09516906738281,53,39,0.3308457711442786,0.5121467139101786,0.6780091907694005,ok
GCF_000164865.1:NC_014618.1,1221172,1221535,0,364,52.56121796725135,5.990837980237453,0.3939249988426104,0.5509680653703379,-42.2919921875,55,20,0.4065934065934066,0.45882317975292164,0.6390156221145357,ok
GCF_016250455.1:NZ_CP059488.1,3076856,3077239,0,384,84.82198387762834,3.6681748539242487,0.6022034872575265,0.5818025636491521,-55.91459655761719,55,51,0.453125,0.5445765156357503,0.6200531757617354,ok
GCF_047936785.1:NZ_CP176394.1,1221524,1221894,0,371,44.647052350594436,6.5732353161440145,0.12399996049362028,0.5114604448571547,-84.35626983642578,27,27,0.555256064690027,0.47107735660757133,0.5420579703864238,ok
GCF_004103715.1:NZ_CP035282.1,3221192,3221604,0,413,47.318973490080374,7.58980110755158,0.21097432377824255,0.6748721189694936,-40.68638229370117,34,54,0.3946731234866828,0.6039195625171725,0.7354174809346754,ok
GCF_001989575.1:NZ_CP019573.1,294657,295092,0,436,60.90037912956368,5.737193724942005,0.5925323713856763,0.5717559913573572,-51.86640930175781,53,35,0.35091743119266056,0.48609508825574566,0.6657912478621613,ok
GCF_055386145.1:NZ_AP043913.1,1149051,1149430,0,380,46.85879217281244,8.813724745695481,0.34453861539925174,0.630425022274809,-45.879817962646484,31,27,0.33421052631578946,0.5015269002953905,0.7406203496297813,ok
GCF_000237085.1:NC_016627.1,2754693,2755067,0,375,67.9690949675334,2.962234383423946,0.6026607402267183,0.6222472093920562,-51.03746795654297,27,38,0.37066666666666664,0.557070567876595,0.6814994249410451,ok
GCF_000144695.1:NC_014378.1,618316,618637,0,322,86.0378950245912,2.4901124160604495,0.6641534488127752,0.587800546045047,-48.064659118652344,42,35,0.41304347826086957,0.5397932522736615,0.6317057635734761,ok
GCF_047456285.1:NZ_CP174122.1,1707464,1707910,0,447,74.54521183474041,6.387127297539918,0.5734171266769112,0.42183304510976577,-97.91613006591797,125,28,0.5123042505592841,0.39174789320391074,0.46062539031450256,ok
GCF_000144625.1:NC_014376.1,1988432,1988737,0,306,56.42153535029318,4.805335223047885,0.2644549321618085,0.6048485046870047,-47.365936279296875,23,26,0.4150326797385621,0.557225139856349,0.6505208523587273,ok
GCF_047456285.1:NZ_CP174122.1,3270254,3270691,0,438,49.40588250667421,5.345201188894871,0.34365357882440606,0.6505142573572633,-45.51272964477539,32,38,0.317351598173516,0.5651459800067291,0.7244114975281768,ok
GCF_002844395.1:NZ_CP025197.1,3370130,3370583,0,454,54.846612994609934,4.94835389660784,0.35145848069732166,0.6877632667056556,-41.98155212402344,15,43,0.3920704845814978,0.6193032138955923,0.7521502090861458,ok
GCF_004103715.1:NZ_CP035282.1,2685987,2686407,0,421,69.50825939338807,5.1297707156155985,0.6506806524228951,0.5567070582950031,-68.6123275756836,26,29,0.3824228028503563,0.4970381015249705,0.6238117228149176,ok
GCF_022647505.1:NZ_CP071409.1,3274048,3274367,0,320,52.90938941374872,3.819137569634429,0.22699440639483837,0.4851668621197769,-77.64775848388672,49,26,0.471875,0.44454992489916895,0.5202899891449367,ok
GCF_047456285.1:NZ_CP174122.1,3115393,3115818,0,426,94.99763767291837,2.245574026143905,0.5658315612461038,0.565563095934973,-76.22595977783203,55,21,0.5211267605633803,0.5299149150584507,0.5980018519830413,ok
GCF_028215975.1:NZ_CP116458.1,805087,805447,0,361,48.92564867849184,6.745434444982302,0.3061632171315057,0.5745980373096057,-48.348243713378906,31,30,0.41274238227146814,0.48472366906438985,0.6546963608377461,ok
GCF_016592595.1:NZ_AP012977.1,1113500,1113935,0,436,43.91692243291808,6.712990086159424,0.20600370482375846,0.5605848793873611,-54.57033157348633,49,18,0.41284403669724773,0.49196247387876935,0.6113845042304391,ok
GCF_022453685.1:NZ_CP092643.1,115963,116375,0,413,57.59782761746835,4.234545131492861,0.4401072217781996,0.5678948776609134,-52.698646545410156,36,44,0.423728813559322,0.49560394442189826,0.6356717936713425,ok
GCF_001499615.1:NZ_LN606600.1,2011971,2012343,0,373,47.228572778492925,7.086216201772096,0.17236771544010154,0.5236288981290383,-86.49725341796875,32,11,0.5201072386058981,0.46776426882923267,0.5698279147913087,ok
GCF_001543245.1:NZ_CP014163.1,1021164,1021517,0,354,54.44985995817079,4.335534807421447,0.3090548389074511,0.6116559090047944,-38.91455078125,23,31,0.384180790960452,0.5544547288246254,0.6636647088719363,ok
GCF_047936785.1:NZ_CP176394.1,1956064,1956410,0,347,62.45076627212179,4.985808801015176,0.25620105696049045,0.6414904744656316,-50.52152633666992,19,39,0.4697406340057637,0.6067691046832411,0.6780488315398745,ok
GCF_017357865.1:NZ_CP060096.1,917333,917741,0,409,51.72011661504837,5.3223942608174974,0.3811319310375121,0.6820008312577027,-26.53466033935547,31,47,0.33496332518337407,0.5947666333001494,0.7611221858545878,ok
GCF_009662475.1:NZ_CP045571.1,3206972,3207431,0,460,92.6880095615351,1.8650768372596829,0.5663175282562806,0.5047297614851932,-102.57402801513672,49,59,0.5021739130434782,0.46795459134482686,0.5367977620523838,ok
GCF_001543285.1:NZ_CP014164.1,1918279,1918654,0,376,66.19253601889879,5.510346867768928,0.679980622948934,0.5798596674608144,-43.5587272644043,33,43,0.3670212765957447,0.5080787393203039,0.6618976994987031,ok
GCF_022845755.1:NZ_AP025566.1,559499,559913,0,415,91.94543514809959,2.691671376228276,0.6260758312365493,0.5726181972956463,-58.401878356933594,33,28,0.4433734939759036,0.533269001663086,0.6100220991629831,ok
GCF_016250455.1:NZ_CP059488.1,1254143,1254550,0,408,44.504269332213816,9.636720768363427,0.12886313856705717,0.5451715315209745,-70.90948486328125,70,14,0.5,0.4898588901840059,0.5846086212316248,ok
GCF_013267415.1:NZ_CP053988.1,420835,421200,0,366,82.03807516805622,2.7557736236267543,0.6669874894626902,0.5742230718689558,-48.468204498291016,39,24,0.4644808743169399,0.5222836345575714,0.6228969788932603,ok
GCF_000015865.1:NC_009012.1,1002032,1002381,0,350,50.19143020737779,5.491742273718533,0.25181520094098264,0.5877746572207988,-44.67610549926758,33,50,0.3742857142857143,0.5257171213293792,0.642752966112177,ok
GCF_001543285.1:NZ_CP014164.1,1050317,1050737,0,421,68.29316825677095,4.174268409666462,0.6414623406893103,0.6767169809781426,-34.6364631652832,19,43,0.37292161520190026,0.60789344087558,0.7465770147056002,ok
GCF_000093085.1:NC_014219.1,3576288,3576709,0,422,52.32092068353672,6.697033726507614,0.2649955050281694,0.547020840651422,-64.1646957397461,28,21,0.42417061611374407,0.4814575334603962,0.6121092776271319,ok
GCF_008726475.3:NZ_CP145134.1,316830,317225,0,396,39.573740785185095,9.010956939464755,0.15003388185896238,0.5265556930271994,-68.41071319580078,72,16,0.45707070707070707,0.4680832028312976,0.555620851066076,ok
GCF_022453685.1:NZ_CP092643.1,3101875,3102332,0,458,76.37705426134167,4.469684514271269,0.6159812752423548,0.4942926047844327,-78.77467346191406,47,25,0.4366812227074236,0.4498501032997186,0.5431723457112095,ok
GCF_001543285.1:NZ_CP014164.1,1221378,1221723,0,346,49.01784316979928,5.52666195151708,0.29601953553904964,0.5917319197483346,-59.088172912597656,30,44,0.34971098265895956,0.5154904683167296,0.6572453921956689,ok
GCF_965286225.1:NZ_OZ260804.1,1468901,1469229,0,329,42.98813465521594,15.358634190799718,0.042402004847600816,0.551497806905943,-59.1519660949707,22,37,0.47720364741641336,0.5273645484499457,0.5617235556173279,ok
GCF_023700225.1:NZ_CP097897.1,3694630,3695063,0,434,52.01153440544958,4.901738192710078,0.3626717254411286,0.6155007617328165,-44.31753158569336,59,63,0.3870967741935484,0.537152425334803,0.6853753871274071,ok
GCF_002844395.1:NZ_CP025197.1,2335039,2335350,0,312,57.204198194216815,4.677947278497342,0.4561723165832463,0.7326700631431908,-18.954936981201172,49,22,0.33653846153846156,0.6538303819954431,0.8083267581593391,ok
GCF_017357865.1:NZ_CP060096.1,2190423,2190814,0,392,69.2823131951253,2.6775194819159207,0.6152111259818093,0.7169794150438613,-30.513643264770508,18,54,0.33418367346938777,0.6541666549534644,0.7728940041025357,ok
GCF_047943045.1:NZ_CP181347.1,1831771,1832185,0,415,34.22037731837197,2.1189656937317545,0.923608782866225,0.598108770550884,-49.615821838378906,41,25,0.39759036144578314,0.4966650431230127,0.6732607398384364,ok
GCF_047936785.1:NZ_CP176394.1,2193651,2194004,0,354,41.95836762886611,7.715260585620298,0.13283780773918696,0.676252325613214,-43.142024993896484,31,62,0.4180790960451977,0.626813228262673,0.7084351693030877,ok
GCF_025152405.1:NZ_CP102292.1,411717,412081,0,365,69.76109434033361,5.274619881005092,0.6426633305597278,0.5256501864340867,-63.20005798339844,24,39,0.4465753424657534,0.46936457841197105,0.5903675233340581,ok
GCF_040267475.1:NZ_CP125628.1,346479,346883,0,405,66.40835024181456,6.519471554526878,0.6472043054154362,0.5431903543370914,-60.60419845581055,48,30,0.45925925925925926,0.4842658726629924,0.6180573749424388,ok
GCF_000221025.1:NC_015850.1,2487257,2487668,0,412,91.64601294319056,2.530085870187205,0.5030762697446443,0.418246059214696,-116.01236724853516,53,9,0.6262135922330098,0.3857766241616751,0.4484653072788543,ok
GCF_902729405.1:NZ_LR746496.1,2622698,2623092,0,395,77.29432892753674,2.9521970329674248,0.6678354139077622,0.5419742363291945,-75.63134765625,28,46,0.47848101265822784,0.48465304917393787,0.5953209112999981,ok
GCF_030762805.1:NZ_CP129113.1,115374,115816,0,443,73.18565810752898,4.996510818080457,0.6213380142437461,0.4715378709994254,-80.90422058105469,33,22,0.3860045146726862,0.4236539884143594,0.5262008543655257,ok
GCF_000144625.1:NC_014376.1,3899242,3899579,0,338,44.52702358942475,5.109557500555155,0.22344551551301117,0.662901627464107,-46.24480438232422,18,29,0.3994082840236686,0.6038099680156189,0.7080117926673828,ok
GCF_047943045.1:NZ_CP181347.1,1790075,1790458,0,384,56.40199564254449,3.9280393099562945,0.48980494270988667,0.6057905054027583,-44.94145584106445,36,36,0.3984375,0.5248394235814349,0.6791387988330994,ok
GCF_016592595.1:NZ_AP012977.1,1225556,1225954,0,399,55.01507713184911,6.223580327912727,0.3982312420321992,0.5446537591140957,-59.331905364990234,19,26,0.38847117794486213,0.4622981519877778,0.6301084281506579,ok
GCF_004295125.1:NZ_CP036170.1,3431341,3431714,0,374,93.07405252892981,2.729248252571079,0.6194600105844315,0.5413496640616989,-65.50102233886719,28,31,0.44919786096256686,0.5037594292986736,0.5772722188652588,ok
GCF_022453685.1:NZ_CP092643.1,1627556,1627955,0,400,47.331705954024166,5.895320413535311,0.24574972554637886,0.5586275452233891,-61.085716247558594,22,27,0.4575,0.4890326910691005,0.6161508371126959,ok
GCF_031760945.1:NZ_CP134501.1,2885321,2885704,0,384,64.47119123013859,7.582867947129579,0.652909216349893,0.4971924877854594,-46.225154876708984,60,39,0.3333333333333333,0.4357893506180274,0.5811602287173449,ok
GCF_000021485.1:NC_011761.1,1985559,1985910,0,352,89.30778156148556,3.8042714990822555,0.5810913397758217,0.5442015075224327,-57.931739807128906,54,27,0.45738636363636365,0.5137285997501336,0.5767231470351967,ok
GCF_000144625.1:NC_014376.1,2469303,2469670,0,368,42.39831620354743,16.7584560944518,0.07031337601926946,0.6125265518872723,-41.70382308959961,15,48,0.39402173913043476,0.570681649644665,0.6230490663606617,ok
GCF_000144625.1:NC_014376.1,3421951,3422426,0,476,77.95685985545911,4.224403262001189,0.6158027149512738,0.4635359023943515,-88.08678436279297,57,28,0.35084033613445376,0.4196506322278101,0.5109681756045125,ok
GCF_025152405.1:NZ_CP102292.1,2345665,2346089,0,425,48.8070408989682,9.263875185928415,0.1379177329583965,0.5567431036997382,-81.32304382324219,15,55,0.38588235294117645,0.5090844630109806,0.6030240582493824,ok
GCF_902729405.1:NZ_LR746496.1,3425916,3426320,0,405,81.3389737267819,3.1701281459544712,0.6451409068521137,0.5176734441844648,-75.35897064208984,58,36,0.5037037037037037,0.4689102119410009,0.5652731786457116,ok
GCF_055386145.1:NZ_AP043913.1,2719638,2720015,0,378,49.10752784811765,5.838528825127426,0.3547185333567705,0.6059827121824463,-44.26372528076172,48,20,0.3862433862433862,0.5115666721328788,0.6884027707751252,ok
GCF_047936785.1:NZ_CP176394.1,1638215,1638641,0,427,42.225890566826756,9.414456746913517,0.050377509229063144,0.5562993183644327,-95.28076171875,23,23,0.5199063231850117,0.5345343138404482,0.5688162945988529,ok
GCF_000144695.1:NC_014378.1,32152,32543,0,392,72.18546282321182,3.8042072693107762,0.6063452289876219,0.509416624746965,-75.73130798339844,31,25,0.4642857142857143,0.4521877736491793,0.5669199368866884,ok
GCF_001543245.1:NZ_CP014163.1,700418,700794,0,377,74.89793523060675,3.043608599666086,0.6957261023308057,0.5860845732303269,-46.913021087646484,37,20,0.3687002652519894,0.5225049771633042,0.6458295188652804,ok
GCF_002220195.1:NZ_CP022374.1,2552962,2553449,0,488,91.02368298275086,2.0952644919333787,0.5959200276280826,0.44090560085343156,-122.55176544189453,72,13,0.5389344262295082,0.4009591473050757,0.4765181941509517,ok
GCF_002844395.1:NZ_CP025197.1,2121976,2122412,0,437,53.843850451560485,4.591344926362389,0.43066236983513256,0.6085205066805134,-46.107234954833984,48,29,0.35697940503432496,0.5245153228542173,0.6850164467085249,ok
GCF_040267475.1:NZ_CP125628.1,4936765,4937167,0,403,84.89717752753265,2.8678379752104086,0.6446486013645165,0.5873275133076941,-51.20757293701172,35,31,0.4143920595533499,0.54112493752036,0.6315333503168168,ok
GCF_055386145.1:NZ_AP043913.1,2748361,2748780,0,420,41.41844199764618,5.613384330476552,0.43425370967951277,0.6682592312095936,-36.82284927368164,44,52,0.3261904761904762,0.5440845107086725,0.7541918458253527,ok
GCF_017357865.1:NZ_CP060096.1,1845525,1845933,0,409,48.60883579841912,5.364949497378311,0.3158088012325711,0.6213337004393659,-37.914241790771484,35,46,0.3643031784841076,0.5406793296571358,0.6895298726319372,ok
GCF_047936785.1:NZ_CP176394.1,1082156,1082553,0,398,92.98801761915021,2.1341947412192623,0.45745292553886946,0.5366066528236678,-88.49325561523438,38,28,0.41959798994974873,0.5066314561819408,0.5634535236881901,ok
GCF_022845755.1:NZ_AP025566.1,568586,569032,0,447,68.69155357777798,3.1727410240376024,0.3212113615877962,0.5779252012630939,-87.0114517211914,23,35,0.5011185682326622,0.5433245929632798,0.6098913611721974,ok
GCF_000093085.1:NC_014219.1,3406254,3406658,0,405,57.853604779763515,5.181235894617932,0.24195244564474788,0.48090068821313153,-77.69010162353516,65,11,0.508641975308642,0.43942547923774017,0.5229747676122612,ok
GCF_001543175.1:NZ_CP014161.1,1607687,1608024,0,338,79.7655645446881,3.019771095008451,0.6635950487868292,0.5100166632309698,-63.19364547729492,37,39,0.39349112426035504,0.45637312009691666,0.561231534919999,ok
GCF_047936785.1:NZ_CP176394.1,2250211,2250574,0,364,58.02651813546489,4.555440807353118,0.21986229458094747,0.5380707132587778,-78.24854278564453,35,35,0.49725274725274726,0.501676107614704,0.5731938235140819,ok
GCF_004103715.1:NZ_CP035282.1,196049,196447,0,399,51.56288025174589,5.054134688343868,0.2751949678995078,0.6767224901917045,-43.35183334350586,18,44,0.3684210526315789,0.6153241260496239,0.7317534575748957,ok
GCF_000021485.1:NC_011761.1,2209208,2209588,0,381,60.597043246957085,1.7776696198631396,0.9190098717216939,0.5774179911530961,-67.39452362060547,51,25,0.45931758530183725,0.49429713358561933,0.6438229778850606,ok
GCF_013267415.1:NZ_CP053988.1,879233,879616,0,384,48.31086022930543,8.688614232109428,0.1437848842226861,0.5531747256959534,-53.73678970336914,84,23,0.4114583333333333,0.5030539789536982,0.5982039523385532,ok
GCF_030762805.1:NZ_CP129113.1,177,600,0,424,44.37663230965354,4.124876789170915,0.2703929077959347,0.6889168711777853,-38.416107177734375,33,68,0.37971698113207547,0.6296928533302956,0.7342528682483455,ok
GCF_965286365.1:NZ_OZ260903.1,1001281,1001721,0,441,79.56985273213544,4.146092314256647,0.6085377319071728,0.5391347656464812,-75.33096313476562,58,17,0.4217687074829932,0.4985463215471318,0.5828912136965502,ok
GCF_004103715.1:NZ_CP035282.1,3577285,3577655,0,371,45.056104542939615,6.816143367803228,0.3960327189724915,0.6647405112242099,-29.741649627685547,48,65,0.33153638814016173,0.5331941511801098,0.7657778845464436,ok
GCF_000015865.1:NC_009012.1,2605512,2605815,0,304,61.29816101076,3.3896114929572168,0.4485077707158981,0.5853350670202667,-51.6419792175293,20,20,0.34539473684210525,0.5250765034923968,0.6399043741836368,ok
GCF_000015865.1:NC_009012.1,1187424,1187768,0,345,68.07555008044692,3.10356859407817,0.48931069877317435,0.6599521267026421,-39.90333557128906,17,47,0.3739130434782609,0.6065556116886681,0.7088861338772086,ok
GCF_016250455.1:NZ_CP059488.1,502984,503387,0,404,80.47122843772391,4.03061368959834,0.6085698448757727,0.4683338512195685,-83.70724487304688,45,34,0.5297029702970297,0.4282536518331688,0.5115096355900325,ok
GCF_001543105.1:NZ_CP014159.1,868399,868786,0,388,37.50031345254178,3.8159640680623808,0.29638229663158444,0.6642890913977201,-49.21335220336914,14,78,0.34536082474226804,0.6073975974669885,0.7035831088488718,ok
GCF_010378095.2:NZ_CP127523.1,2600167,2600574,0,408,76.8373890752571,1.685025447669888,0.7852181410904782,0.4818932803303002,-87.98184967041016,25,24,0.5441176470588235,0.42347773319898396,0.5312079047526385,ok
GCF_000164865.1:NC_014618.1,4617464,4617790,0,327,45.465983902658216,5.034418252996347,0.27370098224201056,0.7300387313838878,-29.118440628051758,15,59,0.40061162079510704,0.6592059973086805,0.7852241481894483,ok
GCF_047943045.1:NZ_CP181347.1,2562020,2562399,0,380,44.077200269629415,8.006989918169335,0.3386328935812464,0.588570898019445,-37.71966552734375,64,18,0.3394736842105263,0.4599671722707668,0.682744391379387,ok
GCF_002844395.1:NZ_CP025197.1,2996039,2996476,0,438,49.11534795296962,6.881621956942221,0.19621874701851927,0.6379837954920253,-47.42549133300781,22,31,0.4360730593607306,0.5802067494919962,0.6902647098320243,ok
GCF_023700225.1:NZ_CP097897.1,487628,488049,0,422,48.01367700462572,8.494470802452765,0.15088246807555972,0.5710971699860987,-79.51280975341797,26,40,0.46919431279620855,0.5185308877209847,0.6181136303561551,ok
GCF_016592595.1:NZ_AP012977.1,711589,711977,0,389,46.27246500755239,8.566437275162876,0.2605345655143255,0.6448915398119066,-39.451698303222656,34,56,0.33676092544987146,0.5465911627163784,0.7245598260650951,ok
GCF_965286365.1:NZ_OZ260903.1,2987690,2988125,0,436,47.04739625885842,6.710480209022026,0.19895749574691857,0.6127187703923669,-40.7847900390625,67,40,0.3967889908256881,0.550345840406582,0.664336400449034,ok
GCF_001543175.1:NZ_CP014161.1,1950624,1950934,0,311,24.065953016574657,3.2374755712436056,0.6246365250933918,0.633071460466776,-33.175048828125,24,31,0.3504823151125402,0.5806989403207533,0.6664483145186343,ok
GCF_030762805.1:NZ_CP129113.1,1106592,1107027,0,436,50.65610402833595,5.981376614009087,0.2879074562188938,0.5312548356750072,-69.97718811035156,44,25,0.4380733944954128,0.458161175430921,0.5988299869905475,ok
GCF_040267475.1:NZ_CP125628.1,2713862,2714242,0,381,48.94159742644295,8.199356004310971,0.39080396291507224,0.602478869743075,-35.70158004760742,104,15,0.3543307086614173,0.4749340408089808,0.7210469219887357,ok
GCF_002173775.1:NZ_CP021524.1,2114494,2114856,0,363,72.82568905090821,3.6795390780098893,0.6785307220167233,0.6132829208070473,-43.33244323730469,29,30,0.38292011019283745,0.5496733843712072,0.6767070772477907,ok
GCF_002220195.1:NZ_CP022374.1,2426183,2426566,0,384,40.27097459079934,6.554109786120182,0.14637138442885256,0.6162270994524673,-55.315330505371094,25,48,0.5,0.5698193844692357,0.647110037618593,ok
GCF_000021485.1:NC_011761.1,291546,291966,0,421,75.1833141744808,5.433129637425311,0.5917651937739811,0.4223468764994603,-102.64520263671875,51,13,0.5771971496437055,0.3861128802330882,0.4659501936946336,ok
GCF_902729405.1:NZ_LR746496.1,502870,503277,0,408,61.41863903003543,3.458633350317666,0.39722117793177386,0.5051782238958576,-76.00416564941406,74,28,0.4632352941176471,0.45170182939167824,0.5543331048338468,ok
GCF_001753245.1:NZ_CP017415.1,2629802,2630199,0,398,80.2051901034041,3.6306368745108224,0.627527924034534,0.4160747028671144,-101.7767333984375,64,16,0.5829145728643216,0.3703065903700046,0.4626295007631267,ok
GCF_902729405.1:NZ_LR746496.1,638072,638369,0,298,68.4303213054315,1.2265059782087264,0.8834676490713098,0.6268732900357404,-48.80244445800781,18,52,0.5369127516778524,0.5711526444967345,0.6721589663106129,ok
GCF_002220195.1:NZ_CP022374.1,123141,123586,0,446,83.94219958693002,3.0480197747806126,0.6382077121734331,0.5260283032545882,-77.79798889160156,40,30,0.45964125560538116,0.48052622449050747,0.5702785035032243,ok
GCF_001543145.1:NZ_CP014160.1,368750,369171,0,422,43.71970916949183,5.454966287654696,0.20250594822822565,0.5120921521403954,-63.523983001708984,33,41,0.4004739336492891,0.455250348517103,0.5550824202842449,ok
GCF_047456285.1:NZ_CP174122.1,738762,739198,0,437,75.43033181257074,4.790553327867871,0.610904823219322,0.5683681276625874,-57.21253204345703,31,28,0.41418764302059496,0.5253062627986246,0.617239253106764,ok
GCF_008365315.1:NZ_CP043506.1,188598,189016,0,419,54.02839457382207,3.276485304787731,0.3266341923075246,0.5154464496396726,-84.70556640625,39,48,0.4988066825775656,0.4641976295619595,0.5588451027969129,ok
GCF_004103715.1:NZ_CP035282.1,3577249,3577655,0,407,62.45479050392082,4.785730057911444,0.7718385311940675,0.6378906596033326,-31.026371002197266,34,40,0.32923832923832924,0.5317350164615002,0.7464029879316832,ok
GCF_000144695.1:NC_014378.1,2336313,2336729,0,417,76.69726675550052,2.740657774968912,0.7015171059651498,0.7639791323012409,-23.325469970703125,16,76,0.3645083932853717,0.702322620485147,0.820550090646603,ok
GCF_000093085.1:NC_014219.1,123560,123632,0,73,73.94810439816551,2.2670108682679952,0.7557154088745006,0.6420046569943357,-8.58690071105957,9,24,0.4246575342465753,0.5748943006260174,0.7005509031823598,ok
GCF_022845755.1:NZ_AP025566.1,1847321,1847379,0,59,74.84540934209603,0.352471141231243,0.8115125830335255,0.6908853508282468,-10.168251037597656,9,22,0.576271186440678,0.6749152491405642,0.7036381894424476,ok
GCF_000015865.1:NC_009012.1,1203319,1203391,0,73,73.10358774711045,4.689325643900657,0.6323034413578781,0.6010694181960372,-10.332494735717773,10,8,0.4657534246575342,0.5497462047967251,0.6577711809958126,ok
GCF_000093085.1:NC_014219.1,3579050,3579127,0,78,76.28177412856523,3.5338410913192986,0.657549361386707,0.5604489476376033,-12.881179809570312,12,15,0.48717948717948717,0.5051870727565307,0.6155049846105369,ok
GCF_000093085.1:NC_014219.1,2075911,2075987,0,77,42.38667751477492,3.5944872747636554,0.23760786832212522,0.6460251136010139,-10.768498420715332,13,20,0.4155844155844156,0.600127025805986,0.6804748107607068,ok
GCF_000025305.1:NC_013740.1,48427,48516,0,90,71.33687670985256,3.262526758115769,0.713958303047644,0.6206223826026447,-13.07123851776123,16,10,0.37777777777777777,0.5489809833097379,0.6882434550258864,ok
GCF_000015865.1:NC_009012.1,3722809,3722857,0,49,45.17631394041754,3.8564578461779013,0.3646209753445102,0.842880467603365,-0.7125954627990723,2,37,0.4489795918367347,0.7681541505004038,0.9010707860337324,ok
GCF_000015865.1:NC_009012.1,1466701,1466747,0,47,59.593470378113665,2.801455513426445,0.6643058679584402,0.7790062372146003,-1.4347152709960938,7,19,0.3617021276595745,0.6948174511462316,0.8513627005578944,ok
GCF_000144625.1:NC_014376.1,315702,315769,0,68,88.52679514437659,2.643144958523325,0.6421631420417039,0.7979831179167934,-3.0009098052978516,6,31,0.5,0.7545425983106927,0.83858918597999,ok
GCF_000024285.1:NC_013205.1,2271923,2271994,0,72,43.52409348297775,3.904379096684325,0.42108562201510713,0.6419416389334396,-7.220278263092041,16,21,0.4444444444444444,0.5540914850117977,0.7087688232133875,ok
GCF_000144625.1:NC_014376.1,2790450,2790517,0,68,45.22892847312616,4.847884630193288,0.11803034193047834,0.607383667841075,-13.93591594696045,12,25,0.5294117647058824,0.5777658106951781,0.6305001893598676,ok
GCF_000025305.1:NC_013740.1,541587,541659,0,73,75.30435892791007,4.961090615815317,0.6056513466243871,0.5566576807688365,-14.950000762939453,11,12,0.5616438356164384,0.515082999561575,0.6041383355107222,ok
GCF_025149125.1:NZ_CP102272.1,2338758,2338824,0,67,71.92738193233679,5.2706726827072305,0.6219836228236564,0.487041729318217,-9.505009651184082,20,7,0.5373134328358209,0.4389590803368864,0.5431744057826658,ok
GCF_000025305.1:NC_013740.1,90210,90277,0,68,68.35703558213083,4.676261601290813,0.6234666313845301,0.6679521584745117,-6.26625919342041,7,23,0.4852941176470588,0.6042325461695357,0.7364162819799549,ok
GCF_004295125.1:NZ_CP036170.1,495867,495933,0,67,94.9999999465564,2.9767528318359138,0.5956077431469883,0.7382610668596826,-10.074579238891602,4,35,0.5074626865671642,0.7056508513985499,0.7702163508969578,ok
GCF_000024285.1:NC_013205.1,1863334,1863401,0,68,69.60298462688174,1.3955541695566507,0.8617192524349122,0.6696243993644305,-7.908434867858887,9,21,0.5147058823529411,0.6093952430747843,0.7192515350253212,ok
GCF_002844395.1:NZ_CP025197.1,237985,238052,0,68,87.32579479853054,1.3034294176497332,0.20870380653083964,0.5147091327640373,-20.66164779663086,16,11,0.5294117647058824,0.5023211187099523,0.5249670255363096,ok
GCF_000015865.1:NC_009012.1,1187346,1187407,0,62,71.32683190403687,3.350615149805495,0.7094025985719178,0.7857273649620117,-3.1845126152038574,7,36,0.41935483870967744,0.7146264627923677,0.8535542027507346,ok
GCF_902729405.1:NZ_LR746496.1,3909339,3909403,0,65,29.80933701195854,1.8695949570533812,0.5613518681946819,0.64046201044613,-10.22701644897461,10,28,0.6153846153846154,0.5889117206603337,0.6782062156905001,ok
GCF_022845755.1:NZ_AP025566.1,1721455,1721525,0,71,50.92896106870425,5.640702740795268,0.2529520525703166,0.6537747840630455,-9.183699607849121,10,12,0.5211267605633803,0.5922772062090012,0.7100278969321339,ok
GCF_025144545.1:NZ_CP102249.1,1981540,1981603,0,64,92.04718016796222,2.3936571008310628,0.6103876393923232,0.6073677584078548,-9.901954650878906,7,13,0.515625,0.5676292957157274,0.6435666873902245,ok
GCF_000015865.1:NC_009012.1,524582,524712,0,131,63.123764157958604,5.299893752614003,0.5088979580953921,0.6407459574590089,-15.420377731323242,16,29,0.3435114503816794,0.574958364583428,0.7120532743470673,ok
GCF_000093085.1:NC_014219.1,1887454,1887512,0,59,91.00476814748616,2.6608728698857687,0.6313947817406581,0.6193497558105572,-8.244819641113281,13,16,0.423728813559322,0.5788004659184552,0.6576733270882112,ok
GCF_000015865.1:NC_009012.1,1555642,1555687,0,46,94.9999999628756,2.8482242694111832,0.43442016539837924,0.8066389413659921,-3.3900651931762695,4,18,0.32608695652173914,0.7817049595556805,0.8308656348927923,ok
GCF_000015865.1:NC_009012.1,2060522,2060654,0,133,45.27013364672054,4.474822728292135,0.31895795020591156,0.8105966637195389,-4.449386119842529,5,59,0.3007518796992481,0.7359538872101515,0.868742814615505,ok
GCF_000015865.1:NC_009012.1,1242715,1242785,0,71,70.6234127959172,2.5651156091365617,0.764999751826785,0.6866747421577143,-5.532217025756836,11,44,0.352112676056338,0.6109163173291694,0.7542882072258572,ok
GCF_001989575.1:NZ_CP019573.1,106552,106661,0,110,76.98411519313457,4.882874850803106,0.5977940123744692,0.5520547319180461,-17.218975067138672,21,20,0.4909090909090909,0.5137241434738473,0.5960930212313699,ok
GCF_000015865.1:NC_009012.1,2102924,2103033,0,110,50.15925196316083,5.3817283683790595,0.3915951886481067,0.722951154155978,-6.778531074523926,12,16,0.38181818181818183,0.6276142722681903,0.8071701260782286,ok
GCF_030762805.1:NZ_CP129113.1,139594,139820,0,227,77.97401028228768,2.9165882897602198,0.6808715839508505,0.5022853953892091,-39.8892822265625,22,13,0.47577092511013214,0.4448748824301695,0.5562905638494322,ok
GCF_000015865.1:NC_009012.1,1383984,1384095,0,112,93.22158170668611,1.6472994217641443,0.3529041501949133,0.8348819654131558,-6.280771732330322,6,39,0.29464285714285715,0.8125853951989113,0.8538762811778411,ok
GCF_000015865.1:NC_009012.1,3148362,3148450,0,89,71.51627975848488,3.5635100832030426,0.6968747239909043,0.7379618245738843,-4.769580364227295,17,16,0.33707865168539325,0.6688547306770084,0.8055513076728397,ok
GCF_000144625.1:NC_014376.1,1628,1716,0,89,43.63505502172381,5.866524006832674,0.33744183407683526,0.8343016583123949,-1.5158748626708984,10,17,0.33707865168539325,0.7333608189567826,0.908869263223241,ok
GCF_000015865.1:NC_009012.1,1641855,1641942,0,88,68.06503647264773,4.942201473308284,0.6428290455057197,0.6242170187166663,-7.3790483474731445,21,13,0.42045454545454547,0.5593018215634077,0.6953095654565865,ok
GCF_000025305.1:NC_013740.1,397997,398085,0,89,32.896020432662155,5.499076512180412,0.7652284404333078,0.6943786612918873,-5.832501411437988,26,11,0.38202247191011235,0.5501839259130163,0.7780612346658048,ok
GCF_000093085.1:NC_014219.1,1836664,1836750,0,87,52.126092449985386,2.535755889204417,0.5425087400518604,0.673923048666023,-6.018186569213867,22,16,0.41379310344827586,0.6026266859451554,0.7320007057286477,ok
GCF_000025305.1:NC_013740.1,1745674,1745762,0,89,47.159232575294546,4.653016669323288,0.2354493746154659,0.5791115055561583,-18.90331268310547,20,13,0.39325842696629215,0.5235534275248753,0.6241042407678695,ok
GCF_000144625.1:NC_014376.1,4093834,4093947,0,114,77.1910505476121,4.020236761319646,0.6281635061304714,0.6532757171444733,-15.701578140258789,8,29,0.39473684210526316,0.6056774336924766,0.7031356659097897,ok
GCF_000025305.1:NC_013740.1,4300,4386,0,87,64.1979238002356,7.227047541398119,0.6652350465149425,0.702345417620438,-5.96836519241333,12,15,0.40229885057471265,0.6347746479725624,0.7901757929480921,ok
GCF_000015865.1:NC_009012.1,1155128,1155215,0,88,71.19059583308646,3.3228661506084705,0.712569154366748,0.7937911362970658,-2.902601718902588,8,34,0.2840909090909091,0.7218988122943244,0.8622283826782253,ok
GCF_000025305.1:NC_013740.1,1532404,1532490,0,87,82.17734536944297,4.906694286848844,0.5707222924373648,0.6071229806495262,-13.734243392944336,18,25,0.47126436781609193,0.5793412265699307,0.6397221063265628,ok
GCF_000015865.1:NC_009012.1,3209772,3209922,0,151,47.348926450599194,7.215302208530948,0.2509074416276028,0.6242148086192293,-16.43075942993164,43,14,0.3841059602649007,0.5423962953144065,0.6928570622324841,ok
GCF_000196455.1:NC_014614.1,2331684,2331802,0,119,68.26500355480293,8.066906744009513,0.5876028682248051,0.4536007106515277,-26.099119186401367,21,10,0.46218487394957986,0.41973961759778283,0.5034980902137698,ok
GCF_000015865.1:NC_009012.1,2104729,2104821,0,93,56.39257484138646,3.7586748816774427,0.49382908979343176,0.6932157069235196,-6.807729721069336,10,18,0.2903225806451613,0.6133409917447302,0.7645607994741356,ok
GCF_001543105.1:NZ_CP014159.1,606426,606729,0,304,46.1451326859114,8.33681320018229,0.2482974746440877,0.6441410742716487,-26.730224609375,60,30,0.34210526315789475,0.5517162560611202,0.7191057262475596,ok
GCF_000093085.1:NC_014219.1,3211526,3211715,0,190,49.789953558649756,5.293263527997821,0.28438747212311777,0.6783066396616624,-16.614452362060547,10,55,0.4105263157894737,0.608875268649587,0.7385208701715849,ok
GCF_000144695.1:NC_014378.1,163445,163626,0,182,71.92240288692561,3.951737844680004,0.673472333595694,0.6318680512102703,-25.716129302978516,13,27,0.4065934065934066,0.5682661784662285,0.6966372021009875,ok
GCF_000025305.1:NC_013740.1,1982909,1983088,0,180,84.13611976145138,2.9476212050351225,0.6427473687580421,0.5918622490429154,-39.24274826049805,23,22,0.45555555555555555,0.5456166869627246,0.6360262463616043,ok
GCF_000025305.1:NC_013740.1,1344603,1344779,0,177,41.43695907965971,8.366637368260335,0.15127291855823732,0.7989005600785126,-16.572071075439453,17,58,0.4406779661016949,0.7395929961243212,0.8353838875919658,ok
GCF_025149125.1:NZ_CP102272.1,5706566,5706784,0,219,47.08328536250126,11.085874199445612,0.17669162398594557,0.5242913231839897,-46.657875061035156,38,20,0.4657534246575342,0.45154151217281924,0.5904637362018903,ok
GCF_012317185.1:NZ_CP048838.1,2295356,2295490,0,135,72.45544283362314,4.190577082922111,0.6589656275322889,0.5806283288315772,-17.994199752807617,17,25,0.48148148148148145,0.5207048010717175,0.6435064848732414,ok
GCF_000025305.1:NC_013740.1,1121095,1121232,0,138,46.355673170413276,10.67004171267132,0.197100469147949,0.5044369394878384,-19.66416358947754,36,11,0.47101449275362317,0.42086650376766865,0.5741219651798815,ok
GCF_000093085.1:NC_014219.1,1569632,1569703,0,72,72.35113997436761,6.717870545843114,0.5802835408650648,0.3960555469467844,-13.684578895568848,24,7,0.4166666666666667,0.3641224359774745,0.4389288050089066,ok
GCF_013267415.1:NZ_CP053988.1,926560,926676,0,117,87.0315693070874,4.5107246448414715,0.5639510715929605,0.5729902007653812,-21.001388549804688,10,32,0.46153846153846156,0.5482406810938939,0.6012369428740236,ok
GCF_000025305.1:NC_013740.1,410690,410828,0,139,42.52297221658848,7.923836650498037,0.19966680910210982,0.5184332049234823,-31.413707733154297,13,8,0.4244604316546763,0.4423797360049726,0.5688713034375475,ok
GCF_002173775.1:NZ_CP021524.1,1226399,1226607,0,209,89.40755264860323,4.123051748878574,0.567760852459746,0.4848540879493799,-53.31167221069336,21,19,0.49760765550239233,0.45931204425217664,0.5128821158633624,ok
GCF_000093085.1:NC_014219.1,3179171,3179323,0,153,74.66382693814619,2.5975204547465154,0.7264922039439352,0.5303438626276122,-22.535511016845703,36,6,0.48366013071895425,0.46421428907373563,0.5899920801812705,ok
GCF_001543145.1:NZ_CP014160.1,265548,265690,0,143,47.46374006462538,3.708854201271857,0.266100329359133,0.6153855554905708,-18.42800521850586,20,23,0.4405594405594406,0.5639094008304952,0.6568825767625226,ok
GCF_001543245.1:NZ_CP014163.1,1428681,1428822,0,142,86.87898576709753,3.669425825525785,0.5936114135567,0.5815075278580246,-24.13393783569336,7,17,0.4507042253521127,0.5474717503293896,0.6167307093046133,ok
GCF_000093085.1:NC_014219.1,1316264,1316401,0,138,51.01832823972032,6.734558562432199,0.284148187598138,0.6962799564176931,-15.44279956817627,10,30,0.35507246376811596,0.6206758800209232,0.7685489680790519,ok
GCF_000144625.1:NC_014376.1,812258,812396,0,139,47.66682330577771,6.668956269349743,0.25892566152738616,0.6378961117857673,-17.135042190551758,17,23,0.4316546762589928,0.5590674857107689,0.7059384136374458,ok
GCF_004103715.1:NZ_CP035282.1,44842,44980,0,139,88.6763361178673,2.824202354646259,0.6297639043230465,0.5266313690366655,-31.336715698242188,20,9,0.45323741007194246,0.48528476962592615,0.5659920845703618,ok
GCF_000237085.1:NC_016627.1,771458,771595,0,138,58.57856697769152,6.914690122041746,0.48474532562436223,0.5968718408302719,-15.227826118469238,19,27,0.39855072463768115,0.5181703725738666,0.6891404960293425,ok
GCF_000093085.1:NC_014219.1,2079,2217,0,139,70.92700942772856,2.055060015561443,0.7966356227222798,0.7286560842702158,-8.29945182800293,8,43,0.381294964028777,0.6578602897868586,0.7889296216452752,ok
GCF_000144625.1:NC_014376.1,2900505,2900657,0,153,84.60941183940568,2.5473906888609688,0.6680698702961834,0.6017876722706484,-25.548681259155273,26,35,0.38562091503267976,0.5517673788126963,0.648040301662233,ok
GCF_000015865.1:NC_009012.1,3446243,3446387,0,145,49.41027549003769,2.489248707655908,0.44710839876602515,0.6184302104771381,-19.388465881347656,23,29,0.36551724137931035,0.5591061663452948,0.6658372529062783,ok
GCF_000015865.1:NC_009012.1,2119663,2119800,0,138,51.536216703561976,9.685638225662936,0.3044494547008042,0.6294982007299528,-14.997711181640625,21,37,0.3333333333333333,0.5416650431746826,0.7286146116095957,ok
GCF_000144625.1:NC_014376.1,4045928,4046092,0,165,55.492976500148636,4.26103185316009,0.48313237096908523,0.6468072800556721,-14.987791061401367,14,19,0.3575757575757576,0.561204522574161,0.7252344960338014,ok
GCF_022845755.1:NZ_AP025566.1,560268,560407,0,140,64.46422224063176,3.1153289861872806,0.35778475467994053,0.5446443923666741,-26.845029830932617,15,10,0.5,0.5018207045464722,0.5834826158443018,ok
GCF_000144625.1:NC_014376.1,4065128,4065291,0,164,72.39292556906832,5.4073712800090075,0.6139276676157154,0.5275988972314787,-28.124370574951172,15,21,0.4634146341463415,0.4824308668007518,0.5811590265244226,ok
GCF_000144625.1:NC_014376.1,763146,763296,0,151,63.36870677408959,7.7402157178390505,0.6672854328811756,0.5783298327091094,-20.205951690673828,20,19,0.37748344370860926,0.5113646809037115,0.6693511710411639,ok
GCF_000196455.1:NC_014614.1,1281619,1281775,0,157,71.78588593679933,3.724872179289338,0.6867270659924014,0.5736651230104788,-29.080204010009766,10,31,0.3184713375796178,0.5061182977477218,0.6405819117676922,ok
GCF_000144625.1:NC_014376.1,2643481,2643616,0,136,83.73038385580259,3.8419647532552945,0.6003009372472998,0.6223839780183943,-17.53561019897461,13,23,0.375,0.5854619077784179,0.6613903630576086,ok
GCF_000144695.1:NC_014378.1,175494,175639,0,146,59.284853264900136,5.669526448679238,0.504834521440328,0.5679807395522102,-28.154088973999023,18,26,0.410958904109589,0.4873167995940175,0.6541472185131102,ok
GCF_001543175.1:NZ_CP014161.1,1627982,1628134,0,153,56.53550514583737,3.954387325399049,0.4400203459957618,0.6417325230281156,-15.882678031921387,30,19,0.42483660130718953,0.5689031477355108,0.7074260432608094,ok
GCF_000093085.1:NC_014219.1,1899753,1899891,0,139,48.03855548037854,8.5718340879739,0.19366000652485454,0.5469679224892906,-19.470685958862305,27,19,0.38848920863309355,0.47947476321422317,0.6083020992990514,ok
GCF_001543175.1:NZ_CP014161.1,1631925,1632078,0,154,47.95806444264806,5.195539677145684,0.2857823935878556,0.6115399781175596,-19.400264739990234,13,51,0.3181818181818182,0.5390835888152404,0.6716207151688662,ok
GCF_000025305.1:NC_013740.1,387286,387435,0,150,45.07938788370459,5.206485674517581,0.3548335531550043,0.7232720138942578,-9.595836639404297,21,35,0.36666666666666664,0.6284254318738327,0.7968432295559537,ok
GCF_000144625.1:NC_014376.1,3225011,3225193,0,183,77.48053252543974,3.7433040931524473,0.6392195275520893,0.5534874099476995,-28.773048400878906,18,21,0.47540983606557374,0.5031844240396786,0.6049901164975527,ok
GCF_001543175.1:NZ_CP014161.1,902295,902472,0,178,73.06305107008676,3.283906911374971,0.6987199675043196,0.6260278223151379,-19.482397079467773,15,26,0.4157303370786517,0.5587239441173345,0.6909120961284888,ok
GCF_004295125.1:NZ_CP036170.1,784605,784799,0,195,45.08907743016196,7.605427521272908,0.20376357923581667,0.5991724682157878,-30.353614807128906,26,13,0.41025641025641024,0.5258573438668719,0.6557621786246749,ok
GCF_004295125.1:NZ_CP036170.1,787900,788081,0,182,81.77122692698255,3.515085620059899,0.6244098236497562,0.5746503861340098,-25.36868667602539,27,37,0.4230769230769231,0.5306906258620898,0.6191623825946915,ok
GCF_000144625.1:NC_014376.1,447807,448048,0,242,70.86835197086135,2.7812652184196485,0.7465032089397325,0.5584787194777219,-45.462127685546875,22,24,0.40082644628099173,0.4838317237754384,0.625476373288355,ok
GCF_000144625.1:NC_014376.1,2569914,2570095,0,182,51.82673748978045,6.15090272991976,0.2967533591607437,0.465780009070672,-44.977386474609375,26,16,0.44505494505494503,0.3931173113079494,0.5350733371940349,ok
GCF_025149125.1:NZ_CP102272.1,2338956,2339146,0,191,59.71319216879423,1.7688931814658786,0.9327049784062997,0.5887798530212381,-26.7995548248291,50,15,0.47643979057591623,0.5046089954978761,0.6574530314964061,ok
GCF_001543105.1:NZ_CP014159.1,297010,297177,0,168,75.55344360119348,4.035291525618291,0.6395349126719595,0.5069245670992674,-35.971370697021484,19,14,0.44047619047619047,0.4550761771506092,0.5611857166748772,ok
GCF_012317185.1:NZ_CP048838.1,262493,262680,0,188,75.12189577997653,3.847064910945784,0.36795979972666126,0.5213272913103312,-46.19393539428711,15,15,0.4946808510638298,0.49037913048650467,0.5529076121000944,ok
GCF_001543245.1:NZ_CP014163.1,1369246,1369417,0,172,52.61824271157133,4.024224942368159,0.3456120961167876,0.5998484001635898,-33.90739822387695,23,10,0.4418604651162791,0.5352836261181578,0.655959861499489,ok
GCF_012317185.1:NZ_CP048838.1,1697052,1697329,0,278,47.73385174937695,4.6711680063324765,0.23505937682793449,0.519691037206732,-39.24083709716797,35,18,0.4172661870503597,0.4646550382081095,0.5650153833134149,ok
GCF_000247605.1:NC_016894.1,646218,646405,0,188,64.13129963698897,3.7200452264425725,0.7822104471652549,0.6330410282089918,-18.58488655090332,32,23,0.4148936170212766,0.5339884569449478,0.7269691160631386,ok
GCF_008726475.3:NZ_CP145134.1,600142,600344,0,203,77.764787549601,4.450981620187342,0.6072386960817318,0.5117366077414068,-41.80690002441406,15,24,0.43349753694581283,0.4707879136414331,0.5568323334205919,ok
GCF_000022305.1:NC_011992.1,1465910,1466098,0,189,84.05735492738775,3.404291659231287,0.6183812868294196,0.5449191554095528,-30.598743438720703,35,17,0.5502645502645502,0.5035578536446375,0.5865649706046808,ok
GCF_000093085.1:NC_014219.1,139000,139114,0,115,65.47162618949348,4.323345579009346,0.3277483168862825,0.5183150603396495,-24.46331787109375,23,18,0.4782608695652174,0.478987833047002,0.5582654437757066,ok
GCF_000015865.1:NC_009012.1,569361,569433,0,73,47.50128260146973,10.288550265532889,0.42423069123686274,0.7105448936407074,-3.493410110473633,15,22,0.3698630136986301,0.5445866386249274,0.8619774555012258,ok
GCF_902729405.1:NZ_LR746496.1,875847,875950,0,104,20.03513364674849,1.5143085567820498,0.6845108137318934,0.4981277780958757,-27.60442352294922,30,10,0.5865384615384616,0.45632484181901,0.5283431026770323,ok
GCF_000021485.1:NC_011761.1,300696,300801,0,106,47.06594433573246,6.785592424907858,0.25732334377540234,0.569610157834774,-16.583032608032227,27,7,0.5660377358490566,0.4886004222559444,0.6375726466573801,ok
GCF_000015865.1:NC_009012.1,2267142,2267346,0,205,48.504243897222885,8.203533773459736,0.39633520594226856,0.7129345774760835,-10.739349365234375,20,19,0.24878048780487805,0.5809772469726239,0.8343151486374614,ok
GCF_000247605.1:NC_016894.1,1254319,1254535,0,217,47.729754782205305,11.640187137279877,0.2986483627969978,0.6305126909556986,-25.1436767578125,35,27,0.31336405529953915,0.509912987326613,0.7457815591189182,ok
